date,shift,operator,traveler,partNo,pot,lotNo,type,oc,machine,mcNo,sp,specialNotes,boxes,qty,skid,location,reject,shipped,ps,createdAt,qcStatus,concessionBy,concessionReason,concessionAt
2026-08-13 08:53:36,Mrnng,111,714135,11547369,911,655645,Nut,O,Tbl,1,S/P,,1,250,,F,,SHIPPED,,2026-08-13 08:53:36,,,,
2026-09-04 09:41:08,Mrnng,11/293,716884,w20-1028-020sl-ht,1813,6-233-11-e,Nut,O,Tbl,5,Crt.&P,"MIXED, EXCESS PLATING",37,7955,SKID #240,F,"1, 5",SHIPPED,,2026-09-04 09:41:08,,,,
2026-09-10 17:32:48,Aftrn,279/391,714254,hl3w-4320-aa,776,6-252-17-a,Nut,O,Tbl,2,S/P,,24,4800,SKID #23,F,,SHIPPED,,2026-09-10 17:32:48,,,,
2026-08-28 12:55:03,Mrnng,275,715999,w520412-s442,480,6-231-16-b,Nut,O,BF,103,S/P,,23,87400,skid# 30,F,,SHIPPED,,2026-08-28 12:55:03,,,,
2026-08-28 12:49:02,Mrnng,292,716121,11546368-my-ak,1337,6-237-12-b,Nut,O,BF,117,Crt.&P,,39,17550,skid# 222,F,,SHIPPED,,2026-08-28 12:49:02,,,,
2026-08-27 16:37:27,Aftrn,280,716640,11549171-MY-AK,771,6-237-20-B,Nut,O,BF,109,Crt.&P,,47,13160,skid #111,F,,SHIPPED,,2026-08-27 16:37:27,,,,
2026-08-21 10:21:40,Mrnng,11293,716815,na1055-02,260,6-232-35-a,Nut,O,Tbl,5,S/P,,28,12600,SKID 154,F,,SHIPPED,,2026-08-21 10:21:40,,,,
2026-08-18 16:45:45,Aftrn,290,715719,11546368-my-ak,1657,6-229-06-d,Nut,O,BF,109,Crt.&P,,36,16200,SKID #196,F,,SHIPPED,,2026-08-18 16:45:45,,,,
2026-08-18 16:41:51,Aftrn,292,715717,11546368-my-ak,846,6-229-06-b,Nut,O,BF,117,Crt.&P,MIXED,36,16200,SKID #212,F,2,SHIPPED,,2026-08-18 16:41:51,,,,
2026-08-18 16:38:08,Aftrn,157/245,716867,11517665,1306,6-230-18-a,Nut,O,Tbl,1,S/P,"MIXED, STUCK TGT",9,27000,SKID #251,F,"4, 35",SHIPPED,,2026-08-18 16:38:08,,,,
2026-08-14 15:24:10,Aftrn,292,713268,w711468-s437,546,6-224-02-A,Nut,O,MC,24,S/P,,28,44800,SKID# 151,F,,SHIPPED,,2026-08-14 15:24:10,,,,
2026-08-28 12:46:04,Mrnng,290/292,717036,11546367-my-ak,224,6-237-18-d,Nut,O,MC,78,Crt.&P,,44,30800,SKID #218,F,,SHIPPED,,2026-08-28 12:46:04,,,,
2026-08-14 10:26:48,Mrnng,190+268+11+293+285+391,713309,nu3516-00,1366,6-223-04-d,Nut,O,Tbl,"3,5,2",S/P,MIXED,1,25295,skid# 73,F,4,SHIPPED,,2026-08-14 10:26:48,,,,
2026-08-14 11:51:34,Mrnng,272,712288,11549168-CA-IN,1010,6-216-26-E,Nut,O,MC,26,Crt.&P,"MIXED, SILVERS, DAMAGED LOCKING, DAMAGED FIANGE",36,36000,SKID# 57,F,"3, 100, 1, 7",SHIPPED,,2026-08-14 11:51:34,,,,
2026-08-18 16:26:31,Aftrn,275,715829,11549170,1040,6-226-17-J,Nut,O,BF,112,S/P,MIXED,52,20800,SKID# 220,F,3,SHIPPED,,2026-08-18 16:26:31,,,,
2026-08-14 11:30:55,Mrnng,290,716261,11546545,829,6-224-12-B,Nut,O,BF,106,S/P,STUCK TGT,36,90000,SKID# 78,F,12,SHIPPED,,2026-08-14 11:30:55,,,,
2026-08-13 15:24:44,Aftrn,285/391/157/245,704978,11549168-CA-IN,742,6-208-04-A,Nut,O,Tbl,2,Crt.&P,"MIXED, SILVERS, DAMAGED, DAMAGED FIANGE",42,42000,SKID# 120,F,"2, 319, 1, 1",SHIPPED,,2026-08-13 15:24:44,,,,
2026-08-13 15:24:44,Aftrn,285/391/157/245,711863,11549168-CA-IN,966,6-216-26-C,Nut,O,Tbl,1,Cert.&P,"MIXED, SILVERS, DAMAGED FIANGE",42,42000,SKID# 120,F,"5, 154, 59, 3",SHIPPED,,2026-08-13 15:24:44,,,,
2026-08-13 15:15:59,Aftrn,292,714367,11549170,1680,6-222-32-a,Nut,O,BF,117,S/P,,43,17200,skid# 93,F,,SHIPPED,,2026-08-13 15:15:59,,,,
2026-08-14 10:09:39,Mrnng,285/391,713306,nu3516-00,915,6-223-04-c,Nut,O,Tbl,2,S/P,,1,11000,skid# 205,F,,SHIPPED,,2026-08-14 10:09:39,,,,
2026-08-13 14:54:00,Mrnng,157/245,711863,11549168-CA-IN,966,6-216-26-C,Nut,C,Tbl,1,Crt.&P,"MIXED, SILVERS, DAMAGED",36,36000,SKID# 112,F,"5, 154, 3",SHIPPED,,2026-08-13 14:54:00,,,,
2026-08-13 14:45:59,Mrnng,285/391,704978,11549168-CA-IN,742,6-208-04-A,Blt/Scrw,O,Tbl,2,Crt.&P,,36,36000,SKID# 161,F,,SHIPPED,,2026-08-13 14:45:59,,,,
2026-08-13 14:35:52,Mrnng,290,714310,11549168,1035,6-222-49-E,Nut,O,BF,107,S/P,,36,36000,SKID# 171,F,,SHIPPED,,2026-08-13 14:35:52,,,,
2026-08-13 11:40:53,Mrnng,290,715853,06101831-A,1627,6-222-05-a,Nut,O,BF,110,S/P,,42,42000,skid# 222,F,,SHIPPED,,2026-08-13 11:40:53,,,,
2026-08-13 11:33:27,Mrnng,275/292,716075,11546437-MY-AK,1848,6-222-21-b,Nut,O,BF,104,Crt.&P,"MIXED, STUCK TGT",61,91500,skid# 145,F,"2, 20",SHIPPED,,2026-08-13 11:33:27,,,,
2026-08-13 11:33:27,Mrnng,275/292,716157,11546437-MY-AK,5,6-222-23-b,Nut,O,MC,24,Cert.&P,"MIXED, STUCK TGT",58,87000,skid# 145,F,"7, 32",SHIPPED,,2026-08-13 11:33:27,,,,
2026-08-13 14:20:15,Mrnng,275,715864,06104388AA,1765,6-222-07-A,Blt/Scrw,O,MC,4,S/P,,13,8580,SKID# 140,F,,SHIPPED,,2026-08-13 14:20:15,,,,
2026-08-13 11:21:05,Mrnng,11/293,714478,11547369,412,6-224-11-a,Nut,O,Tbl,5,S/P,MIXED,28,7000,skid# 208,F,3,SHIPPED,,2026-08-13 11:21:05,,,,
2026-08-13 11:15:42,Mrnng,285/391,716001,11546571,1074,6-223-14-b,Blt/Scrw,O,Tbl,2,S/P,,29,44950,skid# 194,F,,SHIPPED,,2026-08-13 11:15:42,,,,
2026-08-13 11:11:42,Mrnng,290,715681,06509967AA,KIB,6-218-26-b,Blt/Scrw,O,BF,105,S/P,,19,15675,skid# 255,F,,SHIPPED,,2026-08-13 11:11:42,,,,
2026-08-13 11:07:01,Mrnng,11/293,715802,22800396,161,6-223-20-a,Nut,O,Tbl,5,S/P,MIXED,23,29900,skid# 143,F,112,SHIPPED,,2026-08-13 11:07:01,,,,
2026-08-13 11:02:15,Mrnng,285/391,715790,11546566,1416,6-224-06-a,Blt/Scrw,O,Tbl,2,S/P,,27,48600,skid# 27,F,,SHIPPED,,2026-08-13 11:02:15,,,,
2026-08-13 10:57:16,Mrnng,157/245,716000,11546571,341,6-223-14-A,Blt/Scrw,O,Tbl,1,S/P,,34,52700,SKID# 177,F,,SHIPPED,,2026-08-13 10:57:16,,,,
2026-08-13 14:20:15,Mrnng,275,715867,06104388AA,29,6-222-08-b,Blt/Scrw,O,MC,4,S/P,,23,15180,SKID# 140,F,,SHIPPED,,2026-08-13 14:20:15,,,,
2026-08-13 10:52:45,Mrnng,290,714625,11549170,1054,6-222-30-H,Nut,O,BF,109,S/P,,45,18000,SKID# 36,F,,SHIPPED,,2026-08-13 10:52:45,,,,
2026-08-13 10:41:20,Mrnng,11/293,716003,11546571,1753,6-223-14-D,Blt/Scrw,O,Tbl,5,S/P,MIXED,27,41850,SKID# 164,F,1,SHIPPED,,2026-08-13 10:41:20,,,,
2026-08-13 10:37:29,Mrnng,279,711774,06511672aa,1358,6-223-13-c,Nut,O,Tbl,6,S/P,,31,43400,skid# 92,F,,SHIPPED,,2026-08-13 10:37:29,,,,
2026-08-13 10:32:27,Mrnng,285/391/14/4,712003,11549168,1312,6-203-32-B,Nut,O,Tbl,2,S/P,EXCESS PLATING,32,32000,SKID# 3,F,864,SHIPPED,,2026-08-13 10:32:27,,,,
2026-08-13 10:29:44,Mrnng,290,714369,11549170,1616,6-222-32-C,Nut,O,BF,107,S/P,,36,14400,SKID# 253,F,,SHIPPED,,2026-08-13 10:29:44,,,,
2026-08-14 11:28:11,Mrnng,190/268,715801,w715851-s450b,1599,6-224-04-b,Nut,O,Tbl,3,S/P,,36,68400,skid# 150,F,,SHIPPED,,2026-08-14 11:28:11,,,,
2026-08-13 10:22:10,Mrnng,275,716075,11546437-MY-AK,1848,6-222-21-b,Nut,C,BF,104,Crt.&P,,54,81000,skid# 201,F,,SHIPPED,,2026-08-13 10:22:10,,,,
2026-08-13 10:18:18,Mrnng,292,716176,11546462,374,6-222-10-a,Nut,O,MC,110,S/P,MIXED,28,18200,skid# 59,F,2,SHIPPED,,2026-08-13 10:18:18,,,,
2026-08-13 10:12:53,Mrnng,275,714194,11546367-MY-AK,441,6-222-15-a,Nut,O,BF,112,Crt.&P,MIXED,36,25200,skid# 41,F,10,SHIPPED,,2026-08-13 10:12:53,,,,
2026-08-13 14:03:51,Mrnng,275,714169,11610091-MY-AK,755,6-223-01-B,Nut,O,MC,112,Crt.&P,,32,80000,SKID# 176,F,,SHIPPED,,2026-08-13 14:03:51,,,,
2026-08-13 10:02:13,Mrnng,252/294,713867,06511672aa,517,6-223-13-e,Nut,O,Tbl,4,S/P,,33,46200,skid# 120,F,,SHIPPED,,2026-08-13 10:02:13,,,,
2026-08-13 09:57:25,Mrnng,157/245,713852,11546703,1393,6-222-45-b,Blt/Scrw,O,Tbl,1,S/P,,31,124000,skid# 32,F,,SHIPPED,,2026-08-13 09:57:25,,,,
2026-08-13 09:53:58,Mrnng,280,715759,11546449,982,6-224-19-b,Nut,O,BF,123,S/P,,36,90000,skid# 202,F,,SHIPPED,,2026-08-13 09:53:58,,,,
2026-08-13 09:49:09,Mrnng,252/294,713855,11546703,1395,6-222-46-a,Blt/Scrw,O,Tbl,4,S/P,,34,136000,skid# 161,F,,SHIPPED,,2026-08-13 09:49:09,,,,
2026-08-13 09:41:30,Mrnng,280,714168,11610091-MY-AK,747,6-223-01-a,Nut,O,BF,118,Crt.&P,,30,75000,pack# 7,F,,SHIPPED,,2026-08-13 09:41:30,,,,
2026-08-13 09:36:29,Mrnng,157/245,714720,94012078,1351,6-222-37-a,Blt/Scrw,O,Tbl,1,S/P,,24,2400,skid# 166,F,,SHIPPED,,2026-08-13 09:36:29,,,,
2026-08-14 10:06:34,Mrnng,11/293,713311,nu3516-00,72,6-223-04-f,Nut,O,Tbl,5,S/P,,1,11000,skid# 218,F,,SHIPPED,,2026-08-14 10:06:34,,,,
2026-08-13 09:29:48,Mrnng,275,714171,11610091-MY-AK,1781,6-223-02-b,Nut,O,MC,112,Cert.&P,,20,50000,skid# 29,F,,SHIPPED,,2026-08-13 09:29:48,,,,
2026-08-13 09:23:19,Mrnng,279/190/268,714299,11547369,704,6-224-10-c,Nut,O,Tbl,6,S/P,MIXED,44,11000,skid# 159,F,25,SHIPPED,,2026-08-13 09:23:19,,,,
2026-08-13 09:23:19,Mrnng,279/190/268,714298,11547369,1685,6-224-10-b,Nut,O,Tbl,3,S/P,MIXED,55,13750,skid# 159,F,9,SHIPPED,,2026-08-13 09:23:19,,,,
2026-08-13 09:18:32,Mrnng,279,714299,11547369,704,6-224-10-c,Nut,C,Tbl,6,S/P,MIXED,36,9000,skid# 241,F,25,SHIPPED,,2026-08-13 09:18:32,,,,
2026-08-13 09:13:36,Mrnng,252/294,714721,94012078,1345,6-222-37-b,Blt/Scrw,O,Tbl,4,S/P,,22,2200,skid# 227,F,,SHIPPED,,2026-08-13 09:13:36,,,,
2026-08-13 09:05:05,Mrnng,290,714619,11549170,407,6-222-30-B,Nut,O,BF,107,S/P,,36,14400,SKID# 132,F,,SHIPPED,,2026-08-13 09:05:05,,,,
2026-08-13 09:01:31,Mrnng,280,715708,06104725AA,903,6-218-33-A,Nut,O,BF,114,S/P,,41,114800,SKID# 234,F,,SHIPPED,,2026-08-13 09:01:31,,,,
2026-08-13 13:49:43,Mrnng,290,714368,11549170,1693,6-222-32-B,Nut,O,MC,78,S/P,,28,11200,SKID# 221,F,,SHIPPED,,2026-08-13 13:49:43,,,,
2026-08-13 13:45:16,Mrnng,275,714198,11546367-MY-AK,458,6-222-15-e,Nut,O,BF,112,Crt.&P,,36,25200,skid# 151,F,,SHIPPED,,2026-08-13 13:45:16,,,,
2026-08-13 13:41:06,Mrnng,280,715760,11546449,619,6-224-18-B,Nut,O,BF,123,S/P,,36,90000,SKID# 94,F,,SHIPPED,,2026-08-13 13:41:06,,,,
2026-08-13 13:31:04,Mrnng,280,715761,11546449,241,6-224-18-C,Nut,O,BF,124,S/P,,25,62500,SKID# 84,F,,SHIPPED,,2026-08-13 13:31:04,,,,
2026-08-13 13:24:24,Mrnng,292,714367,11549170,1680,6-222-32-A,Nut,C,BF,117,S/P,,22,8800,SKID# 80,F,,SHIPPED,,2026-08-13 13:24:24,,,,
2026-08-13 13:24:24,Mrnng,292,714637,11549170,1017,6-222-31-d,Nut,O,BF,117,S/P,MIXED,40,16000,SKID# 80,F,3,SHIPPED,,2026-08-13 13:24:24,,,,
2026-08-13 13:17:33,Mrnng,292,714637,11549170,1017,6-222-31-d,Nut,C,BF,117,S/P,MIXED,26,10400,skid# 123,F,3,SHIPPED,,2026-08-13 13:17:33,,,,
2026-08-13 13:17:33,Mrnng,292,714618,11549170,1581,6-222-30-a,Nut,O,BF,117,S/P,MIXED,46,18400,skid# 123,F,2,SHIPPED,,2026-08-13 13:17:33,,,,
2026-08-13 13:11:37,Mrnng,275,714199,11546367-MY-AK,897,6-222-15-f,Nut,O,BF,108,Crt.&P,,36,25200,skid# 105,F,,SHIPPED,,2026-08-13 13:11:37,,,,
2026-08-14 10:54:42,Mrnng,285/391,715799,1K2GZ0-00,1545,6-223-17-A,Nut,O,Tbl,2,S/P,STUCK TGT,22,99000,SKID# 227,F,213,SHIPPED,,2026-08-14 10:54:42,,,,
2026-08-13 12:54:20,Mrnng,290,714633,11549170,1774,6-222-30-l,Nut,O,BF,109,S/P,,24,9600,skid# 104,F,,SHIPPED,,2026-08-13 12:54:20,,,,
2026-08-13 12:54:20,Mrnng,290,714644,11549170,588,6-222-31-i,Nut,O,BF,109,S/P,,23,9200,skid# 104,F,,SHIPPED,,2026-08-13 12:54:20,,,,
2026-08-13 12:48:21,Mrnng,290,716267,11546545,224,6-224-15-B,Nut,O,BF,106,S/P,,36,90000,SKID# 162,F,,SHIPPED,,2026-08-13 12:48:21,,,,
2026-08-13 12:43:49,Mrnng,290,714370,11549170,1802,6-222-32-d,Nut,O,BF,107,S/P,,36,14400,skid# 81,F,,SHIPPED,,2026-08-13 12:43:49,,,,
2026-08-14 10:49:39,Mrnng,290,713682,11549168,904,6-222-50-b,Nut,O,MC,78,S/P,,36,36000,skid# 163,F,,SHIPPED,,2026-08-14 10:49:39,,,,
2026-08-13 11:56:52,Mrnng,272,710830,11549168-CA-IN,1028,6-216-26-b,Nut,O,MC,26,Cert.&P,"MIXED, SILVERS, DAMAGED LOCKING, DAMAGED FIANGE",52,52000,SKID# 251,F,"1, 258, 2, 13",SHIPPED,,2026-08-13 11:56:52,,,,
2026-08-14 09:49:40,Mrnng,252/294,714016,11609746,739,6-225-33-a,Nut,O,Tbl,4,S/P,MIXED,29,63800,skid# 119,F,5,SHIPPED,,2026-08-14 09:49:40,,,,
2026-08-13 11:29:26,Mrnng,275,716264,11546545,1659,6-224-14-a,Nut,O,BF,103,S/P,,36,90000,skid# 114,F,,SHIPPED,,2026-08-13 11:29:26,,,,
2026-08-13 10:52:45,Mrnng,290,714644,11549170,588,6-222-31-I,Nut,C,BF,109,S/P,,11,4400,SKID# 36,F,,SHIPPED,,2026-08-13 10:52:45,,,,
2026-08-25 16:35:18,Aftrn,285/391,716005,6503825,1548,6-229-54-b,Nut,O,Tbl,2,S/P,"MIXED, STUCK TGT",50,75000,SKID #5,F,"1, 494",SHIPPED,,2026-08-25 16:35:18,,,,
2026-08-14 10:40:12,Mrnng,275,716266,11546545,854,6-224-15-a,Nut,O,BF,104,S/P,STUCK TGT,36,90000,pack# 4,F,200,SHIPPED,,2026-08-14 10:40:12,,,,
2026-08-13 09:29:48,Mrnng,275,714169,11610091-MY-AK,755,6-223-01-b,Nut,C,MC,112,Crt.&P,,16,40000,skid# 29,F,,SHIPPED,,2026-08-13 09:29:48,,,,
2026-08-14 09:39:30,Mrnng,285/391,713790,nu3516-00,375,6-223-04-g,Nut,O,Tbl,2,S/P,,1,11000,pack# 1,F,,SHIPPED,,2026-08-14 09:39:30,,,,
2026-08-14 09:36:59,Mrnng,190/268,713309,nu3516-00,1366,6-223-04-d,Nut,O,Tbl,3,S/P,MIXED,1,11000,skid #48,F,4,SHIPPED,,2026-08-14 09:36:59,,,,
2026-08-14 15:00:49,Aftrn,275,716271,11546545,284,6-224-17-b,Nut,O,BF,102,S/P,"MIXED, STUCK TGT",36,90000,skid# 217,F,"2, 20",SHIPPED,,2026-08-14 15:00:49,,,,
2026-08-14 09:32:18,Mrnng,11/293,713304,nu3516-00,54,6-223-04-a,Nut,O,Tbl,5,S/P,MIXED,1,11000,skid# 195,F,9,SHIPPED,,2026-08-14 09:32:18,,,,
2026-08-14 10:29:32,Mrnng,292,714632,11549170,1385,6-222-30-k,Nut,O,BF,117,S/P,MIXED,36,14400,skid# 171,F,3,SHIPPED,,2026-08-14 10:29:32,,,,
2026-08-14 09:24:06,Mrnng,252/294,712206,06511799aa,37 CTNS,6-223-15-b,Nut,O,Tbl,4,S/P,DAMAGED,31,55800,skid# 71,F,92,SHIPPED,,2026-08-14 09:24:06,,,,
2026-08-14 10:21:18,Mrnng,190/268/285/391,716099,06105049AA,223,6-225-15-D,Blt/Scrw,O,Tbl,3,S/P,,14,11200,SKID# 240,F,,SHIPPED,,2026-08-14 10:21:18,,,,
2026-08-14 09:01:14,Mrnng,11/293,713310,nu3516-00,297,6-223-04-e,Nut,O,Tbl,5,S/P,,1,15695,skid# 246,F,,SHIPPED,,2026-08-14 09:01:14,,,,
2026-08-14 08:52:12,Mrnng,190/268,713305,nu3516-00,806,6-223-04-b,Nut,C,Tbl,3,S/P,MIXED,1,11000,skid# 28,F,1,SHIPPED,,2026-08-14 08:52:12,,,,
2026-08-14 10:21:18,Mrnng,190/268/285/391,716096,06105049aa,178,6-225-15-a,Blt/Scrw,O,Tbl,2,S/P,MIXED,26,20800,SKID# 240,F,2,SHIPPED,,2026-08-14 10:21:18,,,,
2026-08-14 10:13:14,Mrnng,275,716268,11546545,913,6-224-16-a,Nut,O,BF,103,S/P,,36,90000,skid# 140,F,,SHIPPED,,2026-08-14 10:13:14,,,,
2026-08-14 10:09:04,Mrnng,290,713709,11549170,493,6-222-33-a,Nut,O,BF,109,S/P,,37,14800,skid# 129,F,,SHIPPED,,2026-08-14 10:09:04,,,,
2026-08-14 10:04:06,Mrnng,290,714304,11549168,1382,6-222-48-A,Nut,O,BF,107,S/P,,36,36000,SKID# 56,F,,SHIPPED,,2026-08-14 10:04:06,,,,
2026-08-14 09:59:39,Mrnng,157/245,716097,06105049AA,1602,6-225-15-B,Blt/Scrw,O,Tbl,1,S/P,,34,27200,SKID# 200,F,,SHIPPED,,2026-08-14 09:59:39,,,,
2026-08-13 16:51:57,Aftrn,190/268,712205,06511799aa,35 CTNS,6-223-15-a,Nut,O,Tbl,3,S/P,,32,57600,skid# 186,F,,SHIPPED,,2026-08-13 16:51:57,,,,
2026-08-18 16:17:01,Aftrn,285/391,716712,11602031,1569,6-229-31-B,Blt/Scrw,O,Tbl,2,S/P,MISSING TAB,17,2465,skid #182,F,74,SHIPPED,,2026-08-18 16:17:01,,,,
2026-08-18 16:13:54,Aftrn,292,714306,11549168,1766,6-222-49-A,Nut,O,MC,110,S/P,"MIXED, STUCK TGT",52,52000,skid #200,F,"2, 4",SHIPPED,,2026-08-18 16:13:54,,,,
2026-08-14 09:34:32,Mrnng,275,714196,11546367-MY-AK,295,6-222-15-c,Nut,O,BF,112,Crt.&P,,33,23100,skid# 250,F,,SHIPPED,,2026-08-14 09:34:32,,,,
2026-08-13 16:25:41,Aftrn,11/293,712977,06511799aa,39 CTNS,6-223-16-a,Nut,O,Tbl,5,S/P,,35,63000,skid# 193,F,,SHIPPED,,2026-08-13 16:25:41,,,,
2026-08-18 16:06:05,Aftrn,285/391,711043,11547059,36 CTNS,6-168-28-F,Blt/Scrw,O,Tbl,2,S/P,,36,19800,skid #1,F,,SHIPPED,,2026-08-18 16:06:05,,,,
2026-08-18 16:06:05,Aftrn,285/391,717248,11547059,15 CTNS,6-229-13-a,Blt/Scrw,O,Tbl,2,S/P,,15,8250,skid #1,F,,SHIPPED,,2026-08-18 16:06:05,,,,
2026-08-13 17:26:46,Aftrn,157/245,715792,W711953-S900,605,6-223-18-A,Nut,O,Tbl,1,S/P,MIXED,10,17500,SKID# 194,F,11,SHIPPED,,2026-08-13 17:26:46,,,,
2026-08-14 14:32:26,Mrnng,252/294,715791,11546566,515,6-224-06-B,Nut,O,Tbl,4,S/P,MIXED,27,48600,SKID# 29,F,1,SHIPPED,,2026-08-14 14:32:26,,,,
2026-08-17 16:37:52,Aftrn,11/272,716496,06104388aamod,1651,6-229-16-a,Blt/Scrw,O,Tbl,5,S/P,,7,4620,SKID #9,F,,SHIPPED,,2026-08-17 16:37:52,,,,
2026-08-13 17:05:05,Aftrn,190/268,716098,06105049aa,735,6-225-15-C,Blt/Scrw,O,Tbl,3,S/P,MIXED,25,20000,SKID# 159,F,2,SHIPPED,,2026-08-13 17:05:05,,,,
2026-08-18 16:02:34,Aftrn,285/391,711043,11547059,36 CTNS,6-168-28-f,Blt/Scrw,C,Tbl,2,S/P,,24,13200,SKID #195,F,,SHIPPED,,2026-08-18 16:02:34,,,,
2026-08-14 15:35:12,Aftrn,290,714311,11549168,1414,6-222-49-F,Nut,O,BF,107,S/P,,40,40000,SKID# 1,F,,SHIPPED,,2026-08-14 15:35:12,,,,
2026-08-13 16:35:14,Aftrn,292,713710,11549170,488,6-222-33-b,Nut,O,BF,117,S/P,MIXED,36,14400,skid# 198,F,3,SHIPPED,,2026-08-13 16:35:14,,,,
2026-08-13 16:30:25,Aftrn,272,707998,11549168-CA-IN,533,6-208-04-d,Nut,O,MC,26,Crt.&P,"MIXED, SILVERS, DAMAGED FIANGE, DANAGED LOCK",56,56000,skid# 235,F,"1, 97, 2, 3",SHIPPED,,2026-08-13 16:30:25,,,,
2026-08-13 16:19:39,Aftrn,280,713689,11549168,1654,6-222-50-d,Nut,O,BF,121,S/P,,36,36000,skid# 160,F,,SHIPPED,,2026-08-13 16:19:39,,,,
2026-08-13 10:27:33,Mrnng,292,716150,NU1405-00,788,6-222-39-a,Nut,O,BF,113,S/P,"MIXED, STUCK TOGETHER",1,74586,skid# 130,F,"4,2",SHIPPED,,2026-08-13 10:27:33,,,,
2026-08-17 16:24:19,Aftrn,272,710402,11549168-CA-IN,797,6-208-05-B,Nut,O,MC,26,Crt.&P,"MIXED, SILVERS, STUCK TGT, CRACKED, DAMAGED FIANGE, DAMAGED LOCKING",47,47000,skid #129,F,"3, 243, 10, 1, 2, 18",SHIPPED,,2026-08-17 16:24:19,,,,
2026-08-18 15:58:33,Aftrn,157/245,714711,11547059,1312,6-222-35-B,Blt/Scrw,C,Tbl,1,S/P,MIXED,24,13200,skid #222,F,24,SHIPPED,,2026-08-18 15:58:33,,,,
2026-08-14 13:54:56,Mrnng,285/391,715789,11610126,382,6-224-07-B,Blt/Scrw,O,Tbl,2,S/P,,30,36000,SKID# 112,F,,SHIPPED,,2026-08-14 13:54:56,,,,
2026-08-14 15:12:50,Aftrn,292,714095,11546368-my-ak,449,6-224-25-b,Nut,O,BF,117,Crt.&P,,36,16200,skid# 245,F,,SHIPPED,,2026-08-14 15:12:50,,,,
2026-08-13 15:36:57,Aftrn,290,714646,11549170,1686,6-222-31-k,Nut,O,BF,109,S/P,,40,16000,skid# 33,F,,SHIPPED,,2026-08-13 15:36:57,,,,
2026-08-14 13:45:14,Mrnng,11/293,715800,w715851-s450b,282,6-224-04-a,Nut,O,Tbl,5,S/P,MIXED,30,57000,skid# 136,F,1,SHIPPED,,2026-08-14 13:45:14,,,,
2026-08-13 14:15:34,Mrnng,292,715960,11549169-MY-AK,139,6-224-08-C,Nut,O,BF,116,Crt.&P,MIXED,36,23760,SKID# 10,F,4,SHIPPED,,2026-08-13 14:15:34,,,,
2026-08-13 13:57:36,Mrnng,290,715961,11549169-MY-AK,1582,6-224-08-D,Nut,O,BF,110,Crt.&P,,36,23760,SKID# 212,F,,SHIPPED,,2026-08-13 13:57:36,,,,
2026-08-13 13:06:16,Mrnng,290,715958,11549169-MY-AK,1429,6-224-09-A,Nut,O,BF,110,Crt.&P,,36,23760,SKID# 40,F,,SHIPPED,,2026-08-13 13:06:16,,,,
2026-08-13 11:56:52,Mrnng,272,707998,11549168-CA-IN,533,6-208-04-D,Nut,C,MC,26,Crt.&P,"MIXED, SILVERS",20,20000,SKID# 251,F,"1, 137",SHIPPED,,2026-08-13 11:56:52,,,,
2026-08-17 16:13:50,Aftrn,285/391,714700,W520101-S437,1011,6-224-30-A,Nut,O,Tbl,2,S/P,,41,123000,skid #70,F,,SHIPPED,,2026-08-17 16:13:50,,,,
2026-08-14 13:34:30,Mrnng,279,710829,11549168-CA-IN,666,6-216-26-a,Nut,O,Tbl,6,Crt.&P,"MIXED, SILVERS, STUCK TGT",27,27000,skid# 238,F,"3, 18, 1",SHIPPED,,2026-08-14 13:34:30,,,,
2026-08-21 09:54:30,Mrnng,252/294,716810,NU1237,1510,6-232-37-B,Nut,O,Tbl,4,S/P,,1,26500,SKID# 147,F,,SHIPPED,,2026-08-21 09:54:30,,,,
2026-08-18 15:47:24,Aftrn,275,715865,06104388aa,1571,6-222-07-b,Blt/Scrw,O,MC,4,S/P,MIXED,21,13860,skid# 11,F,20,SHIPPED,,2026-08-18 15:47:24,,,,
2026-08-17 15:57:10,Aftrn,292,714306,11549168,1766,6-222-49-A,Nut,O,MC,110,S/P,"MIXED, STUCK TGT",36,36000,SKID# 104,F,"2, 4",SHIPPED,,2026-08-17 15:57:10,,,,
2026-08-17 15:51:47,Aftrn,275,715782,11549170,1368,6-226-18-i,Nut,O,BF,112,S/P,,36,14400,skid# 109,F,,SHIPPED,,2026-08-17 15:51:47,,,,
2026-08-18 15:42:01,Aftrn,252/294,716718,11602031,1845,6-229-31-h,Nut,O,Tbl,4,S/P,"MIXED, MISSNG TAB",36,5220,skid# 128,F,"7, 63",SHIPPED,,2026-08-18 15:42:01,,,,
2026-08-18 15:33:08,Aftrn,280,716074,11546437-my-ak,794,6-222-21-A,Nut,O,BF,114,Crt.&P,STUCK TGT,59,88500,SKID# 33,F,50,SHIPPED,,2026-08-18 15:33:08,,,,
2026-08-17 15:40:45,Aftrn,292,715777,11549170,489,6-226-18-h,Nut,O,BF,117,S/P,,36,14400,skid# 21,F,,SHIPPED,,2026-08-17 15:40:45,,,,
2026-08-17 15:36:12,Aftrn,285/391,714700,w520101-s437,1011,6-224-30-a,Nut,C,Tbl,2,S/P,,36,108000,skid# 120,F,,SHIPPED,,2026-08-17 15:36:12,,,,
2026-08-18 15:26:52,Aftrn,292,715822,11549170,1601,6-226-17-C,Nut,O,BF,117,S/P,MIXED,55,22000,SKID# 23,F,3,SHIPPED,,2026-08-18 15:26:52,,,,
2026-08-21 09:53:40,Mrnng,157/245,717279,NU1405-00,1632,6-232-38-A,Nut,O,Tbl,1,S/P,,1,72000,SKID# 73,F,,SHIPPED,,2026-08-21 09:53:40,,,,
2026-08-17 11:32:35,Mrnng,285/391,714699,w520101-s437,1507,6-224-29-b,Nut,O,Tbl,2,S/P,MIXED,47,141000,skid# 233,F,1,SHIPPED,,2026-08-17 11:32:35,,,,
2026-08-21 09:47:05,Mrnng,190268,717281,nu1405-00,1712,6-232-39-a,Nut,O,Tbl,3,S/P,,1,69900,skid# 40,F,,SHIPPED,,2026-08-21 09:47:05,,,,
2026-08-18 15:10:38,Mrnng,190/268,716716,11602031,288,6-229-31-f,Nut,O,Tbl,3,S/P,"MIXED,MISSING TABS",27,3915,skid# 179,F,5140,SHIPPED,,2026-08-18 15:10:38,,,,
2026-08-17 11:22:49,Mrnng,285/391,714699,w520101-s437,1507,6-224-29-b,Nut,C,Tbl,2,S/P,MIXED,36,108000,skid# 185,F,1,SHIPPED,,2026-08-17 11:22:49,,,,
2026-08-18 15:03:44,Aftrn,285/391,713814,11546368-in-pn,1364,6-226-22-c,Nut,O,Tbl,2,Crt.&P,"MIXED, OTHERS",38,17100,skid# 185,F,"4, 59",SHIPPED,,2026-08-18 15:03:44,,,,
2026-08-17 15:08:21,Aftrn,290,715827,11549170,1439,6-226-17-H,Nut,O,BF,109,S/P,,36,14400,SKID# 156,F,,SHIPPED,,2026-08-17 15:08:21,,,,
2026-08-17 11:09:33,Mrnng,275,716262,11546545,200,6-224-13-A,Nut,O,BF,103,S/P,,36,90000,SKID# 33,F,,SHIPPED,,2026-08-17 11:09:33,,,,
2026-08-17 10:56:37,Mrnng,280,713687,11549168,355,6-222-50-C,Nut,O,BF,121,S/P,,48,48000,SKID# 167,F,,SHIPPED,,2026-08-17 10:56:37,,,,
2026-08-18 14:59:11,Aftrn,157/245,716717,11602031,306,6-229-31-g,Nut,O,Tbl,1,S/P,"MIXED, MISSNG TAB",36,5220,skid# 176,F,"3, 1",SHIPPED,,2026-08-18 14:59:11,,,,
2026-08-28 12:46:04,Mrnng,290/292,717043,11546367-my-ak,1574,6-237-17-e,Nut,O,MC,110,Cert.&P,MIXED,32,22400,SKID #218,F,2,SHIPPED,,2026-08-28 12:46:04,,,,
2026-08-17 10:37:08,Mrnng,280,716283,11546449,3,6-225-27-c,Nut,O,BF,123,S/P,,31,77500,skid# 120,F,,SHIPPED,,2026-08-17 10:37:08,,,,
2026-08-17 14:53:51,Mrnng,290,715824,11549170,642,6-226-17-e,Nut,O,BF,110,S/P,,36,14400,skid# 203,F,,SHIPPED,,2026-08-17 14:53:51,,,,
2026-08-17 10:32:34,Mrnng,4,710173,11612078-B,785,6-208-46-d,Nut,O,MC,74,S/P,"STUCK TGT, DAMAGED",36,66600,skid# 171,F,"400, 2",SHIPPED,,2026-08-17 10:32:34,,,,
2026-08-17 10:27:19,Mrnng,285/391,714701,w520101-s437,303,6-224-30-b,Nut,O,Tbl,2,S/P,,36,108000,SKID #70,F,,SHIPPED,,2026-08-17 10:27:19,,,,
2026-08-17 10:23:52,Mrnng,290,714307,11549168,935,6-222-49-b,Nut,O,BF,107,S/P,,37,37000,skid# 20,F,,SHIPPED,,2026-08-17 10:23:52,,,,
2026-08-17 10:20:05,Mrnng,292,714176,11546368-my-ak,1041,6-224-28-a,Nut,O,BF,117,Crt.&P,MIXED,36,16200,skid# 238,F,2,SHIPPED,,2026-08-17 10:20:05,,,,
2026-08-17 14:48:36,Mrnng,290,715825,11549170,566,6-226-17-f,Nut,O,BF,107,S/P,,36,14400,skid# 81,F,,SHIPPED,,2026-08-17 14:48:36,,,,
2026-08-27 16:22:10,Aftrn,4,708877,11612078,1668,6-217-31-B,Nut,O,MC,74,S/P,"STUCK TGT, DAMAGED",34,62900,skid #128,F,"500, 2",SHIPPED,,2026-08-27 16:22:10,,,,
2026-08-14 12:54:21,Mrnng,292,713690,11549168,1354,6-222-50-e,Nut,O,MC,110,S/P,MIXED,36,36000,skid# 162,F,9,SHIPPED,,2026-08-14 12:54:21,,,,
2026-08-17 14:41:36,Mrnng,190/268,714707,w520111-s450b,443,6-225-31-b,Nut,O,Tbl,3,S/P,MIXED,36,126000,skid# 220,F,2,SHIPPED,,2026-08-17 14:41:36,,,,
2026-08-17 14:37:50,Mrnng,157/245,708736,11549168-ca-in,9,6-216-24-B,Nut,O,Tbl,1,Crt.&P,"MIXED, SILVERS",44,44000,SKID# 190,F,"6, 46",SHIPPED,,2026-08-17 14:37:50,,,,
2026-08-18 14:49:25,Mrnng,290,714366,11549170,261,6-226-20-b,Nut,O,BF,109,S/P,,36,14400,skid# 93,F,,SHIPPED,,2026-08-18 14:49:25,,,,
2026-08-17 14:18:25,Mrnng,290,716263,11546545,1069,6-224-13-B,Nut,O,BF,106,S/P,,39,97500,SKID# 110,F,,SHIPPED,,2026-08-17 14:18:25,,,,
2026-08-17 14:12:56,Mrnng,157/245,708736,11549168-CA-IN,9,6-216-24-B,Nut,C,Tbl,1,Crt.&P,,36,36000,SKID #45,F,,SHIPPED,,2026-08-17 14:12:56,,,,
2026-08-17 09:30:17,Mrnng,279,714680,11546370-MY-AK,1319,6-226-05-a,Nut,O,Tbl,6,Crt.&P,EXCESS PLATING,36,7920,skid# 246,F,4,SHIPPED,,2026-08-17 09:30:17,,,,
2026-08-17 09:25:28,Mrnng,272,712370,11549168-CA-IN,63,6-208-17-E,Nut,O,MC,26,Crt.&P,"DAMAGED LOCKING, DAMAGED FIANGE",36,36000,SKID# 87,F,"21, 1",SHIPPED,,2026-08-17 09:25:28,,,,
2026-08-17 14:08:02,Mrnng,292,715828,11549170,1427,6-226-17-i,Nut,O,BF,117,S/P,MIXED,36,14400,skid# 212,F,1,SHIPPED,,2026-08-17 14:08:02,,,,
2026-08-17 14:03:22,Mrnng,11/293,705483,11549168-ca-in,900,6-216-24-a,Nut,O,Tbl,5,Crt.&P,"MIXED, EXCESS PLATING, STUCK TGT",40,40000,skid# 26,F,"3, 10, 4",SHIPPED,,2026-08-17 14:03:22,,,,
2026-08-14 17:11:14,Aftrn,11/293,714710,11547059,400,6-222-35-a,Blt/Scrw,O,Tbl,5,S/P,MIXED,48,26400,skid# 161,F,5,SHIPPED,,2026-08-14 17:11:14,,,,
2026-08-14 17:07:56,Aftrn,157/245,714713,11547059,1336,6-222-36-b,Blt/Scrw,O,Tbl,1,S/P,MIXED,48,26400,skid# 27,F,13,SHIPPED,,2026-08-14 17:07:56,,,,
2026-08-17 13:52:53,Mrnng,275,716265,11546545,831,6-224-14-B,Nut,O,BF,102,S/P,,30,75000,SKID# 159,F,,SHIPPED,,2026-08-17 13:52:53,,,,
2026-08-17 13:45:52,Mrnng,20,715866,06104388AA,843,6-222-08-A,Nut,O,MC,4,S/P,,63,41580,SKID# 245,F,,SHIPPED,,2026-08-17 13:45:52,,,,
2026-08-18 14:44:19,Mrnng,292,714702,w520413-s450l,243,6-224-26-a,Nut,O,BF,113,S/P,"MIXED, STUCK TGT",34,64600,skid# 129,F,"5, 11",SHIPPED,,2026-08-18 14:44:19,,,,
2026-08-17 13:35:31,Mrnng,280,716281,11546449,1786,6-225-27-a,Nut,O,BF,120,S/P,,38,95000,skid# 217,F,,SHIPPED,,2026-08-17 13:35:31,,,,
2026-08-17 13:29:29,Mrnng,272,710402,11549168-ca-in,797,6-208-05-b,Nut,O,MC,26,Crt.&P,"MIXE, SILVERS, CRACKED, DAMAGED",36,36000,skid# 200,F,"2, 243, 1, 12",SHIPPED,,2026-08-17 13:29:29,,,,
2026-08-14 16:42:28,Aftrn,290,714104,11546368-my-ak,696,6-224-25-c,Nut,O,BF,109,Crt.&P,,36,16200,skid# 250,F,,SHIPPED,,2026-08-14 16:42:28,,,,
2026-08-17 13:24:33,Mrnng,275,716260,11546545,1541,6-224-12-a,Nut,O,BF,104,S/P,,36,90000,skid# 226,F,,SHIPPED,,2026-08-17 13:24:33,,,,
2026-08-17 13:18:42,Mrnng,290,714371,11549170,690,6-226-19-A,Nut,O,BF,110,S/P,,36,14400,SKID# 43,F,,SHIPPED,,2026-08-17 13:18:42,,,,
2026-08-18 14:39:50,Mrnng,292,715725,11546367-my-ak,142,6-226-07-b,Nut,O,BF,116,Crt.&P,"MIXED, STUCK TGT",36,25200,skid# 131,F,"4, 3",SHIPPED,,2026-08-18 14:39:50,,,,
2026-08-14 16:24:56,Aftrn,11/293,714683,11546370-my-ak,1785,6-226-05-d,Nut,O,Tbl,5,Crt.&P,EXCESS PLAQTING,38,8360,skid# 156,F,1,SHIPPED,,2026-08-14 16:24:56,,,,
2026-08-17 13:08:26,Mrnng,290,715818,11549170,972,6-226-17-a,Nut,O,BF,109,S/P,,36,14400,skid# 227,F,,SHIPPED,,2026-08-17 13:08:26,,,,
2026-08-17 12:59:03,Mrnng,190/268,714705,W520111-S450B,1357,6-225-30-B,Nut,O,Tbl,3,S/P,,36,126000,SKID# 14,F,,SHIPPED,,2026-08-17 12:59:03,,,,
2026-08-14 16:08:37,Aftrn,290,714309,11549168,823,6-222-49-D,Nut,O,MC,78,S/P,,40,40000,SKID# 170,F,,SHIPPED,,2026-08-14 16:08:37,,,,
2026-08-14 15:59:31,Aftrn,279,713230,11546368-IN-PN,849,6-224-23-A,Blt/Scrw,O,Tbl,6,S/P,"MIXED, EXCESS PLATING, SILVERS",36,16200,SKID# 203,F,"3, 20, 23",SHIPPED,,2026-08-14 15:59:31,,,,
2026-08-17 12:53:59,Mrnng,290,714372,11549170,1628,6-226-19-b,Nut,O,BF,107,S/P,,36,14400,skid# 163,F,,SHIPPED,,2026-08-17 12:53:59,,,,
2026-08-18 14:34:31,Mrnng,280,716277,11546449,1776,6-225-26-b,Nut,O,BF,123,S/P,STUCK TGT,36,90000,skid# 237,F,15,SHIPPED,,2026-08-18 14:34:31,,,,
2026-08-17 12:00:12,Mrnng,292,714177,11546368-MY-AK,922,6-224-28-B,Nut,O,BF,117,Crt.&P,MIXED,32,14400,SKID# 162,F,2,SHIPPED,,2026-08-17 12:00:12,,,,
2026-08-17 11:52:50,Mrnng,290,714094,11546368-MY-AK,417,6-224-25-A,Nut,O,BF,109,Crt.&P,,32,14400,SKID# 254,F,,SHIPPED,,2026-08-17 11:52:50,,,,
2026-08-14 15:16:46,Aftrn,280,713687,11549168,355,6-222-50-C,Nut,O,BF,121,S/P,,40,40000,SKID# 104,F,,SHIPPED,,2026-08-14 15:16:46,,,,
2026-08-17 11:47:20,Mrnng,190/268,714704,W520111-S450B,1417,6-225-30-A,Nut,O,Tbl,3,S/P,,36,126000,SKID# 244,F,,SHIPPED,,2026-08-17 11:47:20,,,,
2026-08-18 11:23:03,Mrnng,157/245,716090,06513404aa,1816,6-219-01-c,Nut,O,Tbl,1,S/P,,37,4440,SKID #188,F,,SHIPPED,,2026-08-18 11:23:03,,,,
2026-08-18 11:19:03,Mrnng,190/268,717229,61525,KIB,6-229-44-b,Nut,O,Tbl,3,S/P,,23,69000,skid# 176,F,,SHIPPED,,2026-08-18 11:19:03,,,,
2026-08-18 11:10:33,Mrnng,252/294,713812,11546368-in-pn,311,6-226-22-b,Nut,O,Tbl,4,Crt.&P,"MIXED, EXCESS PLATING, STUCK TGT",32,14400,skid# 195,F,"5, 4, 7",SHIPPED,,2026-08-18 11:10:33,,,,
2026-08-14 14:39:04,Mrnng,280,716269,11546545,541,6-224-16-B,Nut,O,BF,124,S/P,,36,90000,SKID# 251,F,,SHIPPED,,2026-08-14 14:39:04,,,,
2026-08-14 14:26:01,Mrnng,275,714308,11549168,1600,6-222-49-C,Nut,O,BF,112,S/P,,40,40000,SKID# 93,F,,SHIPPED,,2026-08-14 14:26:01,,,,
2026-08-18 11:07:37,Mrnng,157/245,716094,06513404AA,1849,6-219-01-G,Nut,O,Tbl,1,S/P,MIXED,36,4320,SKID# 119,F,1,SHIPPED,,2026-08-18 11:07:37,,,,
2026-08-14 14:17:09,Mrnng,285/391,713232,11546368-IN-PN,983,6-224-23-B,Nut,O,Tbl,2,Crt.&P,MIXED,36,16200,SKID# 134,F,3,SHIPPED,,2026-08-14 14:17:09,,,,
2026-08-14 14:10:40,Mrnng,290,713681,11549168,1400,6-222-50-a,Nut,O,BF,107,S/P,,66,66000,skid# 81,F,,SHIPPED,,2026-08-14 14:10:40,,,,
2026-08-14 14:01:58,Mrnng,290,714096,11546368-MY-AK,266,6-224-27-a,Nut,O,BF,109,Crt.&P,,36,16200,skid# 109,F,,SHIPPED,,2026-08-14 14:01:58,,,,
2026-08-14 13:49:46,Mrnng,275,715804,7151143403,276,6-224-24-a,Nut,O,MC,112,S/P,,34,59500,skid# 123,F,,SHIPPED,,2026-08-14 13:49:46,,,,
2026-08-14 17:04:24,Aftrn,292,714105,11546368-my-ak,339,6-224-25-d,Nut,O,BF,117,Crt.&P,MIXED,29,13050,skid# 237,F,2,SHIPPED,,2026-08-14 17:04:24,,,,
2026-08-18 11:03:16,Mrnng,290,714631,11549170,1531,6-226-18-D,Nut,O,BF,109,S/P,,36,14400,SKID# 111,F,,SHIPPED,,2026-08-18 11:03:16,,,,
2026-08-14 13:23:22,Mrnng,252/294,715788,11610126,1036,6-224-07-a,Blt/Scrw,O,Tbl,4,S/P,,27,32400,skid# 190,F,,SHIPPED,,2026-08-14 13:23:22,,,,
2026-08-18 14:25:30,Mrnng,11/293/157/245,714712,11547059,83,6-222-36-a,Blt/Scrw,O,Tbl,5,S/P,MIXED,34,18700,skid# 135,F,14,SHIPPED,,2026-08-18 14:25:30,,,,
2026-08-14 13:13:21,Mrnng,292,714097,11546368-my-ak,285,6-224-27-b,Nut,O,BF,117,Crt.&P,MIXED,36,16200,skid# 84,F,1,SHIPPED,,2026-08-14 13:13:21,,,,
2026-08-18 14:25:30,Mrnng,11/293/157/245,714711,11547059,1312,6-222-35-b,Blt/Scrw,O,Tbl,1,S/P,MIXED,32,17600,skid# 135,F,24,SHIPPED,,2026-08-18 14:25:30,,,,
2026-08-14 12:58:30,Mrnng,190/268,715753,11546449,1328,6-225-20-b,Nut,O,Tbl,3,S/P,,37,92500,skid# 178,F,,SHIPPED,,2026-08-14 12:58:30,,,,
2026-08-14 12:48:53,Mrnng,157/245,714713,11547059,1336,6-222-36-b,Blt/Scrw,C,Tbl,1,S/P,,24,13200,skid# 242,F,,SHIPPED,,2026-08-14 12:48:53,,,,
2026-08-14 12:02:39,Mrnng,11/293,714710,11547059,400,6-222-35-A,Blt/Scrw,C,Tbl,5,S/P,MIXED,24,13200,SKID# 114,F,5,SHIPPED,,2026-08-14 12:02:39,,,,
2026-08-21 09:38:18,Mrnng,11/293,716809,nu1237,1038,6-232-37-a,Nut,O,Tbl,5,S/P,,1,27460,skid# 94,F,,SHIPPED,,2026-08-21 09:38:18,,,,
2026-08-14 11:41:08,Mrnng,157/245,715755,11546449,194,6-225-21-b,Nut,O,Tbl,1,S/P,MIXED,37,92500,skid# 187,F,31,SHIPPED,,2026-08-14 11:41:08,,,,
2026-08-14 10:44:03,Mrnng,290,713681,11549168,1400,6-222-50-A,Nut,C,BF,107,S/P,,36,36000,SKID# 172,F,,SHIPPED,,2026-08-14 10:44:03,,,,
2026-08-18 10:45:17,Mrnng,190/268,714078,40110160,1039,6-204-17-A,Nut,O,Tbl,3,S/P,,26,5200,SKID# 248,F,,SHIPPED,,2026-08-18 10:45:17,,,,
2026-08-18 10:41:37,Mrnng,292,715606,6101968,1329,6-225-18-a,Nut,O,MC,19,S/P,"MIXED, STUCK TGT",26,57200,skid# 22,F,"6, 19",SHIPPED,,2026-08-18 10:41:37,,,,
2026-08-18 14:15:09,Mrnng,275,715829,11549170,1040,6-226-17-J,Nut,C,BF,112,S/P,MIXED,36,14400,SKID# 10,F,3,SHIPPED,,2026-08-18 14:15:09,,,,
2026-08-18 10:28:06,Mrnng,190/268,714076,40110160,1444,6-204-16-A,Nut,O,Tbl,3,S/P,,31,6200,SKID# 96,F,,SHIPPED,,2026-08-18 10:28:06,,,,
2026-08-14 09:17:26,Mrnng,157/245,715756,11546449,683,6-225-21-c,Nut,O,Tbl,1,S/P,"MIXED, STUCK TGT",35,87500,skid# 143,F,"2, 45",SHIPPED,,2026-08-14 09:17:26,,,,
2026-08-13 17:14:24,Aftrn,292,716084,94012038,388,6-223-19-a,Nut,O,BF,113,S/P,MIXED,12,48000,skid# 228,F,6,SHIPPED,,2026-08-13 17:14:24,,,,
2026-08-14 16:13:54,Aftrn,252/294,714681,11546370-MY-AK,482,6-226-05-B,Nut,O,Tbl,4,Crt.&P,MIXED,35,7700,SKID# 78,F,4,SHIPPED,,2026-08-14 16:13:54,,,,
2026-08-18 10:23:36,Mrnng,285/391,713808,11546368-in-pn,402,6-226-22-A,Nut,O,Tbl,2,Crt.&P,"MIXED,, EXCESS PLATING, SILVERS",27,12150,SKID# 218,F,"2, 3, 20",SHIPPED,,2026-08-18 10:23:36,,,,
2026-08-13 16:46:53,Aftrn,280,715757,11546449,1711,6-224-18-A,Nut,O,BF,120,S/P,MIXED,36,90000,SKID# 236,F,10,SHIPPED,,2026-08-13 16:46:53,,,,
2026-08-13 16:16:31,Aftrn,157/245,715846,06104384AA,530,6-225-19-A,Blt/Scrw,O,Tbl,1,S/P,MIXED,36,27000,SKID# 197,F,3,SHIPPED,,2026-08-13 16:16:31,,,,
2026-08-18 10:18:08,Mrnng,11/293,714077,40110160,254,6-204-16-B,Blt/Scrw,O,Tbl,5,S/P,,33,6600,SKID# 53,F,,SHIPPED,,2026-08-18 10:18:08,,,,
2026-08-18 10:13:26,Mrnng,157/245,716088,06513404aa,1826,6-219-01-a,Nut,O,Tbl,1,S/P,,36,4320,skid# 205,F,,SHIPPED,,2026-08-18 10:13:26,,,,
2026-08-18 10:08:55,Mrnng,11/293,716093,06513404aa,1825,6-219-01-f,Nut,O,Tbl,5,S/P,,39,4680,skid# 71,F,,SHIPPED,,2026-08-18 10:08:55,,,,
2026-08-18 10:04:32,Mrnng,252/294,716089,06513404aa,1832,6-219-01-b,Nut,O,Tbl,4,S/P,,37,4440,skid# 193,F,,SHIPPED,,2026-08-18 10:04:32,,,,
2026-08-14 14:56:41,Aftrn,275,715866,06104388AA,843,6-222-08-a,Blt/Scrw,C,MC,4,S/P,,36,23760,skid# 221,F,,SHIPPED,,2026-08-14 14:56:41,,,,
2026-08-18 09:58:39,Mrnng,292,714365,11549170,317,6-226-20-A,Nut,O,BF,117,S/P,MIXED,36,14400,SKID# 129,F,2,SHIPPED,,2026-08-18 09:58:39,,,,
2026-08-21 09:30:50,Mrnng,391285,717555,11588293,KIB,6-232-23-a,Nut,O,Tbl,2,S/P,,34,39100,skid# 162,F,,SHIPPED,,2026-08-21 09:30:50,,,,
2026-08-18 09:54:04,Mrnng,290,716103,06105048aa,KIB,6-226-01-b,Blt/Scrw,O,BF,105,S/P,,25,20000,skid# 143,F,,SHIPPED,,2026-08-18 09:54:04,,,,
2026-08-27 11:03:16,Mrnng,292,716905,7151143403,1305,6-237-22-A,Nut,O,BF,113,S/P,,34,59500,skid #185,F,,SHIPPED,,2026-08-27 11:03:16,,,,
2026-08-14 13:28:45,Mrnng,252/294,713240,11546368-in-pn,1691,6-224-23-d,Nut,C,Tbl,4,Crt.&P,MIXED,36,16200,skid# 120,F,5,SHIPPED,,2026-08-14 13:28:45,,,,
2026-08-28 12:24:48,Mrnng,252/11,716727,nu3019-00,1447,6-238-12-f,Nut,O,Tbl,4,S/P,,1,4760,skid# 16,F,,SHIPPED,,2026-08-28 12:24:48,,,,
2026-08-18 09:39:16,Mrnng,11/293,716092,06513404aa,1824,6-219-01-e,Nut,O,Tbl,5,S/P,,40,4800,skid# 73,F,,SHIPPED,,2026-08-18 09:39:16,,,,
2026-08-21 08:57:01,Mrnng,252/294,716808,nu1237,408,6-232-36-b,Nut,O,Tbl,4,S/P,,1,22000,skid# 91,F,,SHIPPED,,2026-08-21 08:57:01,,,,
2026-08-14 10:33:17,Mrnng,252/294,713236,11546368-IN-PN,973,6-224-23-c,Nut,C,Tbl,4,Crt.&P,,36,16200,skid# 254,F,,SHIPPED,,2026-08-14 10:33:17,,,,
2026-08-18 09:30:55,Mrnng,275,714640,11549170,914,6-226-18-e,Nut,O,BF,108,S/P,,36,14400,skid# 70,F,,SHIPPED,,2026-08-18 09:30:55,,,,
2026-08-18 09:26:51,Mrnng,290,714630,11549170,1104,6-226-18-c,Nut,O,BF,110,S/P,,36,14400,skid# 250,F,,SHIPPED,,2026-08-18 09:26:51,,,,
2026-08-20 15:43:00,Aftrn,190/268,716022,55364498aa,984,6-229-57-a,Blt/Scrw,O,Tbl,3,S/P,,7,3640,SKID #212,F,,SHIPPED,,2026-08-20 15:43:00,,,,
2026-08-26 16:36:26,Aftrn,190/268,717629,11546377-ph-ro,73,6-238-04-a,Nut,O,Tbl,3,S/P,STUCK TGT,35,75250,skid# 191,F,456,SHIPPED,,2026-08-26 16:36:26,,,,
2026-08-18 13:43:27,Mrnng,280,716274,11546449,465,6-225-24-c,Nut,O,BF,123,S/P,,36,90000,skid# 208,F,,SHIPPED,,2026-08-18 13:43:27,,,,
2026-08-13 16:06:39,Aftrn,285/391,715847,06104384AA,789,6-225-19-B,Blt/Scrw,O,Tbl,2,S/P,,30,22500,SKID# 208,F,,SHIPPED,,2026-08-13 16:06:39,,,,
2026-08-13 16:01:38,Aftrn,275,716270,11546545,1566,6-224-17-A,Nut,O,BF,102,S/P,,36,90000,SKID# 117,F,,SHIPPED,,2026-08-13 16:01:38,,,,
2026-08-13 15:45:25,Aftrn,290,715956,11549169-MY-AK,293,6-224-08-a,Nut,O,BF,110,Crt.&P,,36,23760,skid# 111,F,,SHIPPED,,2026-08-13 15:45:25,,,,
2026-08-13 15:04:40,Aftrn,292,715959,11549169-MY-AK,1574,6-224-09-b,Nut,O,BF,116,Crt.&P,MIXED,36,23760,skid# 11,F,4,SHIPPED,,2026-08-13 15:04:40,,,,
2026-08-18 13:39:31,Mrnng,280,716613,11546377,1559,6-226-09-a,Nut,O,BF,118,S/P,STUCK TGT,36,77400,skid# 229,F,80,SHIPPED,,2026-08-18 13:39:31,,,,
2026-08-20 15:34:17,Aftrn,290,713582,11546774,865,6-230-33-a,Nut,O,MC,78,S/P,,36,16200,skid# 104,F,,SHIPPED,,2026-08-20 15:34:17,,,,
2026-08-18 13:29:21,Mrnng,292,715822,11549170,1601,6-226-17-c,Nut,C,BF,117,S/P,MIXED,36,14400,skid# 217,F,3,SHIPPED,,2026-08-18 13:29:21,,,,
2026-08-19 11:24:24,Mrnng,190/268,714715,11602659,230,6-230-40-B,Blt/Scrw,O,Tbl,3,S/P,STUCK TGT,33,18150,skid #190,F,380,SHIPPED,,2026-08-19 11:24:24,,,,
2026-08-17 17:28:23,Aftrn,275,714428,11561645,1071,6-217-23-a,Nut,O,MC,112,S/P,,32,128000,skid# 251,F,,SHIPPED,,2026-08-17 17:28:23,,,,
2026-08-19 11:19:36,Mrnng,157/245,714614,06511777aa,784,6-229-43-c,Blt/Scrw,C,Tbl,1,S/P,,36,14760,skid# 251,F,,SHIPPED,,2026-08-19 11:19:36,,,,
2026-08-18 13:14:17,Mrnng,275,714539,11546365-MY-AK,1529,6-229-20-B,Nut,O,MC,112,Crt.&P,,36,68400,SKID# 225,F,,SHIPPED,,2026-08-18 13:14:17,,,,
2026-08-19 11:14:35,Mrnng,285/391,713052,hl3w-4320-aa,660,6-226-23-b,Nut,O,Tbl,2,S/P,,20,4000,SKID #182,F,,SHIPPED,,2026-08-19 11:14:35,,,,
2026-08-18 13:02:28,Mrnng,285/391,716671,06105048AA,kib,6-229-30-C,Blt/Scrw,O,Tbl,2,S/P,MIXED,34,27200,SKID# 91,F,4,SHIPPED,,2026-08-18 13:02:28,,,,
2026-08-18 12:56:35,Mrnng,292,715728,11546367-MY-AK,928,6-226-08-A,Nut,O,BF,116,Crt.&P,MIXED,36,25200,SKID# 244,F,7,SHIPPED,,2026-08-18 12:56:35,,,,
2026-08-17 09:13:23,Mrnng,252/294,713236,11546368-in-pn,973,6-224-23-c,Nut,O,Tbl,4,Crt.&P,,43,19350,skid# 191,F,,SHIPPED,,2026-08-17 09:13:23,,,,
2026-08-17 09:13:23,Mrnng,252/294,713240,11546368-in-pn,1691,6-224-23-d,Nut,O,Tbl,4,Cert.&P,MIXED,41,18450,skid# 191,F,5,SHIPPED,,2026-08-17 09:13:23,,,,
2026-08-18 12:52:25,Mrnng,275,716273,11546449,748,6-225-24-b,Nut,O,BF,102,S/P,STUCK TGT,36,90000,skid# 162,F,50,SHIPPED,,2026-08-18 12:52:25,,,,
2026-08-18 12:48:21,Mrnng,157/245,716672,06105048aa,1531,6-229-30-d,Blt/Scrw,O,Tbl,1,S/P,,36,28800,skid# 154,F,,SHIPPED,,2026-08-18 12:48:21,,,,
2026-08-18 12:45:19,Mrnng,275,714690,W520101-S450,774,6-226-15-A,Nut,O,BF,103,S/P,,36,108000,SKID# 14,F,,SHIPPED,,2026-08-18 12:45:19,,,,
2026-08-18 12:30:19,Mrnng,294252,716669,06105048aa,1849,6-229-30-a,Blt/Scrw,O,Tbl,4,S/P,MIXED,14,11200,skid# 149,F,1,SHIPPED,,2026-08-18 12:30:19,,,,
2026-08-18 12:30:19,Mrnng,294252,716670,06105048aa,311,6-229-30-b,Blt/Scrw,O,Tbl,3,S/P,,13,10400,skid# 149,F,,SHIPPED,,2026-08-18 12:30:19,,,,
2026-08-18 12:15:23,Mrnng,275,715826,11549170,535,6-226-17-g,Nut,O,BF,112,S/P,MIXED,36,14400,skid# 245,F,2,SHIPPED,,2026-08-18 12:15:23,,,,
2026-08-19 11:09:23,Mrnng,292,715727,11546368-MY-AK,325,6-229-06-H,Nut,O,BF,117,Crt.&P,MIXED,36,16200,SKID# 152,F,5,SHIPPED,,2026-08-19 11:09:23,,,,
2026-08-17 16:18:11,Aftrn,292,714703,w520413-s450l,1318,6-224-26-b,Nut,O,BF,113,S/P,MIXED,36,68400,skid# 134,F,3,SHIPPED,,2026-08-17 16:18:11,,,,
2026-08-18 12:00:11,Mrnng,280,716074,11546437-my-ak,794,6-222-21-a,Nut,C,BF,114,Crt.&P,,36,54000,skid# 152,F,,SHIPPED,,2026-08-18 12:00:11,,,,
2026-08-18 11:56:27,Mrnng,290,714629,11549170,563,6-226-18-b,Nut,O,BF,107,S/P,,36,14400,skid# 43,F,,SHIPPED,,2026-08-18 11:56:27,,,,
2026-08-18 11:51:08,Mrnng,292,714531,11546366-my-ak,1082,6-229-33-b,Nut,O,MC,26,Crt.&P,"MIXED, STUCK TGT",36,36000,skid# 163,F,"4, 2",SHIPPED,,2026-08-18 11:51:08,,,,
2026-08-19 11:04:56,Mrnng,290,714174,11546368-MY-AK,1084,6-229-08-A,Nut,O,BF,109,Crt.&P,,36,16200,SKID# 82,F,,SHIPPED,,2026-08-19 11:04:56,,,,
2026-08-19 11:03:48,Mrnng,285/391,714256,HL3W-4320-AA,1679,6-226-24-A,Nut,O,Tbl,2,S/P,,48,9600,skid #192,F,,SHIPPED,,2026-08-19 11:03:48,,,,
2026-08-19 10:54:32,Mrnng,11/293,713918,11546367-ca-in,910,6-229-17-a,Nut,O,Tbl,5,Crt.&P,"MIXED, EXCESS PLATING, SILVERS",37,25900,skid# 233,F,"6, 2, 80",SHIPPED,,2026-08-19 10:54:32,,,,
2026-08-19 10:51:04,Mrnng,252/294,714718,11602659,1518,6-230-40-C,Blt/Scrw,O,Tbl,4,S/P,"MIXED, STUCK TGT",32,17600,SKID# 195,F,"1, 354",SHIPPED,,2026-08-19 10:51:04,,,,
2026-08-19 10:44:41,Mrnng,275,715720,11546368-MY-AK,429,6-229-06-E,Nut,O,BF,112,Crt.&P,,27,12150,SKID# 140,F,,SHIPPED,,2026-08-19 10:44:41,,,,
2026-08-19 10:38:41,Mrnng,157/245,714614,06511777AA,784,6-229-43-C,Blt/Scrw,O,Tbl,1,S/P,,48,19680,SKID# 212,F,,SHIPPED,,2026-08-19 10:38:41,,,,
2026-08-20 15:28:13,Aftrn,157/245,715821,11549170,76,6-231-12-d,Nut,O,Tbl,1,S/P,"MIXED, EXCESS PLATING",57,22800,skid# 105,F,"3, 4",SHIPPED,,2026-08-20 15:28:13,,,,
2026-08-19 10:31:51,Mrnng,290,715764,11546449,32,6-225-23-a,Nut,O,BF,106,S/P,,37,92500,SKID# 71,F,,SHIPPED,,2026-08-19 10:31:51,,,,
2026-08-19 10:24:13,Mrnng,252/294,713045,06511777aa,1320,6-229-43-b,Blt/Scrw,O,Tbl,4,S/P,,30,12300,skid# 241,F,,SHIPPED,,2026-08-19 10:24:13,,,,
2026-08-20 11:55:40,Mrnng,11/293,716341,07336-54-d01,602,6-229-32-a,Nut,O,Tbl,5,S/P,MIXED,38,51300,SKID #68,F,3,SHIPPED,,2026-08-20 11:55:40,,,,
2026-08-19 10:18:59,Mrnng,292,714086,w711468-s437,679,6-226-26-c,Nut,O,MC,26,S/P,MIXED,20,32000,skid# 120,F,2,SHIPPED,,2026-08-19 10:18:59,,,,
2026-08-18 09:49:23,Mrnng,157/245,713922,11546367-ca-in,405,6-229-17-e,Nut,O,Tbl,1,Crt.&P,"MIXED, SILVERS",34,23800,skid #46,F,"3, 208",SHIPPED,,2026-08-18 09:49:23,,,,
2026-08-19 16:14:48,Aftrn,275,714697,w520101-s450,933,6-225-32-b,Nut,O,BF,103,S/P,,52,156000,SKID #14,F,,SHIPPED,,2026-08-19 16:14:48,,,,
2026-08-19 10:08:01,Mrnng,157/245,714714,11602659,1585,6-230-40-A,Blt/Scrw,O,Tbl,1,S/P,STUCK TGT,31,17050,SKID# 202,F,235,SHIPPED,,2026-08-19 10:08:01,,,,
2026-08-19 10:02:50,Mrnng,280,715763,11546449,702,6-225-22-b,Nut,O,BF,123,S/P,STUCK TGT,36,90000,skid# 21,F,19,SHIPPED,,2026-08-19 10:02:50,,,,
2026-08-18 09:13:23,Mrnng,252/294,713920,11546367-ca-in,1588,6-229-17-c,Nut,O,Tbl,4,Crt.&P,"MIXED, SILVERS",37,25900,skid# 68,F,"11, 32",SHIPPED,,2026-08-18 09:13:23,,,,
2026-08-19 09:57:38,Mrnng,290,715773,11549168,1315,6-229-11-B,Nut,O,BF,107,S/P,,36,36000,SKID# 68,F,,SHIPPED,,2026-08-19 09:57:38,,,,
2026-08-17 17:49:04,Aftrn,11/293,714712,11547059,83,6-222-36-A,Blt/Scrw,C,Tbl,5,S/P,MIXED,24,13200,SKID# 145,F,14,SHIPPED,,2026-08-17 17:49:04,,,,
2026-08-19 09:53:02,Mrnng,275,715721,11546368-MY-AK,778,6-229-06-F,Nut,O,BF,108,Crt.&P,MIXED,36,16200,SKID# 110,F,5,SHIPPED,,2026-08-19 09:53:02,,,,
2026-08-19 09:48:51,Mrnng,190/268,713044,06511777aa,1386,6-229-43-a,Blt/Scrw,O,Tbl,3,S/P,,39,15990,skid# 172,F,,SHIPPED,,2026-08-19 09:48:51,,,,
2026-08-19 09:42:18,Mrnng,290,716504,6101831,501,6-230-30-b,Nut,O,BF,110,S/P,,40,40000,skid# 109,F,,SHIPPED,,2026-08-19 09:42:18,,,,
2026-08-19 16:09:54,Aftrn,280,716521,11546449,581,6-229-37-b,Nut,O,BF,14,S/P,,35,87500,SKID #220,F,,SHIPPED,,2026-08-19 16:09:54,,,,
2026-08-19 16:05:43,Aftrn,285/391,714277,11546774-my-ak,721,6-230-31-b,Nut,O,Tbl,2,Crt.&P,,28,12600,SKID #48,F,,SHIPPED,,2026-08-19 16:05:43,,,,
2026-08-19 16:00:42,Aftrn,252/294,714393,24576407,263,6-230-34-a,Nut,O,Tbl,4,S/P,,5,8500,SKID #129,F,,SHIPPED,,2026-08-19 16:00:42,,,,
2026-08-19 15:55:50,Aftrn,252/294,714651,11546774-my-ak,706,6-230-31-f,Nut,O,Tbl,4,Crt.&P,,25,11250,SKID #5,F,,SHIPPED,,2026-08-19 15:55:50,,,,
2026-08-14 16:59:28,Aftrn,285/391,714685,11546370-my-ak,60,6-226-05-f,Nut,O,Tbl,2,Crt.&P,MIXED,21,4620,skid# 201,F,4,SHIPPED,,2026-08-14 16:59:28,,,,
2026-08-14 16:55:03,Aftrn,252,716667,82246,KIB,6-226-04-a,Blt/Scrw,O,Tbl,4,S/P,,31,7750,skid# 12,F,,SHIPPED,,2026-08-14 16:55:03,,,,
2026-08-14 16:50:35,Aftrn,157/245,716665,82246,KIB,6-226-03-a,Nut,O,Tbl,1,S/P,,27,6750,skid# 85,F,,SHIPPED,,2026-08-14 16:50:35,,,,
2026-08-14 16:46:49,Aftrn,190/268,714687,11546370-my-ak,337,6-226-05-h,Nut,O,Tbl,3,Crt.&P,MIXED,27,5940,skid# 32,F,1,SHIPPED,,2026-08-14 16:46:49,,,,
2026-08-19 09:15:35,Mrnng,285/391,714257,hl3w-4320-aa,1702,6-226-24-b,Nut,O,Tbl,2,S/P,,24,4800,skid# 12,F,,SHIPPED,,2026-08-19 09:15:35,,,,
2026-08-19 09:15:35,Mrnng,285/391,713049,hl3w-4320-aa,69,6-226-23-a,Nut,O,Tbl,2,S/P,,24,4800,skid# 12,F,,SHIPPED,,2026-08-19 09:15:35,,,,
2026-08-14 16:32:00,Aftrn,285/391,716668,82246,KIB,6-226-04-b,Blt/Scrw,O,Tbl,2,S/P,,29,7250,skid# 216,F,,SHIPPED,,2026-08-14 16:32:00,,,,
2026-08-14 16:20:47,Aftrn,190/268,716666,82246,KIB,6-226-03-b,Blt/Scrw,O,Tbl,3,S/P,,31,7750,skid# 192,F,,SHIPPED,,2026-08-14 16:20:47,,,,
2026-08-14 15:51:18,Aftrn,157/245,714684,11546370-MY-AK,743,6-226-05-E,Nut,O,Tbl,1,Crt.&P,MIXED,33,7260,SKID# 183,F,2,SHIPPED,,2026-08-14 15:51:18,,,,
2026-08-19 15:51:29,Aftrn,285/391,716697,06105102aa,KIB,6-229-29-a,Blt/Scrw,O,Tbl,2,S/P,,23,15410,SKID #231,F,,SHIPPED,,2026-08-19 15:51:29,,,,
2026-08-14 15:40:01,Aftrn,292,716081,06101968-A,1840,6-222-09-B,Nut,O,MC,19,S/P,"MIXED, STUCK TGT",36,79200,SKID# 41,F,"4, 31",SHIPPED,,2026-08-14 15:40:01,,,,
2026-08-14 15:30:50,Aftrn,280,716278,11546449,180,6-225-25-B,Nut,O,BF,123,S/P,,36,90000,SKID# 150,F,,SHIPPED,,2026-08-14 15:30:50,,,,
2026-08-14 15:04:48,Aftrn,11/293,714686,11546370-MY-AK,815,6-226-05-G,Nut,O,Tbl,5,Crt.&P,MIXED,36,7920,SKID# 57,F,2,SHIPPED,,2026-08-14 15:04:48,,,,
2026-08-19 15:45:02,Aftrn,11/293/157/245/280,714528,w520113-s440,1555,6-226-11-c,Nut,O,Tbl,5,Crt.&P,DAMAGED,42,44100,SKID #229,F,240,SHIPPED,,2026-08-19 15:45:02,,,,
2026-08-14 14:44:57,Mrnng,190/268,714688,11546370-my-ak,397,6-226-05-I,Nut,O,Tbl,3,Crt.&P,,36,7920,SKID# 202,F,,SHIPPED,,2026-08-14 14:44:57,,,,
2026-08-18 17:32:11,Aftrn,290,716102,06105048aa,KIB,6-226-01-a,Blt/Scrw,O,BF,105,S/P,,24,19200,skid# 70,F,,SHIPPED,,2026-08-18 17:32:11,,,,
2026-08-18 17:27:36,Aftrn,285/391,711038,11547059,33 ctns,6-168-28-A,Blt/Scrw,O,Tbl,2,S/P,,33,18150,SKID# 41,F,,SHIPPED,,2026-08-18 17:27:36,,,,
2026-08-19 15:45:02,Aftrn,11/293/157/245/280,714529,w520113-s440,760,6-226-11-d,Nut,O,Tbl,1,S/P,,44,46200,SKID #229,F,,SHIPPED,,2026-08-19 15:45:02,,,,
2026-08-19 15:41:09,Aftrn,280,716519,11546449,1807,6-229-36-c,Nut,O,BF,123,S/P,STUCK TGT,36,90000,skid# 217,F,50,SHIPPED,,2026-08-19 15:41:09,,,,
2026-08-14 11:56:52,Mrnng,280,716280,11546449,411,6-225-26-C,Nut,O,BF,123,S/P,,36,90000,SKID# 80,F,,SHIPPED,,2026-08-14 11:56:52,,,,
2026-08-14 09:43:59,Mrnng,11/293,715754,11546449,734,6-225-21-a,Nut,O,Tbl,5,S/P,"MIXED, EXCESS PLATING",25,62500,skid# 241,F,"3, 15",SHIPPED,,2026-08-14 09:43:59,,,,
2026-08-19 15:34:18,Aftrn,285/391,716693,06105102aa,KIB,6-229-28-a,Nut,O,Tbl,2,Crt.&P,,30,20100,skid# 34,F,,SHIPPED,,2026-08-19 15:34:18,,,,
2026-08-19 15:28:06,Aftrn,157/245,716688,06105102aa,1518,6-229-27-b,Blt/Scrw,O,Tbl,1,S/P,,33,22110,skid# 150,F,,SHIPPED,,2026-08-19 15:28:06,,,,
2026-08-19 15:24:36,Aftrn,290,715775,11549168,45,6-229-10-d,Nut,O,BF,107,S/P,,36,36000,skid# 160,F,,SHIPPED,,2026-08-19 15:24:36,,,,
2026-08-19 15:20:11,Aftrn,157/245,716691,06105102aa,KIB,6-229-27-e,Blt/Scrw,O,Tbl,1,S/P,,36,24120,skid# 151,F,,SHIPPED,,2026-08-19 15:20:11,,,,
2026-08-18 16:21:11,Aftrn,285/391,711038,11547059,33 ctns,6-168-28-A,Blt/Scrw,C,Tbl,2,S/P,,24,13200,SKID# 32,F,,SHIPPED,,2026-08-18 16:21:11,,,,
2026-08-18 15:53:21,Aftrn,292,714530,11546366-my-ak,1101,6-229-33-a,Nut,O,MC,19,Crt.&P,"MIXED, STUCK TGT",36,36000,skid# 250,F,"2, 14",SHIPPED,,2026-08-18 15:53:21,,,,
2026-08-19 15:13:32,Aftrn,280,716521,11546449,581,6-229-37-b,Nut,C,BF,114,S/P,,17,42500,skid# 23,F,,SHIPPED,,2026-08-19 15:13:32,,,,
2026-08-25 16:15:28,Aftrn,290,716887,6101831,1659,6-233-25-B,Nut,O,BF,110,S/P,,36,36000,SKID# 228,F,,SHIPPED,,2026-08-25 16:15:28,,,,
2026-08-19 15:08:25,Aftrn,190/268,716687,06105102AA,kib,6-229-27-A,Blt/Scrw,O,Tbl,3,S/P,,36,24120,SKID# 218,F,,SHIPPED,,2026-08-19 15:08:25,,,,
2026-08-20 15:23:47,Aftrn,290,716522,11546449,497,6-229-37-c,Nut,O,BF,106,S/P,STUCK TGT,37,92500,SKID #219,F,30,SHIPPED,,2026-08-20 15:23:47,,,,
2026-08-18 14:11:21,Mrnng,290,715776,11549170,765,6-226-18-G,Nut,O,BF,110,S/P,,36,14400,skid# 160,F,,SHIPPED,,2026-08-18 14:11:21,,,,
2026-08-18 14:05:39,Mrnng,285/391,716091,06513404aa,1815,6-219-01-d,Nut,O,Tbl,2,S/P,,36,4320,skid #48,F,,SHIPPED,,2026-08-18 14:05:39,,,,
2026-08-19 14:59:25,Aftrn,290,715726,11546368-my-ak,393,6-229-06-g,Nut,O,BF,109,Crt.&P,,36,16200,skid# 195,F,,SHIPPED,,2026-08-19 14:59:25,,,,
2026-08-19 14:53:59,Mrnng,275,715716,11546368-my-ak,634,6-229-06-a,Nut,O,BF,112,Crt.&P,,36,16200,skid# 68,F,,SHIPPED,,2026-08-19 14:53:59,,,,
2026-08-19 14:49:23,Mrnng,11/293,714528,w520113-s440,1555,6-226-11-c,Nut,C,Tbl,5,S/P,DAMAGED,36,37800,skid# 254,F,219,SHIPPED,,2026-08-19 14:49:23,,,,
2026-08-19 14:41:44,Mrnng,252/294,714274,11546774-my-ak,753,6-230-32-a,Nut,O,Tbl,4,Crt.&P,,27,12150,skid# 53,F,,SHIPPED,,2026-08-19 14:41:44,,,,
2026-08-18 13:33:17,Mrnng,275,715823,11549170,1052,6-226-17-d,Nut,O,BF,108,S/P,,36,14400,skid# 37,F,,SHIPPED,,2026-08-18 13:33:17,,,,
2026-08-18 13:24:35,Mrnng,275,716282,11546449,363,6-225-27-b,Nut,O,BF,104,S/P,STUCK TGT,36,90000,skid# 117,F,50,SHIPPED,,2026-08-18 13:24:35,,,,
2026-08-18 13:19:07,Mrnng,157/245,717228,61525,KIB,6-229-44-a,Nut,O,Tbl,1,S/P,,35,105000,pack# 5,F,,SHIPPED,,2026-08-18 13:19:07,,,,
2026-08-19 14:37:30,Mrnng,190/268,716698,06105102aa,KIB,6-229-29-b,Blt/Scrw,O,Tbl,3,S/P,,36,24120,skid #46,F,,SHIPPED,,2026-08-19 14:37:30,,,,
2026-08-18 12:07:55,Mrnng,290,714641,11549170,508,6-226-18-f,Nut,O,BF,107,S/P,,36,14400,skid# 254,F,,SHIPPED,,2026-08-18 12:07:55,,,,
2026-08-19 14:33:03,Mrnng,280,716526,11546449,95,6-229-39-b,Nut,O,BF,123,S/P,STUCK TGT,36,90000,skid# 91,F,20,SHIPPED,,2026-08-19 14:33:03,,,,
2026-08-18 11:41:00,Mrnng,290,715819,11549170,596,6-226-17-B,Nut,O,BF,110,S/P,,36,14400,SKID# 227,F,,SHIPPED,,2026-08-18 11:41:00,,,,
2026-08-18 11:37:08,Mrnng,290,715764,11546449,32,6-225-23-a,Nut,C,BF,106,S/P,,19,47500,skid# 228,F,,SHIPPED,,2026-08-18 11:37:08,,,,
2026-08-18 11:37:08,Mrnng,290,716276,11546449,1632,6-225-26-a,Nut,O,BF,106,S/P,STUCK TGT,17,42500,skid# 228,F,10,SHIPPED,,2026-08-18 11:37:08,,,,
2026-08-18 11:33:01,Mrnng,285/391,716095,06513404aa,1850,6-219-01-h,Nut,O,Tbl,2,S/P,,36,4320,pack# 1,F,,SHIPPED,,2026-08-18 11:33:01,,,,
2026-08-19 14:28:49,Mrnng,252/294,713213,11562515,1610,6-230-35-d,Blt/Scrw,O,Tbl,4,S/P,MIXED,23,43700,skid# 205,F,2,SHIPPED,,2026-08-19 14:28:49,,,,
2026-08-18 10:55:59,Mrnng,190/268/11/293/272,714476,11547369,467,6-229-42-D,Nut,O,Tbl,3,S/P,MIXED,50,12500,SKID# 34,F,3,SHIPPED,,2026-08-18 10:55:59,,,,
2026-08-18 10:55:59,Mrnng,190/268/11/293/272,714474,11547369,1431,6-229-42-b,Nut,O,Tbl,5,S/P,MIXED,45,11250,SKID# 34,F,5,SHIPPED,,2026-08-18 10:55:59,,,,
2026-08-18 10:52:56,Mrnng,190/268,714476,11547369,467,6-229-42-D,Nut,C,Tbl,3,S/P,MIXED,36,9000,SKID# 167,F,3,SHIPPED,,2026-08-18 10:52:56,,,,
2026-08-20 15:15:41,Aftrn,285/391,713853,11546703,960,6-229-02-a,Nut,O,Tbl,2,S/P,UNCOLURED,35,140000,skid# 254,F,5,SHIPPED,,2026-08-20 15:15:41,,,,
2026-08-18 09:54:04,Mrnng,290,716102,06105048aa,KIB,6-226-01-a,Blt/Scrw,C,BF,105,S/P,,11,8800,skid# 143,F,,SHIPPED,,2026-08-18 09:54:04,,,,
2026-08-20 15:13:38,Aftrn,290,715774,11549168,749,6-229-10-c,Nut,O,BF,107,S/P,,43,43000,skid# 182,F,,SHIPPED,,2026-08-20 15:13:38,,,,
2026-08-18 09:34:24,Mrnng,11/272/293,714474,11547369,1431,6-229-42-b,Nut,C,Tbl,5,S/P,,36,9000,skid# 115,F,,SHIPPED,,2026-08-18 09:34:24,,,,
2026-08-14 13:18:57,Mrnng,292,714520,11549169-my-ak,1365,6-225-29-a,Nut,O,BF,116,Crt.&P,MIXED,36,23760,skid# 94,F,3,SHIPPED,,2026-08-14 13:18:57,,,,
2026-08-19 14:12:28,Mrnng,275,716275,11546449,1652,6-225-25-a,Nut,O,BF,104,S/P,STUCK TGT,36,90000,skid# 11,F,200,SHIPPED,,2026-08-19 14:12:28,,,,
2026-08-14 09:40:32,Mrnng,290,714521,11549169-my-ak,1800,6-225-29-b,Nut,O,BF,110,Crt.&P,,36,23760,skid# 82,F,,SHIPPED,,2026-08-14 09:40:32,,,,
2026-08-19 14:03:23,Mrnng,252/294,714649,11546774-my-ak,331,6-230-31-d,Nut,O,Tbl,4,Crt.&P,MIXED,17,7650,skid# 208,F,2,SHIPPED,,2026-08-19 14:03:23,,,,
2026-08-13 17:11:22,Aftrn,292,715955,11549169-my-ak,925,6-225-28-d,Nut,O,BF,116,Crt.&P,MIXED,22,14520,skid# 83,F,6,SHIPPED,,2026-08-13 17:11:22,,,,
2026-08-20 15:11:06,Aftrn,157/245,715821,11549170,76,6-231-12-d,Nut,C,Tbl,1,S/P,"MIXED, EXCESS PLATING",36,14400,skid# 251,F,"1, 3",SHIPPED,,2026-08-20 15:11:06,,,,
2026-08-17 17:36:06,Aftrn,252/294,713921,11546367-ca-in,521,6-229-17-d,Nut,O,Tbl,4,Crt.&P,"MIXED, SILVERS",32,22400,skid# 151,F,"20, 37",SHIPPED,,2026-08-17 17:36:06,,,,
2026-08-19 13:52:39,Mrnng,290,716503,6101831,34,6-230-30-a,Nut,O,BF,110,S/P,,21,21000,skid# 43,F,,SHIPPED,,2026-08-19 13:52:39,,,,
2026-08-19 13:49:22,Mrnng,275,714179,11546368-my-ak,1434,6-229-08-d,Nut,O,BF,108,Crt.&P,,36,16200,skid# 244,F,,SHIPPED,,2026-08-19 13:49:22,,,,
2026-08-19 13:40:11,Mrnng,285/391/190/268,713212,11562515,1008,6-230-35-c,Blt/Scrw,O,Tbl,2,S/P,MIXED,13,24700,skid# 131,F,2,SHIPPED,,2026-08-19 13:40:11,,,,
2026-08-19 13:40:11,Mrnng,285/391/190/268,713210,11562515,608,6-230-35-a,Blt/Scrw,O,Tbl,3,S/P,MIXED,20,38000,skid# 131,F,1,SHIPPED,,2026-08-19 13:40:11,,,,
2026-08-19 13:34:57,Mrnng,290,715772,11549168,1030,6-229-11-a,Nut,O,BF,107,S/P,,36,36000,skid# 245,F,,SHIPPED,,2026-08-19 13:34:57,,,,
2026-08-20 15:06:14,Aftrn,252/294,716023,55364498aa,1648,6-229-57-b,Blt/Scrw,O,Tbl,4,S/P,MIXED,40,20800,skid# 160,F,2,SHIPPED,,2026-08-20 15:06:14,,,,
2026-08-19 13:23:16,Mrnng,157/245,714526,W520113-S440,617,6-226-11-A,Nut,O,Tbl,1,S/P,,36,37800,SKID# 191,F,,SHIPPED,,2026-08-19 13:23:16,,,,
2026-08-19 13:15:11,Mrnng,290,714098,11546368-my-ak,549,6-229-07-a,Nut,O,BF,109,Crt.&P,,36,16200,skid# 149,F,,SHIPPED,,2026-08-19 13:15:11,,,,
2026-08-19 13:08:26,Mrnng,292,715768,11549168,1767,6-229-09-a,Nut,C,MC,110,S/P,"MIXED, STUCK TGT",36,36000,skid# 225,F,"7, 1",SHIPPED,,2026-08-19 13:08:26,,,,
2026-08-19 13:02:23,Mrnng,275,716272,11546449,545,6-225-24-a,Nut,O,BF,102,S/P,STUCK TGT,36,90000,skid# 94,F,20,SHIPPED,,2026-08-19 13:02:23,,,,
2026-08-19 12:55:40,Mrnng,292,714425,w716298-s450,487,6-223-21-a,Nut,O,BF,113,S/P,"MIXED, STUCK TGT",36,126000,skid# 154,F,"1, 1",SHIPPED,,2026-08-19 12:55:40,,,,
2026-08-19 12:52:47,Mrnng,285/391,713211,11562515,1505,6-230-35-B,Blt/Scrw,O,Tbl,2,S/P,,36,68400,SKID# 179,F,,SHIPPED,,2026-08-19 12:52:47,,,,
2026-08-20 15:00:33,Aftrn,252/294,716021,06105051aa,1002,6-229-59-b,Blt/Scrw,O,Tbl,4,S/P,,32,19840,skid #48,F,,SHIPPED,,2026-08-20 15:00:33,,,,
2026-08-20 14:56:49,Mrnng,290,716768,11516782,633,6-230-29-B,Nut,O,BF,110,S/P,,36,18000,SKID# 89,F,,SHIPPED,,2026-08-20 14:56:49,,,,
2026-08-21 08:45:01,Mrnng,11/293,716807,nu1237,1446,6-232-36-a,Nut,O,Tbl,5,S/P,,1,20000,skid# 111,F,,SHIPPED,,2026-08-21 08:45:01,,,,
2026-08-25 16:10:18,Aftrn,290,717753,w705606-s440,KIB,6-233-38-b,Nut,O,BF,107,S/P,,36,20880,skid# 131,F,,SHIPPED,,2026-08-25 16:10:18,,,,
2026-08-20 14:47:49,Mrnng,275,714692,w520101-s450,792,6-226-16-a,Nut,O,BF,103,S/P,MIXED,36,108000,skid# 154,F,10,SHIPPED,,2026-08-20 14:47:49,,,,
2026-08-21 15:31:42,Aftrn,11/293,716664,06514720aa,195,6-232-28-d,Blt/Scrw,O,Tbl,5,S/P,MIXED,21,26250,SKID #205,F,2,SHIPPED,,2026-08-21 15:31:42,,,,
2026-08-20 14:41:51,Mrnng,290,714175,11546368-my-ak,446,6-229-08-b,Nut,O,BF,109,Cert.&P,,38,17100,skid# 115,F,,SHIPPED,,2026-08-20 14:41:51,,,,
2026-08-21 15:27:32,Aftrn,290,716418,11549170,1373,6-231-11-e,Nut,O,BF,109,S/P,,36,14400,SKID #23,F,,SHIPPED,,2026-08-21 15:27:32,,,,
2026-08-20 14:35:40,Mrnng,292,716454,11610091,1623,6-229-51-b,Nut,O,MC,26,S/P,MIXED,30,75000,skid# 222,F,1,SHIPPED,,2026-08-20 14:35:40,,,,
2026-08-20 14:31:26,Mrnng,190/268,716002,11546571,87,6-223-14-c,Blt/Scrw,O,Tbl,3,S/P,,36,55800,skid# 68,F,,SHIPPED,,2026-08-20 14:31:26,,,,
2026-08-18 14:01:02,Mrnng,280,715729,11546367-my-ak,212,6-226-08-b,Nut,O,BF,121,Crt.&P,,36,25200,skid# 78,F,,SHIPPED,,2026-08-18 14:01:02,,,,
2026-08-20 14:26:04,Mrnng,190/268,716417,11549170,1598,6-231-11-D,Nut,O,Tbl,3,S/P,MIXED,28,11200,SKID# 195,F,5,SHIPPED,,2026-08-20 14:26:04,,,,
2026-08-17 14:24:53,Mrnng,275,714305,11549168,512,6-222-48-B,Nut,O,BF,112,S/P,MIXED,44,44000,SKID# 40,F,50,SHIPPED,,2026-08-17 14:24:53,,,,
2026-08-17 13:41:04,Mrnng,280,715731,11546367-MY-AK,322,6-226-07-D,Nut,O,BF,121,Crt.&P,,36,25200,SKID# 25,F,,SHIPPED,,2026-08-17 13:41:04,,,,
2026-08-20 14:22:12,Mrnng,11/293,715797,11610128,670,6-224-05-b,Blt/Scrw,O,Tbl,5,S/P,MIXED,29,32625,skid# 151,F,5,SHIPPED,,2026-08-20 14:22:12,,,,
2026-08-20 14:17:40,Mrnng,275,716528,11546449,1708,6-229-40-B,Nut,O,BF,104,S/P,,36,90000,SKID# 229,F,,SHIPPED,,2026-08-20 14:17:40,,,,
2026-08-17 11:28:17,Mrnng,275,714305,11549168,512,6-222-48-b,Nut,C,BF,112,S/P,,36,36000,skid# 22,F,,SHIPPED,,2026-08-17 11:28:17,,,,
2026-08-20 14:11:27,Mrnng,275,714178,11546368-my-ak,1789,6-229-08-c,Nut,O,BF,112,Crt.&P,MIXED,29,13050,skid# 162,F,2,SHIPPED,,2026-08-20 14:11:27,,,,
2026-08-20 10:11:57,Mrnng,275,716681,11547176,KIB,6-226-02-a,Blt/Scrw,O,MC,4,S/P,MIXED,16,13600,SKID #198,F,10,SHIPPED,,2026-08-20 10:11:57,,,,
2026-08-20 10:07:29,Mrnng,290,716508,6101831,936,6-230-30-f,Nut,O,BF,110,S/P,,30,30000,SKID #212,F,,SHIPPED,,2026-08-20 10:07:29,,,,
2026-08-18 10:33:56,Mrnng,280,714529,w520113-s440,760,6-226-11-d,Nut,C,BF,124,S/P,,36,37800,skid# 237,F,,SHIPPED,,2026-08-18 10:33:56,,,,
2026-08-20 14:05:50,Mrnng,157/245,715820,11549170,937,6-231-12-C,Nut,O,Tbl,1,S/P,"MIXED, EXCESS PLATING",36,14400,SKID# 238,F,"2, 2",SHIPPED,,2026-08-20 14:05:50,,,,
2026-08-20 10:02:54,Mrnng,290,714103,11546368-my-ak,1533,6-229-07-e,Nut,O,BF,109,Cert.&P,,12,5400,skid# 251,F,,SHIPPED,,2026-08-20 10:02:54,,,,
2026-08-20 14:00:54,Mrnng,275,714538,11546365-my-ak,1714,6-229-20-a,Nut,O,MC,112,Crt.&P,STUCK TGT,44,83600,skid# 205,F,20,SHIPPED,,2026-08-20 14:00:54,,,,
2026-08-20 13:56:42,Mrnng,290,716507,6101831,255,6-230-30-e,Nut,O,BF,110,S/P,,17,17000,skid# 231,F,,SHIPPED,,2026-08-20 13:56:42,,,,
2026-08-20 09:46:22,Mrnng,292,714648,11546774-my-ak,1078,6-230-31-c,Nut,O,BF,117,Cert.&P,MIXED,15,6750,skid# 82,F,2,SHIPPED,,2026-08-20 09:46:22,,,,
2026-08-20 13:49:19,Mrnng,280,716525,11546449,1449,6-229-39-a,Nut,O,BF,114,S/P,,36,90000,skid# 217,F,,SHIPPED,,2026-08-20 13:49:19,,,,
2026-08-20 09:37:04,Mrnng,190/268,714719,11602659,529,6-230-40-d,Blt/Scrw,O,Tbl,3,S/P,"MIXED, STUCK TGT",32,17600,skid# 202,F,"5, 390",SHIPPED,,2026-08-20 09:37:04,,,,
2026-08-20 09:30:50,Mrnng,11/293,716007,6503825,1501,6-229-54-d,Nut,O,Tbl,5,S/P,"MIXED, STUCK TGT",20,30000,skid# 227,F,"1, 393",SHIPPED,,2026-08-20 09:30:50,,,,
2026-08-20 09:30:50,Mrnng,11/293,716006,6503825,495,6-229-54-c,Nut,O,Tbl,5,S/P,STUCK TGT,18,27000,skid# 227,F,400,SHIPPED,,2026-08-20 09:30:50,,,,
2026-08-20 13:42:53,Mrnng,290,715774,11549168,749,6-229-10-c,Nut,O,BF,107,S/P,,36,36000,skid# 78,F,,SHIPPED,,2026-08-20 13:42:53,,,,
2026-08-20 09:18:08,Mrnng,252/294,713508,11548535,1798,6-230-01-a,Nut,O,Tbl,4,S/P,,37,5550,skid# 140,F,,SHIPPED,,2026-08-20 09:18:08,,,,
2026-08-21 08:18:33,Mrnng,157/245,716851,w20-1028-020sl-ht,1664,6-232-11-d,Nut,O,Tbl,1,S/P,MIXED,27,5805,skid# 240,F,2,SHIPPED,,2026-08-21 08:18:33,,,,
2026-08-20 13:36:00,Mrnng,292,714275,11546774-my-ak,1513,6-230-32-b,Nut,O,BF,117,Cert.&P,MIXED,31,13950,SKID# 141,F,2,SHIPPED,,2026-08-20 13:36:00,,,,
2026-08-20 13:30:13,Mrnng,280,716520,11546449,28,6-229-37-A,Nut,O,BF,123,S/P,STUCK TGT,36,90000,SKID# 51,F,82,SHIPPED,,2026-08-20 13:30:13,,,,
2026-08-20 09:02:38,Mrnng,11/293,660088,55718-s2,1713,6-230-39-b,Nut,O,Tbl,5,Crt.&P,MIXED,43,38700,skid# 135,F,1,SHIPPED,,2026-08-20 09:02:38,,,,
2026-08-20 13:24:10,Mrnng,285/391,716225,11549170,367,6-231-10-G,Nut,O,Tbl,2,S/P,"MIXED, EXCESS PLATING",21,8400,SKID# 91,F,"25, 32",SHIPPED,,2026-08-20 13:24:10,,,,
2026-08-20 13:20:42,Mrnng,290,716677,06105049aa,KIB,6-229-26-a,Blt/Scrw,O,BF,105,S/P,,32,25600,skid# 93,F,,SHIPPED,,2026-08-20 13:20:42,,,,
2026-08-20 13:12:49,Mrnng,157/245,716209,11549170,1719,6-231-09-b,Nut,O,Tbl,1,S/P,,36,14400,skid# 218,F,,SHIPPED,,2026-08-20 13:12:49,,,,
2026-08-21 11:54:48,Mrnng,11293,716661,06514720aa,135,6-232-27-c,Blt/Scrw,O,Tbl,5,S/P,,36,45000,skid# 51,F,,SHIPPED,,2026-08-21 11:54:48,,,,
2026-08-21 11:41:01,Mrnng,285/391,717280,nu1405-00,820,6-232-38-b,Nut,O,Tbl,2,S/P,,1,77696,skid# 218,F,,SHIPPED,,2026-08-21 11:41:01,,,,
2026-08-20 12:56:37,Mrnng,190/268,716416,11549170,442,6-231-11-c,Nut,O,Tbl,3,S/P,MIXED,36,14400,skid# 11,F,4,SHIPPED,,2026-08-20 12:56:37,,,,
2026-08-19 17:36:52,Aftrn,157/245,716291,06104388aa,92,6-230-20-b,Blt/Scrw,O,Tbl,1,S/P,MIXED,27,17820,skid# 176,F,6,SHIPPED,,2026-08-19 17:36:52,,,,
2026-08-20 12:50:59,Mrnng,275,714181,11546368-my-ak,1313,6-229-08-f,Nut,O,BF,108,Crt.&P,,36,16200,skid# 129,F,,SHIPPED,,2026-08-20 12:50:59,,,,
2026-08-19 17:27:03,Aftrn,11/293,716694,06105102aa,KIB,6-229-28-b,Blt/Scrw,O,Tbl,5,S/P,,28,18760,skid# 40,F,,SHIPPED,,2026-08-19 17:27:03,,,,
2026-08-19 17:22:39,Aftrn,275,715718,11546368-my-ak,977,6-229-06-c,Nut,O,BF,108,Crt.&P,,36,16200,skid# 182,F,,SHIPPED,,2026-08-19 17:22:39,,,,
2026-08-20 12:44:14,Mrnng,290,714175,11546368-MY-AK,446,6-229-08-B,Nut,C,BF,105,Crt.&P,,26,11700,SKID# 167,F,,SHIPPED,,2026-08-20 12:44:14,,,,
2026-08-19 17:07:14,Aftrn,280,714087,W711468-S437,631,6-226-26-D,Nut,O,BF,120,S/P,,37,59200,SKID# 192,F,,SHIPPED,,2026-08-19 17:07:14,,,,
2026-08-19 17:00:45,Aftrn,190/268/157/245,716696,06105102aa,KIB,6-229-29-h,Blt/Scrw,O,Tbl,3,S/P,,16,10720,skid# 117,F,,SHIPPED,,2026-08-19 17:00:45,,,,
2026-08-19 17:00:45,Aftrn,190/268/157/245,716695,06105102aa,KIB,6-229-27-g,Blt/Scrw,O,Tbl,1,S/P,MIXED,22,14740,skid# 117,F,3,SHIPPED,,2026-08-19 17:00:45,,,,
2026-08-20 12:44:14,Mrnng,290,714099,11546368-my-ak,1334,6-229-07-b,Nut,O,BF,109,Cert.&P,,34,15300,SKID# 167,F,,SHIPPED,,2026-08-20 12:44:14,,,,
2026-08-20 12:17:56,Mrnng,294252,716419,11549170,711,6-231-11-F,Nut,O,Tbl,4,S/P,mixed,40,16000,SKID# 53,F,4,SHIPPED,,2026-08-20 12:17:56,,,,
2026-08-19 16:50:25,Aftrn,290,715762,11546449,268,6-225-22-a,Nut,O,BF,106,S/P,STUCK TGT,34,85000,SKID #45,F,12,SHIPPED,,2026-08-19 16:50:25,,,,
2026-08-19 16:46:16,Aftrn,4,709057,11612078,386,6-208-45-c,Nut,O,MC,74,S/P,"STUCK TGT, DAMAGED",34,62900,skid# 163,F,"600, 6",SHIPPED,,2026-08-19 16:46:16,,,,
2026-08-25 16:06:42,Aftrn,252,715989,W520217-S440,1550,6-236-16-F,Nut,O,Tbl,4,S/P,,36,4860,SKID# 199,F,,SHIPPED,,2026-08-25 16:06:42,,,,
2026-08-19 16:34:55,Aftrn,290,715723,11546367-my-ak,564,6-226-06-b,Nut,O,MC,78,Crt.&P,,36,25200,skid# 81,F,,SHIPPED,,2026-08-19 16:34:55,,,,
2026-08-20 17:08:17,Aftrn,285/391,716850,w20-1028-020sl-ht,1411,6-232-11-C,Nut,O,Tbl,2,S/P,MIXED,25,5375,SKID# 200,F,1,SHIPPED,,2026-08-20 17:08:17,,,,
2026-08-19 16:26:56,Aftrn,275,716682,11547176,kib,6-226-02-B,Blt/Scrw,O,MC,4,S/P,MIXED,36,30600,SKID# 104,F,10,SHIPPED,,2026-08-19 16:26:56,,,,
2026-08-19 16:23:27,Aftrn,290,716505,6101831,124,6-230-30-c,Nut,O,BF,110,S/P,,36,36000,skid# 228,F,,SHIPPED,,2026-08-19 16:23:27,,,,
2026-08-19 16:18:55,Aftrn,190/268,716692,06105102AA,kib,6-229-27-F,Blt/Scrw,O,Tbl,3,S/P,,36,24120,PACK# 1,F,,SHIPPED,,2026-08-19 16:18:55,,,,
2026-08-19 15:13:32,Aftrn,280,716523,11546449,1639,6-229-38-a,Nut,O,BF,114,S/P,STUCK TGT,19,47500,skid# 23,F,50,SHIPPED,,2026-08-19 15:13:32,,,,
2026-08-20 11:46:00,Aftrn,292,716450,11610091,1060,6-229-49-B,Nut,O,BF,116,S/P,,36,90000,SKID# 113,F,,SHIPPED,,2026-08-20 11:46:00,,,,
2026-08-19 14:24:13,Mrnng,190268,716288,06104388aa,958,6-230-19-a,Blt/Scrw,O,Tbl,3,S/P,,22,14520,skid# 200,F,,SHIPPED,,2026-08-19 14:24:13,,,,
2026-08-19 14:16:57,Mrnng,252/294,716290,06104388aa,1390,6-230-20-a,Blt/Scrw,O,Tbl,4,S/P,,34,22440,skid# 185,F,,SHIPPED,,2026-08-19 14:16:57,,,,
2026-08-19 13:59:03,Mrnng,157/245,716289,06104388AA,917,6-230-19-B,Blt/Scrw,O,Tbl,1,S/P,MIXED,36,23760,SKID# 111,F,13,SHIPPED,,2026-08-19 13:59:03,,,,
2026-08-25 16:02:13,Aftrn,4,717755,W705606-S440,kib,6-233-38-D,Nut,O,BF,117,S/P,,36,20880,SKID# 32,F,,SHIPPED,,2026-08-25 16:02:13,,,,
2026-08-19 11:57:31,Mrnng,11293,660088,55718-S2,1713,6-230-39-B,Nut,C,Tbl,5,S/P,mixed,36,32400,SKID# 93,F,1,SHIPPED,,2026-08-19 11:57:31,,,,
2026-08-21 10:51:12,Mrnng,190268,717556,11588293,KIB,6-232-23-b,Nut,O,Tbl,3,S/P,,26,29900,skid# 89,F,,SHIPPED,,2026-08-21 10:51:12,,,,
2026-08-19 10:31:51,Mrnng,290,715762,11546449,268,6-225-22-A,Nut,C,BF,106,S/P,,18,45000,SKID# 71,F,,SHIPPED,,2026-08-19 10:31:51,,,,
2026-08-21 10:47:56,Mrnng,275,716219,11549170,41,6-231-10-a,Nut,O,BF,108,S/P,,36,14400,skid# 114,F,,SHIPPED,,2026-08-21 10:47:56,,,,
2026-08-19 10:13:50,Mrnng,275,714540,11546365-MY-AK,125,6-229-21-A,Nut,O,MC,112,Crt.&P,STUCK TGT,36,68400,SKID# 188,F,10,SHIPPED,,2026-08-19 10:13:50,,,,
2026-08-20 11:20:53,Mrnng,190/268,715778,11549170,824,6-231-12-e,Nut,O,Tbl,3,S/P,MIXED,38,15200,skid# 245,F,7,SHIPPED,,2026-08-20 11:20:53,,,,
2026-08-20 11:17:44,Mrnng,252/294,716752,06513399aa,1763,6-231-04-f,Nut,O,Tbl,4,S/P,,35,8050,skid# 248,F,,SHIPPED,,2026-08-20 11:17:44,,,,
2026-08-19 12:47:00,Mrnng,280,715722,11546367-MY-AK,350,6-226-06-A,Nut,O,BF,121,Crt.&P,,36,25200,SKID# 162,F,,SHIPPED,,2026-08-19 12:47:00,,,,
2026-08-19 12:42:10,Mrnng,275,714697,w520101-s450,933,6-225-32-b,Nut,C,BF,103,S/P,,36,108000,skid# 115,F,,SHIPPED,,2026-08-19 12:42:10,,,,
2026-08-19 12:25:12,Mrnng,190268,660087,55718-s2,1098,6-230-39-a,Nut,O,Tbl,3,S/P,,37,33300,skid# 222,F,,SHIPPED,,2026-08-19 12:25:12,,,,
2026-08-19 09:27:04,Mrnng,11/293,716772,06513514aa,127,6-230-21-B,Blt/Scrw,O,Tbl,5,S/P,MIXED,28,10080,SKID# 85,F,9,SHIPPED,,2026-08-19 09:27:04,,,,
2026-08-20 11:13:10,Mrnng,190/268,716309,06513399aa,1072,6-231-04-c,Nut,O,Tbl,3,S/P,,36,8280,skid# 143,F,,SHIPPED,,2026-08-20 11:13:10,,,,
2026-08-19 09:10:28,Mrnng,157/245,716771,06513514aa,1794,6-230-21-a,Blt/Scrw,O,Tbl,1,S/P,MIXED,27,9720,skid# 201,F,7,SHIPPED,,2026-08-19 09:10:28,,,,
2026-08-21 10:40:13,Mrnng,4,708874,11612078,767,6-217-32-b,Nut,O,MC,74,S/P,STUCK TGT,36,66600,skid# 118,F,500,SHIPPED,,2026-08-21 10:40:13,,,,
2026-08-20 11:02:06,Mrnng,285/391,716310,06513399aa,172,6-231-04-d,Nut,O,Tbl,2,S/P,,35,8050,skid# 120,F,,SHIPPED,,2026-08-20 11:02:06,,,,
2026-08-21 10:37:28,Mrnng,294252,716816,NA1055-02,233,6-232-35-B,Nut,O,Tbl,4,S/P,,40,18000,SKID# 154,F,,SHIPPED,,2026-08-21 10:37:28,,,,
2026-08-25 15:56:06,Aftrn,280,715966,11546365-my-ak,808,6-233-19-a,Nut,O,BF,124,Crt.&P,,40,76000,skid# 36,F,,SHIPPED,,2026-08-25 15:56:06,,,,
2026-08-20 16:33:42,Aftrn,190/268,716852,w20-1028-020sl-ht,638,6-232-11-e,Nut,O,Tbl,3,Crt.&P,MIXED,36,7740,skid# 82,F,2,SHIPPED,,2026-08-20 16:33:42,,,,
2026-08-20 16:29:12,Aftrn,157/245,716849,W20-1028-020SL-HT,193,6-232-11-B,Nut,O,Tbl,1,S/P,,35,7525,SKID# 185,F,,SHIPPED,,2026-08-20 16:29:12,,,,
2026-08-21 10:12:40,Mrnng,292,714276,11546774-my-ak,943,6-230-31-a,Nut,O,BF,117,S/P,,29,13050,skid# 229,F,,SHIPPED,,2026-08-21 10:12:40,,,,
2026-08-25 17:50:49,Aftrn,157/190/268,717183,11602031-IN-PN,829,6-236-18-C,Nut,O,Tbl,1,Crt.&P,LOOSE,6,870,SKID# 257,F,20,SHIPPED,,2026-08-25 17:50:49,,,,
2026-08-21 09:40:00,Mrnng,275,716222,11549170,965,6-231-10-d,Nut,O,BF,112,S/P,,36,14400,skid# 242,F,,SHIPPED,,2026-08-21 09:40:00,,,,
2026-08-21 09:08:06,Mrnng,290,716215,11549170,681,6-231-09-g,Nut,O,BF,109,S/P,,36,14400,skid# 168,F,,SHIPPED,,2026-08-21 09:08:06,,,,
2026-08-18 14:20:45,Mrnng,190/268,716689,06105102aa,KIB,6-229-27-c,Blt/Scrw,O,Tbl,3,S/P,,33,22110,skid# 239,F,,SHIPPED,,2026-08-18 14:20:45,,,,
2026-08-21 09:03:52,Mrnng,391285,713859,11546703,55,6-229-04-b,Blt/Scrw,O,Tbl,2,S/P,,34,136000,skid# 56,F,,SHIPPED,,2026-08-21 09:03:52,,,,
2026-08-18 13:51:57,Mrnng,252/294,716690,06105102aa,KIB,6-229-27-d,Blt/Scrw,O,Tbl,4,S/P,,24,16080,skid# 174,F,,SHIPPED,,2026-08-18 13:51:57,,,,
2026-08-20 10:15:40,Mrnng,285/391,716010,06512834aa,1504,6-229-60-a,Nut,O,Tbl,2,S/P,MIXED,32,9280,skid# 21,F,2,SHIPPED,,2026-08-20 10:15:40,,,,
2026-08-20 10:02:54,Mrnng,290,714099,11546368-my-ak,1334,6-229-07-b,Nut,C,BF,109,Crt.&P,,24,10800,skid# 251,F,,SHIPPED,,2026-08-20 10:02:54,,,,
2026-08-21 08:55:58,Mrnng,280,714085,w711468-s437,620,6-226-26-b,Nut,O,BF,120,S/P,,30,48000,skid# 253,F,,SHIPPED,,2026-08-21 08:55:58,,,,
2026-08-20 09:46:22,Mrnng,292,714275,11546774-my-ak,1513,6-230-32-b,Nut,C,BF,117,Crt.&P,,21,9450,skid# 82,F,,SHIPPED,,2026-08-20 09:46:22,,,,
2026-08-21 08:46:17,Mrnng,190/268,714420,11546703,1324,6-229-03-a,Blt/Scrw,O,Tbl,3,S/P,,34,136000,skid# 155,F,,SHIPPED,,2026-08-21 08:46:17,,,,
2026-08-25 17:50:49,Aftrn,157/190/268,717184,11602031-in-pn,1799,6-236-18-d,Nut,O,Tbl,3,S/P,"MIXED, LOOSE",19,2755,SKID# 257,F,"1, 70",SHIPPED,,2026-08-25 17:50:49,,,,
2026-08-20 14:54:03,Mrnng,11/293,716252,NU3014-02,604,6-224-03-A,Nut,O,Tbl,5,S/P,,1,10737,SKID# 198,F,,SHIPPED,,2026-08-20 14:54:03,,,,
2026-08-25 15:37:30,Aftrn,157,714576,F1302AB-HT,847,6-232-29-c,Blt/Scrw,O,Tbl,1,S/P,RUSTY,17,11900,SKID# 171,F,34,SHIPPED,,2026-08-25 15:37:30,,,,
2026-08-21 08:28:10,Mrnng,292,716451,11610091,301,6-229-50-a,Nut,O,BF,116,S/P,MIXED,22,55000,skid# 176,F,1,SHIPPED,,2026-08-21 08:28:10,,,,
2026-08-20 17:24:05,Aftrn,292,716333,11546364-my-ak,1301,6-230-27-a,Nut,O,BF,113,Crt.&P,"MIXED, STUCK TGT",43,150500,skid# 117,F,"5, 22",SHIPPED,,2026-08-20 17:24:05,,,,
2026-08-25 15:30:59,Aftrn,285/391,717474,94012078,1426,6-236-31-D,Blt/Scrw,O,Tbl,2,S/P,,23,2300,SKID# 9,F,,SHIPPED,,2026-08-25 15:30:59,,,,
2026-08-26 16:31:52,Aftrn,4/292,716860,6101968,949,6-236-26-a,Nut,O,MC,19,S/P,"MIXED, STUCK TGT",35,77000,skid# 189,F,"2, 19",SHIPPED,,2026-08-26 16:31:52,,,,
2026-08-20 17:04:35,Aftrn,252/294,714422,11546703,542,6-229-03-b,Blt/Scrw,O,Tbl,4,S/P,,29,116000,skid# 10,F,,SHIPPED,,2026-08-20 17:04:35,,,,
2026-08-19 16:50:25,Aftrn,290,716522,11546449,497,6-229-37-C,Nut,C,BF,106,S/P,STUCK TGT,20,50000,SKID #45,F,30,SHIPPED,,2026-08-19 16:50:25,,,,
2026-08-20 16:57:00,Aftrn,285/391,716011,06512834aa,1016,6-229-60-B,Nut,O,Tbl,2,S/P,,29,8410,PACK# 4,F,,SHIPPED,,2026-08-20 16:57:00,,,,
2026-08-20 16:51:20,Aftrn,290,716767,11516782,598,6-230-29-a,Nut,O,BF,110,S/P,,34,17000,skid# 96,F,,SHIPPED,,2026-08-20 16:51:20,,,,
2026-08-20 16:47:03,Aftrn,11/293,716029,06512732aa,1596,6-229-58-b,Blt/Scrw,O,Tbl,5,S/P,MIXED,15,11250,skid# 136,F,2,SHIPPED,,2026-08-20 16:47:03,,,,
2026-08-19 13:25:52,Mrnng,292,714536,11546365-my-ak,698,6-229-19-A,Nut,O,MC,24,Crt.&P,"MIXED, STUCK TGT",37,70300,SKID# 147,F,"2, 13",SHIPPED,,2026-08-19 13:25:52,,,,
2026-08-20 16:43:16,Aftrn,275,714695,w520101-s442,498,6-226-14-b,Nut,O,MC,112,S/P,,36,108000,skid# 228,F,,SHIPPED,,2026-08-20 16:43:16,,,,
2026-08-20 16:38:12,Aftrn,275,716514,11546449,49,6-229-35-a,Nut,O,BF,102,S/P,,36,90000,skid# 23,F,,SHIPPED,,2026-08-20 16:38:12,,,,
2026-08-28 12:23:44,Mrnng,190/268,716726,nu3019-00,170,6-238-12-e,Nut,O,Tbl,3,S/P,MIXED,1,5030,skid# 48,F,1,SHIPPED,,2026-08-28 12:23:44,,,,
2026-08-20 16:14:52,Aftrn,292,714650,11546774-MY-AK,818,6-230-31-E,Nut,O,BF,117,S/P,MIXED,26,11700,SKID# 202,F,1,SHIPPED,,2026-08-20 16:14:52,,,,
2026-08-20 16:14:52,Aftrn,292,714656,11546774-my-ak,1099,6-230-31-i,Nut,O,BF,117,S/P,,36,16200,SKID# 202,F,,SHIPPED,,2026-08-20 16:14:52,,,,
2026-08-20 16:09:59,Aftrn,275,714101,11546368-MY-AK,558,6-229-07-C,Nut,O,BF,108,Crt.&P,MIXED,36,16200,PACK# 1,F,5,SHIPPED,,2026-08-20 16:09:59,,,,
2026-08-20 16:00:30,Aftrn,11/293,713858,11546703,422,6-229-04-A,Nut,O,Tbl,5,S/P,,31,124000,SKID# 140,F,,SHIPPED,,2026-08-20 16:00:30,,,,
2026-08-20 15:46:38,Aftrn,190/268,716020,06105051aa,292,6-229-59-A,Blt/Scrw,O,Tbl,3,S/P,,20,12400,SKID# 188,F,,SHIPPED,,2026-08-20 15:46:38,,,,
2026-08-20 15:38:50,Aftrn,280,716518,11546449,174,6-229-36-b,Nut,O,BF,114,S/P,,36,90000,skid# 85,F,,SHIPPED,,2026-08-20 15:38:50,,,,
2026-08-25 17:32:58,Aftrn,4,716536,06102398aa,610,6-233-34-b,Nut,O,BF,113,S/P,,25,120000,SKID# 41,F,,SHIPPED,,2026-08-25 17:32:58,,,,
2026-08-20 14:50:39,Mrnng,292,716333,11546364-MY-AK,1301,6-230-27-A,Nut,O,BF,113,Crt.&P,"MIXED, STUCK TGT",36,126000,SKID# 179,F,"5, 13",SHIPPED,,2026-08-20 14:50:39,,,,
2026-08-21 14:44:47,Mrnng,292,716448,11610091,1549,6-229-48-b,Nut,O,MC,26,S/P,,31,77500,skid# 182,F,,SHIPPED,,2026-08-21 14:44:47,,,,
2026-08-24 16:08:12,Aftrn,11,716657,06514720AA,105,6-232-28-A,Nut,O,Tbl,5,S/P,,37,46250,SKID# 15,F,,SHIPPED,,2026-08-24 16:08:12,,,,
2026-08-20 13:36:00,Mrnng,292,714656,11546774-MY-AK,1099,6-230-31-I,Nut,C,BF,117,Crt.&P,,26,11700,SKID# 141,F,,SHIPPED,,2026-08-20 13:36:00,,,,
2026-08-21 14:28:02,Mrnng,157/245,714580,f1302ab-ht,522,6-229-56-A,Blt/Scrw,O,Tbl,1,S/P,,28,19600,skid# 93,F,,SHIPPED,,2026-08-21 14:28:02,,,,
2026-08-21 14:22:43,Mrnng,292,716227,11549170,118,6-230-10-i,Nut,O,BF,117,S/P,,36,14400,skid# 212,F,,SHIPPED,,2026-08-21 14:22:43,,,,
2026-08-20 12:01:30,Mrnng,11/293,716009,6503825,672,6-229-55-b,Nut,O,Tbl,5,S/P,"MIXED, STUCK TGT",53,79500,skid# 208,F,"2, 330",SHIPPED,,2026-08-20 12:01:30,,,,
2026-08-17 11:16:10,Mrnng,275,716598,11546463,1350,6-226-12-B,Nut,O,BF,108,S/P,,9,4050,SKID# 240,F,,SHIPPED,,2026-08-17 11:16:10,,,,
2026-08-17 11:16:10,Mrnng,275,716600,11546463,1760,6-226-12-d,Nut,O,BF,108,S/P,,27,12150,SKID# 240,F,,SHIPPED,,2026-08-17 11:16:10,,,,
2026-08-17 10:49:13,Mrnng,190/268,714706,W520111-S450B,1737,6-225-31-A,Nut,O,Tbl,3,S/P,,36,126000,SKID# 155,F,,SHIPPED,,2026-08-17 10:49:13,,,,
2026-08-17 10:44:35,Mrnng,290,714519,11549169-MY-AK,494,6-225-28-B,Nut,O,BF,110,Crt.&P,,52,34320,SKID# 136,F,,SHIPPED,,2026-08-17 10:44:35,,,,
2026-08-20 08:46:43,Mrnng,157/245,716251,nu3014-02,167,6-226-21-f,Nut,O,Tbl,1,S/P,MIXED,1,9980,skid# 237,F,2,SHIPPED,,2026-08-20 08:46:43,,,,
2026-08-21 14:16:39,Mrnng,11/293,714581,F1302AB-HT,116,6-229-56-b,Blt/Scrw,O,Tbl,5,S/P,,30,21000,SKID# 129,F,,SHIPPED,,2026-08-21 14:16:39,,,,
2026-08-28 11:54:32,Mrnng,157/297,716731,nu3019-00,1300,6-238-12-j,Nut,O,Tbl,1,S/P,MIXED,1,4970,skid# 203,F,33,SHIPPED,,2026-08-28 11:54:32,,,,
2026-08-20 11:32:45,Mrnng,285/391,716753,06513399aa,349,6-231-04-g,Nut,O,Tbl,2,S/P,MIXED,35,8050,skid# 131,F,2,SHIPPED,,2026-08-20 11:32:45,,,,
2026-08-25 17:03:48,Aftrn,290,716889,6101831,304,6-233-25-d,Nut,O,BF,109,S/P,,36,36000,skid# 170,F,,SHIPPED,,2026-08-25 17:03:48,,,,
2026-08-17 09:37:44,Mrnng,292,716594,11546463,99,6-225-17-b,Nut,O,BF,116,S/P,MIXED,26,11700,skid# 56,F,4,SHIPPED,,2026-08-17 09:37:44,,,,
2026-08-17 17:54:51,Aftrn,275,716597,11546463,1748,6-226-12-a,Nut,O,BF,108,S/P,,42,18900,skid# 187,F,,SHIPPED,,2026-08-17 17:54:51,,,,
2026-08-14 16:38:03,Aftrn,290,714519,11549169-my-ak,494,6-225-28-b,Nut,O,BF,110,Crt.&P,,36,23760,skid# 140,F,,SHIPPED,,2026-08-14 16:38:03,,,,
2026-08-14 16:34:38,Aftrn,275,716593,11546463,1410,6-225-17-a,Nut,O,BF,108,S/P,MIXED,36,16200,pack# 4,F,10,SHIPPED,,2026-08-14 16:34:38,,,,
2026-08-21 14:03:13,Mrnng,275,716218,11549170,277,6-231-09-j,Nut,O,BF,108,S/P,MIXED,36,14400,skid# 104,F,4,SHIPPED,,2026-08-21 14:03:13,,,,
2026-08-21 13:57:23,Mrnng,275,716414,11549170,394,6-231-11-a,Nut,O,BF,112,S/P,MIXED,36,14400,skid# 105,F,2,SHIPPED,,2026-08-21 13:57:23,,,,
2026-08-24 15:49:27,Aftrn,285/391,716533,06105051aa,1076,6-232-34-a,Blt/Scrw,O,Tbl,2,S/P,,19,11780,skid# 115,F,,SHIPPED,,2026-08-24 15:49:27,,,,
2026-08-27 10:35:14,Mrnng,292,716128,11546368-my-ak,448,6-237-12-e,Nut,O,BF,117,Crt.&P,,40,18000,SKID #128,F,,SHIPPED,,2026-08-27 10:35:14,,,,
2026-08-14 13:06:47,Mrnng,275,716596,11546463,801,6-225-17-D,Nut,O,BF,108,S/P,,36,16200,SKID# 105,F,,SHIPPED,,2026-08-14 13:06:47,,,,
2026-08-21 13:47:39,Mrnng,275,714696,w520101-s450,881,6-225-32-a,Nut,C,BF,103,S/P,,36,108000,skid# 29,F,,SHIPPED,,2026-08-21 13:47:39,,,,
2026-08-21 13:41:08,Mrnng,292,714084,w711468-s437,378,6-226-26-a,Nut,O,MC,19,S/P,,32,51200,skid# 143,F,,SHIPPED,,2026-08-21 13:41:08,,,,
2026-08-20 10:38:05,Mrnng,11/293,716009,6503825,672,6-229-55-b,Nut,C,Tbl,5,S/P,"MIXED, STUCK TGT",36,54000,skid# 150,F,"2, 220",SHIPPED,,2026-08-20 10:38:05,,,,
2026-08-21 13:36:16,Mrnng,292,716211,11549170,717,6-231-09-d,Nut,O,BF,117,S/P,,36,14400,skid# 248,F,,SHIPPED,,2026-08-21 13:36:16,,,,
2026-08-24 11:04:54,Mrnng,252/294,716579,85158B,813,6-232-33-A,Blt/Scrw,O,Tbl,4,S/P,MIXED,33,19800,SKID# 30,F,7,SHIPPED,,2026-08-24 11:04:54,,,,
2026-08-19 09:36:48,Mrnng,290,717106,nu5210-03,411,6-229-52-b,Nut,O,MC,78,S/P,,1,37210,skid# 26,F,,SHIPPED,,2026-08-19 09:36:48,,,,
2026-08-21 13:19:56,Mrnng,275,714694,W520101-S442,650,6-226-14-A,Nut,O,MC,112,S/P,,36,108000,SKID# 231,F,,SHIPPED,,2026-08-21 13:19:56,,,,
2026-08-21 13:13:54,Mrnng,285/391,716663,06514720aa,305,6-232-28-c,Blt/Scrw,O,Tbl,2,S/P,,35,43750,skid# 115,F,,SHIPPED,,2026-08-21 13:13:54,,,,
2026-08-21 13:04:03,Mrnng,290,716678,06105049aa,KIB,6-229-26-d,Blt/Scrw,O,BF,105,S/P,,36,28800,skid# 167,F,,SHIPPED,,2026-08-21 13:04:03,,,,
2026-08-24 10:59:07,Mrnng,157/245,716542,6503825,680,6-233-29-B,Nut,O,Tbl,1,S/P,"MIXED, STUCK TGT",36,54000,SKID# 189,F,"8, 69",SHIPPED,,2026-08-24 10:59:07,,,,
2026-08-24 10:53:58,Mrnng,190/268,714020,91054,1378,6-230-38-a,Nut,O,Tbl,3,S/P,"MIXED, EXCESS PLATING, STUCK TGT",45,76500,skid# 213,F,"1, 10, 3520",SHIPPED,,2026-08-24 10:53:58,,,,
2026-08-24 10:47:26,Mrnng,285/391,716659,06514720AA,267,6-232-27-A,Nut,O,Tbl,2,S/P,,34,42500,SKID# 206,F,,SHIPPED,,2026-08-24 10:47:26,,,,
2026-08-21 11:57:38,Mrnng,290,716217,11549170,420,6-231-09-i,Nut,O,BF,109,S/P,,36,14400,skid# 68,F,,SHIPPED,,2026-08-21 11:57:38,,,,
2026-08-24 10:40:25,Mrnng,279,716529,06506707aa,1791,6-233-33-a,Nut,O,Tbl,6,S/P,MIXED,25,20500,skid# 196,F,1,SHIPPED,,2026-08-24 10:40:25,,,,
2026-08-24 10:32:09,Mrnng,252/294,716660,06514720aa,1095,6-232-27-b,Blt/Scrw,O,Tbl,4,S/P,MIXED,32,40000,skid# 257,F,1,SHIPPED,,2026-08-24 10:32:09,,,,
2026-08-24 10:22:43,Mrnng,190/268,714020,91054,1378,6-230-38-a,Nut,C,Tbl,3,S/P,"MIXED, EXCESS PLATING, STUCK TGT",36,61200,skid# 244,F,"1, 10, 2700",SHIPPED,,2026-08-24 10:22:43,,,,
2026-08-24 10:20:18,Mrnng,4,709059,11612078,1440,6-218-35-c,Nut,O,MC,74,S/P,"STUCK TGT, DAMAGED",36,66600,skid# 247,F,"400, 2",SHIPPED,,2026-08-24 10:20:18,,,,
2026-08-25 16:48:57,Aftrn,290,716989,06509967AA,kib,6-233-24-A,Blt/Scrw,O,BF,105,S/P,,29,23925,SKID# 77,F,,SHIPPED,,2026-08-25 16:48:57,,,,
2026-08-24 10:13:13,Mrnng,275,716759,11546437,757,6-230-22-c,Nut,O,BF,104,S/P,,48,72000,skid# 234,F,,SHIPPED,,2026-08-24 10:13:13,,,,
2026-08-24 10:07:46,Mrnng,275,714691,w520101-s450,585,6-226-15-B,Nut,O,BF,103,S/P,,39,117000,SKID# 175,F,,SHIPPED,,2026-08-24 10:07:46,,,,
2026-08-17 14:57:47,Mrnng,275,716597,11546463,1748,6-226-12-a,Nut,C,BF,108,S/P,,36,16200,skid# 123,F,,SHIPPED,,2026-08-17 14:57:47,,,,
2026-08-17 13:13:14,Mrnng,292,716599,11546463,901,6-226-12-c,Nut,O,BF,116,S/P,,37,16650,skid# 29,F,,SHIPPED,,2026-08-17 13:13:14,,,,
2026-08-24 10:02:18,Mrnng,11,716540,90280051,456,6-232-31-a,Blt/Scrw,O,Tbl,5,S/P,MIXED,24,96000,skid# 15,F,4,SHIPPED,,2026-08-24 10:02:18,,,,
2026-08-24 09:58:09,Mrnng,157/245,713586,11546774,18,6-230-33-c,Nut,O,Tbl,1,S/P,,21,9450,skid# 18,F,,SHIPPED,,2026-08-24 09:58:09,,,,
2026-08-24 09:52:17,Mrnng,11,714021,91054,569,6-230-38-b,Nut,O,Tbl,5,S/P,"EXCESS PLATING, STUCK TGT",23,39100,skid# 77,F,"261, 922",SHIPPED,,2026-08-24 09:52:17,,,,
2026-08-25 16:48:57,Aftrn,290,716992,06509967aa,KIB,6-236-01-b,Blt/Scrw,O,BF,105,S/P,,19,15675,SKID# 77,F,,SHIPPED,,2026-08-25 16:48:57,,,,
2026-08-20 14:35:40,Mrnng,292,716448,11610091,1549,6-229-48-b,Nut,C,MC,26,S/P,,6,15000,skid# 222,F,,SHIPPED,,2026-08-20 14:35:40,,,,
2026-08-24 09:42:04,Mrnng,285/391,716547,06512834aa,795,6-233-31-a,Nut,O,Tbl,2,S/P,MIXED,24,6960,skid# 181,F,42,SHIPPED,,2026-08-24 09:42:04,,,,
2026-08-17 09:37:44,Mrnng,292,716599,11546463,901,6-226-12-c,Nut,C,BF,116,S/P,,10,4500,skid# 56,F,,SHIPPED,,2026-08-17 09:37:44,,,,
2026-08-24 09:36:45,Mrnng,252/294,716548,06512834aa,814,6-233-31-b,Nut,O,Tbl,4,S/P,MIXED,23,6670,skid# 55,F,4,SHIPPED,,2026-08-24 09:36:45,,,,
2026-08-24 09:30:18,Mrnng,252/294,716530,06506707aa,1594,6-233-33-b,Nut,O,Tbl,4,S/P,,34,27880,skid# 24,F,,SHIPPED,,2026-08-24 09:30:18,,,,
2026-08-20 11:36:09,Mrnng,157/245,715779,11549170,1007,6-230-12-f,Nut,O,Tbl,1,S/P,MIXED,38,15200,skid #46,F,2,SHIPPED,,2026-08-20 11:36:09,,,,
2026-08-18 17:07:37,Aftrn,190/268,716711,11602031,1841,6-229-31-A,Nut,O,Tbl,3,S/P,"MIXED, MISSING TAB",31,4495,SKID# 119,F,"2, 220",SHIPPED,,2026-08-18 17:07:37,,,,
2026-08-20 11:26:40,Mrnng,252/294,716216,11549170,579,6-231-09-h,Nut,O,Tbl,4,S/P,MIXED,38,15200,skid# 43,F,4,SHIPPED,,2026-08-20 11:26:40,,,,
2026-08-24 09:24:54,Mrnng,157/245,714018,91054,244,6-230-37-A,Nut,O,Tbl,1,S/P,"EXCESS PLATING, STUCK TGT",38,64600,SKID# 210,F,"47, 1140",SHIPPED,,2026-08-24 09:24:54,,,,
2026-08-24 09:18:25,Mrnng,285/391,714019,91054,309,6-230-37-B,Nut,O,Tbl,2,S/P,"STUCK TGT, DAMAGED",39,66300,SKID# 6,F,"2385, 150",SHIPPED,,2026-08-24 09:18:25,,,,
2026-08-24 09:13:59,Mrnng,275,716213,11549170,379,6-231-09-e,Nut,O,BF,108,S/P,MIXED,53,21200,pack# 7,F,15,SHIPPED,,2026-08-24 09:13:59,,,,
2026-08-24 09:13:59,Mrnng,275,716220,11549170,654,6-231-10-b,Nut,O,BF,112,Cert.&P,MIXED,55,22000,pack# 7,F,10,SHIPPED,,2026-08-24 09:13:59,,,,
2026-08-20 09:13:31,Mrnng,275,714538,11546365-my-ak,1714,6-229-20-a,Nut,C,MC,112,S/P,STUCK TGT,36,68400,skid# 190,F,20,SHIPPED,,2026-08-20 09:13:31,,,,
2026-08-27 10:23:56,Mrnng,280,716857,11546448,519,6-236-08-B,Nut,O,BF,123,S/P,,22,72600,SKID# 189,F,,SHIPPED,,2026-08-27 10:23:56,,,,
2026-08-25 14:49:31,Mrnng,190/268,714006,f1302ab-ht,934,6-232-29-e,Blt/Scrw,O,Tbl,3,S/P,,39,27300,PACK# 2,F,,SHIPPED,,2026-08-25 14:49:31,,,,
2026-08-25 14:45:07,Mrnng,275,716862,6101968,208,6-236-27-a,Nut,O,BF,103,S/P,,36,79200,skid# 241,F,,SHIPPED,,2026-08-25 14:45:07,,,,
2026-08-25 14:38:49,Mrnng,157,716445,92468,957,6-229-47-a,Blt/Scrw,O,Tbl,1,S/P,,29,29000,skid# 186,F,,SHIPPED,,2026-08-25 14:38:49,,,,
2026-08-22 15:16:45,Aftrn,292,715780,11549170,836,6-231-12-A,Nut,O,BF,117,S/P,MIXED,25,10000,SKID# 209,F,10,SHIPPED,,2026-08-22 15:16:45,,,,
2026-08-22 15:07:50,Aftrn,280,716133,11546367-MY-AK,722,6-232-13-B,Nut,O,BF,121,Crt.&P,,28,19600,SKID# 246,F,,SHIPPED,,2026-08-22 15:07:50,,,,
2026-08-22 15:01:45,Aftrn,290,716208,11549170,870,6-231-09-A,Nut,O,BF,109,S/P,,29,11600,SKID# 226,F,,SHIPPED,,2026-08-22 15:01:45,,,,
2026-08-22 14:55:22,Aftrn,290,716134,11546367-my-ak,1031,6-232-13-c,Nut,O,MC,78,Crt.&P,,39,27300,skid# 194,F,,SHIPPED,,2026-08-22 14:55:22,,,,
2026-08-18 09:22:15,Mrnng,290,716163,06511847aa,427,6-229-25-b,Nut,O,MC,78,S/P,,36,27000,skid# 9,F,,SHIPPED,,2026-08-18 09:22:15,,,,
2026-08-25 14:32:51,Mrnng,252,716243,61273,1801,6-232-30-d,Blt/Scrw,O,Tbl,4,S/P,MIXED,25,7500,skid# 15,F,16,SHIPPED,,2026-08-25 14:32:51,,,,
2026-08-17 17:32:53,Aftrn,245/293,715602,06511834aa,23,6-229-18-a,Nut,O,Tbl,6,S/P,MIXED,23,2300,skid# 211,F,11,SHIPPED,,2026-08-17 17:32:53,,,,
2026-08-25 14:27:39,Mrnng,11,716240,61273,281,6-232-30-a,Blt/Scrw,O,Tbl,5,S/P,MIXED,23,6900,skid# 218,F,3,SHIPPED,,2026-08-25 14:27:39,,,,
2026-08-24 14:57:07,Mrnng,190/268,716578,55364498aa,290,6-232-32-b,Blt/Scrw,O,Tbl,3,S/P,,22,11440,pack# 8,F,,SHIPPED,,2026-08-24 14:57:07,,,,
2026-08-25 16:43:13,Aftrn,275,716762,11546437,1387,6-230-24-B,Nut,O,BF,104,S/P,STUCK TGT,54,81000,skid# 68,F,50,SHIPPED,,2026-08-25 16:43:13,,,,
2026-08-22 14:04:33,Mrnng,275,716220,11549170,654,6-231-10-b,Nut,C,BF,112,S/P,,36,14400,skid# 133,F,,SHIPPED,,2026-08-22 14:04:33,,,,
2026-08-17 11:27:19,Mrnng,245/293,716247,nu3014-02,552,6-226-21-b,Nut,O,Tbl,6,S/P,MIXED,1,10092,skid# 1,F,1,SHIPPED,,2026-08-17 11:27:19,,,,
2026-08-17 10:33:50,Mrnng,294/252,716246,nu-3014-02,68,6-226-21-a,Nut,O,Tbl,4,S/P,,1,10000,skid# 112,F,,SHIPPED,,2026-08-17 10:33:50,,,,
2026-08-17 09:48:02,Mrnng,245/293,716249,nu3014-02,766,6-226-21-d,Nut,O,Tbl,6,S/P,,1,9875,skid# 35,F,,SHIPPED,,2026-08-17 09:48:02,,,,
2026-08-17 09:44:10,Mrnng,190/268,716248,nu3014-02,593,6-226-21-c,Nut,O,Tbl,3,S/P,,1,9980,skid# 130,F,,SHIPPED,,2026-08-17 09:44:10,,,,
2026-08-17 09:42:29,Mrnng,285/391,716250,nu3014-02,1710,6-226-21-e,Nut,O,Tbl,2,S/P,,1,10154,skid# 64,F,,SHIPPED,,2026-08-17 09:42:29,,,,
2026-08-17 09:36:37,Mrnng,252/294,716253,nu3014-02,1591,6-226-21-g,Nut,O,Tbl,4,S/P,MIXED,1,9250,skid# 28,F,1,SHIPPED,,2026-08-17 09:36:37,,,,
2026-08-22 13:53:58,Mrnng,290,716210,11549170,256,6-231-09-c,Nut,O,BF,109,S/P,,46,18400,skid# 36,F,,SHIPPED,,2026-08-22 13:53:58,,,,
2026-08-19 17:40:00,Aftrn,292,714261,W711468-S437,809,6-229-46-A,Nut,O,MC,26,S/P,MIXED,39,62400,SKID# 110,F,4,SHIPPED,,2026-08-19 17:40:00,,,,
2026-08-25 10:48:39,Mrnng,252,716257,11547059,1612,6-230-36-d,Blt/Scrw,O,Tbl,4,S/P,MIXED,22,12100,skid# 68,F,1,SHIPPED,,2026-08-25 10:48:39,,,,
2026-08-24 14:44:55,Mrnng,11,716541,6503825,565,6-233-29-a,Nut,O,Tbl,5,S/P,"MIXED, STUCK TGT",33,49500,skid# 248,F,"5, 79",SHIPPED,,2026-08-24 14:44:55,,,,
2026-08-17 16:51:36,Aftrn,157,716328,06511834AA,889,6-229-23-B,Nut,O,Tbl,1,S/P,MIXED,32,3200,SKID# 161,F,7,SHIPPED,,2026-08-17 16:51:36,,,,
2026-08-17 16:48:22,Aftrn,245/293,715603,06511834AA,658,6-229-18-B,Nut,O,Tbl,6,S/P,MIXED,36,3600,SKID #47,F,2,SHIPPED,,2026-08-17 16:48:22,,,,
2026-08-17 16:41:49,Aftrn,285/391,716327,06511834aa,26,6-229-23-a,Nut,O,Tbl,2,S/P,MIXED,21,2100,skid# 20,F,4,SHIPPED,,2026-08-17 16:41:49,,,,
2026-08-17 16:31:50,Aftrn,11/272,714352,11546367-CA-IN,1302,6-229-17-H,Nut,O,Tbl,5,Crt.&P,"MIXED, EXCESS PLATING",35,24500,SKID# 27,F,"2, 7",SHIPPED,,2026-08-17 16:31:50,,,,
2026-08-17 16:07:37,Aftrn,252/294,714350,11546367-ca-in,908,6-229-17-f,Nut,O,Tbl,4,Crt.&P,"MIXED, SILVERS",25,17500,skid# 197,F,"9, 27",SHIPPED,,2026-08-17 16:07:37,,,,
2026-08-17 16:02:19,Aftrn,292,715730,11546367-my-ak,1757,6-226-07-C,Nut,O,BF,116,Crt.&P,,36,25200,SKID# 16,F,,SHIPPED,,2026-08-17 16:02:19,,,,
2026-08-17 15:45:16,Aftrn,252/294/245/293,714479,11547369,279,6-229-24-a,Nut,O,Tbl,4,S/P,MIXED,51,12750,skid# 214,F,1,SHIPPED,,2026-08-17 15:45:16,,,,
2026-08-17 15:45:16,Aftrn,252/294/245/293,714482,11547369,252,6-229-24-d,Nut,O,Tbl,6,S/P,MIXED,45,11250,skid# 214,F,2,SHIPPED,,2026-08-17 15:45:16,,,,
2026-08-22 13:33:58,Mrnng,190/268,717554,11588293,KIB,6-232-24-b,Nut,O,Tbl,3,S/P,,24,27600,skid# 218,F,,SHIPPED,,2026-08-22 13:33:58,,,,
2026-08-19 16:40:42,Aftrn,285/391,717113,11588714,kib,6-231-07-A,Blt/Scrw,O,Tbl,2,S/P,,36,50400,SKID# 109,F,,SHIPPED,,2026-08-19 16:40:42,,,,
2026-08-17 15:20:55,Aftrn,252/294,714479,11547369,279,6-229-24-A,Nut,C,Tbl,4,S/P,MIXED,36,9000,SKID# 166,F,1,SHIPPED,,2026-08-17 15:20:55,,,,
2026-08-17 15:15:19,Aftrn,245/293,714482,11547369,252,6-229-24-d,Nut,C,Tbl,6,S/P,MIXED,36,9000,skid# 84,F,1,SHIPPED,,2026-08-17 15:15:19,,,,
2026-08-24 14:40:10,Mrnng,275,716223,11549170,862,6-231-10-e,Nut,O,BF,112,S/P,MIXED,32,12800,skid# 104,F,10,SHIPPED,,2026-08-24 14:40:10,,,,
2026-08-25 10:46:03,Mrnng,252,716256,11547059,510,6-230-36-c,Blt/Scrw,C,Tbl,4,S/P,,24,13200,skid# 206,F,,SHIPPED,,2026-08-25 10:46:03,,,,
2026-08-25 10:45:20,Mrnng,252,716256,11547059,510,6-230-36-c,Blt/Scrw,O,Tbl,4,S/P,,48,26400,skid# 168,F,,SHIPPED,,2026-08-25 10:45:20,,,,
2026-08-19 10:18:59,Mrnng,292,714261,w711468-s437,809,6-229-46-a,Nut,C,MC,26,S/P,,16,25600,skid# 120,F,,SHIPPED,,2026-08-19 10:18:59,,,,
2026-08-19 09:34:04,Mrnng,292,715724,11546367-my-ak,1613,6-226-07-a,Nut,O,BF,116,Crt.&P,MIXED,36,25200,skid# 156,F,1,SHIPPED,,2026-08-19 09:34:04,,,,
2026-08-25 10:40:35,Mrnng,157,716239,n620483-s2,329,6-233-37-b,Nut,O,Tbl,1,S/P,MIXED,38,22800,skid# 248,F,3,SHIPPED,,2026-08-25 10:40:35,,,,
2026-08-19 09:05:49,Mrnng,252/294,716713,11602031,770,6-229-31-c,Nut,O,Tbl,4,S/P,MISSING TAB,32,4640,skid# 80,F,21,SHIPPED,,2026-08-19 09:05:49,,,,
2026-08-18 17:22:15,Aftrn,280,715765,11546449,951,6-225-23-B,Nut,O,BF,119,S/P,,36,90000,SKID# 159,F,,SHIPPED,,2026-08-18 17:22:15,,,,
2026-08-18 17:02:46,Mrnng,252,716714,11602031,1068,6-229-31-D,Blt/Scrw,O,Tbl,4,S/P,MIXED,27,3915,SKID# 216,F,"2, 29",SHIPPED,,2026-08-18 17:02:46,,,,
2026-08-22 12:54:59,Mrnng,292,715780,11549170,836,6-231-12-A,Nut,C,BF,117,S/P,MIXED,12,4800,SKID# 168,F,1,SHIPPED,,2026-08-22 12:54:59,,,,
2026-08-18 16:49:38,Aftrn,290,715770,11549168,1739,6-229-10-A,Nut,O,BF,107,S/P,,36,36000,SKID# 203,F,,SHIPPED,,2026-08-18 16:49:38,,,,
2026-08-18 16:33:47,Aftrn,157/245,716715,11602031,250,6-229-31-e,Nut,O,Tbl,1,S/P,"MIXED, EXCESS PLATING, MISSING TAB",22,3190,skid# 183,F,"2, 8, 5",SHIPPED,,2026-08-18 16:33:47,,,,
2026-08-18 15:21:11,Aftrn,190/268,713818,11546368-in-pn,1597,6-226-22-d,Nut,O,Tbl,3,Crt.&P,"MIXED, STUCK TGT",31,13950,skid# 186,F,"6, 2",SHIPPED,,2026-08-18 15:21:11,,,,
2026-08-25 10:37:08,Mrnng,285/391,714575,F1302AB-HT,540,6-236-35-b,Blt/Scrw,O,Tbl,2,S/P,,39,27300,SKID# 228,F,,SHIPPED,,2026-08-25 10:37:08,,,,
2026-08-22 12:35:46,Mrnng,275,714691,w520101-s450,585,6-226-15-b,Nut,C,BF,103,S/P,,25,75000,skid# 228,F,,SHIPPED,,2026-08-22 12:35:46,,,,
2026-08-18 13:55:53,Mrnng,4,706811,11612078,1026,6-163-20-a,Nut,O,MC,74,S/P,"STUCK TGT, DAMAGED",26,48100,skid# 226,F,"300, 1",SHIPPED,,2026-08-18 13:55:53,,,,
2026-08-22 12:30:45,Mrnng,157245,714423,11546703,307,6-229-05-b,Blt/Scrw,O,Tbl,1,S/P,MIXED,27,108000,skid# 211,F,1,SHIPPED,,2026-08-22 12:30:45,,,,
2026-08-22 12:27:27,Mrnng,157245,717443,11604000,KIB,6-231-13-a,Blt/Scrw,O,Tbl,1,S/P,,24,14040,skid# 53,F,,SHIPPED,,2026-08-22 12:27:27,,,,
2026-08-22 12:25:51,Mrnng,280,713267,w711468-s437,298,6-229-45-a,Nut,O,BF,120,S/P,,27,43200,skid# 117,F,,SHIPPED,,2026-08-22 12:25:51,,,,
2026-08-22 12:21:34,Mrnng,275,716213,11549170,379,6-231-09-e,Nut,O,BF,108,S/P,MIXED,36,14400,skid# 253,F,1,SHIPPED,,2026-08-22 12:21:34,,,,
2026-08-18 09:44:07,Mrnng,285/391,713919,11546367-ca-in,1809,6-229-17-b,Nut,O,Tbl,2,Crt.&P,"MIXED, SILVERS",39,27300,skid# 232,F,"4, 208",SHIPPED,,2026-08-18 09:44:07,,,,
2026-08-17 17:43:27,Aftrn,292,716616,11546377,440,6-226-10-B,Nut,O,MC,24,S/P,"MIXED, STUCK TGT",19,40850,SKID# 236,F,"3, 10",SHIPPED,,2026-08-17 17:43:27,,,,
2026-08-22 12:11:55,Mrnng,275,716759,11546437,757,6-230-22-c,Nut,C,BF,104,S/P,,36,54000,skid# 9,F,,SHIPPED,,2026-08-22 12:11:55,,,,
2026-08-25 10:30:57,Mrnng,285/391,717475,94012078,1007,6-236-31-e,Blt/Scrw,O,Tbl,2,S/P,,24,2400,skid# 252,F,,SHIPPED,,2026-08-25 10:30:57,,,,
2026-08-17 17:14:12,Aftrn,245/293,714351,11546367-ca-in,1712,6-229-17-g,Nut,O,Tbl,6,Crt.&P,"MIXED, SILVERS",39,27300,skid# 178,F,"3, 50",SHIPPED,,2026-08-17 17:14:12,,,,
2026-08-17 17:11:07,Aftrn,190/268,714472,11547369,399,6-229-42-A,Nut,O,Tbl,3,S/P,MIXED,36,9000,SKID# 246,F,3,SHIPPED,,2026-08-17 17:11:07,,,,
2026-08-17 17:04:20,Aftrn,190/268,714300,11547369,1005,6-229-41-a,Nut,O,Tbl,3,S/P,MIXED,36,9000,skid# 171,F,3,SHIPPED,,2026-08-17 17:04:20,,,,
2026-08-17 17:01:15,Aftrn,285/391/285/391,714475,11547369,820,6-229-42-c,Nut,O,Tbl,2,S/P,MIXED,28,7000,skid# 4,F,2,SHIPPED,,2026-08-17 17:01:15,,,,
2026-08-17 17:01:15,Aftrn,285/391/285/391,714480,11547369,1339,6-229-24-b,Nut,O,Tbl,2,S/P,,44,11000,skid# 4,F,,SHIPPED,,2026-08-17 17:01:15,,,,
2026-08-17 16:57:06,Aftrn,252,713473,11546369-my-ak,1629,6-229-34-a,Nut,O,Tbl,4,Crt.&P,,35,10500,skid# 175,F,,SHIPPED,,2026-08-17 16:57:06,,,,
2026-08-25 14:15:01,Mrnng,275,716774,h62534a,687,6-236-06-B,Nut,O,BF,112,S/P,,23,17250,SKID# 168,F,,SHIPPED,,2026-08-25 14:15:01,,,,
2026-08-25 10:20:49,Mrnng,4,717055,11548414,400,6-233-01-g,Nut,O,BF,117,S/P,,36,17460,skid# 170,F,,SHIPPED,,2026-08-25 10:20:49,,,,
2026-08-17 15:13:43,Aftrn,285/391,714480,11547369,1339,6-229-24-b,Nut,C,Tbl,2,S/P,MIXED,36,9000,skid# 7,F,2,SHIPPED,,2026-08-17 15:13:43,,,,
2026-08-25 14:08:46,Mrnng,272,710824,11549168-CA-IN,1061,6-230-17-A,Nut,O,MC,26,Crt.&P,"SILVERS, DAMAGED",36,36000,SKID# 137,F,"33, 2",SHIPPED,,2026-08-25 14:08:46,,,,
2026-08-24 14:07:43,Mrnng,292,716221,11549170,1717,6-231-10-c,Nut,O,BF,117,S/P,MIXED,41,16400,skid# 212,F,1,SHIPPED,,2026-08-24 14:07:43,,,,
2026-08-14 15:45:31,Aftrn,292,714518,11549169-MY-AK,369,6-225-28-A,Nut,O,BF,116,Crt.&P,MIXED,39,25740,SKID# 59,F,5,SHIPPED,,2026-08-14 15:45:31,,,,
2026-08-25 14:01:49,Mrnng,190/268,716658,06514720AA,182,6-232-28-B,Blt/Scrw,O,Tbl,3,S/P,,24,30000,SKID# 231,F,,SHIPPED,,2026-08-25 14:01:49,,,,
2026-08-25 10:04:42,Mrnng,275,716773,h62534a,880,6-236-06-a,Nut,O,BF,112,S/P,,36,27000,skid# 94,F,,SHIPPED,,2026-08-25 10:04:42,,,,
2026-08-24 13:50:52,Mrnng,190/268/157/245,716543,6503825,12,6-233-30-A,Nut,O,Tbl,3,S/P,"MIXED, STUCK TGT",43,64500,SKID# 68,F,"4, 180",SHIPPED,,2026-08-24 13:50:52,,,,
2026-08-14 09:30:26,Mrnng,275,716595,11546463,1106,6-225-17-C,Nut,O,BF,108,S/P,,36,16200,SKID #49,F,,SHIPPED,,2026-08-14 09:30:26,,,,
2026-08-24 13:50:52,Mrnng,190/268/157/245,716544,6503825,404,6-233-30-b,Nut,O,Tbl,1,S/P,"MIXED, STUCK TGT",58,87000,SKID# 68,F,"5, 225",SHIPPED,,2026-08-24 13:50:52,,,,
2026-08-25 13:55:50,Mrnng,290,716890,6101831,1568,6-233-26-A,Nut,O,BF,110,S/P,,36,36000,SKID# 173,F,,SHIPPED,,2026-08-25 13:55:50,,,,
2026-08-22 10:55:23,Mrnng,290,716680,06105049aa,KIB,6-229-26-c,Blt/Scrw,O,BF,105,S/P,,19,15200,skid# 60,F,,SHIPPED,,2026-08-22 10:55:23,,,,
2026-08-22 10:55:23,Mrnng,290,716679,06105049aa,KIB,6-229-26-b,Blt/Scrw,O,BF,105,S/P,,11,8800,skid# 60,F,,SHIPPED,,2026-08-22 10:55:23,,,,
2026-08-25 09:51:36,Mrnng,11,717471,94012078,1524,6-236-31-a,Nut,O,Tbl,5,S/P,,25,2500,skid# 133,F,,SHIPPED,,2026-08-25 09:51:36,,,,
2026-08-22 10:35:26,Mrnng,290,716210,11549170,256,6-231-09-c,Nut,C,BF,109,S/P,,16,6400,skid# 56,F,,SHIPPED,,2026-08-22 10:35:26,,,,
2026-08-25 09:42:07,Mrnng,280,716791,06104725aa,1649,6-233-05-A,Nut,O,BF,114,S/P,STUCK TGT,36,100800,SKID# 195,F,100,SHIPPED,,2026-08-25 09:42:07,,,,
2026-08-25 09:36:19,Mrnng,285/391,714007,F1302AB-HT,312,6-232-29-b,Blt/Scrw,O,Tbl,2,S/P,,36,25200,SKID# 9,F,,SHIPPED,,2026-08-25 09:36:19,,,,
2026-08-25 13:50:17,Mrnng,1,715810,11602023,882,6-232-25-A,Blt/Scrw,O,Tbl,5,S/P,MIXED,28,37800,SKID# 30,F,1,SHIPPED,,2026-08-25 13:50:17,,,,
2026-08-24 13:12:40,Mrnng,190/268,716543,6503825,12,6-233-30-A,Blt/Scrw,O,Tbl,3,S/P,"MIXED, STUCK TGT",36,54000,SKID# 167,F,"4, 180",SHIPPED,,2026-08-24 13:12:40,,,,
2026-08-25 13:42:44,Mrnng,280,716793,06104725AA,1687,6-233-06-A,Nut,O,BF,114,S/P,STUCK TGT,36,100800,SKID# 34,F,50,SHIPPED,,2026-08-25 13:42:44,,,,
2026-08-25 13:33:20,Mrnng,252,714005,F1302AB-HT,1055,6-232-29-a,Blt/Scrw,O,Tbl,4,S/P,,28,19600,SKID# 121,F,,SHIPPED,,2026-08-25 13:33:20,,,,
2026-08-25 16:39:07,Aftrn,275,716795,06104725aa,1539,6-233-07-a,Nut,O,MC,112,S/P,STUCK TGT,36,100800,skid# 249,F,2000,SHIPPED,,2026-08-25 16:39:07,,,,
2026-08-25 09:10:20,Mrnng,292,714537,11546365-my-ak,790,6-229-19-b,Nut,O,MC,24,Cert.&P,"MIXED, STUCK TGT",18,34200,SKID# 131,F,"2, 10",SHIPPED,,2026-08-25 09:10:20,,,,
2026-08-22 09:28:55,Mrnng,275,716226,11549170,1538,6-231-10-h,Nut,O,BF,112,S/P,,36,14400,skid# 200,F,,SHIPPED,,2026-08-22 09:28:55,,,,
2026-08-22 09:18:54,Mrnng,280,716382,11546367-MY-AK,365,6-232-21-F,Nut,O,BF,121,Crt.&P,,36,25200,SKID# 136,F,,SHIPPED,,2026-08-22 09:18:54,,,,
2026-08-27 10:18:19,Mrnng,275,716899,06511637aa,873,6-236-32-b,Nut,O,BF,112,S/P,,36,43200,skid# 141,F,,SHIPPED,,2026-08-27 10:18:19,,,,
2026-08-22 09:04:31,Mrnng,252/272,713854,11546703,1406,6-229-02-b,Blt/Scrw,O,Tbl,4,S/P,,32,128000,skid# 35,F,,SHIPPED,,2026-08-22 09:04:31,,,,
2026-08-24 18:05:54,Aftrn,252/294,716580,85158b,89,6-232-33-b,Blt/Scrw,O,Tbl,4,S/P,MIXED,41,24600,skid# 36,F,2,SHIPPED,,2026-08-24 18:05:54,,,,
2026-08-22 08:46:51,Mrnng,275,716415,11549170,472,6-231-11-B,Nut,O,BF,108,S/P,,36,14400,SKID# 96,F,,SHIPPED,,2026-08-22 08:46:51,,,,
2026-08-25 16:25:44,Aftrn,190/268,715982,w520217-s440,300,6-236-16-a,Nut,O,Tbl,3,S/P,MIXED,36,4860,skid# 128,F,1,SHIPPED,,2026-08-25 16:25:44,,,,
2026-08-25 13:14:31,Mrnng,290,716758,11546437,1700,6-230-22-b,Nut,O,BF,106,S/P,,57,85500,skid# 150,F,,SHIPPED,,2026-08-25 13:14:31,,,,
2026-08-24 17:46:18,Aftrn,272,717442,715150010W,34 ctns,6-231-08-A,Nut,O,MC,26,S/P,MIXED,34,85000,SKID# 33,F,1,SHIPPED,,2026-08-24 17:46:18,,,,
2026-08-24 17:41:04,Aftrn,292,717048,11548414,1319,6-233-01-B,Nut,O,BF,117,S/P,MIXED,36,17460,SKID# 218,F,2,SHIPPED,,2026-08-24 17:41:04,,,,
2026-08-25 13:06:42,Mrnng,285/391,716005,6503825,1548,6-229-54-B,Nut,C,Tbl,2,S/P,,36,54000,PACK# 8,F,,SHIPPED,,2026-08-25 13:06:42,,,,
2026-08-25 12:57:10,Mrnng,290,717056,11548414,120,6-233-01-H,Nut,O,BF,109,S/P,,3,1455,SKID# 12,F,,SHIPPED,,2026-08-25 12:57:10,,,,
2026-08-24 17:25:46,Aftrn,157/245,716255,11547059,875,6-230-36-B,Blt/Scrw,C,Tbl,1,S/P,MIXED,24,13200,SKID# 181,F,2,SHIPPED,,2026-08-24 17:25:46,,,,
2026-08-22 12:54:59,Mrnng,292,715781,11549170,643,6-231-12-b,Nut,O,BF,117,S/P,,48,19200,SKID# 168,F,,SHIPPED,,2026-08-22 12:54:59,,,,
2026-08-25 12:57:10,Mrnng,290,717054,11548414,913,6-233-02-b,Nut,O,BF,109,S/P,,36,17460,SKID# 12,F,,SHIPPED,,2026-08-25 12:57:10,,,,
2026-08-25 16:20:10,Aftrn,4,716538,6502979,1376,6-233-35-b,Nut,O,BF,116,S/P,,22,16500,skid# 161,F,,SHIPPED,,2026-08-25 16:20:10,,,,
2026-08-24 16:58:55,Aftrn,157/245,716255,11547059,875,6-230-36-b,Blt/Scrw,O,Tbl,1,S/P,MIXED,42,23100,skid# 109,F,2,SHIPPED,,2026-08-24 16:58:55,,,,
2026-08-22 11:32:26,Mrnng,292,715781,11549170,643,6-231-12-b,Nut,C,BF,117,S/P,MIXED,24,9600,skid# 89,F,6,SHIPPED,,2026-08-22 11:32:26,,,,
2026-08-25 12:48:08,Mrnng,4,716138,11546367-my-ak,101,6-232-13-e,Nut,O,BF,110,Crt.&P,,36,25200,skid# 225,F,,SHIPPED,,2026-08-25 12:48:08,,,,
2026-08-25 16:20:10,Aftrn,4,716545,6502979,335,6-233-36-a,Nut,O,BF,116,S/P,,34,25500,skid# 161,F,,SHIPPED,,2026-08-25 16:20:10,,,,
2026-08-25 15:49:18,Aftrn,11,714577,f1302ab-ht,1554,6-232-29-d,Blt/Scrw,O,Tbl,5,S/P,,27,18900,SKID# 50,F,,SHIPPED,,2026-08-25 15:49:18,,,,
2026-08-25 15:43:15,Aftrn,275,717079,11546462,1382,6-233-18-A,Nut,O,BF,108,S/P,MIXED,30,19500,SKID# 248,F,1,SHIPPED,,2026-08-25 15:43:15,,,,
2026-08-24 16:35:30,Aftrn,275,716798,06104725AA,1402,6-233-08-B,Nut,O,MC,112,S/P,STUCK TGT,36,100800,SKID# 200,F,2000,SHIPPED,,2026-08-24 16:35:30,,,,
2026-08-25 11:43:41,Mrnng,290,716466,11546378-my-ak,396,6-233-17-a,Nut,O,BF,107,Crt.&P,,36,45000,skid# 25,F,,SHIPPED,,2026-08-25 11:43:41,,,,
2026-08-24 16:23:49,Aftrn,290,716467,11546378-my-ak,629,6-233-17-b,Nut,O,BF,107,Crt.&P,,31,38750,skid# 203,F,,SHIPPED,,2026-08-24 16:23:49,,,,
2026-08-24 16:19:52,Aftrn,290,717051,11548414,44,6-233-01-e,Nut,O,BF,109,S/P,,36,17460,skid# 60,F,,SHIPPED,,2026-08-24 16:19:52,,,,
2026-08-24 16:14:29,Aftrn,190/268,717112,6101736,734,6-236-14-B,Nut,O,Tbl,3,S/P,STUCK TGT,31,99200,SKID# 209,F,120,SHIPPED,,2026-08-24 16:14:29,,,,
2026-08-27 10:13:56,Mrnng,290,716892,6101831,750,6-236-03-a,Nut,O,BF,110,S/P,,36,36000,skid# 96,F,,SHIPPED,,2026-08-27 10:13:56,,,,
2026-08-25 15:21:35,Aftrn,157/197,715988,w520217-s440,710,6-236-16-e,Nut,O,Tbl,1,S/P,,38,5130,skid# 203,F,,SHIPPED,,2026-08-25 15:21:35,,,,
2026-08-25 15:16:46,Aftrn,190/268,715983,W520217-S440,1706,6-236-16-B,Nut,O,Tbl,3,S/P,,36,4860,SKID# 209,F,,SHIPPED,,2026-08-25 15:16:46,,,,
2026-08-25 15:15:20,Aftrn,280,714698,w520101-s437,188,6-224-29-a,Nut,O,BF,120,S/P,,44,132000,skid# 191,F,,SHIPPED,,2026-08-25 15:15:20,,,,
2026-08-25 15:14:37,Aftrn,4,717050,11548414,1409,6-233-01-d,Nut,O,BF,117,S/P,,44,21340,skid# 193,F,,SHIPPED,,2026-08-25 15:14:37,,,,
2026-08-22 09:33:12,Mrnng,157/245,714653,11546774-my-ak,1352,6-230-31-h,Nut,O,Tbl,1,Crt.&P,,23,10350,skid# 94,F,,SHIPPED,,2026-08-22 09:33:12,,,,
2026-08-27 10:08:14,Mrnng,290,716380,11546367-my-ak,677,6-236-09-d,Nut,O,BF,107,Crt.&P,,36,25200,skid# 206,F,,SHIPPED,,2026-08-27 10:08:14,,,,
2026-08-24 15:19:55,Aftrn,275,716761,11546437,867,6-230-24-a,Nut,O,BF,104,S/P,,60,90000,skid# 24,F,,SHIPPED,,2026-08-24 15:19:55,,,,
2026-08-22 12:35:46,Mrnng,275,714696,w520101-s450,881,6-225-32-a,Nut,O,BF,103,S/P,,47,141000,skid# 228,F,,SHIPPED,,2026-08-22 12:35:46,,,,
2026-08-25 11:10:32,Mrnng,280,716794,06104725aa,1715,6-233-06-B,Nut,O,BF,123,S/P,STUCK TGT,36,100800,SKID# 220,F,51,SHIPPED,,2026-08-25 11:10:32,,,,
2026-08-24 15:10:52,Aftrn,252/294,716580,85158B,89,6-232-33-b,Blt/Scrw,C,Tbl,4,S/P,MIXED,36,21600,skid# 18,F,2,SHIPPED,,2026-08-24 15:10:52,,,,
2026-08-27 10:04:05,Mrnng,4/292,716615,11546377,1805,6-226-10-a,Nut,O,MC,24,S/P,"MIXED, STUCK TGT",34,73100,skid# 113,F,"3, 37",SHIPPED,,2026-08-27 10:04:05,,,,
2026-08-27 09:55:00,Mrnng,272,710832,11549168-ca-in,1564,6-231-03-b,Nut,O,MC,26,S/P,"MIXED, SILVERS, DAMAGED LOCKING, UNLOCKING, DAMAGED FIANGE",56,56000,skid# 41,F,"3, 28, 1, 1, 3",SHIPPED,,2026-08-27 09:55:00,,,,
2026-08-25 14:54:25,Mrnng,252,716241,61273,574,6-232-30-b,Blt/Scrw,O,Tbl,4,S/P,MIXED,26,7800,skid# 140,F,2,SHIPPED,,2026-08-25 14:54:25,,,,
2026-08-25 14:21:55,Mrnng,275,716757,11546437,1842,6-230-22-A,Nut,C,BF,102,S/P,,36,54000,SKID# 14,F,,SHIPPED,,2026-08-25 14:21:55,,,,
2026-08-27 09:48:57,Mrnng,190/268,717636,11546377-ph-ro,1714,6-238-06-B,Nut,O,Tbl,3,Crt.&P,STUCK TGT,29,62350,SKID# 208,F,470,SHIPPED,,2026-08-27 09:48:57,,,,
2026-08-25 13:19:24,Mrnng,190/268,716004,6503825,575,6-229-54-a,Nut,O,Tbl,3,S/P,STUCK TGT,30,45000,skid# 189,F,300,SHIPPED,,2026-08-25 13:19:24,,,,
2026-08-25 13:14:31,Mrnng,290,716763,11546437,91,6-230-23-b,Nut,C,BF,106,S/P,,15,22500,skid# 150,F,,SHIPPED,,2026-08-25 13:14:31,,,,
2026-08-25 09:17:59,Mrnng,290,715949,11546366-my-ak,51,6-233-21-b,Nut,O,BF,110,Crt.&P,,65,65000,skid# 251,F,,SHIPPED,,2026-08-25 09:17:59,,,,
2026-08-24 14:21:04,Mrnng,290,716990,06509967aa,KIB,6-233-24-b,Blt/Scrw,O,BF,105,S/P,,19,15675,skid# 171,F,,SHIPPED,,2026-08-24 14:21:04,,,,
2026-08-25 12:51:35,Mrnng,4,717050,11548414,1409,6-233-01-d,Nut,C,BF,117,S/P,,36,17460,skid# 190,F,,SHIPPED,,2026-08-25 12:51:35,,,,
2026-08-25 12:02:27,Mrnng,280,714698,w520101-s437,188,6-224-29-a,Nut,C,BF,120,S/P,,36,108000,skid# 235,F,,SHIPPED,,2026-08-25 12:02:27,,,,
2026-08-24 14:13:02,Mrnng,290,717052,11548414,1417,6-233-01-f,Nut,O,BF,109,S/P,,36,17460,skid# 65,F,,SHIPPED,,2026-08-24 14:13:02,,,,
2026-08-27 09:43:46,Mrnng,190/268,716614,11546377,1764,6-226-09-B,Nut,O,Tbl,3,S/P,STUCK TGT,35,75250,SKID# 248,F,30,SHIPPED,,2026-08-27 09:43:46,,,,
2026-08-27 09:38:54,Mrnng,292,716013,6502979,1114,6-229-61-b,Nut,O,BF,116,S/P,,32,24000,skid# 199,F,,SHIPPED,,2026-08-27 09:38:54,,,,
2026-08-21 12:46:24,Mrnng,280,716335,11546364-my-ak,1769,6-230-28-a,Nut,O,BF,124,Crt.&P,,21,73500,skid# 251,F,,SHIPPED,,2026-08-21 12:46:24,,,,
2026-08-21 12:07:33,Mrnng,294252,716662,06514720AA,883,6-232-27-D,Blt/Scrw,O,Tbl,4,S/P,,34,42500,SKID# 217,F,,SHIPPED,,2026-08-21 12:07:33,,,,
2026-08-24 17:21:19,Aftrn,285/391,717541,11502717-TH-TC,655,6-233-32-A,Nut,O,Tbl,2,Crt.&P,,24,31200,PACK# 6,F,,SHIPPED,,2026-08-24 17:21:19,,,,
2026-08-27 09:33:12,Mrnng,275,717268,6100050,1812,6-236-39-a,Nut,O,BF,108,S/P,MIXED,36,54000,skid# 175,F,2,SHIPPED,,2026-08-27 09:33:12,,,,
2026-08-24 16:55:14,Aftrn,252,716254,11547059,738,6-230-36-a,Blt/Scrw,C,Tbl,4,S/P,,24,13200,skid# 55,F,,SHIPPED,,2026-08-24 16:55:14,,,,
2026-08-21 09:56:58,Mrnng,280,716506,6101831,601,6-230-30-D,Nut,O,BF,121,S/P,,34,34000,SKID# 195,F,,SHIPPED,,2026-08-21 09:56:58,,,,
2026-08-24 16:51:06,Aftrn,285/391,717542,11502717-th-tc,604,6-233-32-b,Nut,O,Tbl,2,Crt.&P,,19,24700,skid# 23,F,,SHIPPED,,2026-08-24 16:51:06,,,,
2026-08-24 16:45:59,Aftrn,252,716254,11547059,738,6-230-36-a,Blt/Scrw,O,Tbl,4,S/P,,48,26400,skid# 175,F,,SHIPPED,,2026-08-24 16:45:59,,,,
2026-08-24 13:07:16,Mrnng,290,716468,11546378-my-ak,462,6-233-17-c,Nut,O,BF,107,Crt.&P,,36,45000,skid# 178,F,,SHIPPED,,2026-08-24 13:07:16,,,,
2026-08-25 11:31:59,Mrnng,4/292,716545,6502979,335,6-233-36-a,Nut,C,BF,116,S/P,,20,15000,skid# 53,F,,SHIPPED,,2026-08-25 11:31:59,,,,
2026-08-27 09:27:21,Mrnng,290,716642,11549171-MY-AK,1587,6-237-20-D,Nut,O,BF,109,Crt.&P,,36,10080,SKID# 191,F,,SHIPPED,,2026-08-27 09:27:21,,,,
2026-08-28 09:59:50,Mrnng,190/268,716725,nu3019-00,1053,6-238-12-d,Nut,O,Tbl,3,S/P,,1,4780,skid# 92,F,,SHIPPED,,2026-08-28 09:59:50,,,,
2026-08-24 11:29:55,Mrnng,280,716796,06104725AA,2,6-233-07-B,Nut,O,BF,123,S/P,,36,100800,SKID# 183,F,,SHIPPED,,2026-08-24 11:29:55,,,,
2026-08-25 11:22:10,Mrnng,275,716762,11546437,1387,6-230-24-b,Nut,C,BF,104,S/P,STUCK TGT,36,54000,skid# 104,F,30,SHIPPED,,2026-08-25 11:22:10,,,,
2026-08-24 15:41:38,Aftrn,290,716758,11546437,1700,6-230-22-b,Nut,O,BF,106,S/P,,36,54000,skid# 50,F,,SHIPPED,,2026-08-24 15:41:38,,,,
2026-08-24 10:13:13,Mrnng,275,716761,11546437,867,6-230-24-a,Nut,C,BF,104,S/P,,24,36000,skid# 234,F,,SHIPPED,,2026-08-24 10:13:13,,,,
2026-08-24 15:36:18,Aftrn,290,715949,11546366-MY-AK,51,6-233-21-B,Nut,O,BF,110,S/P,,36,36000,SKID# 253,F,,SHIPPED,,2026-08-24 15:36:18,,,,
2026-08-24 09:06:26,Mrnng,290,716469,11546378-my-ak,616,6-233-17-d,Nut,O,BF,107,Crt.&P,,36,45000,skid# 128,F,,SHIPPED,,2026-08-24 09:06:26,,,,
2026-08-22 15:28:31,Aftrn,292,716452,11610091,1567,6-229-50-B,Nut,O,BF,116,S/P,,32,80000,SKID# 80,F,,SHIPPED,,2026-08-22 15:28:31,,,,
2026-08-22 15:21:39,Aftrn,292,716452,11610091,1567,6-229-50-b,Nut,C,BF,116,S/P,,24,60000,skid# 132,F,,SHIPPED,,2026-08-22 15:21:39,,,,
2026-08-26 17:34:22,Aftrn,4/292,716535,06102398aa,222,6-233-34-a,Nut,O,BF,113,S/P,"MIXED, STUCK TGT",27,129600,skid# 34,F,"1, 43",SHIPPED,,2026-08-26 17:34:22,,,,
2026-08-28 11:53:48,Mrnng,252/11,716733,nu3019-00,149,6-238-12-l,Nut,O,Tbl,4,S/P,,1,5400,pack# 6,F,,SHIPPED,,2026-08-28 11:53:48,,,,
2026-08-28 09:45:28,Mrnng,252/11,716730,nu3019-00,758,6-238-12-i,Nut,O,Tbl,4,S/P,MIXED,1,4700,skid# 20,F,1,SHIPPED,,2026-08-28 09:45:28,,,,
2026-08-22 14:21:33,Mrnng,275,714693,w520101-s442,147,6-226-13-a,Nut,O,MC,112,S/P,MIXED,54,162000,skid# 199,F,2,SHIPPED,,2026-08-22 14:21:33,,,,
2026-08-26 15:09:04,Aftrn,290,716641,11549171-my-ak,1443,6-237-20-C,Nut,O,BF,109,Crt.&P,,36,10080,SKID #48,F,,SHIPPED,,2026-08-26 15:09:04,,,,
2026-08-26 15:04:10,Aftrn,290,716991,06509967aa,KIB,6-236-01-a,Blt/Scrw,O,BF,105,S/P,,29,23925,skid# 141,F,,SHIPPED,,2026-08-26 15:04:10,,,,
2026-08-27 15:47:49,Aftrn,275,716898,06511637AA,1584,6-236-32-A,Nut,O,BF,112,S/P,,33,39600,PACK# 4,F,,SHIPPED,,2026-08-27 15:47:49,,,,
2026-08-27 15:42:23,Aftrn,275,717699,11546377-PH-RO,638,6-238-08-C,Nut,O,BF,104,Crt.&P,STUCK TGT,36,77400,skid #220,F,2000,SHIPPED,,2026-08-27 15:42:23,,,,
2026-08-28 11:04:28,Mrnng,290,716231,11549168,1519,6-239-22-B,Nut,O,BF,107,S/P,,36,36000,SKID# 220,F,,SHIPPED,,2026-08-28 11:04:28,,,,
2026-08-27 15:35:37,Aftrn,292,717042,11546367-my-ak,1680,6-237-17-d,Nut,O,MC,110,Cert.&P,MIXED,48,33600,SKID# 154,F,3,SHIPPED,,2026-08-27 15:35:37,,,,
2026-08-26 16:52:55,Aftrn,292,716128,11546368-MY-AK,448,6-237-12-E,Nut,C,BF,117,Crt.&P,,20,9000,SKID# 178,F,,SHIPPED,,2026-08-26 16:52:55,,,,
2026-08-27 15:26:25,Aftrn,175/297,714600,4200818SHJ5A00Z,1688,6-233-28-C,Nut,O,Tbl,1,S/P,MISSING COLOR,36,30600,skid #94,F,230,SHIPPED,,2026-08-27 15:26:25,,,,
2026-08-27 15:19:06,Aftrn,272,710831,11549168-CA-IN,822,6-231-03-A,Nut,O,MC,26,Crt.&P,,28,28000,SKID# 156,F,,SHIPPED,,2026-08-27 15:19:06,,,,
2026-08-26 14:29:43,Mrnng,285/391,717695,11546377-ph-ro,1056,6-238-07-a,Nut,O,Tbl,2,Crt.&P,STUCK TGT,36,77400,skid# 231,F,408,SHIPPED,,2026-08-26 14:29:43,,,,
2026-08-26 14:23:38,Mrnng,11/252,716954,22800396-in-pn,274,6-236-43-b,Nut,O,Tbl,4,Crt.&P,,24,31200,skid# 128,F,,SHIPPED,,2026-08-26 14:23:38,,,,
2026-08-26 14:18:13,Mrnng,157/297,716244,82253,940,6-236-30-a,Nut,O,Tbl,1,S/P,MIXED,28,37800,skid# 244,F,1,SHIPPED,,2026-08-26 14:18:13,,,,
2026-08-28 09:25:50,Mrnng,190/268,717241,NU1136-01,1651,6-238-13-K,Nut,O,Tbl,3,S/P,mixed,1,7480,SKID# 82,F,3,SHIPPED,,2026-08-28 09:25:50,,,,
2026-08-20 17:21:04,Aftrn,290,714102,11546368-my-ak,841,6-229-07-d,Nut,O,BF,109,Crt.&P,,38,17100,skid# 190,F,,SHIPPED,,2026-08-20 17:21:04,,,,
2026-08-27 15:10:31,Aftrn,190/268,716532,f1302ab-ht,1535,6-238-16-B,Blt/Scrw,O,Tbl,3,S/P,,21,14700,skid# 231,F,,SHIPPED,,2026-08-27 15:10:31,,,,
2026-08-27 15:03:50,Aftrn,11/252,714599,4200818shj5a00z,639,6-233-28-d,Nut,O,Tbl,4,S/P,MISSING TAB,48,40800,skid# 252,F,83,SHIPPED,,2026-08-27 15:03:50,,,,
2026-08-26 13:55:47,Mrnng,292/4,716012,6502979,473,6-229-61-a,Nut,O,BF,116,S/P,MIXED,23,17250,skid# 190,F,1,SHIPPED,,2026-08-26 13:55:47,,,,
2026-08-20 14:41:51,Mrnng,290,714102,11546368-my-ak,841,6-229-07-d,Nut,C,BF,109,Crt.&P,,24,10800,skid# 115,F,,SHIPPED,,2026-08-20 14:41:51,,,,
2026-08-20 13:04:50,Mrnng,280,716334,11546364-my-ak,478,6-230-27-b,Nut,O,BF,124,Crt.&P,,36,126000,skid# 14,F,,SHIPPED,,2026-08-20 13:04:50,,,,
2026-08-24 13:19:59,Mrnng,252/294,716040,11547369-BR-HA,1821,6-236-05-C,Nut,O,Tbl,4,Crt.&P,MIXED,38,9500,SKID# 66,F,6,SHIPPED,,2026-08-24 13:19:59,,,,
2026-08-20 11:50:20,Mrnng,290,715771,11549168,236,6-229-10-B,Nut,O,BF,107,S/P,,63,63000,SKID# 220,F,,SHIPPED,,2026-08-20 11:50:20,,,,
2026-08-18 13:06:44,Mrnng,11/293,713854,11546703,1406,6-229-02-B,Blt/Scrw,O,Tbl,5,S/P,,32,128000,SKID# 50,F,,SHIPPED,,2026-08-18 13:06:44,,,,
2026-08-18 11:44:44,Mrnng,11/293,714423,11546703,307,6-229-05-B,Blt/Scrw,O,Tbl,5,S/P,MIXED,27,108000,SKID# 65,F,1,SHIPPED,,2026-08-18 11:44:44,,,,
2026-08-20 11:05:59,Mrnng,275,714180,11546368-my-ak,520,6-229-08-e,Nut,O,BF,112,Crt.&P,MIXED,36,16200,skid# 173,F,2,SHIPPED,,2026-08-20 11:05:59,,,,
2026-08-20 10:55:04,Mrnng,190/268/157/245,716756,06513399aa,686,6-231-04-i,Nut,O,Tbl,3,S/P,MIZXED,7,1610,skid# 225,F,1,SHIPPED,,2026-08-20 10:55:04,,,,
2026-08-20 10:55:04,Mrnng,190/268/157/245,716751,06513399aa,445,6-231-04-e,Nut,O,Tbl,1,S/P,MIXED,32,7360,skid# 225,F,2,SHIPPED,,2026-08-20 10:55:04,,,,
2026-08-20 10:51:17,Mrnng,252/294,716754,06513399aa,358,6-231-04-h,Nut,O,Tbl,4,S/P,,34,7820,skid# 34,F,,SHIPPED,,2026-08-20 10:51:17,,,,
2026-08-20 10:47:21,Mrnng,157/245,716308,06513399aa,655,6-231-04-B,Nut,O,Tbl,1,S/P,MIXED,36,8280,SKID# 191,F,1,SHIPPED,,2026-08-20 10:47:21,,,,
2026-08-20 10:41:11,Mrnng,275,716527,11546449,1381,6-229-40-A,Nut,O,BF,102,S/P,STUCK TGT,36,90000,SKID# 193,F,49,SHIPPED,,2026-08-20 10:41:11,,,,
2026-08-20 10:33:58,Mrnng,252/294,715796,11610128,1330,6-224-05-a,Blt/Scrw,O,Tbl,4,S/P,MIXED,27,30375,skid# 149,F,1,SHIPPED,,2026-08-20 10:33:58,,,,
2026-08-20 10:28:43,Mrnng,280,716524,11546449,73,6-229-38-B,Nut,O,BF,123,S/P,STUCK TGT,36,90000,SKID# 235,F,52,SHIPPED,,2026-08-20 10:28:43,,,,
2026-08-20 10:20:33,Mrnng,190/268,717116,11588714,kib,6-231-07-D,Blt/Scrw,O,Tbl,3,S/P,,24,33600,SKID# 241,F,,SHIPPED,,2026-08-20 10:20:33,,,,
2026-08-26 16:22:45,Aftrn,4,705986,11612078,134,6-163-19-b,Nut,O,MC,74,S/P,STUCK TGT,20,37000,skid# 207,F,400,SHIPPED,,2026-08-26 16:22:45,,,,
2026-08-20 09:42:04,Mrnng,157/245,716307,06513399aa,703,6-231-04-a,Nut,O,Tbl,1,S/P,,36,8280,skid# 25,F,,SHIPPED,,2026-08-20 09:42:04,,,,
2026-08-20 09:25:01,Mrnng,290,715771,11549168,236,6-229-10-B,Nut,C,BF,107,S/P,,36,36000,SKID# 96,F,,SHIPPED,,2026-08-20 09:25:01,,,,
2026-08-20 09:08:04,Mrnng,252/294/285/391,717086,11588714,KIB,6-231-06-b,Blt/Scrw,O,Tbl,4,S/P,,22,30800,skid# 41,F,,SHIPPED,,2026-08-20 09:08:04,,,,
2026-08-20 09:08:04,Mrnng,252/294/285/391,717115,11588714,KIB,6-231-07-c,Blt/Scrw,O,Tbl,2,S/P,,15,21000,skid# 41,F,,SHIPPED,,2026-08-20 09:08:04,,,,
2026-08-19 17:57:09,Aftrn,292,714531,11546366-my-ak,1082,6-229-33-b,Nut,O,MC,19,Crt.&P,"MIXED, STUCK TGT",49,49000,skid# 83,F,"4, 2",SHIPPED,,2026-08-19 17:57:09,,,,
2026-08-19 17:55:14,Aftrn,252,717084,11588714,KIB,6-231-05-b,Blt/Scrw,O,Tbl,4,S/P,MIXED,27,37800,skid# 32,F,1,SHIPPED,,2026-08-19 17:55:14,,,,
2026-08-19 17:47:41,Aftrn,157/245/11/293,717085,11588714,kib,6-231-06-A,Blt/Scrw,O,Tbl,1,S/P,,22,30800,SKID# 12,F,,SHIPPED,,2026-08-19 17:47:41,,,,
2026-08-19 17:47:41,Aftrn,157/245/11/293,717083,11588714,KIB,6-231-05-a,Blt/Scrw,O,Tbl,5,S/P,MIXED,15,21000,SKID# 12,F,1,SHIPPED,,2026-08-19 17:47:41,,,,
2026-08-22 10:29:32,Mrnng,275,714693,W520101-S442,147,6-226-13-A,Nut,C,MC,112,S/P,,36,108000,SKID# 161,F,,SHIPPED,,2026-08-22 10:29:32,,,,
2026-08-22 10:22:34,Mrnng,280,716875,11546449,1074,6-232-17-B,Nut,O,BF,123,S/P,,36,90000,SKID# 140,F,,SHIPPED,,2026-08-22 10:22:34,,,,
2026-08-24 12:49:42,Mrnng,280,715969,11546365-my-ak,860,6-233-20-b,Nut,O,BF,124,Crt.&P,,36,68400,skid# 182,F,,SHIPPED,,2026-08-24 12:49:42,,,,
2026-08-26 16:17:34,Aftrn,190/268,716025,40179994,625,6-231-17-b,Nut,O,Tbl,3,S/P,MIXED,21,3570,skid# 218,F,5,SHIPPED,,2026-08-26 16:17:34,,,,
2026-08-27 15:00:55,Aftrn,280,716854,11546448,227,6-236-07-a,Nut,O,BF,123,S/P,,34,112200,skid# 36,F,,SHIPPED,,2026-08-27 15:00:55,,,,
2026-08-26 13:32:02,Mrnng,290,717041,11546367-MY-AK,619,6-237-17-C,Nut,O,BF,107,Crt.&P,,36,25200,SKID# 206,F,,SHIPPED,,2026-08-26 13:32:02,,,,
2026-08-19 09:21:05,Mrnng,190/268,714617,06511777aa,486,6-229-43-d,Blt/Scrw,O,Tbl,3,S/P,,38,15580,skid# 134,F,,SHIPPED,,2026-08-19 09:21:05,,,,
2026-08-27 14:56:06,Mrnng,190/268,716531,f1302ab-ht,1371,6-238-16-A,Blt/Scrw,O,Tbl,3,S/P,,36,25200,skid #48,F,,SHIPPED,,2026-08-27 14:56:06,,,,
2026-08-18 15:16:14,Aftrn,290,715783,11549170,691,6-226-18-j,Nut,O,BF,109,S/P,,58,23200,skid# 145,F,,SHIPPED,,2026-08-18 15:16:14,,,,
2026-08-28 09:25:01,Mrnng,157/297,717236,NU1136-01,1005,6-238-18-F,Nut,O,Tbl,1,S/P,,1,7790,SKID# 130,F,,SHIPPED,,2026-08-28 09:25:01,,,,
2026-08-18 13:48:01,Mrnng,290,715783,11549170,691,6-226-18-j,Nut,O,BF,109,S/P,,36,14400,skid# 87,F,,SHIPPED,,2026-08-18 13:48:01,,,,
2026-08-27 14:44:37,Mrnng,292,717038,11546367-my-ak,15,6-237-18-f,Nut,O,BF,116,Crt.&P,MIXED,36,25200,skid# 16,F,1,SHIPPED,,2026-08-27 14:44:37,,,,
2026-08-27 14:40:13,Mrnng,290,717032,11546367-my-ak,1035,6-237-17-b,Nut,O,BF,107,Crt.&P,,36,25200,skid# 241,F,,SHIPPED,,2026-08-27 14:40:13,,,,
2026-08-17 17:20:38,Aftrn,280,716279,11546449,1102,6-225-25-c,Nut,O,BF,123,S/P,STUCK TGT,36,90000,skid# 170,F,15,SHIPPED,,2026-08-17 17:20:38,,,,
2026-08-26 15:47:01,Aftrn,285/391,717698,11546377-PH-RO,1411,6-238-08-B,Nut,O,Tbl,2,Crt.&P,SILVERS,29,62350,SKID# 30,F,384,SHIPPED,,2026-08-26 15:47:01,,,,
2026-08-26 12:57:47,Mrnng,275,716863,6101968,648,6-236-27-b,Nut,O,BF,103,S/P,,32,70400,skid# 23,F,,SHIPPED,,2026-08-26 12:57:47,,,,
2026-08-17 15:01:08,Aftrn,285/391,716326,06511834aa,97,6-229-22-b,Nut,O,Tbl,2,S/P,MIXED,36,3600,skid# 137,F,2,SHIPPED,,2026-08-17 15:01:08,,,,
2026-08-24 14:21:04,Mrnng,290,716989,06509967aa,KIB,6-233-24-a,Blt/Scrw,C,BF,105,S/P,,17,14025,skid# 171,F,,SHIPPED,,2026-08-24 14:21:04,,,,
2026-08-27 14:36:14,Mrnng,292,717035,11546367-MY-AK,458,6-237-18-C,Nut,O,BF,117,Crt.&P,MIXED,36,25200,SKID# 145,F,1,SHIPPED,,2026-08-27 14:36:14,,,,
2026-08-28 09:15:11,Mrnng,252/11,717243,NU1136-01,900,6-238-13-M,Nut,O,Tbl,4,S/P,,1,7620,SKID# 27,F,,SHIPPED,,2026-08-28 09:15:11,,,,
2026-08-27 13:48:36,Mrnng,190/268,717981,11604000,KIB,6-238-14-a,Nut,O,Tbl,3,S/P,,24,14040,skid# 10,F,,SHIPPED,,2026-08-27 13:48:36,,,,
2026-08-27 13:39:28,Mrnng,280,717073,11546456,724,6-236-21-C,Nut,O,BF,124,S/P,,32,86400,SKID# 190,F,,SHIPPED,,2026-08-27 13:39:28,,,,
2026-08-26 11:45:10,Mrnng,11/252,716438,22800396-in-pn,1611,6-236-43-a,Nut,O,Tbl,4,Crt.&P,MIXED,24,31200,pack# 2,F,4,SHIPPED,,2026-08-26 11:45:10,,,,
2026-08-27 13:31:31,Mrnng,290,716372,11546367-MY-AK,231,6-236-10-B,Nut,O,MC,78,Crt.&P,,36,25200,SKID# 183,F,,SHIPPED,,2026-08-27 13:31:31,,,,
2026-08-24 13:01:12,Mrnng,292,716132,11546367-my-ak,158,6-232-13-a,Nut,O,MC,110,Crt.&P,MIXED,36,25200,skid# 156,F,11,SHIPPED,,2026-08-24 13:01:12,,,,
2026-08-27 13:23:02,Mrnng,290,717039,11546367-MY-AK,1765,6-237-18-G,Nut,O,BF,107,Crt.&P,,36,25200,SKID# 115,F,,SHIPPED,,2026-08-27 13:23:02,,,,
2026-08-27 13:13:48,Mrnng,290,716886,6101831,1017,6-233-25-a,Nut,O,BF,110,S/P,,16,16000,skid# 73,F,,SHIPPED,,2026-08-27 13:13:48,,,,
2026-08-24 12:45:47,Mrnng,157/245,716544,6503825,404,6-233-30-b,Nut,C,Tbl,1,S/P,,36,54000,skid# 231,F,,SHIPPED,,2026-08-24 12:45:47,,,,
2026-08-24 11:57:18,Mrnng,252/294,716577,55364498AA,561,6-232-32-A,Blt/Scrw,O,Tbl,4,S/P,MIXED,25,13000,SKID# 121,F,9,SHIPPED,,2026-08-24 11:57:18,,,,
2026-08-21 16:39:12,Aftrn,292,716224,11549170,1788,6-231-10-f,Nut,O,BF,117,S/P,MIXED,36,14400,skid# 7,F,10,SHIPPED,,2026-08-21 16:39:12,,,,
2026-08-24 11:42:06,Mrnng,285/391,716534,06105051aa,418,6-232-34-b,Blt/Scrw,O,Tbl,2,S/P,MIXED,34,21080,pack# 2,F,1,SHIPPED,,2026-08-24 11:42:06,,,,
2026-08-21 16:30:35,Aftrn,190/268,716008,6503825,259,6-229-55-a,Nut,O,Tbl,3,S/P,STUCK TGT,59,88500,skid# 237,F,1100,SHIPPED,,2026-08-21 16:30:35,,,,
2026-08-21 16:27:37,Aftrn,292,716381,11546367-my-ak,1525,6-232-21-e,Nut,O,MC,110,Crt.&P,"MIXED, STUCK TGT",36,25200,skid# 119,F,"5, 2",SHIPPED,,2026-08-21 16:27:37,,,,
2026-08-21 16:24:31,Aftrn,157/245,717558,11588293,KIB,6-232-24-d,Nut,O,Tbl,1,S/P,,26,29900,skid# 198,F,,SHIPPED,,2026-08-21 16:24:31,,,,
2026-08-27 13:13:48,Mrnng,290,716888,6101831,1314,6-233-25-c,Nut,O,BF,110,S/P,,14,14000,skid# 73,F,,SHIPPED,,2026-08-27 13:13:48,,,,
2026-08-28 08:59:00,Mrnng,190/268,717237,NU1136-01,26,6-238-13-G,Nut,O,Tbl,3,S/P,,1,10000,SKID# 77,F,,SHIPPED,,2026-08-28 08:59:00,,,,
2026-08-21 16:14:46,Aftrn,275,716879,11546449,1829,6-232-19-b,Nut,O,BF,102,S/P,"MIXED, STUCK TGT",36,90000,pack# 5,F,"5, 20",SHIPPED,,2026-08-21 16:14:46,,,,
2026-08-21 16:10:23,Aftrn,275,716876,11546449,1620,6-232-18-a,Nut,O,BF,104,S/P,STUCK TGT,36,90000,skid# 3,F,50,SHIPPED,,2026-08-21 16:10:23,,,,
2026-08-26 14:58:18,Aftrn,292,716129,11546368-my-ak,1761,6-237-12-f,Nut,O,BF,117,Cert.&P,MIXED,20,9000,SKID# 224,F,1,SHIPPED,,2026-08-26 14:58:18,,,,
2026-08-21 15:59:24,Aftrn,190/268,716008,6503825,259,6-229-55-a,Nut,C,Tbl,3,S/P,STUCK TGT,36,54000,pack# 1,F,650,SHIPPED,,2026-08-21 15:59:24,,,,
2026-08-27 13:05:20,Mrnng,292,717044,11546367-my-ak,388,6-237-17-F,Nut,O,BF,117,Crt.&P,"MIXED, STUCK TGT",36,25200,SKID# 212,F,"3, 2",SHIPPED,,2026-08-27 13:05:20,,,,
2026-08-24 09:46:13,Mrnng,275,716878,11546449,150,6-232-19-a,Nut,O,BF,102,S/P,"MIXED, STUCK TGT",32,80000,skid# 154,F,"10, 15",SHIPPED,,2026-08-24 09:46:13,,,,
2026-08-28 08:51:57,Mrnng,157/297,717239,NU1136-01,1439,6-238-13-I,Nut,O,Tbl,1,S/P,mixed,1,10000,SKID# 120,F,2,SHIPPED,,2026-08-28 08:51:57,,,,
2026-08-27 12:54:26,Mrnng,275,716861,6101968,1517,6-236-26-b,Nut,O,BF,103,S/P,"MIXED, STUCK TGT",32,70400,skid# 185,F,"2, 100",SHIPPED,,2026-08-27 12:54:26,,,,
2026-08-26 14:35:10,Mrnng,272,710832,11549168-ca-in,1564,6-231-03-b,Nut,C,MC,26,Crt.&P,"MIXED, SILVERS, DAMAGED",20,20000,skid# 36,F,"3, 28, 3",SHIPPED,,2026-08-26 14:35:10,,,,
2026-08-26 14:35:10,Mrnng,272,710690,11549168-ca-in,615,6-216-25-b,Nut,O,MC,26,S/P,"MIXED, DAMAGED",52,52000,skid# 36,F,"3, 3",SHIPPED,,2026-08-26 14:35:10,,,,
2026-08-27 12:47:56,Mrnng,280,716379,11546367-MY-AK,640,6-236-09-C,Nut,O,BF,121,Crt.&P,,36,25200,SKID# 196,F,,SHIPPED,,2026-08-27 12:47:56,,,,
2026-08-28 08:34:54,Mrnng,285/391,717240,NU1136-01,797,6-238-13-J,Nut,O,Tbl,2,S/P,,1,10000,SKID# 28,F,,SHIPPED,,2026-08-28 08:34:54,,,,
2026-08-21 15:12:30,Aftrn,290,715965,11546378-my-ak,248,6-232-20-d,Nut,O,BF,107,S/P,,36,45000,skid# 197,F,,SHIPPED,,2026-08-21 15:12:30,,,,
2026-08-26 13:55:47,Mrnng,292/4,716013,6502979,1114,6-229-61-b,Nut,C,BF,116,S/P,,13,9750,skid# 190,F,,SHIPPED,,2026-08-26 13:55:47,,,,
2026-08-27 11:53:25,Mrnng,280,716856,11546448,148,6-236-08-A,Nut,O,BF,124,S/P,STUCK TGT,28,92400,SKID# 217,F,31,SHIPPED,,2026-08-27 11:53:25,,,,
2026-08-27 11:47:55,Mrnng,290,716640,11549171-MY-AK,771,6-237-20-B,Nut,O,BF,109,S/P,,36,10080,SKID# 26,F,,SHIPPED,,2026-08-27 11:47:55,,,,
2026-08-25 17:44:38,Aftrn,285/391,716242,61273,833,6-232-30-C,Blt/Scrw,O,Tbl,2,S/P,MIXED,24,7200,SKID# 94,F,1,SHIPPED,,2026-08-25 17:44:38,,,,
2026-08-27 11:39:01,Mrnng,275,716234,W520101-S437,202,6-237-21-a,Nut,O,MC,112,S/P,,36,108000,skid# 213,F,,SHIPPED,,2026-08-27 11:39:01,,,,
2026-08-22 11:59:02,Mrnng,290,716872,11546449,559,6-232-16-a,Nut,O,BF,106,S/P,,36,90000,skid# 208,F,,SHIPPED,,2026-08-22 11:59:02,,,,
2026-08-25 17:21:40,Aftrn,280,716370,11546367-MY-AK,21,6-236-09-B,Nut,O,BF,121,Crt.&P,,36,25200,SKID# 252,F,,SHIPPED,,2026-08-25 17:21:40,,,,
2026-08-25 16:57:24,Aftrn,4,716383,11546367-MY-AK,1343,6-236-10-C,Nut,O,MC,110,Crt.&P,,36,25200,SKID# 60,F,,SHIPPED,,2026-08-25 16:57:24,,,,
2026-08-27 11:29:52,Mrnng,190/268,717983,11604000,kib,6-238-14-C,Nut,O,Tbl,3,S/P,,36,21060,SKID# 78,F,,SHIPPED,,2026-08-27 11:29:52,,,,
2026-08-27 11:21:35,Mrnng,280,717074,11546456,1059,6-236-22-A,Nut,O,BF,123,S/P,STUCK TGT,33,89100,SKID# 228,F,34,SHIPPED,,2026-08-27 11:21:35,,,,
2026-08-27 11:21:35,Mrnng,280,717072,11546456,1780,6-236-21-b,Nut,O,BF,114,S/P,STUCK TGT,33,89100,SKID# 228,F,20,SHIPPED,,2026-08-27 11:21:35,,,,
2026-08-28 08:31:08,Mrnng,11/252,716493,NU1136-01,1436,6-238-13-C,Nut,O,Tbl,4,S/P,mixed,1,10000,SKID# 222,F,1,SHIPPED,,2026-08-28 08:31:08,,,,
2026-08-27 11:13:49,Mrnng,190/268,717982,11604000,kib,6-238-14-b,Nut,O,Tbl,3,S/P,,36,21060,skid# 219,F,,SHIPPED,,2026-08-27 11:13:49,,,,
2026-08-26 12:51:36,Mrnng,292,716122,11546368-my-ak,103,6-237-12-c,Nut,O,BF,117,Crt.&P,MIXED,36,16200,skid# 220,F,2,SHIPPED,,2026-08-26 12:51:36,,,,
2026-08-25 13:26:59,Mrnng,285/391,716446,92468,981,6-229-47-B,Blt/Scrw,O,Tbl,2,S/P,MIXED,29,29000,SKID# 16,F,1,SHIPPED,,2026-08-25 13:26:59,,,,
2026-08-25 11:55:39,Mrnng,157,714578,f1302ab-ht,1572,6-236-35-C,Blt/Scrw,O,Tbl,1,S/P,RUSTY,32,22400,skid# 156,F,185,SHIPPED,,2026-08-25 11:55:39,,,,
2026-08-25 11:48:59,Mrnng,252,714574,f1302ab-ht,269,6-236-35-a,Blt/Scrw,O,Tbl,4,S/P,MIXED,36,25200,skid# 212,F,1,SHIPPED,,2026-08-25 11:48:59,,,,
2026-08-25 11:37:03,Mrnng,275,717081,11546462,171,6-233-18-C,Nut,O,BF,108,S/P,,36,23400,SKID# 134,F,,SHIPPED,,2026-08-25 11:37:03,,,,
2026-08-25 11:31:59,Mrnng,4/292,716546,6502979,1557,6-233-36-b,Nut,O,BF,116,S/P,,24,18000,skid# 53,F,,SHIPPED,,2026-08-25 11:31:59,,,,
2026-08-25 11:28:40,Mrnng,290,717053,11548414,1366,6-233-02-a,Nut,O,BF,109,S/P,,36,17460,skid# 145,F,,SHIPPED,,2026-08-25 11:28:40,,,,
2026-08-25 11:16:21,Mrnng,11,716238,N620483-S2,1682,6-233-37-A,Nut,O,Tbl,5,S/P,MIXED,36,21600,SKID# 115,F,2,SHIPPED,,2026-08-25 11:16:21,,,,
2026-08-25 10:56:08,Mrnng,190/268,717472,94012078,211,6-236-31-B,Blt/Scrw,O,Tbl,3,S/P,,23,2300,SKID# 213,F,,SHIPPED,,2026-08-25 10:56:08,,,,
2026-08-25 10:25:12,Mrnng,292,715967,11546365-MY-AK,57,6-233-19-b,Nut,O,MC,24,S/P,"MIXED, STUCK TGT",43,81700,skid# 217,F,"1, 27",SHIPPED,,2026-08-25 10:25:12,,,,
2026-08-26 12:44:42,Mrnng,11/252,716024,40179994,1383,6-231-17-a,Nut,O,Tbl,4,S/P,MIXED,38,6460,skid# 241,F,4,SHIPPED,,2026-08-26 12:44:42,,,,
2026-08-19 17:17:28,Aftrn,280,716137,11546367-my-ak,176,6-230-26-b,Nut,O,BF,121,Crt.&P,,33,23100,skid# 233,F,,SHIPPED,,2026-08-19 17:17:28,,,,
2026-08-27 11:08:50,Mrnng,11/252,714599,4200818SHJ5A00Z,639,6-233-28-D,Nut,C,Tbl,4,S/P,MISSING COLOR,25,21250,skid #1,F,63,SHIPPED,,2026-08-27 11:08:50,,,,
2026-08-27 11:00:42,Mrnng,285/391,716444,w719080-s450,1089,6-229-53-A,Nut,O,Tbl,2,S/P,,45,47250,SKID# 155,F,,SHIPPED,,2026-08-27 11:00:42,,,,
2026-08-27 10:47:19,Mrnng,285/391,717631,11546377-ph-ro,92,6-238-05-a,Nut,O,Tbl,2,Crt.&P,STUCK TGT,21,45150,skid# 170,F,259,SHIPPED,,2026-08-27 10:47:19,,,,
2026-08-25 09:30:07,Mrnng,280,715968,11546365-my-ak,1696,6-233-20-a,Nut,O,BF,124,Crt.&P,,23,43700,skid# 96,F,,SHIPPED,,2026-08-25 09:30:07,,,,
2026-08-25 09:10:20,Mrnng,292,715967,11546365-MY-AK,57,6-233-19-B,Nut,C,MC,24,Crt.&P,"MIXED, STUCK TGT",18,34200,SKID# 131,F,"1, 27",SHIPPED,,2026-08-25 09:10:20,,,,
2026-08-26 11:31:38,Mrnng,190/268,716744,82253,186,6-236-30-D,Nut,O,Tbl,3,S/P,MIXED,35,47250,SKID# 25,F,3,SHIPPED,,2026-08-26 11:31:38,,,,
2026-08-24 18:00:36,Aftrn,285/391,716038,11547369-br-ha,291,6-236-05-b,Nut,O,Tbl,2,Crt.&P,,41,10250,pack# 9,F,,SHIPPED,,2026-08-24 18:00:36,,,,
2026-08-27 10:38:04,Mrnng,280,717700,11546377-PH-RO,542,6-238-08-D,Nut,O,BF,118,Crt.&P,,18,38700,SKID# 135,F,,SHIPPED,,2026-08-27 10:38:04,,,,
2026-08-28 10:56:24,Mrnng,275,716235,W520101-S437,793,6-237-21-B,Nut,O,MC,112,S/P,,48,144000,PACK# 8,F,,SHIPPED,,2026-08-28 10:56:24,,,,
2026-08-26 11:13:00,Mrnng,285/391,716743,82253,1526,6-236-30-c,Nut,O,Tbl,2,S/P,MIXED,36,48600,skid# 167,F,4,SHIPPED,,2026-08-26 11:13:00,,,,
2026-08-28 10:46:59,Mrnng,275,716432,06511637AA,1619,6-229-62-B,Nut,O,BF,112,S/P,,36,43200,SKID# 156,F,,SHIPPED,,2026-08-28 10:46:59,,,,
2026-08-24 16:41:50,Aftrn,190/268,715985,W520217-S440,782,6-236-16-D,Nut,O,Tbl,3,S/P,,36,4860,SKID# 196,F,,SHIPPED,,2026-08-24 16:41:50,,,,
2026-08-28 10:41:45,Mrnng,190/268,715973,nu3019-00,1511,6-238-12-a,Nut,O,Tbl,3,S/P,,1,4780,skid# 186,F,,SHIPPED,,2026-08-28 10:41:45,,,,
2026-08-28 10:41:04,Mrnng,290,716126,11546368-my-ak,129,6-237-13-C,Nut,O,BF,109,S/P,,36,16200,SKID# 36,F,,SHIPPED,,2026-08-28 10:41:04,,,,
2026-08-28 10:32:39,Mrnng,252/11,716736,NU3019-00,1593,6-238-12-O,Nut,O,Tbl,4,S/P,,1,5250,SKID# 173,F,,SHIPPED,,2026-08-28 10:32:39,,,,
2026-08-27 16:56:16,Mrnng,197/297,716495,NU1136-01,169,6-238-13-E,Nut,O,Tbl,1,S/P,mixed,1,10000,SKID# 104,F,5,SHIPPED,,2026-08-27 16:56:16,,,,
2026-08-26 10:24:08,Mrnng,272,710690,11549168-CA-IN,615,6-216-25-B,Nut,C,MC,26,Crt.&P,"MIXED, SILVERS, DAMAGED, UNLOCKED",36,36000,SKID# 149,F,"3, 28, 3, 1",SHIPPED,,2026-08-26 10:24:08,,,,
2026-08-27 16:55:25,Mrnng,285/391,716491,NU1136-01,1316,6-238-13-B,Nut,O,Tbl,2,S/P,,1,10000,SKID# 53,F,,SHIPPED,,2026-08-27 16:55:25,,,,
2026-08-28 10:16:24,Mrnng,280,716855,11546448,264,6-236-07-B,Nut,O,BF,114,S/P,STUCK TGT,36,118800,PACK# 5,F,27,SHIPPED,,2026-08-28 10:16:24,,,,
2026-08-26 16:47:09,Aftrn,285/391,716245,82253,1087,6-236-30-b,Nut,O,Tbl,2,S/P,MIXED,28,37800,pack# 5,F,4,SHIPPED,,2026-08-26 16:47:09,,,,
2026-08-28 10:13:27,Mrnng,157/297,716724,NU3019-00,1430,6-238-12-C,Nut,O,Tbl,1,S/P,,1,4700,SKID# 32,F,,SHIPPED,,2026-08-28 10:13:27,,,,
2026-08-26 16:28:03,Aftrn,292,717042,11546367-my-ak,1680,6-237-17-d,Nut,O,MC,110,Crt.&P,MIXED,36,25200,skid# 66,F,3,SHIPPED,,2026-08-26 16:28:03,,,,
2026-08-21 15:00:36,Aftrn,252,716803,06104388aa,373,6-233-12-e,Blt/Scrw,O,Tbl,4,S/P,MIXED,31,20460,skid #48,F,1,SHIPPED,,2026-08-21 15:00:36,,,,
2026-08-26 16:22:45,Aftrn,4,708877,11612078,1668,6-217-31-b,Nut,C,MC,74,S/P,,16,29600,skid# 207,F,,SHIPPED,,2026-08-26 16:22:45,,,,
2026-08-21 14:55:52,Mrnng,157/245,716801,06104388aa,1603,6-233-12-c,Blt/Scrw,O,Tbl,1,S/P,,36,23760,skid# 64,F,,SHIPPED,,2026-08-21 14:55:52,,,,
2026-08-21 14:51:38,Mrnng,280,716868,11546449,1028,6-232-14-a,Nut,O,BF,114,S/P,STUCK TGT,36,90000,skid# 164,F,20,SHIPPED,,2026-08-21 14:51:38,,,,
2026-08-28 10:08:40,Mrnng,285/391,717238,nu1136-01,1848,6-238-13-h,Nut,O,Tbl,2,S/P,,1,3980,skid# 55,F,,SHIPPED,,2026-08-28 10:08:40,,,,
2026-08-27 16:28:54,Mrnng,190/268,716494,NU1136-01,156,6-238-13-D,Nut,O,Tbl,3,S/P,,1,9500,SKID# 60,F,,SHIPPED,,2026-08-27 16:28:54,,,,
2026-08-21 14:12:49,Mrnng,252/294,716769,06104384aa,577,6-233-09-a,Blt/Scrw,O,Tbl,4,S/P,MIXED,30,22500,skid# 245,F,2,SHIPPED,,2026-08-21 14:12:49,,,,
2026-08-21 14:06:24,Mrnng,252/294,716770,06104384aa,1522,6-233-09-b,Blt/Scrw,O,Tbl,4,S/P,MIXED,36,27000,skid# 141,F,1,SHIPPED,,2026-08-21 14:06:24,,,,
2026-08-21 13:50:50,Mrnng,290,716872,11546449,559,6-232-16-A,Nut,C,BF,106,S/P,,18,45000,SKID# 151,F,,SHIPPED,,2026-08-21 13:50:50,,,,
2026-08-24 14:16:08,Mrnng,292,716546,6502979,1557,6-233-36-b,Nut,C,BF,116,S/P,,8,6000,skid# 179,F,,SHIPPED,,2026-08-24 14:16:08,,,,
2026-08-21 13:29:33,Mrnng,290,715964,11546378-my-ak,712,6-232-20-c,Nut,O,BF,107,S/P,,36,45000,skid# 113,F,,SHIPPED,,2026-08-21 13:29:33,,,,
2026-08-25 17:32:58,Aftrn,4,716535,06102398AA,222,6-233-34-A,Nut,C,BF,113,S/P,,11,52800,SKID# 41,F,,SHIPPED,,2026-08-25 17:32:58,,,,
2026-08-21 11:23:54,Mrnng,290,716378,11546367-MY-AK,1512,6-232-21-D,Nut,O,BF,110,S/P,,36,25200,SKID# 201,F,,SHIPPED,,2026-08-21 11:23:54,,,,
2026-08-24 14:02:54,Mrnng,285/391,716038,11547369-br-ha,291,6-236-05-b,Nut,C,Tbl,2,S/P,,36,9000,skid# 110,F,,SHIPPED,,2026-08-24 14:02:54,,,,
2026-08-26 16:04:47,Aftrn,197,717046,11610128,1802,6-236-38-b,Nut,O,Tbl,5,S/P,,21,23625,skid# 168,F,,SHIPPED,,2026-08-26 16:04:47,,,,
2026-08-28 10:05:06,Mrnng,280,716907,11561645,455,6-236-33-B,Nut,O,BF,123,S/P,,28,112000,SKID# 25,F,,SHIPPED,,2026-08-28 10:05:06,,,,
2026-08-24 13:38:36,Mrnng,290,715951,11546366-my-ak,1428,6-233-22-B,Nut,O,BF,110,Crt.&P,,36,36000,SKID# 93,F,,SHIPPED,,2026-08-24 13:38:36,,,,
2026-08-27 16:14:58,Mrnng,252/11,716492,NU1136-01,191,6-238-13-N,Nut,O,Tbl,4,S/P,mixed,1,10000,SKID# 227,F,2,SHIPPED,,2026-08-27 16:14:58,,,,
2026-08-25 15:13:49,Aftrn,285/391,716435,11602292,693,6-231-15-a,Nut,O,Tbl,2,S/P,,10,10000,skid #47,F,,SHIPPED,,2026-08-25 15:13:49,,,,
2026-08-25 15:12:19,Aftrn,190/268,717473,94012078,543,6-236-31-C,Blt/Scrw,O,Tbl,3,S/P,,25,2500,SKID# 198,F,,SHIPPED,,2026-08-25 15:12:19,,,,
2026-08-27 16:11:55,Mrnng,157/297,716490,NU1136-01,6,6-238-13-A,Nut,O,Tbl,1,S/P,mixed,1,10000,SKID# 223,F,4,SHIPPED,,2026-08-27 16:11:55,,,,
2026-08-28 09:51:14,Mrnng,290,717036,11546367-MY-AK,224,6-237-18-D,Nut,C,MC,78,Crt.&P,,40,28000,SKID# 207,F,,SHIPPED,,2026-08-28 09:51:14,,,,
2026-08-27 16:02:23,Mrnng,190/268,716723,NU3019-00,1828,6-238-12-B,Nut,O,Tbl,3,S/P,,1,5320,SKID# 244,F,,SHIPPED,,2026-08-27 16:02:23,,,,
2026-08-28 09:29:15,Mrnng,292,717033,11546367-MY-AK,1774,6-237-18-A,Nut,O,BF,116,Crt.&P,,36,25200,SKID# 216,F,,SHIPPED,,2026-08-28 09:29:15,,,,
2026-08-27 17:27:28,Aftrn,290,716236,W520101-S442,1537,6-237-15-A,Nut,O,BF,106,S/P,,41,123000,SKID# 206,F,,SHIPPED,,2026-08-27 17:27:28,,,,
2026-09-04 09:30:38,Mrnng,275,714675,P7241250,1701,6-245-19-A,Nut,O,MC,112,S/P,,33,62700,skid #1,F,,SHIPPED,,2026-09-04 09:30:38,,,,
2026-08-26 15:16:00,Aftrn,280,717072,11546456,1780,6-236-21-b,Nut,C,BF,114,S/P,,22,59400,skid# 225,F,,SHIPPED,,2026-08-26 15:16:00,,,,
2026-08-27 17:09:31,Aftrn,4,718161,11612078,box,6-236-29-B,Nut,O,MC,74,S/P,STUCK TGT,9,16650,SKID# 167,F,100,SHIPPED,,2026-08-27 17:09:31,,,,
2026-08-27 14:30:39,Mrnng,285/391,716735,NU3019-00,731,6-238-12-N,Nut,O,Tbl,2,S/P,,1,4832,SKID# 68,F,,SHIPPED,,2026-08-27 14:30:39,,,,
2026-08-27 13:06:06,Mrnng,285/391,716728,nu3019-00,1783,6-238-12-g,Nut,O,Tbl,2,S/P,,1,5244,pack# 9,F,,SHIPPED,,2026-08-27 13:06:06,,,,
2026-08-27 13:01:17,Mrnng,190/268,716732,nu3019-00,844,6-238-12-k,Nut,O,Tbl,3,S/P,MIXED,1,5100,pack# 2,F,1,SHIPPED,,2026-08-27 13:01:17,,,,
2026-08-27 12:38:38,Mrnng,285/391,716734,NU3019-00,1833,6-238-12-M,Nut,O,Tbl,2,S/P,,1,4700,SKID# 239,F,,SHIPPED,,2026-08-27 12:38:38,,,,
2026-08-26 14:12:02,Mrnng,280,717074,11546456,1059,6-236-22-a,Nut,O,BF,123,S/P,,33,89100,skid# 228,F,,SHIPPED,,2026-08-26 14:12:02,,,,
2026-08-27 11:18:20,Mrnng,285/391,716729,nu3019-00,894,6-238-12-h,Nut,O,Tbl,2,S/P,,1,4700,skid# 93,F,,SHIPPED,,2026-08-27 11:18:20,,,,
2026-08-27 09:18:07,Mrnng,11/252,717414,06511834AA,1585,6-238-09-D,Nut,O,Tbl,4,S/P,MIXED,31,3100,SKID# 249,F,4,SHIPPED,,2026-08-27 09:18:07,,,,
2026-09-04 09:15:58,Mrnng,275,717103,NU1510-00,755,6-239-25-A,Nut,O,BF,112,S/P,,1,35000,SKID# 219,F,,SHIPPED,,2026-09-04 09:15:58,,,,
2026-08-27 16:58:16,Aftrn,292,717034,11546367-MY-AK,897,6-237-18-B,Nut,O,BF,117,Crt.&P,"MIXED, STUCK TGT",30,21000,SKID #47,F,"3, 1",SHIPPED,,2026-08-27 16:58:16,,,,
2026-09-01 17:46:32,Aftrn,290,717323,11546545,405,6-243-07-a,Nut,O,BF,106,S/P,,37,92500,skid# 40,F,,SHIPPED,,2026-09-01 17:46:32,,,,
2026-08-26 13:19:24,Mrnng,280,717074,11546456,1059,6-236-22-a,Nut,C,BF,123,S/P,,23,62100,skid# 9,F,,SHIPPED,,2026-08-26 13:19:24,,,,
2026-08-26 10:47:19,Mrnng,11/252,716433,11561114,1103,6-236-36-A,Blt/Scrw,O,Tbl,4,S/P,MIXED,23,9200,SKID# 66,F,4,SHIPPED,,2026-08-26 10:47:19,,,,
2026-08-27 16:41:06,Aftrn,275,716235,W520101-S437,793,6-237-21-B,Nut,C,MC,112,S/P,,36,108000,SKID# 141,F,,SHIPPED,,2026-08-27 16:41:06,,,,
2026-08-26 10:41:36,Mrnng,275,716757,11546437,1842,6-230-22-a,Nut,O,BF,102,S/P,,54,81000,SKID# 224,F,,SHIPPED,,2026-08-26 10:41:36,,,,
2026-08-26 10:34:02,Mrnng,190/268,716434,11561114,238,6-236-36-b,Blt/Scrw,O,Tbl,3,S/P,MIXED,26,10400,skid# 228,F,1,SHIPPED,,2026-08-26 10:34:02,,,,
2026-08-22 11:04:41,Mrnng,292,716447,11610091,902,6-229-48-a,Nut,O,MC,26,S/P,,27,67500,skid# 10,F,,SHIPPED,,2026-08-22 11:04:41,,,,
2026-08-26 13:09:22,Mrnng,197,717045,11610128,1358,6-236-38-a,Nut,O,Tbl,5,S/P,MIXED,36,40500,skid# 186,F,4,SHIPPED,,2026-08-26 13:09:22,,,,
2026-08-26 13:00:03,Mrnng,290,716895,6101831,1823,6-236-04-a,Nut,O,BF,110,S/P,,40,40000,skid# 55,F,,SHIPPED,,2026-08-26 13:00:03,,,,
2026-09-10 17:32:48,Aftrn,279/391,714255,hl3w-4320-aa,1573,6-252-17-b,Nut,O,Tbl,2,S/P,,24,4800,SKID #23,F,,SHIPPED,,2026-09-10 17:32:48,,,,
2026-08-26 10:04:09,Mrnng,4/292,717754,W705606-S440,kib,6-233-38-C,Nut,O,BF,117,S/P,MIXED,33,19140,SKID# 65,F,1,SHIPPED,,2026-08-26 10:04:09,,,,
2026-08-26 09:58:33,Mrnng,11/197,717129,11602031-in-pn,1661,6-236-18-a,Nut,O,Tbl,5,Crt.&P,"MIXED, EXCESS PLATING, MISSING TAB",28,4060,skid# 199,F,"4, 9, 81",SHIPPED,,2026-08-26 09:58:33,,,,
2026-08-26 11:54:03,Mrnng,290,716896,6101831,106,6-236-04-b,Nut,O,BF,109,S/P,,36,36000,skid# 173,F,,SHIPPED,,2026-08-26 11:54:03,,,,
2026-08-26 09:48:30,Mrnng,290,716763,11546437,91,6-230-23-b,Nut,O,BF,106,S/P,,51,76500,skid# 233,F,,SHIPPED,,2026-08-26 09:48:30,,,,
2026-09-01 17:37:26,Aftrn,280,717564,11610091-my-ak,1367,6-243-43-b,Nut,O,BF,118,Crt.&P,,30,75000,skid #49,F,,SHIPPED,,2026-09-01 17:37:26,,,,
2026-08-26 09:39:20,Mrnng,290,716897,6101831,1544,6-236-04-c,Nut,O,BF,110,S/P,,36,36000,skid# 200,F,,SHIPPED,,2026-08-26 09:39:20,,,,
2026-08-31 17:01:30,Aftrn,157/297,717009,55364498aa,1616,6-240-19-a,Blt/Scrw,O,Tbl,1,S/P,MIXED,11,5720,SKID #130,F,6,SHIPPED,,2026-08-31 17:01:30,,,,
2026-08-22 09:12:08,Mrnng,190/268,717059,11546463,39,6-233-23-c,Nut,O,Tbl,3,S/P,MIXED,38,17100,skid# 73,F,3,SHIPPED,,2026-08-22 09:12:08,,,,
2026-08-22 08:54:00,Mrnng,11/293,714527,w520113-s440,44,6-226-11-b,Nut,O,Tbl,5,S/P,,35,36750,skid# 239,F,,SHIPPED,,2026-08-22 08:54:00,,,,
2026-08-31 16:57:27,Aftrn,157/297,717003,6503825,1817,6-240-17-b,Nut,O,Tbl,1,S/P,"MIXED, STUCK TGT",49,73500,SKID #23,F,"1, 316",SHIPPED,,2026-08-31 16:57:27,,,,
2026-08-27 15:35:37,Aftrn,292,717043,11546367-MY-AK,1574,6-237-17-E,Nut,C,MC,110,Crt.&P,MIXED,24,16800,SKID# 154,F,2,SHIPPED,,2026-08-27 15:35:37,,,,
2026-08-26 09:04:16,Mrnng,190/268,715984,W520217-S440,16,6-236-16-C,Nut,O,Tbl,3,S/P,MIXED,37,4995,SKID# 195,F,2,SHIPPED,,2026-08-26 09:04:16,,,,
2026-08-21 17:21:53,Aftrn,290,713584,11546774,1045,6-230-33-b,Nut,O,MC,78,S/P,,12,5400,skid# 219,F,,SHIPPED,,2026-08-21 17:21:53,,,,
2026-08-21 17:16:50,Aftrn,11/293,717060,11546463,562,6-233-23-D,Nut,O,Tbl,5,S/P,MIXED,17,7650,SKID# 111,F,3,SHIPPED,,2026-08-21 17:16:50,,,,
2026-08-27 15:16:23,Aftrn,280,717111,6101736,1545,6-236-14-A,Nut,O,BF,120,S/P,,26,83200,SKID# 134,F,,SHIPPED,,2026-08-27 15:16:23,,,,
2026-08-21 17:05:19,Aftrn,290,716376,11546367-my-ak,137,6-232-21-b,Nut,O,BF,110,Crt.&P,,36,25200,skid# 155,F,,SHIPPED,,2026-08-21 17:05:19,,,,
2026-08-24 11:48:38,Mrnng,290,715948,11546366-MY-AK,525,6-233-21-A,Nut,O,BF,110,Crt.&P,,36,36000,SKID# 216,F,,SHIPPED,,2026-08-24 11:48:38,,,,
2026-08-27 14:50:34,Mrnng,290,716236,W520101-S442,1537,6-237-15-A,Nut,C,BF,106,S/P,,36,108000,SKID# 203,F,,SHIPPED,,2026-08-27 14:50:34,,,,
2026-09-10 17:28:36,Aftrn,279/391,714250,hl3w-4320-aa,730,6-252-16-a,Nut,O,Tbl,2,S/P,,31,6200,SKID #46,F,,SHIPPED,,2026-09-10 17:28:36,,,,
2026-08-21 16:53:38,Aftrn,292,716453,11610091,509,6-229-51-a,Nut,O,BF,116,S/P,,29,72500,skid# 223,F,,SHIPPED,,2026-08-21 16:53:38,,,,
2026-08-21 16:49:52,Aftrn,157/245,714657,11546774-my-ak,652,6-230-31-j,Nut,O,Tbl,1,Crt.&P,MIXED,36,16200,skid# 185,F,1,SHIPPED,,2026-08-21 16:49:52,,,,
2026-08-31 16:48:20,Aftrn,290,716558,11549170,1699,6-239-16-h,Nut,O,MC,78,S/P,,36,14400,SKID #65,F,,SHIPPED,,2026-08-31 16:48:20,,,,
2026-08-21 16:41:36,Aftrn,290,716375,11546367-my-ak,1595,6-232-21-a,Nut,O,BF,110,Crt.&P,,36,25200,skid# 26,F,,SHIPPED,,2026-08-21 16:41:36,,,,
2026-08-26 10:16:07,Mrnng,285/391,716647,11549171-MY-AK,1695,6-237-20-G,Nut,O,Tbl,2,S/P,MIXED,35,9800,SKID# 32,F,6,SHIPPED,,2026-08-26 10:16:07,,,,
2026-08-26 10:09:48,Mrnng,280,717078,11546456,716,6-236-23-b,Nut,O,BF,114,S/P,STUCK TGT,36,97200,skid# 171,F,20,SHIPPED,,2026-08-26 10:09:48,,,,
2026-08-31 16:42:51,Aftrn,290/280,716909,11549168,1782,6-240-21-b,Nut,O,BF,107,S/P,,53,53000,SKID #10,F,,SHIPPED,,2026-08-31 16:42:51,,,,
2026-08-31 10:38:41,Mrnng,190/268,716305,11516077br-my-ak,589,6-237-19-a,Nut,O,Tbl,3,Crt.&P,EXCESS PLATING,32,38400,skid# 41,F,1,SHIPPED,,2026-08-31 10:38:41,,,,
2026-08-31 10:27:44,Mrnng,285/391,717004,6503825,296,6-240-17-c,Nut,O,Tbl,2,S/P,STUCK TGT,47,70500,skid# 196,F,611,SHIPPED,,2026-08-31 10:27:44,,,,
2026-08-26 17:00:09,Aftrn,290,716639,11549171-my-ak,939,6-237-20-a,Nut,O,BF,109,Crt.&P,,36,10080,skid# 201,F,,SHIPPED,,2026-08-26 17:00:09,,,,
2026-08-31 16:42:51,Aftrn,290/280,716566,11549168,126,6-240-20-d,Nut,O,BF,121,S/P,,41,41000,SKID #10,F,,SHIPPED,,2026-08-31 16:42:51,,,,
2026-08-26 16:41:11,Aftrn,197,717425,06514113aa,928,6-238-01-a,Nut,O,Tbl,5,S/P,MIXED,28,58800,skid# 83,F,1,SHIPPED,,2026-08-26 16:41:11,,,,
2026-08-31 16:39:45,Aftrn,11/252,717640,11546389-ph-ro,588,6-243-23-b,Nut,O,Tbl,4,Crt.&P,STUCK TGT,36,162000,skid# 198,F,594,SHIPPED,,2026-08-31 16:39:45,,,,
2026-09-01 17:29:28,Aftrn,292,716560,11549170,848,6-239-16-j,Nut,O,BF,116,S/P,"MIXED, STUCK TGT",36,14400,skid# 245,F,"2, 1",SHIPPED,,2026-09-01 17:29:28,,,,
2026-08-31 10:02:47,Mrnng,285/391,716747,11546571,109,6-239-23-a,Blt/Scrw,O,Tbl,2,S/P,,36,55800,skid# 217,F,,SHIPPED,,2026-08-31 10:02:47,,,,
2026-09-01 17:24:31,Aftrn,280,716776,6101736,1676,6-236-17-b,Nut,O,BF,120,S/P,,31,99200,skid# 32,F,,SHIPPED,,2026-09-01 17:24:31,,,,
2026-08-31 09:51:04,Mrnng,157/297/11/252,716999,6503825,485,6-240-16-a,Nut,O,Tbl,1,S/P,STUCK TGT,52,78000,skid# 185,F,312,SHIPPED,,2026-08-31 09:51:04,,,,
2026-08-21 14:44:47,Mrnng,292,716447,11610091,902,6-229-48-a,Nut,C,MC,26,S/P,,11,27500,skid# 182,F,,SHIPPED,,2026-08-21 14:44:47,,,,
2026-08-31 09:51:04,Mrnng,157/297/11/252,717000,6503825,1579,6-240-16-b,Nut,O,Tbl,4,S/P,STUCK TGT,50,75000,skid# 185,F,350,SHIPPED,,2026-08-31 09:51:04,,,,
2026-08-22 11:24:20,Mrnng,11/272,713856,11546703,346,6-229-05-a,Blt/Scrw,O,Tbl,4,S/P,,31,124000,skid# 20,F,,SHIPPED,,2026-08-22 11:24:20,,,,
2026-08-21 12:52:09,Mrnng,190/268,717141,11546449-th-tc,63,6-232-22-a,Nut,O,Tbl,3,Crt.&P,"MIXED, STUCK TGT",36,90000,skid# 78,F,"1, 20",SHIPPED,,2026-08-21 12:52:09,,,,
2026-08-22 11:15:55,Mrnng,190/268,717553,11588293,KIB,6-232-24-a,Nut,O,Tbl,3,S/P,,36,41400,skid# 27,F,,SHIPPED,,2026-08-22 11:15:55,,,,
2026-09-01 17:21:17,Aftrn,4,716574,11549170,351,6-239-18-b,Nut,O,BF,117,S/P,,36,14400,skid# 231,F,,SHIPPED,,2026-09-01 17:21:17,,,,
2026-08-22 10:35:26,Mrnng,290,716214,11549170,907,6-231-09-f,Nut,O,BF,109,S/P,,56,22400,skid# 56,F,,SHIPPED,,2026-08-22 10:35:26,,,,
2026-08-21 08:28:10,Mrnng,292,716453,11610091,509,6-229-51-a,Nut,C,BF,116,S/P,,14,35000,skid# 176,F,,SHIPPED,,2026-08-21 08:28:10,,,,
2026-08-26 15:27:30,Aftrn,290,716893,6101831,431,6-236-03-b,Nut,O,BF,110,S/P,,36,36000,skid# 245,F,,SHIPPED,,2026-08-26 15:27:30,,,,
2026-08-20 16:25:50,Aftrn,280,716515,11546449,1503,6-229-35-B,Nut,O,BF,123,S/P,,36,90000,SKID# 227,F,,SHIPPED,,2026-08-20 16:25:50,,,,
2026-08-31 09:45:32,Mrnng,4/292,716569,11549170,587,6-239-17-a,Nut,O,BF,116,S/P,MIXED,51,20400,skid# 191,F,2,SHIPPED,,2026-08-31 09:45:32,,,,
2026-08-31 09:36:36,Mrnng,157/297,716999,6503825,485,6-240-16-a,Nut,C,Tbl,1,S/P,,36,54000,skid# 252,F,,SHIPPED,,2026-08-31 09:36:36,,,,
2026-08-22 09:44:27,Mrnng,290,715963,11546378-my-ak,1033,6-232-20-b,Nut,O,BF,107,Crt.&P,,36,45000,skid# 188,F,,SHIPPED,,2026-08-22 09:44:27,,,,
2026-08-31 09:32:42,Mrnng,290,717208,11549171-my-ak,1691,6-240-02-k,Nut,O,BF,109,S/P,,36,10080,skid# 65,F,,SHIPPED,,2026-08-31 09:32:42,,,,
2026-09-01 17:16:05,Aftrn,275,717565,11610091-MY-AK,759,6-243-42-A,Nut,O,BF,103,S/P,MIXED,31,77500,SKID# 170,F,1,SHIPPED,,2026-09-01 17:16:05,,,,
2026-08-21 17:07:50,Aftrn,292,716087,94012039,1048,6-231-14-A,Nut,O,BF,113,S/P,MIXED,24,60000,SKID# 120,F,1,SHIPPED,,2026-08-21 17:07:50,,,,
2026-08-21 16:59:44,Aftrn,290,716214,11549170,907,6-231-09-f,Nut,C,BF,109,S/P,,36,14400,pack# 4,F,,SHIPPED,,2026-08-21 16:59:44,,,,
2026-09-14 10:23:12,Mrnng,4,718864,11546377,1105,6-253-08-A,Nut,O,BF,113,S/P,STUCK TGT,30,64500,SKID# 162,F,200,SHIPPED,,2026-09-14 10:23:12,,,,
2026-08-31 09:22:15,Mrnng,285/391,717004,6503825,296,6-240-17-c,Nut,C,Tbl,2,S/P,STUCK TGT,36,54000,pack# 9,F,611,SHIPPED,,2026-08-31 09:22:15,,,,
2026-08-21 16:45:15,Aftrn,157/245,717143,11546449-th-tc,922,6-232-22-c,Nut,O,Tbl,1,Crt.&P,"MIXED, EXCESS PLATING, STUCK TGT",34,85000,skid# 222,F,"1, 8, 12",SHIPPED,,2026-08-21 16:45:15,,,,
2026-08-21 16:21:48,Aftrn,285/391,717557,11588293,KIB,6-232-24-c,Nut,O,Tbl,2,S/P,,35,40250,skid# 82,F,,SHIPPED,,2026-08-21 16:21:48,,,,
2026-08-31 09:18:47,Mrnng,292,717696,11546377-ph-ro,1664,6-238-07-b,Nut,O,MC,24,Crt.&P,"MIXED, STUCK TGT",36,77400,skid# 231,F,"3, 47",SHIPPED,,2026-08-31 09:18:47,,,,
2026-08-31 09:14:31,Mrnng,290,716912,11549168,50,6-240-22-c,Nut,O,BF,107,S/P,,36,36000,skid# 161,F,,SHIPPED,,2026-08-31 09:14:31,,,,
2026-09-01 17:10:18,Mrnng,297+157,716634,11546370-my-ak,727,6-243-18-R,Nut,O,Tbl,1,S/P,,28,6160,SKID# 135,F,,SHIPPED,,2026-09-01 17:10:18,,,,
2026-08-17 12:48:22,Mrnng,280,714527,w520113-s440,44,6-226-11-B,Nut,O,BF,124,S/P,,36,37800,SKID# 224,F,,SHIPPED,,2026-08-17 12:48:22,,,,
2026-08-31 08:55:37,Mrnng,280,716561,11549168,675,6-239-21-a,Nut,O,BF,121,S/P,,45,45000,PACK# 2,F,,SHIPPED,,2026-08-31 08:55:37,,,,
2026-08-29 15:19:30,Aftrn,280,716775,6101736,1827,6-236-17-a,Nut,O,BF,120,S/P,,30,96000,skid# 78,F,,SHIPPED,,2026-08-29 15:19:30,,,,
2026-09-01 17:07:48,Mrnng,275,717265,6100050,1342,6-238-19-A,Nut,O,BF,108,S/P,,57,85500,PACK# 2,F,,SHIPPED,,2026-09-01 17:07:48,,,,
2026-08-21 15:35:39,Aftrn,280,716871,11546449,978,6-232-15-b,Nut,O,BF,123,S/P,STUCK TGT,26,65000,skid# 92,F,30,SHIPPED,,2026-08-21 15:35:39,,,,
2026-08-29 15:12:04,Aftrn,292,716569,11549170,587,6-239-17-a,Nut,C,BF,116,S/P,MIXED,36,14400,skid# 135,F,2,SHIPPED,,2026-08-29 15:12:04,,,,
2026-08-26 11:58:20,Mrnng,275,717064,11546463,364,6-236-20-b,Nut,O,BF,112,S/P,,36,16200,skid# 235,F,,SHIPPED,,2026-08-26 11:58:20,,,,
2026-08-21 15:16:14,Aftrn,11/293,716804,06104388aa,798,6-233-12-f,Blt/Scrw,O,Tbl,5,S/P,MIXED,36,23760,skid# 28,F,1,SHIPPED,,2026-08-21 15:16:14,,,,
2026-08-26 09:15:07,Mrnng,285/391,714263,l0668498aa02,929,6-236-24-b,Nut,O,Tbl,2,S/P,STUCK TGT,36,144000,skid# 119,F,7,SHIPPED,,2026-08-26 09:15:07,,,,
2026-08-21 15:04:34,Aftrn,285/391,716799,06104388aa,48,6-233-12-a,Blt/Scrw,O,Tbl,2,S/P,,36,23760,skid# 130,F,,SHIPPED,,2026-08-21 15:04:34,,,,
2026-08-26 11:42:14,Mrnng,157/297,714262,L0668498AA02,609,6-236-24-A,Nut,O,Tbl,1,S/P,STUCK TGT,24,96000,SKID# 137,F,12,SHIPPED,,2026-08-26 11:42:14,,,,
2026-08-26 11:24:24,Mrnng,285/391,714080,L0668498AA02,85,6-236-25-a,Nut,O,Tbl,2,S/P,STUCK TGT,20,80000,skid# 197,F,10,SHIPPED,,2026-08-26 11:24:24,,,,
2026-08-29 15:08:20,Aftrn,11/252,717000,6503825,1579,6-240-16-b,Nut,O,Tbl,4,S/P,STUCK TGT,36,54000,skid# 251,F,230,SHIPPED,,2026-08-29 15:08:20,,,,
2026-08-29 15:02:55,Aftrn,292,716571,11549170,1029,6-239-17-c,Nut,O,BF,117,S/P,MIXED,36,14400,skid# 155,F,5,SHIPPED,,2026-08-29 15:02:55,,,,
2026-08-29 14:58:09,Aftrn,275,717263,6100050,348,6-238-18-a,Nut,O,BF,108,S/P,,36,54000,skid# 213,F,,SHIPPED,,2026-08-29 14:58:09,,,,
2026-08-26 10:53:18,Mrnng,11/252,717130,11602031-in-pn,54,6-236-18-b,Nut,O,Tbl,4,Crt.&P,"MIXED, LOOSE TAB",28,4060,skid# 237,F,"2, 114",SHIPPED,,2026-08-26 10:53:18,,,,
2026-09-01 17:01:08,Aftrn,190/268,717165,11546370-MY-AK,868,6-243-19-C,Nut,O,Tbl,3,Crt.&P,MIXED,36,7920,SKID# 225,F,9,SHIPPED,,2026-09-01 17:01:08,,,,
2026-08-20 17:13:38,Aftrn,292,715769,11549168,1640,6-229-09-B,Nut,O,MC,110,S/P,"MIXED, STUCK TGT",50,50000,SKID# 135,F,"11, 5",SHIPPED,,2026-08-20 17:13:38,,,,
2026-09-01 16:55:25,Aftrn,292,716922,11549170,197,6-240-24-A,Nut,O,BF,117,S/P,"MIXED, STUCK TGT",36,14400,SKID# 26,F,"3, 1",SHIPPED,,2026-09-01 16:55:25,,,,
2026-08-20 13:00:35,Mrnng,292,715769,11549168,1640,6-229-09-b,Nut,C,MC,110,S/P,"MIXED, STUCK TGT",36,36000,skid# 22,F,"8, 2",SHIPPED,,2026-08-20 13:00:35,,,,
2026-08-29 14:35:18,Mrnng,290,715798,11546391,614,6-239-01-A,Nut,O,BF,106,S/P,,21,94500,SKID# 119,F,,SHIPPED,,2026-08-29 14:35:18,,,,
2026-08-31 15:11:52,Aftrn,157/297,717003,6503825,1817,6-240-17-b,Nut,C,Tbl,1,S/P,,36,54000,skid# 234,F,,SHIPPED,,2026-08-31 15:11:52,,,,
2026-08-26 09:37:42,Mrnng,280,716792,06104725aa,851,6-233-05-b,Nut,O,BF,123,S/P,STUCK TGT,42,117600,skid# 181,F,72,SHIPPED,,2026-08-26 09:37:42,,,,
2026-08-25 08:20:57,Mrnng,292,717283,NU1405-00,1011,6-232-40-A,Nut,O,BF,113,S/P,mixed,1,71095,SKID# 136,F,2,SHIPPED,,2026-08-25 08:20:57,,,,
2026-08-26 09:31:06,Mrnng,275,717061,11546463,854,6-236-19-a,Nut,O,BF,108,S/P,,36,16200,skid# 33,F,,SHIPPED,,2026-08-26 09:31:06,,,,
2026-09-01 15:13:12,Aftrn,11/252,716631,11546370-MY-AK,1618,6-243-18-O,Nut,O,Tbl,4,Crt.&P,,37,8140,SKID# 10,F,,SHIPPED,,2026-09-01 15:13:12,,,,
2026-08-29 14:08:11,Mrnng,157/297,717203,42068967,1403,6-240-18-c,Nut,O,Tbl,1,S/P,MIXED,28,8960,skid# 201,F,1,SHIPPED,,2026-08-29 14:08:11,,,,
2026-09-01 15:05:25,Aftrn,292/4,717704,11546389,1657,6-240-11-B,Nut,O,BF,113,S/P,"MIXED, STUCK TGT",26,117000,SKID# 181,F,"3, 57",SHIPPED,,2026-09-01 15:05:25,,,,
2026-08-18 11:27:24,Mrnng,252/294,713856,11546703,346,6-229-05-a,Blt/Scrw,O,Tbl,4,S/P,,31,124000,skid# 58,F,,SHIPPED,,2026-08-18 11:27:24,,,,
2026-09-01 15:01:37,Aftrn,11/252,716629,11546370-my-ak,673,6-243-18-m,Nut,O,Tbl,4,Crt.&P,,37,8140,skid# 34,F,,SHIPPED,,2026-09-01 15:01:37,,,,
2026-09-01 16:50:02,Aftrn,279/391,716625,11546370-MY-AK,856,6-243-18-I,Nut,O,Tbl,2,Crt.&P,MIXED,36,7920,SKID# 94,F,9,SHIPPED,,2026-09-01 16:50:02,,,,
2026-08-25 14:58:15,Aftrn,280,716792,06104725AA,851,6-233-05-B,Nut,C,BF,123,S/P,STUCK TGT,36,100800,SKID# 83,F,72,SHIPPED,,2026-08-25 14:58:15,,,,
2026-09-01 16:40:21,Aftrn,292,717176,11546378-MY-AK,355,6-243-20-B,Nut,O,MC,26,Crt.&P,STUCK TGT,36,45000,SKID# 137,F,6,SHIPPED,,2026-09-01 16:40:21,,,,
2026-09-01 14:33:26,Mrnng,11/252,716348,06509787aa,1506,6-243-13-a,Blt/Scrw,O,Tbl,4,S/P,,42,28140,SKID #73,F,,SHIPPED,,2026-09-01 14:33:26,,,,
2026-08-25 09:55:34,Mrnng,190/268,717149,11546463-TH-TC,417,6-236-15-D,Nut,O,Tbl,3,Crt.&P,MIXED,33,14850,SKID# 246,F,4,SHIPPED,,2026-08-25 09:55:34,,,,
2026-09-01 14:32:37,Mrnng,190/268,715807,11546703,46,6-243-51-b,Blt/Scrw,O,Tbl,3,S/P,,19,76000,SKID #215,F,,SHIPPED,,2026-09-01 14:32:37,,,,
2026-09-01 14:28:35,Mrnng,157/297,715686,11546465,1096,6-224-22-a,Nut,O,Tbl,1,S/P,,34,37400,skid# 113,F,,SHIPPED,,2026-09-01 14:28:35,,,,
2026-08-24 17:35:53,Aftrn,157/245,717147,11546463-th-tc,901,6-236-15-c,Nut,O,Tbl,1,Crt.&P,,32,14400,skid# 247,F,,SHIPPED,,2026-08-24 17:35:53,,,,
2026-09-01 10:45:58,Mrnng,157/297,717452,06509967AA,kib,6-243-01-B,Blt/Scrw,O,Tbl,1,S/P,MIXED,21,17325,SKID# 207,F,2,SHIPPED,,2026-09-01 10:45:58,,,,
2026-08-24 17:11:19,Aftrn,280,716135,11546367-MY-AK,439,6-232-13-D,Nut,O,BF,121,Crt.&P,,36,25200,SKID# 35,F,,SHIPPED,,2026-08-24 17:11:19,,,,
2026-08-24 16:30:02,Aftrn,275,715607,6101968,1066,6-225-18-b,Nut,O,BF,103,S/P,STUCK TGT,37,81400,pack# 7,F,20,SHIPPED,,2026-08-24 16:30:02,,,,
2026-08-31 14:28:12,Mrnng,290,716909,11549168,1782,6-240-21-b,Nut,C,BF,107,S/P,,36,36000,skid# 252,F,,SHIPPED,,2026-08-31 14:28:12,,,,
2026-08-29 13:09:03,Mrnng,11/252,717206,42068967,297,6-240-18-f,Nut,O,Tbl,4,S/P,,36,11520,skid# 186,F,,SHIPPED,,2026-08-29 13:09:03,,,,
2026-08-31 14:23:58,Mrnng,157/297,717163,11546571,1328,6-239-24-C,Blt/Scrw,O,Tbl,1,S/P,,33,51150,SKID# 27,F,,SHIPPED,,2026-08-31 14:23:58,,,,
2026-09-01 10:37:41,Mrnng,157/297,715817,11546703,1521,6-243-54-B,Blt/Scrw,O,Tbl,1,S/P,MIXED,36,144000,SKID# 30,F,1,SHIPPED,,2026-09-01 10:37:41,,,,
2026-08-29 12:46:32,Mrnng,157/297,717205,42068967,72,6-240-18-E,Nut,O,Tbl,1,S/P,,36,11520,SKID# 173,F,,SHIPPED,,2026-08-29 12:46:32,,,,
2026-09-01 16:35:09,Aftrn,190/268,716628,11546370-MY-AK,948,6-243-18-L,Nut,O,Tbl,3,Crt.&P,MIXED,36,7920,SKID# 15,F,16,SHIPPED,,2026-09-01 16:35:09,,,,
2026-09-01 16:29:29,Aftrn,279/391,716636,11546370-my-ak,384,6-243-18-t,Nut,O,Tbl,2,Crt.&P,MIXED,36,7920,skid# 136,F,3,SHIPPED,,2026-09-01 16:29:29,,,,
2026-08-24 11:25:05,Mrnng,292,717282,nu1405-00,261,6-232-39-b,Nut,O,BF,113,S/P,"MIXED, STUCK TGT",1,75000,skid# 129,F,"1, 1",SHIPPED,,2026-08-24 11:25:05,,,,
2026-08-31 14:00:40,Mrnng,4,717635,11546377-ph-ro,917,6-238-06-a,Nut,O,MC,24,Crt.&P,STUCK TGT,17,36550,skid# 223,F,400,SHIPPED,,2026-08-31 14:00:40,,,,
2026-08-29 11:16:11,Mrnng,290,716230,11549168,360,6-239-22-A,Nut,O,BF,107,S/P,,46,46000,SKID# 77,F,,SHIPPED,,2026-08-29 11:16:11,,,,
2026-08-29 11:07:54,Mrnng,275,717633,11546377-PH-RO,325,6-238-04-C,Nut,O,BF,104,Crt.&P,,30,64500,SKID# 28,F,,SHIPPED,,2026-08-29 11:07:54,,,,
2026-09-01 16:25:56,Aftrn,290,717217,11549171-my-ak,954,6-240-02-h,Nut,O,BF,109,Crt.&P,,36,10080,skid# 206,F,,SHIPPED,,2026-09-01 16:25:56,,,,
2026-08-29 10:50:31,Mrnng,280,716561,11549168,675,6-239-21-a,Nut,C,BF,121,S/P,,36,36000,skid# 129,F,,SHIPPED,,2026-08-29 10:50:31,,,,
2026-08-29 10:41:31,Mrnng,285/391,714598,4200818shj5a00z,470,6-233-28-b,Nut,O,Tbl,2,S/P,MISSING COLOR,32,27200,skid# 235,F,689,SHIPPED,,2026-08-29 10:41:31,,,,
2026-08-24 13:58:30,Mrnng,11,715952,11546369-my-ak,1377,6-236-11-a,Nut,O,Tbl,5,Crt.&P,"MIXED, EXCESS PLATING",37,11100,skid #46,F,"1, 2",SHIPPED,,2026-08-24 13:58:30,,,,
2026-08-24 13:45:17,Mrnng,252/294,716030,11547369-BR-HA,107,6-236-05-A,Nut,O,Tbl,4,Crt.&P,MIXED,38,9500,SKID# 158,F,2,SHIPPED,,2026-08-24 13:45:17,,,,
2026-09-01 16:16:32,Aftrn,157/297,716627,11546370-my-ak,436,6-243-18-k,Nut,O,Tbl,1,Crt.&P,MIXED,36,7920,skid# 241,F,7,SHIPPED,,2026-09-01 16:16:32,,,,
2026-08-31 13:48:14,Mrnng,4,716554,11549170,1553,6-239-16-d,Nut,O,BF,117,S/P,,36,14400,skid# 115,F,,SHIPPED,,2026-08-31 13:48:14,,,,
2026-08-29 10:21:34,Mrnng,275,717633,11546377-ph-ro,325,6-238-04-c,Nut,C,BF,104,S/P,,18,38700,skid# 154,F,,SHIPPED,,2026-08-29 10:21:34,,,,
2026-09-01 10:13:36,Mrnng,190/268,716630,11546370-my-ak,424,6-243-18-n,Nut,O,Tbl,3,Crt.&P,MIXED,36,7920,skid# 10,F,8,SHIPPED,,2026-09-01 10:13:36,,,,
2026-09-01 10:10:09,Mrnng,279/391,716632,11546370-my-ak,1508,6-243-18-p,Nut,O,Tbl,2,Crt.&P,,36,7920,skid# 128,F,,SHIPPED,,2026-09-01 10:10:09,,,,
2026-08-31 13:25:58,Mrnng,272/391,716748,11546571,1834,6-239-23-B,Blt/Scrw,O,Tbl,2,S/P,MIXED,26,40300,SKID# 248,F,1,SHIPPED,,2026-08-31 13:25:58,,,,
2026-08-22 11:29:10,Mrnng,292,717284,nu1405-00,457,6-232-40-b,Nut,O,BF,113,S/P,MIXED,1,75000,skid# 114,F,1,SHIPPED,,2026-08-22 11:29:10,,,,
2026-08-22 11:28:32,Mrnng,280,717105,nu5210-03,282,6-229-52-a,Nut,O,BF,124,S/P,,1,40520,skid# 229,F,,SHIPPED,,2026-08-22 11:28:32,,,,
2026-09-01 10:02:42,Mrnng,4,707328,11612078,800,6-217-30-b,Nut,O,MC,74,S/P,"STUCK TGT, DAMAGED",36,66600,skid# 68,F,"600, 6",SHIPPED,,2026-09-01 10:02:42,,,,
2026-08-29 09:47:11,Mrnng,290,716576,11549170,1001,6-239-16-l,Nut,O,MC,78,S/P,,36,14400,skid# 92,F,,SHIPPED,,2026-08-29 09:47:11,,,,
2026-08-29 09:45:31,Mrnng,290,716230,11549168,360,6-239-22-a,Nut,C,BF,107,S/P,,10,10000,skid #48,F,,SHIPPED,,2026-08-29 09:45:31,,,,
2026-09-01 13:41:02,Mrnng,290,717509,11546367-MY-AK,581,6-243-16-C,Nut,O,BF,107,Crt.&P,,36,25200,SKID# 234,F,,SHIPPED,,2026-09-01 13:41:02,,,,
2026-09-01 09:51:59,Mrnng,285/391,717166,11546370-my-ak,983,6-243-19-d,Nut,O,Tbl,2,Crt.&P,,37,8140,skid# 197,F,,SHIPPED,,2026-09-01 09:51:59,,,,
2026-09-01 09:46:20,Mrnng,190/268,717904,40073474,1560,6-243-32-a,Nut,O,Tbl,3,S/P,,25,3750,skid# 41,F,,SHIPPED,,2026-09-01 09:46:20,,,,
2026-08-31 12:55:24,Mrnng,275,716229,11549168,428,6-240-23-B,Nut,O,BF,103,S/P,,36,36000,SKID# 73,F,,SHIPPED,,2026-08-31 12:55:24,,,,
2026-08-31 12:47:00,Mrnng,290,716552,11549170,1546,6-239-16-B,Nut,O,MC,78,S/P,,36,14400,SKID# 30,F,,SHIPPED,,2026-08-31 12:47:00,,,,
2026-08-28 16:56:58,Aftrn,275,716906,11561645,1674,6-236-33-a,Nut,O,BF,102,S/P,,34,136000,skid# 141,F,,SHIPPED,,2026-08-28 16:56:58,,,,
2026-09-01 09:40:29,Mrnng,157/297,717907,40073474,662,6-243-32-D,Nut,O,Tbl,1,S/P,MIXED,36,5400,SKID# 225,F,16,SHIPPED,,2026-09-01 09:40:29,,,,
2026-09-01 09:34:46,Mrnng,190/268,717905,40073474,682,6-243-32-b,Nut,O,Tbl,3,S/P,MIXED,36,5400,skid# 198,F,3,SHIPPED,,2026-09-01 09:34:46,,,,
2026-09-01 09:31:54,Mrnng,11/252,717451,06509967AA,kib,6-243-01-A,Blt/Scrw,O,Tbl,4,S/P,,26,21450,SKID# 134,F,,SHIPPED,,2026-09-01 09:31:54,,,,
2026-09-01 13:30:19,Mrnng,290,717215,11549171-MY-AK,60,6-240-02-F,Nut,O,BF,109,Crt.&P,,36,10080,SKID# 33,F,,SHIPPED,,2026-09-01 13:30:19,,,,
2026-09-01 09:22:17,Mrnng,279/391,717906,40073474,1543,6-243-32-C,Nut,O,Tbl,2,S/P,MIXED,32,4800,SKID# 94,F,9,SHIPPED,,2026-09-01 09:22:17,,,,
2026-08-28 16:23:30,Aftrn,275,714260,W711468-S437,636,6-238-21-B,Nut,O,MC,112,S/P,,36,57600,SKID# 82,F,,SHIPPED,,2026-08-28 16:23:30,,,,
2026-09-01 16:10:35,Aftrn,190/268,716633,11546370-my-ak,313,6-243-18-q,Nut,O,Tbl,3,Crt.&P,MIXED,36,7920,skid# 247,F,5,SHIPPED,,2026-09-01 16:10:35,,,,
2026-08-22 08:29:32,Mrnng,190/268,716032,11547369-br-ha,464,6-233-15-A,Nut,O,Tbl,3,Crt.&P,MIXED,40,10000,SKID# 40,F,1,SHIPPED,,2026-08-22 08:29:32,,,,
2026-09-01 16:02:52,Aftrn,157/297,716635,11546370-my-ak,932,6-243-18-s,Nut,O,Tbl,2,Crt.&P,,36,7920,skid# 128,F,,SHIPPED,,2026-09-01 16:02:52,,,,
2026-08-28 16:12:31,Aftrn,285/391,714598,4200818shj5a00z,470,6-233-28-b,Nut,C,Tbl,2,S/P,,14,11900,skid# 27,F,,SHIPPED,,2026-08-28 16:12:31,,,,
2026-09-01 09:05:18,Mrnng,280,717326,11546545,1809,6-243-08-B,Nut,O,BF,123,S/P,,36,90000,SKID# 136,F,,SHIPPED,,2026-09-01 09:05:18,,,,
2026-09-01 08:59:35,Mrnng,11/252,717465,06105102AA,kib,6-243-02-E,Blt/Scrw,O,Tbl,4,S/P,,36,24120,SKID# 216,F,,SHIPPED,,2026-09-01 08:59:35,,,,
2026-08-21 08:40:02,Mrnng,290,715962,11546378-my-ak,1056,6-232-20-a,Nut,O,BF,107,Crt.&P,,36,45000,skid# 174,F,,SHIPPED,,2026-08-21 08:40:02,,,,
2026-09-01 15:55:59,Aftrn,190/268,716626,11546370-my-ak,1110,6-243-18-j,Nut,O,Tbl,3,Crt.&P,MIXED,36,7920,skid# 152,F,6,SHIPPED,,2026-09-01 15:55:59,,,,
2026-08-31 18:01:42,Aftrn,157/297,717625,06104388aa,99,6-243-17-a,Blt/Scrw,O,Tbl,1,S/P,,19,12540,skid# 152,F,,SHIPPED,,2026-08-31 18:01:42,,,,
2026-08-31 17:57:07,Aftrn,280,717321,11546545,1832,6-243-06-a,Nut,O,BF,114,S/P,,34,85000,skid# 78,F,,SHIPPED,,2026-08-31 17:57:07,,,,
2026-08-31 17:50:42,Aftrn,280,717325,11546545,1444,6-243-08-a,Nut,O,BF,123,S/P,,37,92500,skid# 109,F,,SHIPPED,,2026-08-31 17:50:42,,,,
2026-08-31 17:40:23,Aftrn,280,714524,11561645,1073,6-236-34-a,Nut,O,BF,124,S/P,,37,148000,skid# 155,F,,SHIPPED,,2026-08-31 17:40:23,,,,
2026-09-01 13:03:45,Mrnng,157/297,715687,11546465,752,6-224-22-B,Nut,O,Tbl,1,S/P,,34,37400,SKID# 166,F,,SHIPPED,,2026-09-01 13:03:45,,,,
2026-08-29 14:43:30,Mrnng,285/391,714596,4200818shj5a00z,817,6-233-27-a,Nut,O,Tbl,2,S/P,MISSING COLOR,43,36550,skid #46,F,7,SHIPPED,,2026-08-29 14:43:30,,,,
2026-08-29 14:24:26,Mrnng,290,716559,11549170,1397,6-239-16-i,Nut,O,MC,78,S/P,,40,16000,skid# 94,F,,SHIPPED,,2026-08-29 14:24:26,,,,
2026-09-02 11:46:27,Mrnng,4/252,716955,22800396-IN-PN,1771,6-243-57-A,Nut,O,Tbl,4,Crt.&P,MIXED,16,20800,skid #46,F,6,SHIPPED,,2026-09-02 11:46:27,,,,
2026-08-31 17:28:56,Aftrn,190/268,717449,06105049aa,KIB,6-243-12-a,Nut,O,Tbl,3,S/P,MIXED,13,10400,skid# 34,F,3,SHIPPED,,2026-08-31 17:28:56,,,,
2026-09-01 12:52:51,Mrnng,190/268,715808,11546703,1666,6-243-52-a,Blt/Scrw,O,Tbl,3,S/P,MIXED,36,144000,skid# 75,F,2,SHIPPED,,2026-09-01 12:52:51,,,,
2026-08-29 13:49:01,Mrnng,290,716563,11549168,1340,6-240-20-a,Nut,O,BF,107,S/P,,36,36000,skid# 111,F,,SHIPPED,,2026-08-29 13:49:01,,,,
2026-08-31 17:16:29,Aftrn,290,717212,11549171-my-ak,801,6-240-02-c,Nut,O,BF,109,Crt.&P,,36,10080,pack# 2,F,,SHIPPED,,2026-08-31 17:16:29,,,,
2026-08-29 13:38:04,Mrnng,285/391,714596,4200818SHJ5A00Z,817,6-233-27-A,Nut,C,Tbl,2,S/P,MISSING COLOR,36,30600,SKID# 225,F,7,SHIPPED,,2026-08-29 13:38:04,,,,
2026-08-29 13:33:44,Mrnng,292,716572,11549170,1335,6-239-17-d,Nut,O,BF,117,S/P,MIXED,36,14400,skid# 229,F,4,SHIPPED,,2026-08-29 13:33:44,,,,
2026-08-29 13:26:02,Mrnng,290,716127,11546368-my-ak,484,6-237-13-d,Nut,O,BF,109,Crt.&P,,36,16200,skid# 249,F,,SHIPPED,,2026-08-29 13:26:02,,,,
2026-08-31 17:11:50,Aftrn,4,716913,11549168,398,6-240-22-D,Nut,O,MC,26,S/P,,36,36000,SKID# 241,F,,SHIPPED,,2026-08-31 17:11:50,,,,
2026-08-28 14:10:37,Mrnng,157/297,714523,06511672AA,321,6-238-15-A,Nut,O,Tbl,1,S/P,MIXED,30,42000,SKID# 241,F,3,SHIPPED,,2026-08-28 14:10:37,,,,
2026-09-01 12:50:36,Mrnng,11/252,715849,11546465,1646,6-224-22-D,Nut,O,Tbl,4,S/P,,34,37400,SKID# 156,F,,SHIPPED,,2026-09-01 12:50:36,,,,
2026-09-01 12:00:36,Mrnng,157/297,715816,11546703,275,6-243-54-a,Blt/Scrw,O,Tbl,1,S/P,MIXED,23,92000,skid# 192,F,2,SHIPPED,,2026-09-01 12:00:36,,,,
2026-08-29 12:56:48,Mrnng,275,714258,w711468-s437,664,6-238-21-a,Nut,O,MC,112,S/P,,27,43200,skid# 174,F,,SHIPPED,,2026-08-29 12:56:48,,,,
2026-08-31 16:25:28,Aftrn,11/252,717899,11602031,981,6-243-22-B,Nut,O,Tbl,4,S/P,"MIXED, EXCESS PLATING, MISSING TAB",21,3045,SKID# 189,F,"2, 2, 3",SHIPPED,,2026-08-31 16:25:28,,,,
2026-08-29 11:45:12,Mrnng,280,716901,w716298-s450,1777,6-236-42-b,Nut,O,BF,124,S/P,,34,119000,skid# 181,F,,SHIPPED,,2026-08-29 11:45:12,,,,
2026-08-29 11:34:42,Mrnng,292,716549,11549168,1689,6-239-19-a,Nut,O,MC,26,S/P,"MIXED, STUCK TGT",36,36000,skid# 33,F,"2, 1",SHIPPED,,2026-08-29 11:34:42,,,,
2026-08-27 17:15:40,Aftrn,197,716646,11549171-MY-AK,1556,6-237-20-F,Nut,O,Tbl,5,Crt.&P,MIXED,31,8680,SKID# 131,F,14,SHIPPED,,2026-08-27 17:15:40,,,,
2026-08-27 17:04:27,Aftrn,290,717037,11546367-MY-AK,1693,6-237-18-E,Nut,O,BF,109,Crt.&P,,30,21000,SKID# 96,F,,SHIPPED,,2026-08-27 17:04:27,,,,
2026-08-27 16:48:44,Aftrn,290,717031,11546367-MY-AK,837,6-237-17-A,Nut,O,BF,107,Crt.&P,,36,25200,SKID# 198,F,,SHIPPED,,2026-08-27 16:48:44,,,,
2026-08-29 10:58:01,Mrnng,275,715998,w520412-s442,1067,6-231-16-a,Nut,O,BF,103,S/P,,42,159600,skid# 68,F,,SHIPPED,,2026-08-29 10:58:01,,,,
2026-08-27 16:15:54,Aftrn,285/391,717984,11604000,KIB,6-238-14-D,Nut,O,Tbl,2,S/P,,26,15210,SKID# 23,F,,SHIPPED,,2026-08-27 16:15:54,,,,
2026-08-27 16:06:56,Aftrn,275,717262,6100050,1793,6-236-40-A,Nut,O,BF,108,S/P,,36,54000,SKID# 34,F,,SHIPPED,,2026-08-27 16:06:56,,,,
2026-08-27 15:57:36,Aftrn,280,717634,11546377-PH-RO,631,6-238-04-d,Nut,O,BF,118,Crt.&P,STUCK TGT,25,53750,skid# 189,F,100,SHIPPED,,2026-08-27 15:57:36,,,,
2026-09-01 11:56:07,Mrnng,279/391,715848,11546465,232,6-224-22-C,Nut,O,Tbl,2,S/P,,35,38500,SKID# 23,F,,SHIPPED,,2026-09-01 11:56:07,,,,
2026-09-01 15:46:31,Aftrn,11/252,716624,11546370-my-ak,319,6-243-18-h,Nut,O,Tbl,4,Crt.&P,MIXED,36,7920,skid# 155,F,15,SHIPPED,,2026-09-01 15:46:31,,,,
2026-09-01 15:42:31,Aftrn,11/252,717169,11546370-MY-AK,449,6-243-18-F,Nut,O,Tbl,4,Crt.&P,MIXED,36,7920,SKID# 161,F,4,SHIPPED,,2026-09-01 15:42:31,,,,
2026-08-29 10:02:00,Mrnng,292,716562,11549168,1331,6-239-21-b,Nut,O,MC,110,S/P,MIXED,36,36000,skid# 35,F,10,SHIPPED,,2026-08-29 10:02:00,,,,
2026-08-29 09:57:26,Mrnng,292,716583,11549170,294,6-239-17-g,Nut,O,BF,117,S/P,MIXED,36,14400,skid# 158,F,3,SHIPPED,,2026-08-29 09:57:26,,,,
2026-08-29 09:51:21,Mrnng,290,716124,11546368-MY-AK,1635,6-237-13-A,Nut,O,BF,109,Crt.&P,,36,16200,SKID# 110,F,,SHIPPED,,2026-08-29 09:51:21,,,,
2026-09-01 11:41:53,Mrnng,290,717218,11549171-my-ak,974,6-240-02-i,Nut,O,BF,109,Crt.&P,,36,10080,skid# 164,F,,SHIPPED,,2026-09-01 11:41:53,,,,
2026-08-28 17:21:21,Aftrn,280,717697,11546377-PH-RO,806,6-238-08-A,Nut,O,BF,118,Crt.&P,STUCK TGT,36,77400,SKID# 156,F,2218,SHIPPED,,2026-08-28 17:21:21,,,,
2026-09-01 15:39:24,Aftrn,279/391,715809,11546703,1755,6-243-52-b,Blt/Scrw,O,Tbl,2,S/P,MISSING COLOR,36,144000,skid# 109,F,1,SHIPPED,,2026-09-01 15:39:24,,,,
2026-09-02 15:54:27,Aftrn,190/268,716353,11546368-my-ak,590,6-244-12-A,Nut,O,Tbl,3,Crt.&P,EXCESS PLATING,36,16200,skid #207,F,2,SHIPPED,,2026-09-02 15:54:27,,,,
2026-08-31 15:43:17,Aftrn,275,717327,11546545,688,6-243-09-A,Nut,O,BF,102,S/P,,36,90000,SKID# 191,F,,SHIPPED,,2026-08-31 15:43:17,,,,
2026-09-01 15:35:26,Aftrn,197,716404,pz18-7p483-aa,1083,6-217-21-a,Nut,O,Tbl,5,S/P,,38,7410,SKID# 130,F,,SHIPPED,,2026-09-01 15:35:26,,,,
2026-09-01 15:30:00,Aftrn,279/391,715813,11546703,1589,6-243-53-B,Nut,O,Tbl,2,S/P,,20,80000,SKID# 216,F,,SHIPPED,,2026-09-01 15:30:00,,,,
2026-09-01 14:47:39,Mrnng,275,717420,82248,1794,6-240-04-B,Nut,O,BF,112,S/P,STUCK TGT,36,37800,SKID# 217,F,20,SHIPPED,,2026-09-01 14:47:39,,,,
2026-09-01 11:17:27,Mrnng,11/252,716348,06509787aa,1506,6-243-13-a,Blt/Scrw,C,Tbl,4,S/P,,36,24120,skid# 151,F,,SHIPPED,,2026-09-01 11:17:27,,,,
2026-09-01 14:43:46,Mrnng,275,717322,11546545,1026,6-243-06-b,Nut,O,BF,102,S/P,,34,85000,skid# 248,F,,SHIPPED,,2026-09-01 14:43:46,,,,
2026-09-02 11:28:11,Mrnng,280,717288,11610091-my-ak,145,6-243-40-b,Nut,O,BF,118,Crt.&P,,29,72500,skid# 35,F,,SHIPPED,,2026-09-02 11:28:11,,,,
2026-09-02 11:20:22,Mrnng,290,717691,11546449,620,6-243-26-C,Nut,O,BF,106,S/P,,16,40000,SKID# 30,F,,SHIPPED,,2026-09-02 11:20:22,,,,
2026-09-01 10:58:37,Mrnng,275,717266,6100050,81,6-238-19-b,Nut,O,BF,108,S/P,,51,76500,skid# 154,F,,SHIPPED,,2026-09-01 10:58:37,,,,
2026-09-02 11:13:10,Mrnng,157/297,716175,11546774-my-ak,102,6-243-37-d,Nut,O,Tbl,1,Crt.&P,,22,9900,skid# 34,F,,SHIPPED,,2026-09-02 11:13:10,,,,
2026-09-02 11:08:59,Mrnng,290,717497,11546367-my-ak,608,6-243-15-c,Nut,O,BF,107,Crt.&P,,36,25200,skid# 33,F,,SHIPPED,,2026-09-02 11:08:59,,,,
2026-09-02 11:03:10,Mrnng,190/268,717977,W705606-S440,kib,6-238-20-A,Nut,O,Tbl,3,S/P,,22,12760,SKID# 198,F,,SHIPPED,,2026-09-02 11:03:10,,,,
2026-09-02 10:56:12,Mrnng,280,714525,11561645,1630,6-236-34-b,Nut,O,BF,124,S/P,,22,88000,skid# 167,F,,SHIPPED,,2026-09-02 10:56:12,,,,
2026-09-02 10:51:24,Mrnng,11/252,716284,11546774-my-ak,1656,6-243-36-a,Nut,O,Tbl,4,Crt.&P,,22,9900,skid# 253,F,,SHIPPED,,2026-09-02 10:51:24,,,,
2026-08-31 13:56:13,Mrnng,272/285/391,717469,06105102aa,KIB,6-243-02-i,Blt/Scrw,O,Tbl,2,S/P,MIXED,20,13400,skid# 137,F,1,SHIPPED,,2026-08-31 13:56:13,,,,
2026-09-02 10:46:05,Mrnng,190/268,715812,11546703,708,6-243-53-A,Blt/Scrw,O,Tbl,3,S/P,,34,136000,SKID# 194,F,,SHIPPED,,2026-09-02 10:46:05,,,,
2026-09-02 10:35:48,Mrnng,279/391,716286,11546774-MY-AK,62,6-243-36-C,Nut,O,Tbl,2,Crt.&P,,19,8550,SKID# 43,F,,SHIPPED,,2026-09-02 10:35:48,,,,
2026-09-02 10:35:48,Mrnng,279/391,716165,11546774-my-ak,71,6-243-37-b,Nut,O,Tbl,2,Cert.&P,,20,9000,SKID# 43,F,,SHIPPED,,2026-09-02 10:35:48,,,,
2026-08-26 11:03:07,Mrnng,197,716646,11549171-my-ak,1556,6-237-20-f,Nut,O,Tbl,5,Crt.&P,MIXED,31,8680,skid# 131,F,14,SHIPPED,,2026-08-26 11:03:07,,,,
2026-09-02 10:32:08,Mrnng,157/297,717980,w705606-s440,KIB,6-238-20-d,Nut,O,Tbl,1,S/P,,27,15660,skid# 41,F,,SHIPPED,,2026-09-02 10:32:08,,,,
2026-09-02 10:27:27,Mrnng,11/252,717901,11602031,927,6-243-22-D,Nut,O,Tbl,4,S/P,"MIXED, MISSING TAB",31,4495,SKID# 174,F,"4, 3",SHIPPED,,2026-09-02 10:27:27,,,,
2026-08-26 10:29:57,Mrnng,290,717752,w705606-s440,KIB,6-233-38-a,Nut,O,BF,107,S/P,,32,18560,skid# 182,F,,SHIPPED,,2026-08-26 10:29:57,,,,
2026-09-02 10:21:39,Mrnng,275,717405,6101831,1101,6-240-15-a,Nut,O,BF,112,S/P,,36,36000,skid# 87,F,,SHIPPED,,2026-09-02 10:21:39,,,,
2026-09-02 10:15:59,Mrnng,157/297,716285,11546774-my-ak,918,6-243-36-b,Nut,O,Tbl,1,Crt.&P,,36,16200,skid# 236,F,,SHIPPED,,2026-09-02 10:15:59,,,,
2026-09-02 10:12:44,Mrnng,11/252,716164,11546774-my-ak,1311,6-243-37-a,Nut,O,Tbl,4,Crt.&P,,36,16200,pack# 3,F,,SHIPPED,,2026-09-02 10:12:44,,,,
2026-09-02 10:08:46,Mrnng,280,717507,11546367-MY-AK,1713,6-243-16-A,Nut,O,BF,121,Crt.&P,,36,25200,PACK# 6,F,,SHIPPED,,2026-09-02 10:08:46,,,,
2026-09-02 09:54:23,Mrnng,4,716915,11549168,1034,6-240-21-D,Nut,O,MC,110,S/P,"MIXED, STUCK TGT",60,60000,SKID# 249,F,"7, 60",SHIPPED,,2026-09-02 09:54:23,,,,
2026-09-02 09:47:20,Mrnng,11/252,717978,w705606-s440,KIB,6-238-20-b,Nut,O,Tbl,4,S/P,,37,21460,SKID# 3,F,,SHIPPED,,2026-09-02 09:47:20,,,,
2026-08-31 11:52:44,Mrnng,190/268,717470,06105102aa,KIB,6-243-02-j,Blt/Scrw,O,Tbl,3,S/P,MIXED,38,25460,skid# 247,F,2,SHIPPED,,2026-08-31 11:52:44,,,,
2026-09-01 10:58:37,Mrnng,275,717265,6100050,1342,6-238-19-a,Nut,C,BF,108,S/P,,21,31500,skid# 154,F,,SHIPPED,,2026-09-01 10:58:37,,,,
2026-08-31 16:13:51,Aftrn,190/268,717174,11546370-MY-AK,1410,6-243-18-C,Nut,O,Tbl,3,Crt.&P,MIXED,20,4400,SKID# 250,F,4,SHIPPED,,2026-08-31 16:13:51,,,,
2026-08-25 09:31:55,Mrnng,11,717145,11546463-th-tc,1760,6-236-15-a,Nut,O,Tbl,5,Crt.&P,MIXED,31,13950,skid# 234,F,3,SHIPPED,,2026-08-25 09:31:55,,,,
2026-08-31 11:34:13,Mrnng,157/297,717010,55364498AA,67,6-240-19-B,Blt/Scrw,O,Tbl,1,S/P,MIXED,36,18720,SKID# 26,F,15,SHIPPED,,2026-08-31 11:34:13,,,,
2026-08-31 11:23:59,Mrnng,275,717331,11546545,1588,6-243-11-A,Nut,O,BF,102,S/P,,36,90000,SKID# 170,F,,SHIPPED,,2026-08-31 11:23:59,,,,
2026-09-02 09:45:34,Mrnng,190/268,715806,11546703,1415,6-243-51-A,Blt/Scrw,O,Tbl,3,S/P,,31,124000,SKID# 68,F,,SHIPPED,,2026-09-02 09:45:34,,,,
2026-09-02 09:40:17,Mrnng,11/252,716287,11546774-my-ak,1346,6-243-36-D,Nut,O,Tbl,4,Crt.&P,,36,16200,SKID# 52,F,,SHIPPED,,2026-09-02 09:40:17,,,,
2026-08-28 12:55:03,Mrnng,275,715998,w520412-s442,1067,6-231-16-a,Nut,C,BF,103,S/P,,13,49400,skid# 30,F,,SHIPPED,,2026-08-28 12:55:03,,,,
2026-09-02 09:24:51,Mrnng,157/297,717979,W705606-S440,kib,6-238-20-C,Nut,O,Tbl,1,S/P,,33,19140,SKID# 25,F,,SHIPPED,,2026-09-02 09:24:51,,,,
2026-08-31 10:57:56,Mrnng,280,717328,11546545,465,6-243-09-B,Nut,O,BF,123,S/P,,36,90000,SKID# 87,F,,SHIPPED,,2026-08-31 10:57:56,,,,
2026-08-31 10:44:37,Mrnng,285/391,717464,06105102aa,KIB,6-243-02-d,Blt/Scrw,O,Tbl,2,S/P,MIXED,36,24120,skid# 56,F,1,SHIPPED,,2026-08-31 10:44:37,,,,
2026-08-31 15:48:00,Aftrn,190/268,717450,06105049aa,KIB,6-243-12-b,Blt/Scrw,O,Tbl,3,S/P,MIXED,36,28800,skid# 131,F,1,SHIPPED,,2026-08-31 15:48:00,,,,
2026-08-31 10:14:42,Mrnng,190/268,717654,11546389br-ph-ro,1072,6-240-05-b,Nut,O,Tbl,3,Crt.&P,"MIXED, STUCK TGT",26,101400,skid# 245,F,"1, 1120",SHIPPED,,2026-08-31 10:14:42,,,,
2026-08-31 10:09:19,Mrnng,11/252,717466,06105102aa,KIB,6-243-02-f,Blt/Scrw,O,Tbl,4,S/P,,22,14740,skid# 32,F,,SHIPPED,,2026-08-31 10:09:19,,,,
2026-09-02 09:11:32,Mrnng,290,716923,11549170,1604,6-240-24-B,Nut,O,MC,78,S/P,,36,14400,SKID# 207,F,,SHIPPED,,2026-09-02 09:11:32,,,,
2026-09-02 09:08:24,Mrnng,279/391,717168,11546370-my-ak,1600,6-243-18-e,Nut,O,Tbl,2,Crt.&P,"MIXED, EXCESS PLATING",34,7480,skid# 110,F,"8, 5",SHIPPED,,2026-09-02 09:08:24,,,,
2026-08-31 09:29:39,Mrnng,280,717329,11546545,914,6-243-10-a,Nut,C,BF,123,S/P,,36,90000,skid #49,F,,SHIPPED,,2026-08-31 09:29:39,,,,
2026-09-02 09:02:27,Mrnng,290,717029,11546367-my-ak,966,6-243-15-a,Nut,O,BF,107,Crt.&P,,36,25200,skid# 78,F,,SHIPPED,,2026-09-02 09:02:27,,,,
2026-09-08 12:47:14,Mrnng,279/391,717896,40161567,439,6-251-04-g,Nut,O,Tbl,2,S/P,,36,6300,SKID #140,F,,SHIPPED,,2026-09-08 12:47:14,,,,
2026-08-31 14:53:11,Mrnng,4/292,717704,11546389,1657,6-240-11-b,Nut,C,BF,113,S/P,,10,45000,skid# 175,F,,SHIPPED,,2026-08-31 14:53:11,,,,
2026-09-08 12:46:30,Mrnng,157/297,717897,40161567,853,6-251-04-h,Nut,O,Tbl,1,S/P,,36,6300,SKID #1,F,,SHIPPED,,2026-09-08 12:46:30,,,,
2026-09-03 15:55:21,Aftrn,190/268,716052,11611122-BR-HA,942,6-244-02-A,Blt/Scrw,O,Tbl,3,Crt.&P,MIXED,5,9250,skid #135,F,1,SHIPPED,,2026-09-03 15:55:21,,,,
2026-09-02 15:33:43,Aftrn,290,717216,11549171-my-ak,849,6-240-02-g,Nut,O,BF,109,Cert.&P,,22,6160,SKID #182,F,,SHIPPED,,2026-09-02 15:33:43,,,,
2026-09-02 15:29:59,Aftrn,275,717692,11546449,1503,6-243-27-a,Nut,O,BF,104,S/P,,36,90000,SKID #78,F,,SHIPPED,,2026-09-02 15:29:59,,,,
2026-09-02 15:14:39,Aftrn,280,717508,11546367-my-ak,331,6-243-16-b,Nut,O,BF,121,Crt.&P,,32,22400,SKID #51,F,,SHIPPED,,2026-09-02 15:14:39,,,,
2026-09-02 15:05:37,Aftrn,290,717030,11546367-MY-AK,742,6-243-15-B,Nut,O,BF,107,Crt.&P,,33,23100,skid #110,F,,SHIPPED,,2026-09-02 15:05:37,,,,
2026-09-02 14:56:34,Mrnng,279/391,717543,11502717-th-tc,1635,6-245-03-a,Nut,O,Tbl,2,Crt.&P,,37,48100,SKID #26,F,,SHIPPED,,2026-09-02 14:56:34,,,,
2026-08-31 14:05:45,Mrnng,275,717266,6100050,81,6-238-19-b,Nut,C,BF,108,S/P,,36,54000,skid# 164,F,,SHIPPED,,2026-08-31 14:05:45,,,,
2026-09-02 14:51:49,Mrnng,279/391,717543,11502717-th-tc,1635,6-245-03-a,Nut,C,Tbl,2,Crt.&P,,24,31200,SKID #91,F,,SHIPPED,,2026-09-02 14:51:49,,,,
2026-09-02 14:36:50,Mrnng,290,716918,11549170,342,6-240-26-a,Nut,O,MC,78,S/P,,50,20000,skid# 25,F,,SHIPPED,,2026-09-02 14:36:50,,,,
2026-09-02 14:31:39,Mrnng,280,717291,11610091-my-ak,1302,6-243-41-a,Nut,O,BF,118,Crt.&P,,30,75000,skid #49,F,,SHIPPED,,2026-09-02 14:31:39,,,,
2026-09-03 15:52:25,Aftrn,279/391,711385,p7241950-in-pn,133,6-244-01-a,Blt/Scrw,O,Tbl,2,Crt.&P,,18,3240,SKID #43,F,,SHIPPED,,2026-09-03 15:52:25,,,,
2026-08-28 17:08:33,Aftrn,280,717137,11546545-TH-TC,284,6-240-09-A,Nut,O,BF,114,Crt.&P,,28,70000,SKID# 167,F,,SHIPPED,,2026-08-28 17:08:33,,,,
2026-08-31 13:07:46,Mrnng,157/297,717628,06104388AA,958,6-243-17-D,Blt/Scrw,O,Tbl,1,S/P,,36,23760,SKID# 129,F,,SHIPPED,,2026-08-31 13:07:46,,,,
2026-08-31 13:03:59,Mrnng,190/268,717173,11546370-my-ak,1354,6-243-18-b,Nut,O,Tbl,3,Crt.&P,MIXED,36,7920,skid# 186,F,3,SHIPPED,,2026-08-31 13:03:59,,,,
2026-08-31 12:57:25,Mrnng,11/252,717171,11546370-my-ak,1599,6-243-19-a,Nut,O,Tbl,4,Crt.&P,"MIXED, EXCESS PLATING",36,7920,skid# 235,F,"3, 2",SHIPPED,,2026-08-31 12:57:25,,,,
2026-08-26 11:07:39,Mrnng,280,717077,11546456,921,6-236-23-a,Nut,O,BF,123,S/P,,30,81000,skid# 7,F,,SHIPPED,,2026-08-26 11:07:39,,,,
2026-08-31 15:59:44,Aftrn,280,717138,11546545-TH-TC,546,6-240-09-b,Nut,O,BF,114,Crt.&P,,33,82500,skid# 239,F,,SHIPPED,,2026-08-31 15:59:44,,,,
2026-08-31 15:52:23,Aftrn,197,716404,pz18-7p483-aa,1083,6-217-21-a,Nut,C,Tbl,5,S/P,,24,4680,skid# 92,F,,SHIPPED,,2026-08-31 15:52:23,,,,
2026-08-26 09:43:49,Mrnng,157/197/297,714081,l0668498aa02,1363,6-236-25-b,Nut,O,Tbl,1,S/P,STUCK TGT,36,144000,skid# 3,F,16,SHIPPED,,2026-08-26 09:43:49,,,,
2026-09-02 14:19:44,Mrnng,275,717406,6101831,784,6-240-15-B,Nut,O,BF,112,S/P,,36,36000,SKID# 246,F,,SHIPPED,,2026-09-02 14:19:44,,,,
2026-08-31 15:08:53,Aftrn,4/292,716228,11549168,1606,6-240-23-a,Nut,O,BF,110,S/P,,36,36000,skid# 224,F,,SHIPPED,,2026-08-31 15:08:53,,,,
2026-09-02 14:09:09,Mrnng,4,716818,11546365-MY-AK,1570,6-240-06-B,Nut,O,MC,19,Crt.&P,"MIXED, STUCK TGT",34,64600,SKID# 217,F,"3, 47",SHIPPED,,2026-09-02 14:09:09,,,,
2026-08-31 11:14:41,Mrnng,11/252,717164,11546571,493,6-239-24-D,Blt/Scrw,O,Tbl,4,S/P,MIXED,31,48050,SKID# 171,F,82,SHIPPED,,2026-08-31 11:14:41,,,,
2026-08-25 15:26:18,Aftrn,285/391,716028,06512732aa,676,6-229-58-a,Blt/Scrw,O,Tbl,2,S/P,MIXED,24,18000,skid# 24,F,26,SHIPPED,,2026-08-25 15:26:18,,,,
2026-09-01 11:50:39,Mrnng,4,716915,11549168,1034,6-240-21-D,Nut,C,MC,110,S/P,"MIXED, STUCK TGT",30,30000,SKID# 27,F,"7, 39",SHIPPED,,2026-09-01 11:50:39,,,,
2026-08-31 11:02:47,Mrnng,280,717637,11546377-PH-RO,1360,6-238-06-C,Nut,O,BF,118,Crt.&P,,27,58050,SKID# 168,F,,SHIPPED,,2026-08-31 11:02:47,,,,
2026-09-02 14:04:34,Mrnng,280,717649,11546389-ph-ro,1381,6-243-30-a,Nut,O,BF,123,Crt.&P,,32,144000,skid# 248,F,,SHIPPED,,2026-09-02 14:04:34,,,,
2026-08-31 14:49:21,Mrnng,190/268,717653,11546389br-ph-ro,45,6-240-05-a,Nut,O,Tbl,3,Crt.&P,"MIXED, STUCK TGT",36,140400,skid# 246,F,"1, 1380",SHIPPED,,2026-08-31 14:49:21,,,,
2026-08-31 14:44:58,Mrnng,279/391,717467,06105102aa,KIB,6-243-02-G,Blt/Scrw,O,Tbl,2,S/P,MIXED,36,24120,SKID# 182,F,1,SHIPPED,,2026-08-31 14:44:58,,,,
2026-09-11 09:38:31,Mrnng,190-268,718663,nu1510-00,1330,6-253-21-c,Nut,O,Tbl,3,S/P,,1,35000,skid# 239,F,,SHIPPED,,2026-09-11 09:38:31,,,,
2026-09-03 10:05:05,Mrnng,11/252,714568,06511799aa,16 CTNS,6-243-50-a,Nut,O,Tbl,4,S/P,DAMAGED,14,25200,skid# 188,F,200,SHIPPED,,2026-09-03 10:05:05,,,,
2026-08-29 14:51:38,Mrnng,190/268,714532,11546366-my-ak,737,6-240-08-a,Nut,O,Tbl,3,Crt.&P,MIXED,36,36000,skid# 178,F,6,SHIPPED,,2026-08-29 14:51:38,,,,
2026-09-02 13:45:50,Mrnng,157/297,716969,11548535,1330,6-243-35-a,Nut,O,Tbl,1,S/P,,36,5400,skid# 60,F,,SHIPPED,,2026-09-02 13:45:50,,,,
2026-09-02 13:39:18,Mrnng,275,717644,11546389-PH-RO,1501,6-243-25-B,Nut,O,MC,112,Crt.&P,STUCK TGT,36,162000,SKID# 154,F,4000,SHIPPED,,2026-09-02 13:39:18,,,,
2026-09-02 13:33:20,Mrnng,275,717180,11610091-my-ak,743,6-243-38-B,Nut,O,BF,103,Crt.&P,,36,90000,SKID# 73,F,,SHIPPED,,2026-09-02 13:33:20,,,,
2026-08-31 13:42:34,Mrnng,290,717323,11546545,405,6-243-07-A,Nut,C,BF,106,S/P,,13,32500,SKID# 104,F,,SHIPPED,,2026-08-31 13:42:34,,,,
2026-09-03 15:42:50,Aftrn,290,717702,11546389,879,6-240-10-b,Nut,O,BF,106,S/P,,26,117000,SKID #217,F,,SHIPPED,,2026-09-03 15:42:50,,,,
2026-09-02 13:24:00,Mrnng,290,717162,11546571,915,6-239-24-b,Nut,O,BF,105,S/P,,28,43400,skid# 199,F,,SHIPPED,,2026-09-02 13:24:00,,,,
2026-09-02 13:20:10,Mrnng,290,716918,11549170,342,6-240-26-A,Nut,C,MC,78,S/P,,36,14400,SKID# 75,F,,SHIPPED,,2026-09-02 13:20:10,,,,
2026-09-02 13:11:48,Mrnng,292,717178,11546378-my-ak,696,6-243-21-b,Nut,O,MC,26,Crt.&P,"MIXED, STUCK TGT",36,45000,skid# 156,F,"2, 13",SHIPPED,,2026-09-02 13:11:48,,,,
2026-08-29 10:35:01,Mrnng,275,717264,6100050,1707,6-238-18-B,Nut,O,BF,108,S/P,,36,54000,SKID# 60,F,,SHIPPED,,2026-08-29 10:35:01,,,,
2026-09-02 13:06:42,Mrnng,292,716355,11546368-my-ak,845,6-244-12-c,Nut,O,BF,117,Crt.&P,,36,16200,skid# 166,F,,SHIPPED,,2026-09-02 13:06:42,,,,
2026-09-03 09:49:53,Mrnng,275,717407,6101831,1639,6-240-15-c,Nut,O,BF,112,S/P,,36,36000,skid# 229,F,,SHIPPED,,2026-09-03 09:49:53,,,,
2026-09-02 12:57:44,Mrnng,279/391,716575,11549170,289,6-239-16-K,Nut,O,Tbl,2,S/P,"MIXED, OTHERS",33,13200,SKID# 170,F,"3, 23",SHIPPED,,2026-09-02 12:57:44,,,,
2026-09-02 12:52:21,Mrnng,275,717259,6100050,286,6-238-17-a,Nut,O,BF,108,S/P,,36,54000,skid# 213,F,,SHIPPED,,2026-09-02 12:52:21,,,,
2026-09-02 12:46:22,Mrnng,292,716573,11549170,33,6-239-18-A,Nut,O,BF,116,S/P,"MIXED, STUCK TGT",41,16400,SKID# 181,F,"5, 2",SHIPPED,,2026-09-02 12:46:22,,,,
2026-09-03 09:47:36,Mrnng,280,717646,11546389-ph-ro,703,6-243-28-b,Nut,O,BF,123,Crt.&P,,36,162000,SKID #207,F,,SHIPPED,,2026-09-03 09:47:36,,,,
2026-09-02 11:50:48,Mrnng,279/391,716429,11604820,671,6-244-18-a,Blt/Scrw,O,Tbl,2,S/P,,14,4620,skid# 7,F,,SHIPPED,,2026-09-02 11:50:48,,,,
2026-09-02 11:34:50,Mrnng,190/268,717567,7150-1710-03,1621,6-244-13-a,Blt/Scrw,O,Tbl,3,S/P,,27,29700,skid# 190,F,,SHIPPED,,2026-09-02 11:34:50,,,,
2026-09-03 15:36:07,Aftrn,290,717651,11546389-ph-ro,1513,6-243-31-a,Nut,O,BF,106,Crt.&P,STUCK TGT,3,13500,SKID #151,F,580,SHIPPED,,2026-09-03 15:36:07,,,,
2026-09-03 09:41:00,Mrnng,290,717209,11549171-my-ak,815,6-240-02-l,Nut,O,BF,109,Cert.&P,,37,10360,SKID# 85,F,,SHIPPED,,2026-09-03 09:41:00,,,,
2026-09-03 09:37:38,Mrnng,290,716919,11549170,65,6-240-26-b,Nut,O,MC,78,S/P,,36,14400,skid# 34,F,,SHIPPED,,2026-09-03 09:37:38,,,,
2026-09-03 15:36:07,Aftrn,290,717642,11546389-ph-ro,1334,6-243-24-b,Nut,O,BF,113,Cert.&P,,8,36000,SKID #151,F,,SHIPPED,,2026-09-03 15:36:07,,,,
2026-09-03 15:29:03,Aftrn,11/252,717986,w520203-s450b,KIB,6-244-22-b,Nut,O,Tbl,4,S/P,,24,23040,SKID #233,F,,SHIPPED,,2026-09-03 15:29:03,,,,
2026-09-03 15:24:51,Aftrn,190/268,717985,w520203-s450b,KIB,6-244-22-a,Nut,O,Tbl,3,S/P,,29,27840,SKID #41,F,,SHIPPED,,2026-09-03 15:24:51,,,,
2026-09-03 15:20:51,Aftrn,275,716924,11549170,66,6-240-25-A,Nut,O,BF,108,S/P,,36,14400,skid #189,F,,SHIPPED,,2026-09-03 15:20:51,,,,
2026-09-03 15:09:13,Aftrn,190/268,717005,06105051AA,1345,6-243-56-A,Blt/Scrw,O,Tbl,3,S/P,,19,11780,skid #91,F,,SHIPPED,,2026-09-03 15:09:13,,,,
2026-09-03 15:02:28,Aftrn,280,717292,11610091-MY-AK,889,6-243-41-B,Nut,O,BF,118,Crt.&P,,28,70000,SKID# 248,F,,SHIPPED,,2026-09-03 15:02:28,,,,
2026-09-03 14:57:08,Mrnng,157/297,717453,82246,KIB,6-245-12-a,Blt/Scrw,O,Tbl,1,S/P,,32,8000,skid# 194,F,,SHIPPED,,2026-09-03 14:57:08,,,,
2026-08-31 14:58:22,Mrnng,4,716570,11549170,84,6-239-17-b,Nut,O,BF,116,S/P,,39,15600,skid# 208,F,,SHIPPED,,2026-08-31 14:58:22,,,,
2026-09-03 14:51:40,Mrnng,11/252,717987,11518428,KIB,6-244-23-a,Nut,O,Tbl,4,S/P,,27,32400,skid# 253,F,,SHIPPED,,2026-09-03 14:51:40,,,,
2026-09-08 12:00:33,Mrnng,292,718227,11546462,1619,6-247-02-f,Nut,O,MC,110,S/P,MIXED,28,18200,SKID# 27,F,3,SHIPPED,,2026-09-08 12:00:33,,,,
2026-09-03 14:42:20,Mrnng,11/252,717107,06514720AA,1627,6-245-20-A,Blt/Scrw,O,Tbl,4,S/P,MIXED,29,36250,SKID# 208,F,3,SHIPPED,,2026-09-03 14:42:20,,,,
2026-09-03 14:36:58,Mrnng,275,717647,11546389-ph-ro,1066,6-243-29-a,Nut,O,BF,102,Crt.&P,,16,72000,skid# 234,F,,SHIPPED,,2026-09-03 14:36:58,,,,
2026-09-03 14:36:58,Mrnng,275,717648,11546389-ph-ro,245,6-243-29-b,Nut,O,BF,102,Cert.&P,,12,54000,skid# 234,F,,SHIPPED,,2026-09-03 14:36:58,,,,
2026-08-21 16:17:46,Aftrn,292,714541,11546365-my-ak,1663,6-229-21-b,Nut,O,MC,24,Crt.&P,"MIXED, STUCK TGT",36,68400,skid# 192,F,"2, 14",SHIPPED,,2026-08-21 16:17:46,,,,
2026-08-28 15:02:13,Aftrn,157/297,717213,11549171-my-ak,180,6-240-02-d,Nut,O,Tbl,1,Crt.&P,MIXED,35,9800,skid# 190,F,1,SHIPPED,,2026-08-28 15:02:13,,,,
2026-09-11 09:32:26,Mrnng,252-11,717765,6101736,1352,6-245-13-B,Nut,O,Tbl,4,S/P,EXCESS PLATING,38,121600,skid# 109,F,167,SHIPPED,,2026-09-11 09:32:26,,,,
2026-08-28 14:53:30,Mrnng,190/268,717423,06513555aa,95,6-240-03-a,Nut,O,Tbl,3,S/P,MIXED,36,15840,skid# 145,F,1,SHIPPED,,2026-08-28 14:53:30,,,,
2026-09-14 10:15:02,Mrnng,11/252,717591,11546370-my-ak,602,6-253-12-b,Nut,O,Tbl,4,Crt.&P,MIXED,31,6820,skid #48,F,2,SHIPPED,,2026-09-14 10:15:02,,,,
2026-09-01 11:28:38,Mrnng,4/292,716818,11546365-my-ak,1570,6-240-06-b,Nut,C,MC,19,Crt.&P,"MIXED, STUCK TGT",7,13300,skid# 119,F,"3, 47",SHIPPED,,2026-09-01 11:28:38,,,,
2026-09-03 14:19:55,Mrnng,190/268,717109,06514720AA,1685,6-245-20-C,Blt/Scrw,O,Tbl,3,S/P,,31,38750,SKID# 60,F,,SHIPPED,,2026-09-03 14:19:55,,,,
2026-09-03 14:13:36,Mrnng,275,717915,6101831,568,6-245-04-C,Nut,O,BF,112,S/P,,36,36000,SKID# 246,F,,SHIPPED,,2026-09-03 14:13:36,,,,
2026-09-09 16:54:54,Aftrn,190/268,717544,11502717-TH-TC,614,6-252-19-A,Nut,O,Tbl,3,Crt.&P,,36,46800,skid #245,F,,SHIPPED,,2026-09-09 16:54:54,,,,
2026-09-02 15:33:43,Aftrn,290,717209,11549171-my-ak,815,6-240-02-l,Nut,C,BF,109,Crt.&P,,14,3920,SKID #182,F,,SHIPPED,,2026-09-02 15:33:43,,,,
2026-08-21 13:50:50,Mrnng,290,716517,11546449,879,6-229-36-a,Nut,O,BF,106,S/P,STUCK TGT,37,92500,SKID# 151,F,40,SHIPPED,,2026-08-21 13:50:50,,,,
2026-09-03 14:03:29,Mrnng,292,716364,11546368-my-ak,945,6-244-14-b,Nut,O,BF,117,Cert.&P,MIXED,31,13950,SKID# 177,F,1,SHIPPED,,2026-09-03 14:03:29,,,,
2026-08-21 10:29:05,Mrnng,280,716874,11546449,1375,6-232-17-a,Nut,O,BF,114,S/P,,22,55000,skid# 160,F,,SHIPPED,,2026-08-21 10:29:05,,,,
2026-08-20 15:23:47,Aftrn,290,716517,11546449,879,6-229-36-a,Nut,C,BF,106,S/P,,19,47500,SKID #219,F,,SHIPPED,,2026-08-20 15:23:47,,,,
2026-09-08 11:33:08,Mrnng,275,717516,11546368-MY-AK,933,6-246-21-F,Nut,O,BF,112,Crt.&P,,36,16200,SKID# 23,F,,SHIPPED,,2026-09-08 11:33:08,,,,
2026-08-31 10:20:30,Mrnng,190/268,714533,11546366-my-ak,852,6-240-08-b,Nut,O,Tbl,3,Crt.&P,MIXED,49,49000,skid# 212,F,15,SHIPPED,,2026-08-31 10:20:30,,,,
2026-09-04 15:38:10,Aftrn,157/297,716940,11549204,444,6-247-04-a,Nut,O,Tbl,1,S/P,MIXED,38,7980,skid# 219,F,3,SHIPPED,,2026-09-04 15:38:10,,,,
2026-08-31 09:45:32,Mrnng,4/292,716570,11549170,84,6-239-17-b,Nut,C,BF,116,S/P,,21,8400,skid# 191,F,,SHIPPED,,2026-08-31 09:45:32,,,,
2026-08-31 09:25:26,Mrnng,190/268,714533,11546366-my-ak,852,6-240-08-b,Nut,C,Tbl,3,S/P,MIXED,36,36000,skid# 109,F,15,SHIPPED,,2026-08-31 09:25:26,,,,
2026-09-03 13:54:32,Mrnng,275,717289,11610091-my-ak,908,6-243-39-b,Nut,O,BF,103,Cert.&P,,21,52500,skid# 115,F,,SHIPPED,,2026-09-03 13:54:32,,,,
2026-09-08 11:26:58,Mrnng,292,717023,11546368-my-ak,341,6-246-22-c,Nut,O,BF,116,Crt.&P,MIXED,36,16200,skid# 253,F,3,SHIPPED,,2026-09-08 11:26:58,,,,
2026-08-31 14:53:11,Mrnng,4/292,717703,11546389,943,6-240-11-a,Nut,O,BF,113,S/P,,26,117000,skid# 175,F,,SHIPPED,,2026-08-31 14:53:11,,,,
2026-09-01 09:58:40,Mrnng,157/297,716825,11546379,1424,6-243-33-a,Nut,O,Tbl,1,S/P,MIXED,39,27300,skid# 53,F,5,SHIPPED,,2026-09-01 09:58:40,,,,
2026-08-17 15:28:12,Aftrn,190/268,716325,06511834aa,635,6-229-22-a,Nut,O,Tbl,3,S/P,MIXED,31,3100,skid# 97,F,2,SHIPPED,,2026-08-17 15:28:12,,,,
2026-08-17 15:25:30,Aftrn,252/294,714481,11547369,979,6-229-24-c,Nut,O,Tbl,4,S/P,,36,9000,skid# 215,F,,SHIPPED,,2026-08-17 15:25:30,,,,
2026-09-03 13:47:14,Mrnng,280,717535,06512313aa,251,6-243-58-a,Nut,O,BF,124,S/P,,36,126000,skid# 236,F,,SHIPPED,,2026-09-03 13:47:14,,,,
2026-09-04 15:17:50,Aftrn,290/275,716929,11549170,560,6-240-25-d,Nut,O,MC,78,S/P,,48,19200,pack# 9,F,,SHIPPED,,2026-09-04 15:17:50,,,,
2026-09-03 13:35:22,Mrnng,280,717498,11546367-MY-AK,809,6-243-15-D,Nut,O,BF,121,Crt.&P,,38,26600,SKID# 92,F,,SHIPPED,,2026-09-03 13:35:22,,,,
2026-09-03 13:31:51,Mrnng,275,717643,11546389-ph-ro,1390,6-243-25-a,Nut,O,MC,112,Crt.&P,,36,162000,skid# 170,F,,SHIPPED,,2026-09-03 13:31:51,,,,
2026-09-03 13:24:35,Mrnng,11/252,717534,06512278aa,551,6-245-21-b,Nut,O,Tbl,4,S/P,,23,44850,skid# 181,F,,SHIPPED,,2026-09-03 13:24:35,,,,
2026-09-03 13:19:21,Mrnng,290,717395,6101831,1837,6-245-05-a,Nut,O,BF,110,S/P,,36,36000,skid# 173,F,,SHIPPED,,2026-09-03 13:19:21,,,,
2026-09-03 13:11:06,Mrnng,290,717181,11549171-my-ak,1010,6-243-05-a,Nut,O,BF,109,Crt.&P,,28,7840,skid# 183,F,,SHIPPED,,2026-09-03 13:11:06,,,,
2026-09-03 13:03:58,Mrnng,11/252,717006,06105051aa,747,6-243-56-b,Blt/Scrw,O,Tbl,4,S/P,,33,20460,skid# 156,F,,SHIPPED,,2026-09-03 13:03:58,,,,
2026-09-03 12:57:49,Mrnng,290,717207,11549171-my-ak,112,6-240-02-j,Nut,O,BF,109,Crt.&P,,45,12600,skid# 110,F,,SHIPPED,,2026-09-03 12:57:49,,,,
2026-08-31 16:21:42,Aftrn,11/252,717170,11546370-my-ak,1312,6-243-18-A,Nut,O,Tbl,4,Crt.&P,MIXED,38,8360,SKID# 173,F,4,SHIPPED,,2026-08-31 16:21:42,,,,
2026-09-01 13:11:00,Mrnng,11/252,717641,11546389-PH-RO,936,6-243-24-A,Nut,O,Tbl,4,Crt.&P,"EXCESS PLATING, STUCK TGT",15,67500,SKID# 65,F,"2, 157",SHIPPED,,2026-09-01 13:11:00,,,,
2026-08-29 13:55:24,Mrnng,11/252,717202,42068967,435,6-240-18-B,Nut,O,Tbl,4,S/P,,27,8640,SKID# 40,F,,SHIPPED,,2026-08-29 13:55:24,,,,
2026-08-31 08:55:37,Mrnng,280,716566,11549168,126,6-240-20-D,Nut,C,BF,121,S/P,,27,27000,PACK# 2,F,,SHIPPED,,2026-08-31 08:55:37,,,,
2026-09-01 12:57:24,Mrnng,280,717693,11546449,49,6-243-27-b,Nut,O,BF,123,S/P,,35,87500,skid# 223,F,,SHIPPED,,2026-09-01 12:57:24,,,,
2026-08-29 13:03:04,Mrnng,11/252,717201,42068967,1375,6-240-18-a,Nut,O,Tbl,4,S/P,MIXED,27,8640,skid# 206,F,1,SHIPPED,,2026-08-29 13:03:04,,,,
2026-08-29 11:55:05,Mrnng,109/268,717204,42068967,1716,6-240-18-D,Nut,O,Tbl,3,S/P,MIXED,30,9600,PACK# 6,F,1,SHIPPED,,2026-08-29 11:55:05,,,,
2026-09-01 11:28:38,Mrnng,4/292,716822,11546365-my-ak,1756,6-240-07-b,Nut,O,MC,19,Cert.&P,,29,55100,skid# 119,F,,SHIPPED,,2026-09-01 11:28:38,,,,
2026-09-01 11:09:48,Mrnng,275,717419,82248,1068,6-240-04-a,Nut,O,BF,112,S/P,,36,37800,skid# 158,F,,SHIPPED,,2026-09-01 11:09:48,,,,
2026-08-31 14:10:27,Mrnng,275,716820,11546365-my-ak,1838,6-240-06-d,Nut,O,MC,112,Crt.&P,MIXED,36,68400,skid# 183,F,2,SHIPPED,,2026-08-31 14:10:27,,,,
2026-09-03 12:53:08,Mrnng,157/297,716858,06514085aa,919,6-233-10-a,Blt/Scrw,O,Tbl,1,S/P,,36,29880,skid# 213,F,,SHIPPED,,2026-09-03 12:53:08,,,,
2026-08-31 13:42:34,Mrnng,290,717330,11546545,317,6-243-10-b,Nut,O,BF,106,S/P,,23,57500,SKID# 104,F,,SHIPPED,,2026-08-31 13:42:34,,,,
2026-09-01 10:20:44,Mrnng,275,716817,11546365-my-ak,1516,6-240-06-a,Nut,O,MC,112,S/P,,18,34200,PACK# 9,F,,SHIPPED,,2026-09-01 10:20:44,,,,
2026-08-28 16:45:51,Aftrn,190/268,717705,11546389,358,6-240-12-a,Nut,O,Tbl,3,S/P,"MIXED, STUCK TGT",19,85500,skid# 222,F,"2, 1910",SHIPPED,,2026-08-28 16:45:51,,,,
2026-09-01 09:25:35,Mrnng,11/252,717639,11546389-ph-ro,977,6-243-23-a,Nut,O,Tbl,4,Crt.&P,"EXCESS PLATING, STUCK TGT",36,162000,skid# 160,F,"1, 319",SHIPPED,,2026-09-01 09:25:35,,,,
2026-09-01 09:14:33,Mrnng,157/297,716827,w20-1028-012-l,899,6-243-03-a,Nut,O,Tbl,1,S/P,MIXED,26,24440,skid# 93,F,4,SHIPPED,,2026-09-01 09:14:33,,,,
2026-08-31 18:07:12,Aftrn,11/252,716829,w20-1028-012-l,618,6-243-04-a,Nut,O,Tbl,4,S/P,MIXED,42,39480,skid# 93,F,14,SHIPPED,,2026-08-31 18:07:12,,,,
2026-08-31 17:22:14,Aftrn,279/391,717461,06105102AA,kib,6-243-02-A,Blt/Scrw,O,Tbl,2,S/P,MIXED,14,9380,SKID# 96,F,2,SHIPPED,,2026-08-31 17:22:14,,,,
2026-08-31 11:09:47,Mrnng,4,716556,11549170,463,6-239-16-F,Nut,O,BF,117,S/P,,36,14400,SKID# 188,F,,SHIPPED,,2026-08-31 11:09:47,,,,
2026-08-31 17:06:31,Aftrn,190/268,716826,11546379,450,6-243-33-b,Nut,O,Tbl,3,S/P,MIXED,32,22400,skid# 120,F,4,SHIPPED,,2026-08-31 17:06:31,,,,
2026-09-03 12:46:33,Mrnng,290,716936,11549170,624,6-240-26-c,Nut,O,MC,78,S/P,,36,14400,skid# 53,F,,SHIPPED,,2026-09-03 12:46:33,,,,
2026-08-29 14:13:44,Mrnng,290,716125,11546368-my-ak,22,6-237-13-b,Nut,O,BF,109,Crt.&P,,30,13500,skid# 228,F,,SHIPPED,,2026-08-29 14:13:44,,,,
2026-08-29 14:00:58,Aftrn,190/268,716306,11516077br-my-ak,254,6-237-19-b,Nut,O,Tbl,3,Crt.&P,MIXED,33,39600,skid# 203,F,2,SHIPPED,,2026-08-29 14:00:58,,,,
2026-08-28 15:49:07,Aftrn,190/268,717701,11546389,1038,6-240-10-a,Nut,O,Tbl,3,S/P,"MIXED, STUCK TGT",36,162000,skid# 183,F,"1, 3075",SHIPPED,,2026-08-28 15:49:07,,,,
2026-08-24 15:55:48,Aftrn,157/245,715993,11609280,1112,6-236-13-B,Nut,O,Tbl,1,S/P,,17,34000,SKID# 194,F,,SHIPPED,,2026-08-24 15:55:48,,,,
2026-08-29 13:43:16,Mrnng,280,717139,11546545-th-tc,511,6-240-09-c,Nut,O,BF,114,Crt.&P,,36,90000,skid# 50,F,,SHIPPED,,2026-08-29 13:43:16,,,,
2026-09-04 15:17:50,Aftrn,290/275,716935,11549170,198,6-240-25-f,Nut,O,BF,108,S/P,STUCK TGT,41,16400,pack# 9,F,20,SHIPPED,,2026-09-04 15:17:50,,,,
2026-09-03 11:57:50,Mrnng,292,717177,11546378-MY-AK,1602,6-243-21-A,Nut,O,MC,26,Crt.&P,"MIXED, STUCK TGT",32,40000,SKID# 104,F,"3, 11",SHIPPED,,2026-09-03 11:57:50,,,,
2026-09-03 11:50:27,Mrnng,292,717645,11546389-ph-ro,529,6-243-28-a,Nut,O,BF,113,Crt.&P,"MIXED, STUCK TGT",36,162000,skid# 51,F,"2, 2000",SHIPPED,,2026-09-03 11:50:27,,,,
2026-08-24 15:01:19,Aftrn,285/391,716740,11609280,210,6-236-12-b,Nut,O,Tbl,2,S/P,,27,54000,pack# 3,F,,SHIPPED,,2026-08-24 15:01:19,,,,
2026-09-08 15:56:08,Aftrn,292,717027,11546368-my-ak,1054,6-246-23-k,Nut,O,BF,117,Crt.&P,MIXED,36,16200,skid# 234,F,2,SHIPPED,,2026-09-08 15:56:08,,,,
2026-08-24 14:48:10,Mrnng,190/268,716739,11609280,1773,6-236-12-a,Nut,O,Tbl,3,S/P,,22,44000,skid# 52,F,,SHIPPED,,2026-08-24 14:48:10,,,,
2026-09-03 11:38:46,Mrnng,275,717261,6100050,370,6-238-17-C,Nut,O,BF,108,S/P,,25,37500,SKID# 164,F,,SHIPPED,,2026-09-03 11:38:46,,,,
2026-08-24 14:29:54,Mrnng,252/294,715992,11609280,115,6-236-13-a,Nut,O,Tbl,4,S/P,,33,66000,skid# 43,F,,SHIPPED,,2026-08-24 14:29:54,,,,
2026-09-03 11:29:40,Mrnng,292,716364,11546368-my-ak,945,6-244-14-b,Nut,C,BF,117,Crt.&P,MIXED,11,4950,skid# 182,F,1,SHIPPED,,2026-09-03 11:29:40,,,,
2026-08-29 09:39:11,Mrnng,290,716567,11549168,547,6-239-19-c,Nut,O,BF,107,S/P,,62,62000,skid #48,F,,SHIPPED,,2026-08-29 09:39:11,,,,
2026-09-03 11:29:40,Mrnng,292,716361,11546368-my-ak,713,6-244-12-g,Nut,O,BF,117,Cert.&P,,31,13950,skid# 182,F,,SHIPPED,,2026-09-03 11:29:40,,,,
2026-09-05 15:46:10,Aftrn,292,717017,11546368-my-ak,240,6-246-22-a,Nut,O,BF,117,Crt.&P,,36,16200,skid# 3,F,,SHIPPED,,2026-09-05 15:46:10,,,,
2026-08-31 12:01:00,Mrnng,190/268,717172,11546370-my-ak,194,6-243-19-b,Nut,O,Tbl,3,Crt.&P,MIXED,36,7920,skid# 20,F,2,SHIPPED,,2026-08-31 12:01:00,,,,
2026-08-28 16:48:04,Aftrn,197,716410,PZ18-7P483-AA,810,6-218-17-B,Nut,O,Tbl,5,S/P,,27,5265,skid #119,F,,SHIPPED,,2026-08-28 16:48:04,,,,
2026-08-31 11:58:10,Mrnng,11/252,716829,w20-1028-012-l,618,6-243-04-a,Nut,C,Tbl,4,S/P,MIXED,36,33840,skid# 227,F,14,SHIPPED,,2026-08-31 11:58:10,,,,
2026-08-22 14:49:55,Aftrn,290,715950,11546366-my-ak,1631,6-233-22-a,Nut,O,BF,110,Crt.&P,,36,36000,skid# 236,F,,SHIPPED,,2026-08-22 14:49:55,,,,
2026-08-31 09:58:01,Mrnng,285/391,716828,w20-1028-012-l,1720,6-243-03-b,Nut,O,Tbl,2,S/P,MIXED,35,32900,skid# 55,F,4,SHIPPED,,2026-08-31 09:58:01,,,,
2026-09-04 15:04:46,Aftrn,190/268,716941,11549204,1848,6-247-04-b,Nut,O,Tbl,3,S/P,MIXED,36,7560,skid# 182,F,5,SHIPPED,,2026-09-04 15:04:46,,,,
2026-09-11 09:23:48,Mrnng,157-297,718664,nu1510-00,662,6-253-21-d,Nut,O,Tbl,1,S/P,,1,35000,skid# 161,F,,SHIPPED,,2026-09-11 09:23:48,,,,
2026-08-28 16:20:56,Aftrn,280,717040,11546367-my-ak,533,6-237-18-h,Nut,O,BF,121,Crt.&P,,42,29400,SKID #104,F,,SHIPPED,,2026-08-28 16:20:56,,,,
2026-09-04 13:33:12,Mrnng,252/11,717831,NU3019-00,1357,6-247-01-J,Nut,O,Tbl,4,S/P,mixed,1,5900,SKID# 189,F,3,SHIPPED,,2026-09-04 13:33:12,,,,
2026-08-28 16:12:31,Aftrn,285/391,714597,4200818shj5a00z,1362,6-233-28-a,Nut,O,Tbl,2,S/P,MISSING COLOR,25,21250,skid# 27,F,25,SHIPPED,,2026-08-28 16:12:31,,,,
2026-09-04 14:52:28,Mrnng,292,718123,11546377-ph-ro,1528,6-245-17-a,Nut,O,BF,113,Crt.&P,"MIXED, STUCK TGT",36,77400,skid# 92,F,"2, 14",SHIPPED,,2026-09-04 14:52:28,,,,
2026-08-28 16:01:35,Aftrn,292,716900,w716298-s450,896,6-236-42-a,Nut,O,BF,113,S/P,MIXED,37,129500,SKID #120,F,3,SHIPPED,,2026-08-28 16:01:35,,,,
2026-08-28 17:05:47,Aftrn,157/297,716318,06513404aa,213,6-229-15-b,Nut,O,Tbl,1,S/P,,39,4680,skid# 220,F,,SHIPPED,,2026-08-28 17:05:47,,,,
2026-09-03 13:57:36,Mrnng,157/297,713307,NU3516-00,265,6-239-14-A,Nut,O,Tbl,1,S/P,excess plating,1,13472,SKID# 75,F,7,SHIPPED,,2026-09-03 13:57:36,,,,
2026-09-08 15:50:17,Aftrn,292,718228,11546462,1436,6-247-02-g,Nut,O,MC,110,S/P,MIXED,34,22100,skid# 23,F,3,SHIPPED,,2026-09-08 15:50:17,,,,
2026-08-28 15:41:33,Aftrn,11/252,716319,06513404aa,1369,6-229-15-c,Nut,O,Tbl,4,S/P,,36,4320,skid# 137,F,,SHIPPED,,2026-08-28 15:41:33,,,,
2026-09-03 13:49:55,Mrnng,279/391,717969,nu5108-00,7,6-243-45-a,Nut,O,Tbl,2,S/P,,1,64403,skid# 87,F,,SHIPPED,,2026-09-03 13:49:55,,,,
2026-08-28 15:25:39,Aftrn,290,716567,11549168,547,6-239-19-c,Nut,C,BF,107,S/P,,36,36000,skid# 130,F,,SHIPPED,,2026-08-28 15:25:39,,,,
2026-08-28 15:31:22,Aftrn,157/297,716324,06513404aa,576,6-229-15-h,Nut,O,Tbl,1,S/P,,36,4320,skid# 30,F,,SHIPPED,,2026-08-28 15:31:22,,,,
2026-08-28 15:18:28,Aftrn,11/252,716321,06513404AA,832,6-229-15-E,Nut,O,Tbl,4,S/P,,39,4680,SKID# 73,F,,SHIPPED,,2026-08-28 15:18:28,,,,
2026-08-29 13:14:44,Mrnng,292,716564,11549168,1047,6-240-20-b,Nut,C,MC,26,S/P,MIXED,36,36000,skid# 128,F,3,SHIPPED,,2026-08-29 13:14:44,,,,
2026-08-28 14:57:47,Mrnng,11/252,716902,06514094aa,1667,6-236-37-a,Blt/Scrw,O,Tbl,4,S/P,,26,8580,skid# 10,F,,SHIPPED,,2026-08-28 14:57:47,,,,
2026-08-28 16:29:20,Aftrn,157/297,716317,06513404AA,246,6-229-15-A,Nut,O,Tbl,1,S/P,,36,4320,SKID# 83,F,,SHIPPED,,2026-08-28 16:29:20,,,,
2026-08-28 14:33:19,Mrnng,11/252,716323,06513404aa,834,6-229-15-g,Nut,O,Tbl,4,S/P,,37,4440,skid# 115,F,,SHIPPED,,2026-08-28 14:33:19,,,,
2026-08-28 14:26:17,Mrnng,280,717040,11546367-MY-AK,533,6-237-18-H,Nut,C,BF,121,Crt.&P,,36,25200,SKID# 104,F,,SHIPPED,,2026-08-28 14:26:17,,,,
2026-08-22 13:27:10,Mrnng,285/391,716987,06105102aa,KIB,6-233-14-a,Blt/Scrw,O,Tbl,2,S/P,,23,15410,skid #45,F,,SHIPPED,,2026-08-22 13:27:10,,,,
2026-08-28 16:18:56,Aftrn,290,714100,11546368-my-ak,1634,6-237-11-a,Nut,O,BF,109,Crt.&P,,36,16200,skid# 16,F,,SHIPPED,,2026-08-28 16:18:56,,,,
2026-09-04 13:14:40,Mrnng,279/391,711388,P7241950-in-pn,53,6-243-14-C,Blt/Scrw,O,Tbl,2,Crt.&P,,14,2520,skid #150,F,,SHIPPED,,2026-09-04 13:14:40,,,,
2026-08-22 13:09:28,Mrnng,290,716464,11546378-my-ak,1575,6-233-16-a,Nut,O,BF,107,Crt.&P,,36,45000,skid# 202,F,,SHIPPED,,2026-08-22 13:09:28,,,,
2026-08-28 13:36:01,Mrnng,292,717630,11546377-PH-RO,520,6-238-04-B,Nut,O,MC,19,Crt.&P,,29,62350,SKID# 168,F,,SHIPPED,,2026-08-28 13:36:01,,,,
2026-09-03 12:15:10,Mrnng,190/268,717970,nu5108-00,51,6-243-45-b,Nut,O,Tbl,3,S/P,,1,64200,skid# 7,F,,SHIPPED,,2026-09-03 12:15:10,,,,
2026-08-28 13:18:37,Mrnng,275,717267,6100050,1344,6-238-19-C,Nut,O,BF,108,S/P,,36,54000,PACK# 9,F,,SHIPPED,,2026-08-28 13:18:37,,,,
2026-08-31 11:42:35,Mrnng,290,716908,11549168,1022,6-240-21-a,Nut,O,BF,107,S/P,,36,36000,skid# 199,F,,SHIPPED,,2026-08-31 11:42:35,,,,
2026-08-22 10:14:05,Mrnng,285/391,716042,11547369-BR-HA,1822,6-233-15-C,Nut,O,Tbl,2,Crt.&P,MIXED,40,10000,SKID# 147,F,5,SHIPPED,,2026-08-22 10:14:05,,,,
2026-08-27 16:30:24,Aftrn,197,716410,PZ18-7P483-AA,810,6-218-17-B,Nut,C,Tbl,5,S/P,,10,1950,skid #119,F,,SHIPPED,,2026-08-27 16:30:24,,,,
2026-08-22 09:57:13,Mrnng,157/245,717057,11546463,217,6-233-23-A,Nut,O,Tbl,1,S/P,MIXED,37,16650,SKID# 214,F,2,SHIPPED,,2026-08-22 09:57:13,,,,
2026-08-22 08:33:21,Mrnng,2858391,716034,11547369-BR-HA,1752,6-233-15-B,Nut,O,Tbl,2,Crt.&P,MIXED,36,9000,SKID# 91,F,4,SHIPPED,,2026-08-22 08:33:21,,,,
2026-08-31 11:45:45,Mrnng,292,716564,11549168,1047,6-240-20-b,Nut,O,MC,26,S/P,,61,61000,skid# 15,F,,SHIPPED,,2026-08-31 11:45:45,,,,
2026-08-26 17:20:43,Aftrn,285/391,714597,4200818shj5a00z,1362,6-233-28-a,Nut,O,Tbl,2,S/P,,25,21250,skid# 77,F,,SHIPPED,,2026-08-26 17:20:43,,,,
2026-08-26 17:16:41,Aftrn,190/268,717632,11546377-ph-ro,698,6-238-05-b,Nut,O,Tbl,3,Crt.&P,STUCK TGT,30,64500,skid# 161,F,420,SHIPPED,,2026-08-26 17:16:41,,,,
2026-08-26 17:10:38,Aftrn,290,716384,11546367-MY-AK,1379,6-236-10-D,Nut,O,BF,107,Crt.&P,,36,25200,SKID# 65,F,,SHIPPED,,2026-08-26 17:10:38,,,,
2026-09-03 10:29:52,Mrnng,157/297,716996,06512834AA,788,6-243-60-C,Nut,O,Tbl,1,S/P,MIXED,36,10440,SKID# 228,F,5,SHIPPED,,2026-09-03 10:29:52,,,,
2026-09-04 13:12:28,Mrnng,190/268,717829,NU3019-00,466,6-247-01-H,Nut,O,Tbl,3,S/P,mixed,1,5270,SKID# 248,F,1,SHIPPED,,2026-09-04 13:12:28,,,,
2026-08-26 16:10:24,Aftrn,275,716764,11546437,1063,6-230-23-c,Nut,O,BF,102,S/P,STUCK TGT,66,99000,skid# 164,F,20,SHIPPED,,2026-08-26 16:10:24,,,,
2026-08-26 16:10:24,Aftrn,275,716765,11546437,283,6-230-24-c,Nut,O,BF,104,S/P,STUCK TGT,68,102000,skid# 164,F,50,SHIPPED,,2026-08-26 16:10:24,,,,
2026-09-04 13:09:08,Mrnng,157/297,717825,NU3019-00,426,6-247-01-D,Nut,O,Tbl,1,S/P,,1,4700,SKID# 151,F,,SHIPPED,,2026-09-04 13:09:08,,,,
2026-09-04 13:05:27,Mrnng,275,717968,6101831,668,6-245-04-E,Nut,O,BF,112,S/P,MIXED,36,36000,skid #241,F,2,SHIPPED,,2026-09-04 13:05:27,,,,
2026-09-03 09:41:00,Mrnng,290,717207,11549171-MY-AK,112,6-240-02-J,Nut,C,BF,109,Crt.&P,,13,3640,SKID# 85,F,,SHIPPED,,2026-09-03 09:41:00,,,,
2026-09-04 14:45:39,Mrnng,290,716366,11546368-my-ak,1355,6-244-14-d,Nut,O,BF,109,Crt.&P,,36,16200,skid# 156,F,,SHIPPED,,2026-09-04 14:45:39,,,,
2026-09-14 10:01:53,Mrnng,280,718059,11561645,1818,6-251-31-A,Nut,O,BF,124,S/P,,26,104000,SKID# 41,F,,SHIPPED,,2026-09-14 10:01:53,,,,
2026-09-03 09:15:29,Mrnng,292,716361,11546368-MY-AK,713,6-244-12-G,Nut,C,BF,117,Crt.&P,,6,2700,SKID# 163,F,,SHIPPED,,2026-09-03 09:15:29,,,,
2026-09-04 12:34:28,Mrnng,285,717830,nu3019-00,1690,6-247-01-i,Nut,O,Tbl,1,S/P,,1,4700,skid# 135,F,,SHIPPED,,2026-09-04 12:34:28,,,,
2026-08-26 15:16:00,Aftrn,280,717076,11546456,1711,6-236-22-c,Nut,O,BF,114,S/P,,14,37800,skid# 225,F,,SHIPPED,,2026-08-26 15:16:00,,,,
2026-08-31 14:58:22,Mrnng,4,716557,11549170,98,6-239-16-g,Nut,C,BF,116,S/P,,18,7200,skid# 208,F,,SHIPPED,,2026-08-31 14:58:22,,,,
2026-08-26 17:01:45,Aftrn,275,717075,11546456,605,6-236-22-b,Nut,O,MC,112,S/P,,29,78300,skid# 64,F,,SHIPPED,,2026-08-26 17:01:45,,,,
2026-08-22 14:35:40,Mrnng,280,716797,06104725AA,108,6-233-08-A,Nut,O,BF,114,S/P,,36,100800,SKID# 177,F,,SHIPPED,,2026-08-22 14:35:40,,,,
2026-08-22 14:09:55,Mrnng,190/268,716986,06105102aa,KIB,6-233-13-b,Blt/Scrw,O,Tbl,3,S/P,,33,22110,skid# 81,F,,SHIPPED,,2026-08-22 14:09:55,,,,
2026-08-22 13:48:02,Mrnng,11,716985,06105102AA,kib,6-233-13-A,Blt/Scrw,O,Tbl,5,S/P,,31,20770,SKID# 163,F,,SHIPPED,,2026-08-22 13:48:02,,,,
2026-08-22 13:40:30,Mrnng,280,716873,11546449,580,6-232-16-b,Nut,O,BF,123,S/P,,40,100000,skid# 176,F,,SHIPPED,,2026-08-22 13:40:30,,,,
2026-08-22 13:20:32,Mrnng,157/245,716988,06105102aa,KIB,6-233-14-b,Blt/Scrw,O,Tbl,1,S/P,,31,20770,skid# 71,F,,SHIPPED,,2026-08-22 13:20:32,,,,
2026-09-04 12:30:22,Mrnng,252/11,717824,nu3019-00,1408,6-247-01-c,Nut,O,Tbl,4,S/P,,1,4700,skid# 91,F,,SHIPPED,,2026-09-04 12:30:22,,,,
2026-09-04 12:20:04,Mrnng,11/252,717826,nu3019-00,760,6-247-01-e,Nut,O,Tbl,4,S/P,MIXED,1,4700,skid# 208,F,1,SHIPPED,,2026-09-04 12:20:04,,,,
2026-08-26 15:53:38,Aftrn,157/297,717411,06511834aa,846,6-238-09-a,Nut,O,Tbl,1,S/P,MIXED,36,3600,skid# 200,F,8,SHIPPED,,2026-08-26 15:53:38,,,,
2026-08-26 15:43:34,Aftrn,11/252,717417,40109770,770,6-238-10-c,Nut,O,Tbl,4,S/P,,36,9000,skid# 195,F,,SHIPPED,,2026-08-26 15:43:34,,,,
2026-08-22 10:46:36,Mrnng,190/268,717058,11546463,1336,6-233-23-B,Nut,O,Tbl,3,S/P,,40,18000,SKID# 51,F,,SHIPPED,,2026-08-22 10:46:36,,,,
2026-08-22 10:01:22,Mrnng,280,716869,11546449,704,6-232-14-B,Nut,O,BF,114,S/P,,36,90000,SKID# 85,F,,SHIPPED,,2026-08-22 10:01:22,,,,
2026-08-31 17:35:32,Aftrn,4,716582,11549170,1718,6-239-17-f,Nut,C,BF,116,S/P,,14,5600,skid# 213,F,,SHIPPED,,2026-08-31 17:35:32,,,,
2026-08-26 13:38:09,Mrnng,275,716764,11546437,1063,6-230-23-C,Nut,C,BF,102,S/P,,54,81000,PACK# 6,F,,SHIPPED,,2026-08-26 13:38:09,,,,
2026-08-26 13:27:48,Mrnng,275,716765,11546437,283,6-230-24-c,Nut,C,BF,104,S/P,,54,81000,pack# 8,F,,SHIPPED,,2026-08-26 13:27:48,,,,
2026-08-26 13:19:24,Mrnng,280,717071,11546456,1528,6-236-21-a,Nut,O,BF,123,S/P,,13,35100,skid# 9,F,,SHIPPED,,2026-08-26 13:19:24,,,,
2026-08-31 17:35:32,Aftrn,4,716557,11549170,98,6-239-16-g,Nut,O,BF,116,S/P,,40,16000,skid# 213,F,,SHIPPED,,2026-08-31 17:35:32,,,,
2026-08-26 10:41:36,Mrnng,275,716764,11546437,1063,6-230-23-C,Nut,C,BF,102,S/P,,18,27000,SKID# 224,F,,SHIPPED,,2026-08-26 10:41:36,,,,
2026-08-26 09:52:52,Mrnng,11/252,716645,11549171-my-ak,1551,6-237-20-e,Nut,O,Tbl,4,Crt.&P,MIXED,36,10080,skid# 15,F,3,SHIPPED,,2026-08-26 09:52:52,,,,
2026-08-26 15:38:25,Aftrn,275,717063,11546463,1106,6-236-20-A,Nut,O,BF,112,S/P,,37,16650,SKID# 149,F,,SHIPPED,,2026-08-26 15:38:25,,,,
2026-09-01 09:09:30,Mrnng,275,716565,11549168,272,6-240-20-C,Nut,C,BF,103,S/P,,36,36000,SKID# 161,F,,SHIPPED,,2026-09-01 09:09:30,,,,
2026-08-25 16:43:13,Aftrn,275,716765,11546437,283,6-230-24-c,Nut,C,BF,104,S/P,,18,27000,skid# 68,F,,SHIPPED,,2026-08-25 16:43:13,,,,
2026-08-25 16:30:08,Aftrn,290,716369,11546367-my-ak,821,6-236-09-a,Nut,O,MC,78,Crt.&P,,36,25200,skid# 109,F,,SHIPPED,,2026-08-25 16:30:08,,,,
2026-08-25 10:14:28,Mrnng,285/391,717146,11546463-th-tc,200,6-236-15-b,Nut,O,Tbl,2,Crt.&P,MIXED,34,15300,skid #49,F,12,SHIPPED,,2026-08-25 10:14:28,,,,
2026-08-25 10:11:39,Mrnng,290,716891,6101831,130,6-233-26-B,Nut,O,MC,78,S/P,,36,36000,SKID# 58,F,,SHIPPED,,2026-08-25 10:11:39,,,,
2026-09-04 12:18:09,Mrnng,157/297,717827,nu3019-00,935,6-247-01-f,Nut,O,Tbl,1,S/P,,1,4700,skid# 253,F,,SHIPPED,,2026-09-04 12:18:09,,,,
2026-08-26 15:23:42,Aftrn,285/391,717418,40109770,1702,6-238-10-d,Nut,O,Tbl,2,S/P,MIXED,35,8750,skid# 12,F,1,SHIPPED,,2026-08-26 15:23:42,,,,
2026-08-26 15:20:45,Aftrn,190/268,717412,06511834aa,617,6-238-09-b,Nut,O,Tbl,3,S/P,MIXED,35,3500,skid# 233,F,5,SHIPPED,,2026-08-26 15:20:45,,,,
2026-09-04 12:00:50,Mrnng,290,716360,11546368-my-ak,657,6-244-12-f,Nut,O,BF,109,Crt.&P,,36,16200,skid# 234,F,,SHIPPED,,2026-09-04 12:00:50,,,,
2026-09-01 10:27:24,Mrnng,292/4,716938,11549170,237,6-240-24-g,Nut,C,BF,116,S/P,,6,2400,skid# 206,F,,SHIPPED,,2026-09-01 10:27:24,,,,
2026-09-01 10:27:24,Mrnng,292/4,716582,11549170,1718,6-239-17-f,Nut,O,BF,116,S/P,MIXED,41,16400,skid# 206,F,3,SHIPPED,,2026-09-01 10:27:24,,,,
2026-09-01 10:49:20,Mrnng,4,716911,11549168,1070,6-240-22-B,Nut,C,MC,26,S/P,"MIXED, STUCK TGT",36,36000,skid #222,F,"4, 4",SHIPPED,,2026-09-01 10:49:20,,,,
2026-09-01 10:56:03,Mrnng,280,716914,11549168,584,6-240-21-c,Nut,O,BF,121,S/P,,36,36000,SKID #217,F,,SHIPPED,,2026-09-01 10:56:03,,,,
2026-09-01 11:03:48,Mrnng,290,716910,11549168,959,6-240-22-a,Nut,C,BF,107,S/P,,36,36000,skid# 175,F,,SHIPPED,,2026-09-01 11:03:48,,,,
2026-08-26 14:54:34,Mrnng,11/252,716622,06512106aa,490,6-238-02-b,Nut,O,Tbl,4,S/P,MIXED,30,6000,skid# 257,F,3,SHIPPED,,2026-08-26 14:54:34,,,,
2026-09-01 11:21:48,Mrnng,4/292,716933,11549170,58,6-240-24-F,Nut,O,BF,117,S/P,"MIXED, STUCK TGT",36,14400,SKID# 229,F,"2, 1",SHIPPED,,2026-09-01 11:21:48,,,,
2026-09-04 11:53:24,Mrnng,290,717530,06511637aa,1341,6-244-24-b,Nut,O,BF,110,S/P,,36,43200,skid# 29,F,,SHIPPED,,2026-09-04 11:53:24,,,,
2026-09-01 11:33:08,Mrnng,290,716932,11549170,132,6-240-24-E,Nut,O,MC,78,S/P,,10,4000,SKID# 115,F,,SHIPPED,,2026-09-01 11:33:08,,,,
2026-09-01 11:33:08,Mrnng,290,716939,11549170,578,6-240-24-h,Nut,O,MC,78,S/P,,11,4400,SKID# 115,F,,SHIPPED,,2026-09-01 11:33:08,,,,
2026-09-01 11:50:39,Mrnng,4,716911,11549168,1070,6-240-22-b,Nut,O,MC,26,S/P,"MIXED, STUCK TGT",42,42000,SKID# 27,F,"4, 4",SHIPPED,,2026-09-01 11:50:39,,,,
2026-08-26 14:43:53,Mrnng,280,716371,11546367-my-ak,526,6-236-10-a,Nut,O,BF,121,Crt.&P,,36,25200,skid# 150,F,,SHIPPED,,2026-08-26 14:43:53,,,,
2026-08-26 14:05:36,Mrnng,11/252,717416,40109770,350,6-238-10-b,Nut,O,Tbl,4,S/P,MIXED,30,7500,skid# 121,F,1,SHIPPED,,2026-08-26 14:05:36,,,,
2026-09-01 13:21:34,Mrnng,290/275,716910,11549168,959,6-240-22-A,Nut,O,BF,107,S/P,,44,44000,SKID# 35,F,,SHIPPED,,2026-09-01 13:21:34,,,,
2026-09-01 13:21:34,Mrnng,290/275,716565,11549168,272,6-240-20-c,Nut,O,BF,103,S/P,,42,42000,SKID# 35,F,,SHIPPED,,2026-09-01 13:21:34,,,,
2026-09-01 13:58:09,Mrnng,292,716930,11549170,1325,6-240-24-C,Nut,O,BF,117,S/P,MIXED,36,14400,SKID# 252,F,3,SHIPPED,,2026-09-01 13:58:09,,,,
2026-08-26 13:49:41,Mrnng,275,717062,11546463,223,6-236-19-b,Nut,O,BF,108,S/P,,24,10800,skid# 80,F,,SHIPPED,,2026-08-26 13:49:41,,,,
2026-08-26 13:43:46,Mrnng,190/268,717415,40109770,125,6-238-10-A,Nut,O,Tbl,3,S/P,,33,8250,SKID# 14,F,,SHIPPED,,2026-08-26 13:43:46,,,,
2026-09-01 14:24:58,Mrnng,290,716931,11549170,1049,6-240-24-d,Nut,O,MC,78,S/P,,36,14400,skid# 191,F,,SHIPPED,,2026-09-01 14:24:58,,,,
2026-09-04 11:52:02,Mrnng,252/11,717822,nu3019-00,1019,6-247-01-a,Nut,O,Tbl,4,S/P,,1,4700,skid# 228,F,,SHIPPED,,2026-09-04 11:52:02,,,,
2026-09-04 11:42:41,Mrnng,275,717968,6101831,668,6-245-04-e,Nut,C,BF,112,S/P,MIXED,24,24000,skid# 192,F,2,SHIPPED,,2026-09-04 11:42:41,,,,
2026-09-02 16:05:25,Aftrn,4,703121,11612078,1665,6-236-29-a,Nut,O,MC,26,S/P,"STUCK TGT, DAMAGED",36,66600,skid# 175,F,"600, 4",SHIPPED,,2026-09-02 16:05:25,,,,
2026-09-02 16:01:11,Aftrn,275,717690,11546449,1016,6-243-26-b,Nut,O,BF,102,S/P,STUCK TGT,32,80000,skid# 222,F,20,SHIPPED,,2026-09-02 16:01:11,,,,
2026-09-02 15:58:35,Aftrn,290,717396,6101831,1062,6-245-05-b,Nut,O,BF,110,S/P,,36,36000,skid# 33,F,,SHIPPED,,2026-09-02 15:58:35,,,,
2026-09-04 14:34:58,Mrnng,285,715832,pz18-7p483-aa,1751,6-210-20-a,Nut,O,Tbl,5,S/P,,24,4680,pack# 2,F,,SHIPPED,,2026-09-04 14:34:58,,,,
2026-09-02 15:41:59,Aftrn,292,716354,11546368-MY-AK,705,6-244-12-B,Nut,O,BF,117,Crt.&P,,36,16200,SKID# 167,F,,SHIPPED,,2026-09-02 15:41:59,,,,
2026-09-04 11:41:59,Mrnng,157/297,717828,nu3019-00,1536,6-247-01-g,Nut,O,Tbl,1,S/P,,1,4700,skid #48,F,,SHIPPED,,2026-09-04 11:41:59,,,,
2026-09-04 11:24:01,Mrnng,11/252,713048,HL3W-4320-AA,646,6-238-22-A,Nut,O,Tbl,4,S/P,,24,4800,SKID# 85,F,,SHIPPED,,2026-09-04 11:24:01,,,,
2026-09-04 11:24:01,Mrnng,11/252,714252,hl3w-4320-aa,468,6-238-22-b,Nut,O,Tbl,4,S/P,,24,4800,SKID# 85,F,,SHIPPED,,2026-09-04 11:24:01,,,,
2026-09-04 11:21:10,Mrnng,280,717650,11546389-ph-ro,1326,6-243-30-b,Nut,O,BF,120,Crt.&P,,33,148500,skid# 80,F,,SHIPPED,,2026-09-04 11:21:10,,,,
2026-09-04 10:42:40,Mrnng,157/297,717108,06514720AA,1686,6-245-20-B,Nut,O,Tbl,1,S/P,MIXED,35,43750,SKID# 65,F,3,SHIPPED,,2026-09-04 10:42:40,,,,
2026-09-04 10:24:42,Mrnng,11/252,711387,p7241950-IN-PN,791,6-243-14-b,Blt/Scrw,O,Tbl,4,Crt.&P,,6,1080,skid# 150,F,,SHIPPED,,2026-09-04 10:24:42,,,,
2026-09-04 10:20:48,Mrnng,292,718124,11546377-ph-ro,1011,6-245-17-b,Nut,O,MC,19,Crt.&P,"MIXED, STUCK TGT",5,10750,skid# 149,F,"1, 2",SHIPPED,,2026-09-04 10:20:48,,,,
2026-09-04 10:15:03,Mrnng,157/297,715994,11611122,184,6-243-49-a,Nut,O,Tbl,1,S/P,,26,48100,skid# 220,F,,SHIPPED,,2026-09-04 10:15:03,,,,
2026-09-04 10:08:56,Mrnng,280,716237,w520101-s450,206,6-245-18-a,Nut,O,BF,114,S/P,,41,123000,skid# 96,F,,SHIPPED,,2026-09-04 10:08:56,,,,
2026-09-01 17:12:50,Aftrn,190/268,717167,11546370-my-ak,83,6-243-18-d,Nut,O,Tbl,3,Crt.&P,MIXED,9,1980,skid# 134,F,6,SHIPPED,,2026-09-01 17:12:50,,,,
2026-09-04 10:03:51,Mrnng,290,717852,w711953-s900,680,6-244-16-a,Nut,O,BF,107,S/P,,36,63000,skid# 20,F,,SHIPPED,,2026-09-04 10:03:51,,,,
2026-09-04 09:55:34,Mrnng,290,716925,11549170,1309,6-240-25-B,Nut,O,MC,78,S/P,,36,14400,SKID# 14,F,,SHIPPED,,2026-09-04 09:55:34,,,,
2026-09-02 15:44:15,Mrnng,11/252,718100,nu1405-00,928,6-243-46-b,Nut,O,Tbl,4,S/P,,1,79050,skid# 176,F,,SHIPPED,,2026-09-02 15:44:15,,,,
2026-09-02 14:27:06,Mrnng,190/268,718097,nu1405-00,1411,6-243-47-a,Nut,O,Tbl,3,S/P,,1,74100,skid# 145,F,,SHIPPED,,2026-09-02 14:27:06,,,,
2026-08-22 11:43:11,Mrnng,290,716377,11546367-my-ak,7,6-232-21-c,Nut,O,BF,110,Crt.&P,,28,19600,skid# 118,F,,SHIPPED,,2026-08-22 11:43:11,,,,
2026-08-13 10:07:36,Mrnng,190/268,714385,11549170,1424,6-219-21-G,Nut,O,Tbl,3,S/P,MIXED,35,14000,skid# 197,F,2,SHIPPED,,2026-08-13 10:07:36,,,,
2026-09-02 13:59:26,Mrnng,157/297,718098,nu1405-00,1000,6-243-47-b,Nut,O,Tbl,1,S/P,,1,74919,skid# 231,F,,SHIPPED,,2026-09-02 13:59:26,,,,
2026-09-02 13:58:34,Mrnng,252/11,718101,nu1405-00,626,6-243-48-a,Nut,O,Tbl,4,S/P,,1,75000,skid# 214,F,,SHIPPED,,2026-09-02 13:58:34,,,,
2026-09-04 09:50:15,Mrnng,275,716934,11549170,1432,6-240-25-e,Nut,O,BF,108,S/P,,36,14400,skid# 64,F,,SHIPPED,,2026-09-04 09:50:15,,,,
2026-09-02 13:04:04,Mrnng,190/268,718102,nu1405-00,940,6-243-48-b,Nut,O,Tbl,3,S/P,,1,70450,skid# 178,F,,SHIPPED,,2026-09-02 13:04:04,,,,
2026-09-02 12:09:47,Mrnng,11/252,718099,nu1405-00,1564,6-243-46-a,Nut,O,Tbl,4,S/P,,1,75000,skid# 113,F,,SHIPPED,,2026-09-02 12:09:47,,,,
2026-08-21 15:51:39,Aftrn,157/245/285/391,716802,06104388aa,878,6-233-12-d,Blt/Scrw,O,Tbl,1,S/P,MIXED,16,10560,skid# 1,F,1,SHIPPED,,2026-08-21 15:51:39,,,,
2026-08-21 15:51:39,Aftrn,157/245/285/391,716800,06104388aa,82,6-233-12-b,Blt/Scrw,O,Tbl,2,S/P,,24,15840,skid# 1,F,,SHIPPED,,2026-08-21 15:51:39,,,,
2026-09-04 09:45:43,Mrnng,279/391,717494,06513554aa,4,6-244-25-b,Blt/Scrw,O,Tbl,2,S/P,,31,11780,skid# 188,F,,SHIPPED,,2026-09-04 09:45:43,,,,
2026-08-31 14:31:17,Mrnng,190/268,717626,06104388AA,910,6-243-17-B,Nut,O,Tbl,3,S/P,,34,22440,SKID# 82,F,,SHIPPED,,2026-08-31 14:31:17,,,,
2026-08-31 14:17:10,Mrnng,279/391,717627,06104388aa,1798,6-243-17-c,Blt/Scrw,O,Tbl,2,S/P,,30,19800,skid# 28,F,,SHIPPED,,2026-08-31 14:17:10,,,,
2026-09-04 09:35:45,Mrnng,11/252,717493,06513554aa,1684,6-244-25-a,Blt/Scrw,O,Tbl,4,S/P,,33,12540,skid# 257,F,,SHIPPED,,2026-09-04 09:35:45,,,,
2026-09-03 17:35:56,Aftrn,275,717285,11610091-my-ak,399,6-243-39-a,Nut,O,BF,103,Crt.&P,,29,72500,skid# 23,F,,SHIPPED,,2026-09-03 17:35:56,,,,
2026-09-04 14:28:43,Mrnng,275,718120,11546377-ph-ro,1343,6-245-15-a,Nut,O,BF,103,S/P,STUCK TGT,34,73100,skid# 70,F,50,SHIPPED,,2026-09-04 14:28:43,,,,
2026-09-04 14:22:24,Mrnng,290,717527,06511637aa,769,6-244-26-a,Nut,O,BF,110,S/P,,36,43200,skid# 181,F,,SHIPPED,,2026-09-04 14:22:24,,,,
2026-08-20 09:55:07,Mrnng,290,716136,11546367-my-ak,245,6-230-26-a,Nut,O,MC,78,Crt.&P,,36,25200,skid# 31,F,,SHIPPED,,2026-08-20 09:55:07,,,,
2026-09-04 14:20:58,Mrnng,290,716929,11549170,560,6-240-25-D,Nut,O,MC,78,S/P,,36,14400,SKID# 170,F,,SHIPPED,,2026-09-04 14:20:58,,,,
2026-09-09 16:46:18,Aftrn,190/268,717544,11502717-TH-TC,614,6-252-19-A,Nut,C,Tbl,3,Crt.&P,,24,31200,skid #40,F,,SHIPPED,,2026-09-09 16:46:18,,,,
2026-09-08 15:29:42,Aftrn,290,717517,11546368-MY-AK,706,6-246-22-E,Nut,O,BF,109,Crt.&P,,18,8100,SKID# 250,F,,SHIPPED,,2026-09-08 15:29:42,,,,
2026-08-19 15:03:51,Aftrn,292,716130,11546367-my-ak,1583,6-230-25-a,Nut,O,BF,116,Crt.&P,MIXED,29,20300,skid# 70,F,2,SHIPPED,,2026-08-19 15:03:51,,,,
2026-09-04 14:07:10,Mrnng,290,717853,W711953-S900,389,6-244-16-B,Nut,O,BF,107,S/P,,36,63000,SKID# 169,F,,SHIPPED,,2026-09-04 14:07:10,,,,
2026-09-04 14:00:55,Mrnng,280,717537,W716298-S450,1778,6-243-59-A,Nut,O,BF,123,S/P,,36,126000,SKID# 115,F,,SHIPPED,,2026-09-04 14:00:55,,,,
2026-09-04 13:39:21,Mrnng,292,716358,11546368-MY-AK,419,6-244-15-B,Nut,O,BF,117,Crt.&P,STUCK TGT,36,16200,SKID# 119,F,6,SHIPPED,,2026-09-04 13:39:21,,,,
2026-09-04 13:28:08,Mrnng,275,716935,11549170,198,6-240-25-F,Nut,C,BF,108,S/P,,36,14400,SKID# 246,F,,SHIPPED,,2026-09-04 13:28:08,,,,
2026-09-04 13:20:42,Mrnng,275,718139,11546377,1836,6-245-11-a,Nut,O,BF,104,S/P,STUCK TGT,40,86000,skid# 60,F,50,SHIPPED,,2026-09-04 13:20:42,,,,
2026-09-04 12:57:35,Mrnng,280,717179,11610091-my-ak,482,6-243-28-a,Nut,O,BF,118,Crt.&P,,22,55000,skid# 28,F,,SHIPPED,,2026-09-04 12:57:35,,,,
2026-08-14 13:40:03,Mrnng,290,715954,11549169-my-ak,217,6-225-28-c,Nut,O,BF,110,Crt.&P,,36,23760,skid# 169,F,,SHIPPED,,2026-08-14 13:40:03,,,,
2026-08-31 12:21:36,Mrnng,275,717104,nu1510-00,1429,6-239-25-b,Nut,O,BF,112,S/P,MIXED,1,43000,skid# 141,F,1,SHIPPED,,2026-08-31 12:21:36,,,,
2026-09-04 12:46:01,Mrnng,190/268,714569,06511799aa,36 CTNS,6-243-50-b,Nut,O,Tbl,3,S/P,,33,59400,skid# 200,F,,SHIPPED,,2026-09-04 12:46:01,,,,
2026-08-29 13:24:16,Mrnng,275,717103,nu1510-00,755,6-239-25-a,Nut,O,BF,112,S/P,,1,35000,skid# 219,F,,SHIPPED,,2026-08-29 13:24:16,,,,
2026-09-14 09:57:35,Mrnng,157/297,717549,11549204,1445,6-253-13-a,Nut,C,Tbl,1,S/P,,36,7560,skid# 173,F,,SHIPPED,,2026-09-14 09:57:35,,,,
2026-09-03 16:05:25,Aftrn,292,717566,11610091-my-ak,1806,6-243-42-b,Nut,O,BF,116,Crt.&P,,36,90000,skid# 71,F,,SHIPPED,,2026-09-03 16:05:25,,,,
2026-09-03 17:32:52,Aftrn,11,717976,W520203-S440,kib,6-244-21-B,Nut,O,Tbl,4,S/P,,22,21120,SKID# 121,F,,SHIPPED,,2026-09-03 17:32:52,,,,
2026-09-03 15:46:08,Aftrn,290,716928,11549170,507,6-240-25-C,Nut,O,MC,78,S/P,,40,16000,SKID# 73,F,,SHIPPED,,2026-09-03 15:46:08,,,,
2026-09-03 17:21:39,Aftrn,280,717561,11610091-MY-AK,1077,6-243-44-B,Nut,O,BF,118,Crt.&P,,29,72500,SKID# 1,F,,SHIPPED,,2026-09-03 17:21:39,,,,
2026-09-03 14:35:10,Mrnng,275,718140,11546377,401,6-245-11-b,Nut,O,BF,104,S/P,,16,34400,SKID# 27,F,,SHIPPED,,2026-09-03 14:35:10,,,,
2026-09-03 14:35:10,Mrnng,275,718132,11546377,1526,6-245-08-B,Nut,O,BF,104,S/P,,20,43000,SKID# 27,F,,SHIPPED,,2026-09-03 14:35:10,,,,
2026-09-03 17:14:37,Aftrn,280,717652,11546389-PH-RO,445,6-243-31-B,Nut,O,BF,123,Crt.&P,STUCK TGT,36,162000,SKID# 66,F,2300,SHIPPED,,2026-09-03 17:14:37,,,,
2026-09-03 13:54:32,Mrnng,275,717285,11610091-my-ak,399,6-243-39-a,Nut,C,BF,103,Crt.&P,,15,37500,skid# 115,F,,SHIPPED,,2026-09-03 13:54:32,,,,
2026-09-08 15:16:01,Aftrn,285,710828,11549168-CA-IN,323,6-230-17-B,Nut,O,MC,26,Crt.&P,,36,36000,SKID# 75,F,,SHIPPED,,2026-09-08 15:16:01,,,,
2026-09-03 17:04:11,Aftrn,292,716358,11546368-my-ak,419,6-244-15-b,Nut,O,BF,117,Crt.&P,,18,8100,skid# 230,F,,SHIPPED,,2026-09-03 17:04:11,,,,
2026-09-03 17:04:11,Aftrn,292,716368,11546368-my-ak,532,6-244-14-f,Nut,O,BF,117,Cert.&P,,34,15300,skid# 230,F,,SHIPPED,,2026-09-03 17:04:11,,,,
2026-09-03 16:55:55,Aftrn,292,718142,11546377,473,6-245-07-d,Nut,O,MC,26,S/P,"MIXED, STUCK TGT",36,77400,skid# 195,F,"3, 20",SHIPPED,,2026-09-03 16:55:55,,,,
2026-09-03 16:51:01,Aftrn,279/391,717988,11518428,KIB,6-244-23-b,Nut,O,Tbl,2,S/P,,22,26400,skid# 83,F,,SHIPPED,,2026-09-03 16:51:01,,,,
2026-09-08 15:10:11,Aftrn,275,717021,11546368-MY-AK,374,6-246-23-G,Nut,O,BF,108,Crt.&P,,36,16200,SKID# 64,F,,SHIPPED,,2026-09-08 15:10:11,,,,
2026-09-03 16:37:06,Aftrn,290,717404,6101831,1320,6-240-14-b,Nut,O,BF,110,S/P,,34,34000,skid# 16,F,,SHIPPED,,2026-09-03 16:37:06,,,,
2026-09-03 16:30:51,Aftrn,290,716357,11546368-MY-AK,1523,6-244-15-A,Nut,O,BF,109,Crt.&P,,36,16200,SKID# 199,F,,SHIPPED,,2026-09-03 16:30:51,,,,
2026-09-03 16:23:38,Aftrn,290,717855,W711953-S900,862,6-244-17-B,Nut,O,BF,107,S/P,,36,63000,SKID# 77,F,,SHIPPED,,2026-09-03 16:23:38,,,,
2026-09-14 09:51:03,Mrnng,275,717562,11610091-my-ak,1792,6-251-33-b,Nut,O,BF,103,Crt.&P,,30,75000,skid# 203,F,,SHIPPED,,2026-09-14 09:51:03,,,,
2026-09-14 09:43:21,Mrnng,190/268,717593,11546370-my-ak,349,6-253-12-d,Nut,O,Tbl,3,Crt.&P,MIXED,19,4180,skid# 30,F,10,SHIPPED,,2026-09-14 09:43:21,,,,
2026-08-24 14:51:18,Mrnng,275,717082,11546462,1421,6-233-18-d,Nut,O,BF,108,S/P,MIXED,36,23400,skid# 29,F,2,SHIPPED,,2026-08-24 14:51:18,,,,
2026-09-09 16:23:17,Aftrn,190/268,717850,11611960,290,6-252-01-a,Blt/Scrw,O,Tbl,3,S/P,,18,144000,SKID #87,F,,SHIPPED,,2026-09-09 16:23:17,,,,
2026-09-03 14:03:29,Mrnng,292,716368,11546368-MY-AK,532,6-244-14-F,Nut,C,BF,117,Crt.&P,,16,7200,SKID# 177,F,,SHIPPED,,2026-09-03 14:03:29,,,,
2026-09-03 13:41:09,Mrnng,11/252,711386,p7241950,1356,6-243-14-a,Blt/Scrw,O,Tbl,4,S/P,,17,3060,skid #49,F,,SHIPPED,,2026-09-03 13:41:09,,,,
2026-08-24 13:31:38,Mrnng,292,716971,06102612aa,181,6-233-03-a,Nut,O,MC,19,S/P,"MIXED, STUCK TGT",41,73800,skid# 4,F,"3, 47",SHIPPED,,2026-08-24 13:31:38,,,,
2026-09-03 11:43:19,Mrnng,279/391,718136,11546377,1544,6-245-09-b,Nut,O,Tbl,2,S/P,"EXCESS PLATING, STUCK TGT",24,51600,skid# 50,F,"2, 10",SHIPPED,,2026-09-03 11:43:19,,,,
2026-09-14 09:33:47,Mrnng,275,717571,6502979,1028,6-252-27-c,Nut,O,BF,108,S/P,,36,27000,skid# 65,F,,SHIPPED,,2026-09-14 09:33:47,,,,
2026-09-03 11:11:47,Mrnng,157/297/279/391,716995,06512834AA,931,6-243-60-B,Nut,O,Tbl,1,S/P,MIXED,50,14500,SKID# 224,F,11,SHIPPED,,2026-09-03 11:11:47,,,,
2026-09-03 11:11:47,Mrnng,157/297/279/391,716993,06512834aa,56,6-243-60-a,Nut,O,Tbl,2,S/P,,48,13920,SKID# 224,F,,SHIPPED,,2026-09-03 11:11:47,,,,
2026-09-09 10:34:33,Mrnng,292,718229,11546462,455,6-247-02-H,Nut,O,MC,110,S/P,MIXED,40,26000,SKID# 232,F,5,SHIPPED,,2026-09-09 10:34:33,,,,
2026-09-02 17:08:25,Aftrn,275,717260,6100050,513,6-238-17-b,Nut,O,BF,108,S/P,,36,54000,skid# 191,F,,SHIPPED,,2026-09-02 17:08:25,,,,
2026-09-03 11:02:04,Mrnng,279/391,716993,06512834aa,56,6-243-60-a,Nut,O,Tbl,2,S/P,,36,10440,skid# 190,F,,SHIPPED,,2026-09-03 11:02:04,,,,
2026-09-09 10:26:53,Mrnng,190/268,717844,6504080,903,6-251-28-A,Blt/Scrw,O,Tbl,3,S/P,,24,144000,SKID# 212,F,,SHIPPED,,2026-09-09 10:26:53,,,,
2026-09-02 16:28:27,Aftrn,190/268,716356,11546368-my-ak,827,6-244-12-d,Nut,O,Tbl,3,Crt.&P,MIXED,32,14400,skid# 68,F,1,SHIPPED,,2026-09-02 16:28:27,,,,
2026-09-02 16:22:12,Aftrn,292,717175,11546378-my-ak,785,6-243-20-a,Nut,O,MC,26,Crt.&P,,36,45000,skid# 198,F,,SHIPPED,,2026-09-02 16:22:12,,,,
2026-09-03 10:53:17,Mrnng,11/252,716970,11548535,1763,6-243-35-B,Nut,O,Tbl,4,S/P,MIXED,36,5400,SKID# 203,F,1,SHIPPED,,2026-09-03 10:53:17,,,,
2026-09-02 16:11:51,Aftrn,279/391,717898,11602031,396,6-243-22-a,Nut,O,Tbl,2,S/P,,32,4640,skid# 3,F,,SHIPPED,,2026-09-02 16:11:51,,,,
2026-09-03 10:43:56,Mrnng,157/297,716995,06512834aa,931,6-243-60-b,Nut,C,Tbl,1,S/P,MIXED,36,10440,skid #48,F,7,SHIPPED,,2026-09-03 10:43:56,,,,
2026-09-14 09:26:55,Mrnng,11/252,717590,11546370-my-ak,984,6-253-12-a,Nut,O,Tbl,4,Crt.&P,MIXED,36,7920,skid# 225,F,12,SHIPPED,,2026-09-14 09:26:55,,,,
2026-09-11 16:37:46,Aftrn,280,718058,11561645,37,6-251-30-b,Nut,O,BF,120,S/P,,35,140000,skid# 113,F,,SHIPPED,,2026-09-11 16:37:46,,,,
2026-09-09 10:03:34,Mrnng,190/268,718439,06104388AA,213,6-251-24-C,Blt/Scrw,O,Tbl,3,S/P,MIXED,30,19800,SKID# 231,F,2,SHIPPED,,2026-09-09 10:03:34,,,,
2026-09-09 10:01:03,Mrnng,290,716782,11514596-CA-IN,479,6-251-11-a,Nut,O,BF,106,Crt.&P,,31,77500,skid# 16,F,,SHIPPED,,2026-09-09 10:01:03,,,,
2026-09-10 16:13:22,Aftrn,4/292,717370,11549168,288,6-247-24-b,Nut,O,MC,110,S/P,,48,48000,skid# 120,F,,SHIPPED,,2026-09-10 16:13:22,,,,
2026-09-03 09:30:34,Mrnng,279/391,718133,11546377,1773,6-245-07-A,Nut,O,Tbl,2,S/P,"EXCESS PLATING, STUCK TGT",36,77400,PACK# 6,F,"3, 16",SHIPPED,,2026-09-03 09:30:34,,,,
2026-09-09 09:57:01,Mrnng,290,717525,11546368-my-ak,1610,6-246-21-g,Nut,O,BF,109,Cert.&P,,34,15300,skid# 175,F,,SHIPPED,,2026-09-09 09:57:01,,,,
2026-08-21 16:05:21,Aftrn,11/293,716884,w20-1028-020sl-ht,1813,6-233-11-e,Nut,O,Tbl,5,S/P,"MIXED, EXCESS PLATING",37,7955,skid# 240,F,"1, 5",SHIPPED,,2026-08-21 16:05:21,,,,
2026-09-03 09:15:29,Mrnng,292,716362,11546368-my-ak,1768,6-244-12-h,Nut,O,BF,117,Cert.&P,,30,13500,SKID# 163,F,,SHIPPED,,2026-09-03 09:15:29,,,,
2026-08-21 15:39:40,Aftrn,157/245,716883,w20-1028-020sl-ht,1811,6-233-11-d,Nut,O,Tbl,1,S/P,MIXED,30,6450,skid# 162,F,1,SHIPPED,,2026-08-21 15:39:40,,,,
2026-08-21 15:23:24,Aftrn,11/293,716880,w20-1028-020sl-ht,19,6-233-11-a,Nut,O,Tbl,5,S/P,MIXED,37,7955,skid# 112,F,7,SHIPPED,,2026-08-21 15:23:24,,,,
2026-08-21 15:18:28,Aftrn,285/391,716882,w20-1028-020sl-ht,1437,6-233-11-c,Nut,O,Tbl,2,S/P,MIXED,26,5590,skid# 187,F,3,SHIPPED,,2026-08-21 15:18:28,,,,
2026-08-21 14:58:09,Mrnng,391285,716881,w20-1028-020sl,653,6-233-11-b,Nut,O,Tbl,2,S/P,,36,7740,skid# 22,F,,SHIPPED,,2026-08-21 14:58:09,,,,
2026-08-21 14:37:33,Mrnng,190268,716885,w20-1028-020sl-ht,209,6-233-11-f,Nut,O,Tbl,3,S/P,MIXED,40,8600,skid# 21,F,1,SHIPPED,,2026-08-21 14:37:33,,,,
2026-09-02 17:11:42,Aftrn,292,717563,11610091-my-ak,469,6-243-43-a,Nut,O,BF,116,Crt.&P,,30,75000,skid #47,F,,SHIPPED,,2026-09-02 17:11:42,,,,
2026-09-02 17:06:45,Aftrn,157/297,718135,11546377,798,6-245-09-A,Nut,O,Tbl,1,S/P,"EXCESS PLATING, STUCK TGT",27,58050,SKID# 52,F,"1, 15",SHIPPED,,2026-09-02 17:06:45,,,,
2026-09-02 16:45:57,Aftrn,157/297,717900,11602031,1050,6-243-22-c,Nut,O,Tbl,1,S/P,"MIXED, MISSING TAB",31,4495,skid# 134,F,"3, 24",SHIPPED,,2026-09-02 16:45:57,,,,
2026-09-08 13:57:04,Mrnng,292,717028,11546368-my-ak,293,6-246-23-l,Nut,O,BF,116,Cert.&P,MIXED,25,11250,SKID# 60,F,3,SHIPPED,,2026-09-08 13:57:04,,,,
2026-09-09 09:43:31,Mrnng,11/252,718440,06104388aa,126,6-251-24-d,Blt/Scrw,O,Tbl,4,S/P,MIXED,27,17820,skid# 158,F,2,SHIPPED,,2026-09-09 09:43:31,,,,
2026-09-09 09:37:47,Mrnng,290,717518,11546368-MY-AK,1583,6-246-22-F,Nut,O,MC,78,Crt.&P,,36,16200,SKID# 71,F,,SHIPPED,,2026-09-09 09:37:47,,,,
2026-08-29 15:16:54,Aftrn,157/297,717002,6503825,123,6-240-17-a,Nut,O,Tbl,1,S/P,"MIXED, STUCK TGT",36,54000,skid# 58,F,"1, 185",SHIPPED,,2026-08-29 15:16:54,,,,
2026-09-10 16:08:59,Aftrn,275,718039,11546389,693,6-251-15-a,Nut,C,MC,112,S/P,STUCK TGT,27,121500,SKID #92,F,2000,SHIPPED,,2026-09-10 16:08:59,,,,
2026-09-09 09:29:16,Mrnng,290,717400,6101831,127,6-251-08-c,Nut,O,BF,110,S/P,,39,39000,skid# 236,F,,SHIPPED,,2026-09-09 09:29:16,,,,
2026-09-08 17:53:39,Aftrn,292,717022,11546368-MY-AK,1770,6-246-23-H,Nut,O,BF,117,Crt.&P,MIXED,30,13500,SKID# 82,F,2,SHIPPED,,2026-09-08 17:53:39,,,,
2026-09-10 16:08:59,Aftrn,275,718037,11546389,54,6-251-14-a,Nut,O,MC,112,S/P,STUCK TGT,9,40500,SKID #92,F,4000,SHIPPED,,2026-09-10 16:08:59,,,,
2026-09-08 17:40:54,Aftrn,280,716374,11546367-MY-AK,1111,6-247-26-B,Nut,O,BF,121,Crt.&P,,34,23800,SKID# 220,F,,SHIPPED,,2026-09-08 17:40:54,,,,
2026-09-10 11:23:01,Mrnng,157/297,714433,06511672aa,196,6-252-25-b,Nut,O,Tbl,1,S/P,,36,50400,SKID #238,F,,SHIPPED,,2026-09-10 11:23:01,,,,
2026-09-10 11:19:14,Mrnng,292,717431,11549168-vn-vt,408,6-247-16-a,Nut,C,MC,19,Crt.&P,,26,26000,skid# 110,F,,SHIPPED,,2026-09-10 11:19:14,,,,
2026-09-10 11:19:14,Mrnng,292,717433,11549168-vn-vt,712,6-247-16-b,Nut,O,MC,19,Cert.&P,"MIXED, STUCK TGT",46,46000,skid# 110,F,"1, 4",SHIPPED,,2026-09-10 11:19:14,,,,
2026-09-08 11:21:23,Mrnng,290,717519,11546368-my-ak,1518,6-246-22-g,Nut,O,BF,105,Crt.&P,,36,16200,skid# 64,F,,SHIPPED,,2026-09-08 11:21:23,,,,
2026-09-08 11:16:26,Mrnng,292,717024,11546368-my-ak,1753,6-246-22-d,Nut,O,BF,117,Crt.&P,,36,16200,skid# 208,F,,SHIPPED,,2026-09-08 11:16:26,,,,
2026-09-11 16:34:42,Aftrn,280,717290,11610091-my-ak,489,6-251-32-b,Nut,O,BF,118,Crt.&P,,30,75000,SKID #1,F,,SHIPPED,,2026-09-11 16:34:42,,,,
2026-09-08 11:11:28,Mrnng,190/268,716606,11546378-ca-in,1339,6-247-05-D,Nut,O,Tbl,3,Crt.&P,"MIXED, EXCESS PLATING, STUCK TGT, DAMAGED",33,41250,skid# 16,F,"8, 1, 2, 8",SHIPPED,,2026-09-08 11:11:28,,,,
2026-09-08 12:00:33,Mrnng,292,718228,11546462,1436,6-247-02-G,Nut,O,MC,110,S/P,,8,5200,SKID# 27,F,,SHIPPED,,2026-09-08 12:00:33,,,,
2026-09-08 10:33:54,Mrnng,279/391,718796,K1046AB,kib,6-246-17-A,Nut,O,Tbl,2,S/P,mixed,41,65600,SKID# 134,F,1,SHIPPED,,2026-09-08 10:33:54,,,,
2026-09-08 10:22:29,Mrnng,157/297,718797,K1046AB,kib,6-246-17-B,Nut,O,Tbl,1,S/P,,37,59200,SKID# 248,F,,SHIPPED,,2026-09-08 10:22:29,,,,
2026-09-08 10:15:57,Mrnng,285,716950,11546369-in-pn,892,6-247-03-A,Nut,O,Tbl,5,Crt.&P,,38,11400,skid #232,F,,SHIPPED,,2026-09-08 10:15:57,,,,
2026-08-28 17:02:09,Aftrn,190/268,716322,06513404aa,1698,6-229-15-f,Nut,O,Tbl,3,S/P,,38,4560,pack# 8,F,,SHIPPED,,2026-08-28 17:02:09,,,,
2026-08-28 16:40:55,Aftrn,11/252,716320,06513404aa,1609,6-229-15-d,Nut,O,Tbl,4,S/P,,38,4560,skid# 36,F,,SHIPPED,,2026-08-28 16:40:55,,,,
2026-08-28 16:33:53,Aftrn,275,716431,06511637aa,1307,6-229-62-a,Nut,O,BF,112,S/P,MIXED,35,42000,pack# 5,F,1,SHIPPED,,2026-08-28 16:33:53,,,,
2026-09-08 10:09:14,Mrnng,275,717018,11546368-MY-AK,234,6-246-22-B,Nut,O,BF,108,Crt.&P,,36,16200,SKID# 228,F,,SHIPPED,,2026-09-08 10:09:14,,,,
2026-09-08 17:12:40,Aftrn,280,716373,11546367-my-ak,647,6-247-26-a,Nut,O,BF,121,Crt.&P,,36,25200,skid# 91,F,,SHIPPED,,2026-09-08 17:12:40,,,,
2026-08-26 14:50:08,Mrnng,157/297,716621,06512106aa,1592,6-238-02-a,Nut,O,Tbl,1,S/P,MIXED,30,6000,skid# 140,F,3,SHIPPED,,2026-08-26 14:50:08,,,,
2026-09-08 09:50:57,Mrnng,157/297,716604,11546378-ca-in,830,6-247-05-B,Nut,O,Tbl,1,Crt.&P,"MIXED, EXCESS PLATING, SILVERS, DAMAGED",27,33750,SKID #49,F,"3, 13, 4, 6",SHIPPED,,2026-09-08 09:50:57,,,,
2026-09-08 09:48:17,Mrnng,290,717372,11549168,810,6-247-25-b,Nut,O,BF,107,S/P,,36,36000,skid# 85,F,,SHIPPED,,2026-09-08 09:48:17,,,,
2026-08-28 15:10:04,Aftrn,11/252,717211,11549171-my-ak,397,6-240-02-b,Nut,O,Tbl,4,Crt.&P,MIXED,38,10640,skid# 218,F,1,SHIPPED,,2026-08-28 15:10:04,,,,
2026-09-08 09:44:55,Mrnng,190/268,718798,82250,KIB,6-246-20-a,Nut,O,Tbl,3,S/P,,36,22500,skid# 66,F,,SHIPPED,,2026-09-08 09:44:55,,,,
2026-08-24 17:31:30,Aftrn,290,716465,11546378-my-ak,1784,6-233-16-b,Nut,O,BF,107,Crt.&P,,36,45000,skid# 226,F,,SHIPPED,,2026-08-24 17:31:30,,,,
2026-09-08 09:39:01,Mrnng,280,717767,6101736,108,6-245-14-B,Nut,O,BF,124,S/P,,36,115200,SKID# 191,F,,SHIPPED,,2026-09-08 09:39:01,,,,
2026-08-24 15:30:54,Aftrn,275,717080,11546462,1385,6-233-18-b,Nut,O,BF,108,S/P,MIXED,36,23400,skid# 117,F,5,SHIPPED,,2026-08-24 15:30:54,,,,
2026-09-08 09:34:04,Mrnng,290,717526,11546368-my-ak,721,6-246-21-h,Nut,O,BF,109,Crt.&P,,36,16200,skid# 163,F,,SHIPPED,,2026-09-08 09:34:04,,,,
2026-09-09 14:54:22,Aftrn,290,717512,11546368-my-ak,1652,6-246-21-b,Nut,O,MC,78,Crt.&P,,36,16200,skid# 123,F,,SHIPPED,,2026-09-09 14:54:22,,,,
2026-09-08 09:26:33,Mrnng,279/391,718799,82250,KIB,6-246-20-b,Nut,O,Tbl,2,S/P,,36,22500,skid# 50,F,,SHIPPED,,2026-09-08 09:26:33,,,,
2026-09-08 17:03:30,Aftrn,4,705988,11612078,287,6-163-21-a,Nut,O,MC,74,S/P,,34,62900,SKID# 92,F,,SHIPPED,,2026-09-08 17:03:30,,,,
2026-09-08 16:57:29,Aftrn,279/391,717790,06509967AA,kib,6-251-02-G,Nut,O,Tbl,2,S/P,MIXED,36,29700,SKID# 120,F,3,SHIPPED,,2026-09-08 16:57:29,,,,
2026-09-11 16:33:39,Aftrn,275,717504,11546367-my-ak,1078,6-253-02-h,Nut,O,BF,112,Crt.&P,,33,23100,SKID #22,F,,SHIPPED,,2026-09-11 16:33:39,,,,
2026-09-10 15:53:47,Aftrn,275/290,717364,11549170,306,6-247-09-f,Nut,O,BF,112,S/P,,50,20000,skid# 175,F,,SHIPPED,,2026-09-10 15:53:47,,,,
2026-08-24 12:55:25,Mrnng,290,717047,11548414,823,6-233-01-a,Nut,O,BF,109,S/P,,36,17460,skid# 123,F,,SHIPPED,,2026-08-24 12:55:25,,,,
2026-09-10 15:53:47,Aftrn,275/290,717365,11549170,1083,6-247-10-a,Nut,O,MC,78,S/P,,51,20400,skid# 175,F,,SHIPPED,,2026-09-10 15:53:47,,,,
2026-09-08 16:33:10,Aftrn,279/391,717788,06509967AA,kib,6-251-03-C,Blt/Scrw,O,Tbl,2,S/P,MIXED,36,29700,SKID# 113,F,1,SHIPPED,,2026-09-08 16:33:10,,,,
2026-09-08 16:21:46,Aftrn,157/297,717707,40161567,301,6-251-04-a,Nut,O,Tbl,1,S/P,MIXED,15,2625,skid# 145,F,1,SHIPPED,,2026-09-08 16:21:46,,,,
2026-09-09 14:07:50,Mrnng,275,716783,11514596-CA-IN,183,6-251-11-B,Nut,O,BF,104,Crt.&P,MIXED,29,72500,SKID# 238,F,3,SHIPPED,,2026-09-09 14:07:50,,,,
2026-09-10 10:45:10,Mrnng,190/268,718513,06509967aa,KIB,6-251-02-c,Blt/Scrw,O,Tbl,3,S/P,MIXED,24,19800,skid# 250,F,4,SHIPPED,,2026-09-10 10:45:10,,,,
2026-09-09 13:54:24,Mrnng,290,717397,6101831,702,6-251-08-a,Nut,O,BF,110,S/P,,36,36000,skid# 134,F,,SHIPPED,,2026-09-09 13:54:24,,,,
2026-09-09 13:49:31,Mrnng,290,717360,11549170,1815,6-246-24-f,Nut,O,BF,109,S/P,,36,14400,skid# 190,F,,SHIPPED,,2026-09-09 13:49:31,,,,
2026-09-08 15:52:28,Aftrn,292,718229,11546462,455,6-247-02-h,Nut,C,MC,110,S/P,,10,6500,skid# 23,F,,SHIPPED,,2026-09-08 15:52:28,,,,
2026-09-09 13:43:09,Mrnng,275,717350,11549170,1849,6-246-24-d,Nut,O,BF,108,S/P,,36,14400,skid# 77,F,,SHIPPED,,2026-09-09 13:43:09,,,,
2026-09-09 13:40:37,Mrnng,275,717368,11549170,346,6-246-24-H,Nut,O,BF,112,S/P,,36,14400,PACK# 4,F,,SHIPPED,,2026-09-09 13:40:37,,,,
2026-08-24 14:25:22,Mrnng,292,717049,11548414,68,6-233-01-c,Nut,O,BF,117,S/P,MIXED,29,14065,skid# 232,F,1,SHIPPED,,2026-08-24 14:25:22,,,,
2026-09-08 15:23:23,Aftrn,290,717525,11546368-MY-AK,1610,6-246-21-G,Nut,C,BF,109,Crt.&P,,18,8100,SKID# 250,F,,SHIPPED,,2026-09-08 15:23:23,,,,
2026-09-10 10:39:52,Mrnng,290,716917,11549170,451,6-247-12-B,Nut,O,MC,78,S/P,,36,14400,SKID# 256,F,,SHIPPED,,2026-09-10 10:39:52,,,,
2026-09-08 14:56:54,Aftrn,157/297,718511,06509967AA,kib,6-251-02-A,Blt/Scrw,O,Tbl,1,S/P,MIXED,30,24750,SKID# 87,F,4,SHIPPED,,2026-09-08 14:56:54,,,,
2026-09-10 15:52:44,Aftrn,190/268,715815,11546703,1644,6-252-24-B,Blt/Scrw,O,Tbl,3,S/P,MIXED,35,140000,SKID# 93,F,1,SHIPPED,,2026-09-10 15:52:44,,,,
2026-09-10 10:30:28,Mrnng,11/252,718071,11602292,803,6-251-35-C,Nut,O,Tbl,4,S/P,,17,17000,SKID# 170,F,,SHIPPED,,2026-09-10 10:30:28,,,,
2026-09-05 14:26:23,Mrnng,290,717371,11549168,414,6-247-25-a,Nut,O,BF,107,S/P,,36,36000,skid# 94,F,,SHIPPED,,2026-09-05 14:26:23,,,,
2026-09-08 14:37:11,Mrnng,190/268,718519,06509967aa,KIB,6-251-02-e,Blt/Scrw,O,Tbl,3,S/P,,20,16500,skid# 22,F,,SHIPPED,,2026-09-08 14:37:11,,,,
2026-09-08 14:36:29,Mrnng,190/268,717786,06509967aa,KIB,6-251-03-a,Blt/Scrw,O,Tbl,3,S/P,MIXED,11,9075,skid# 22,F,1,SHIPPED,,2026-09-08 14:36:29,,,,
2026-09-10 10:23:19,Mrnng,190/268,718049,11546566,725,6-251-34-c,Blt/Scrw,O,Tbl,3,S/P,,28,50400,skid# 169,F,,SHIPPED,,2026-09-10 10:23:19,,,,
2026-09-08 14:24:29,Mrnng,157/297,717893,40161567,1409,6-251-04-D,Nut,O,Tbl,1,S/P,"MIXED, SILVERS",36,6300,SKID# 21,F,"4, 1",SHIPPED,,2026-09-08 14:24:29,,,,
2026-09-08 14:17:39,Mrnng,279/391,717895,40161567,1061,6-251-04-f,Nut,O,Tbl,2,S/P,,14,2450,skid# 162,F,,SHIPPED,,2026-09-08 14:17:39,,,,
2026-09-08 14:12:05,Mrnng,190/268,717708,40161567,241,6-251-04-b,Nut,O,Tbl,3,S/P,MIXED,19,3325,skid# 162,F,4,SHIPPED,,2026-09-08 14:12:05,,,,
2026-08-29 10:28:09,Mrnng,292,716584,11549170,376,6-239-17-h,Nut,O,BF,116,S/P,MIXED,36,14400,skid# 114,F,2,SHIPPED,,2026-08-29 10:28:09,,,,
2026-09-08 14:07:23,Mrnng,279/391,717894,40161567,1682,6-251-04-e,Nut,O,Tbl,2,S/P,MIXED,36,6300,skid# 128,F,2,SHIPPED,,2026-09-08 14:07:23,,,,
2026-09-10 10:18:07,Mrnng,11/252,714610,bl3w-4320-ba,707,6-252-18-A,Nut,O,Tbl,4,S/P,,22,4840,SKID# 252,F,,SHIPPED,,2026-09-10 10:18:07,,,,
2026-09-10 10:16:01,Mrnng,11/252,718061,06508200aa,729,6-251-36-a,Blt/Scrw,O,Tbl,4,S/P,MIXED,27,18900,skid# 96,F,2,SHIPPED,,2026-09-10 10:16:01,,,,
2026-09-08 13:40:21,Mrnng,190/268,717892,40161567,575,6-251-04-c,Nut,O,Tbl,3,S/P,MIXED,36,6300,skid# 187,F,9,SHIPPED,,2026-09-08 13:40:21,,,,
2026-09-10 15:51:30,Aftrn,279-391,714250,HL3W-4320-AA,730,6-252-16-a,Nut,O,Tbl,2,S/P,,31,6200,SKID #46,F,,SHIPPED,,2026-09-10 15:51:30,,,,
2026-09-11 11:55:36,Mrnng,275,718076,11546367-my-ak,1056,6-253-03-d,Nut,O,BF,112,Cert.&P,,16,11200,skid# 150,F,,SHIPPED,,2026-09-11 11:55:36,,,,
2026-09-10 10:00:46,Mrnng,290,717769,11546437-my-ak,569,6-251-20-b,Nut,O,BF,106,Cert.&P,,58,87000,SKID# 232,F,,SHIPPED,,2026-09-10 10:00:46,,,,
2026-09-11 11:54:51,Mrnng,157-297,717102,nu1510-00,325,6-253-21-b,Nut,O,Tbl,1,S/P,,1,18850,skid# 175,F,,SHIPPED,,2026-09-11 11:54:51,,,,
2026-09-10 09:51:39,Mrnng,290,717373,11549168,951,6-247-24-C,Nut,O,BF,110,S/P,,36,36000,SKID# 22,F,,SHIPPED,,2026-09-10 09:51:39,,,,
2026-09-10 09:41:17,Mrnng,292,717762,11546545,654,6-247-21-A,Nut,O,MC,24,S/P,"MIXED, STUCK TGT",37,92500,SKID# 24,F,"2, 18",SHIPPED,,2026-09-10 09:41:17,,,,
2026-09-05 14:46:11,Mrnng,285,716406,PZ18-7P483-AA,414,6-218-17-A,Nut,O,Tbl,5,S/P,,21,4095,SKID# 203,F,,SHIPPED,,2026-09-05 14:46:11,,,,
2026-09-10 09:38:01,Mrnng,275,717355,11549170,1052,6-247-09-C,Nut,O,BF,112,S/P,,36,14400,SKID# 65,F,,SHIPPED,,2026-09-10 09:38:01,,,,
2026-09-10 09:32:37,Mrnng,290,717353,11549170,1559,6-247-09-A,Nut,O,MC,78,S/P,,36,14400,SKID# 162,F,,SHIPPED,,2026-09-10 09:32:37,,,,
2026-09-08 11:56:26,Mrnng,279/391,717677,06104388AA,525,6-251-05-C,Blt/Scrw,O,Tbl,2,Crt.&P,,40,26400,SKID# 168,F,,SHIPPED,,2026-09-08 11:56:26,,,,
2026-09-11 11:50:51,Mrnng,290,718644,11546462,727,6-253-04-F,Nut,O,BF,110,S/P,,36,23400,SKID# 68,F,,SHIPPED,,2026-09-11 11:50:51,,,,
2026-09-14 09:18:06,Mrnng,190/268/157/297,717550,11549204,534,6-253-13-b,Nut,O,Tbl,3,S/P,MIXED,44,9240,skid# 213,F,2,SHIPPED,,2026-09-14 09:18:06,,,,
2026-09-05 14:22:02,Mrnng,275,717015,11546368-my-ak,517,6-246-23-c,Nut,O,BF,108,Crt.&P,,36,16200,skid# 216,F,,SHIPPED,,2026-09-05 14:22:02,,,,
2026-09-11 11:42:31,Mrnng,297-157,717102,NU1510-00,325,6-253-21-B,Nut,C,Tbl,1,S/P,,1,35000,SKID# 129,F,,SHIPPED,,2026-09-11 11:42:31,,,,
2026-09-11 16:19:49,Aftrn,290,718073,11546367-my-ak,1063,6-253-03-a,Nut,O,BF,109,S/P,,30,21000,pack# 9,F,,SHIPPED,,2026-09-11 16:19:49,,,,
2026-09-14 09:18:06,Mrnng,190/268/157/297,717549,11549204,1445,6-253-13-A,Nut,O,Tbl,1,S/P,MIXED,53,11130,skid# 213,F,5,SHIPPED,,2026-09-14 09:18:06,,,,
2026-09-08 09:30:07,Mrnng,275,718238,11546545,790,6-247-18-a,Nut,O,BF,102,S/P,"MIXED, STUCK TGT",36,90000,skid# 117,F,"1, 10",SHIPPED,,2026-09-08 09:30:07,,,,
2026-09-10 14:57:43,Aftrn,290,718011,11546437-my-ak,1812,6-251-09-c,Nut,O,BF,106,Crt.&P,,50,75000,skid# 199,F,,SHIPPED,,2026-09-10 14:57:43,,,,
2026-09-05 13:46:10,Mrnng,292,718222,11546462,704,6-247-02-a,Nut,O,MC,110,S/P,,20,13000,skid# 43,F,,SHIPPED,,2026-09-05 13:46:10,,,,
2026-09-05 13:38:57,Mrnng,292,717026,11546368-my-ak,1662,6-246-23-j,Nut,O,BF,117,Crt.&P,,39,17550,skid# 147,F,,SHIPPED,,2026-09-05 13:38:57,,,,
2026-09-11 11:21:06,Mrnng,275,718077,11546367-my-ak,309,6-253-03-e,Nut,O,BF,112,Crt.&P,,36,25200,skid# 59,F,,SHIPPED,,2026-09-11 11:21:06,,,,
2026-09-05 15:40:15,Aftrn,280,718237,11546545,129,6-247-17-b,Nut,O,BF,114,S/P,STUCK TGT,37,92500,skid# 198,F,120,SHIPPED,,2026-09-05 15:40:15,,,,
2026-09-05 11:52:55,Mrnng,290,716937,11549170,29,6-240-26-d,Nut,O,MC,78,S/P,,36,14400,skid# 173,F,,SHIPPED,,2026-09-05 11:52:55,,,,
2026-09-11 11:19:25,Mrnng,252-11,718666,nu1510-00,708,6-253-20-b,Nut,O,Tbl,4,S/P,,1,29840,skid# 160,F,,SHIPPED,,2026-09-11 11:19:25,,,,
2026-09-09 16:50:29,Mrnng,290,717246,e6267ab,97,6-247-23-A,Nut,O,BF,107,S/P,,1,20000,skid# 50,F,,SHIPPED,,2026-09-09 16:50:29,,,,
2026-09-10 14:42:45,Mrnng,280,717374,11549168,765,6-247-24-d,Nut,O,BF,121,S/P,,36,36000,skid# 27,F,,SHIPPED,,2026-09-10 14:42:45,,,,
2026-09-10 14:33:57,Mrnng,4,716927,11549170,1407,6-247-10-D,Nut,O,BF,117,S/P,,36,14400,SKID# 53,F,,SHIPPED,,2026-09-10 14:33:57,,,,
2026-09-09 16:27:15,Aftrn,285,711867,11549168-CA-IN,975,6-231-02-D,Nut,O,MC,26,Crt.&P,,36,36000,SKID# 26,F,,SHIPPED,,2026-09-09 16:27:15,,,,
2026-09-09 16:20:50,Aftrn,275,718040,11546389,738,6-251-15-b,Nut,O,MC,112,S/P,STUCK TGT,36,162000,skid# 114,F,4000,SHIPPED,,2026-09-09 16:20:50,,,,
2026-09-05 11:16:23,Mrnng,275,717522,11546368-my-ak,1807,6-246-23-n,Nut,O,BF,112,Crt.&P,MIXED,36,16200,skid# 52,F,2,SHIPPED,,2026-09-05 11:16:23,,,,
2026-09-11 11:26:50,Mrnng,290/4,717376,11549168,243,6-247-25-D,Nut,O,BF,110,S/P,,44,44000,SKID# 85,F,,SHIPPED,,2026-09-11 11:26:50,,,,
2026-09-10 14:20:22,Mrnng,280,718060,11561645,1541,6-251-31-b,Nut,O,BF,120,S/P,,19,76000,skid# 158,F,,SHIPPED,,2026-09-10 14:20:22,,,,
2026-09-11 11:08:41,Mrnng,280,717286,11610091-my-ak,1629,6-251-32-a,Nut,O,BF,118,Crt.&P,,31,77500,skid# 169,F,,SHIPPED,,2026-09-11 11:08:41,,,,
2026-09-10 14:04:38,Mrnng,11/252,718069,11602292,1647,6-251-35-A,Blt/Scrw,O,Tbl,4,S/P,,24,24000,SKID# 123,F,,SHIPPED,,2026-09-10 14:04:38,,,,
2026-09-10 13:56:54,Mrnng,290/275,716920,11549170,121,6-247-11-A,Nut,O,BF,109,S/P,,53,21200,SKID# 113,F,,SHIPPED,,2026-09-10 13:56:54,,,,
2026-09-10 13:56:54,Mrnng,290/275,716921,11549170,1759,6-247-11-b,Nut,O,BF,108,S/P,MIXED,43,17200,SKID# 113,F,1,SHIPPED,,2026-09-10 13:56:54,,,,
2026-09-10 13:27:12,Mrnng,290,717365,11549170,1083,6-247-10-A,Nut,O,MC,78,S/P,,36,14400,SKID# 21,F,,SHIPPED,,2026-09-10 13:27:12,,,,
2026-09-10 13:18:52,Mrnng,4/292,717363,11549170,1555,6-247-09-e,Nut,O,BF,117,S/P,,40,16000,skid# 245,F,,SHIPPED,,2026-09-10 13:18:52,,,,
2026-09-05 10:06:48,Mrnng,292,717560,11610091-my-ak,504,6-243-44-a,Nut,O,BF,116,Crt.&P,MIXED,28,70000,skid# 104,F,2,SHIPPED,,2026-09-05 10:06:48,,,,
2026-09-04 17:08:09,Aftrn,290,716363,11546368-my-ak,1057,6-244-14-a,Nut,O,BF,109,Crt.&P,,29,13050,skid# 236,F,,SHIPPED,,2026-09-04 17:08:09,,,,
2026-09-10 13:13:32,Mrnng,275,717364,11549170,306,6-247-09-f,Nut,C,BF,112,S/P,,36,14400,skid# 200,F,,SHIPPED,,2026-09-10 13:13:32,,,,
2026-09-11 10:45:20,Mrnng,280,718013,11546437-MY-AK,1585,6-251-17-C,Nut,O,BF,123,Crt.&P,,61,91500,SKID# 96,F,,SHIPPED,,2026-09-11 10:45:20,,,,
2026-09-04 16:51:47,Aftrn,11/252,714607,HL3W-4320-AA,416,6-238-11-A,Nut,O,Tbl,4,Crt.&P,,24,4800,SKID# 220,F,,SHIPPED,,2026-09-04 16:51:47,,,,
2026-09-08 12:58:08,Mrnng,275,717758,11546545,252,6-247-19-C,Nut,O,BF,104,S/P,,38,95000,SKID# 96,F,,SHIPPED,,2026-09-08 12:58:08,,,,
2026-09-11 11:26:50,Mrnng,290/4,717375,11549168,494,6-247-25-c,Nut,O,MC,110,S/P,"mixed, stuck tgt",37,37000,SKID# 85,F,"1, 600",SHIPPED,,2026-09-11 11:26:50,,,,
2026-09-10 12:58:45,Mrnng,252/11,716741,40110160,1633,6-229-14-a,Nut,O,Tbl,4,S/P,,34,6800,skid# 44,F,,SHIPPED,,2026-09-10 12:58:45,,,,
2026-09-09 14:00:17,Mrnng,290,717769,11546437-MY-AK,569,6-251-20-B,Nut,C,BF,106,Crt.&P,,36,54000,SKID# 248,F,,SHIPPED,,2026-09-09 14:00:17,,,,
2026-09-10 12:56:11,Mrnng,280,718009,11546437-my-ak,1568,6-251-17-a,Nut,O,BF,114,S/P,,23,34500,skid# 70,F,,SHIPPED,,2026-09-10 12:56:11,,,,
2026-09-04 16:13:46,Aftrn,280,717538,w716298-s450,628,6-243-59-b,Nut,O,BF,123,S/P,,23,80500,skid# 175,F,,SHIPPED,,2026-09-04 16:13:46,,,,
2026-09-04 17:33:55,Aftrn,292,718226,11546462,93,6-247-02-e,Nut,O,MC,26,S/P,,36,23400,skid# 164,F,,SHIPPED,,2026-09-04 17:33:55,,,,
2026-09-10 12:54:47,Mrnng,252/11,718070,11602292,1520,6-251-35-b,Blt/Scrw,O,Tbl,4,S/P,,23,23000,skid# 243,F,,SHIPPED,,2026-09-10 12:54:47,,,,
2026-09-09 12:53:06,Mrnng,292,717349,11549170,1846,6-246-24-c,Nut,O,BF,116,S/P,,36,14400,skid# 3,F,,SHIPPED,,2026-09-09 12:53:06,,,,
2026-09-04 15:43:02,Aftrn,190/268,716973,11546369-in-pn,709,6-247-03-c,Nut,O,Tbl,3,Crt.&P,,34,10200,skid# 71,F,,SHIPPED,,2026-09-04 15:43:02,,,,
2026-09-04 17:14:53,Aftrn,275,717524,11546368-MY-AK,266,6-246-23-P,Nut,O,BF,112,Crt.&P,MIXED,26,11700,SKID# 189,F,4,SHIPPED,,2026-09-04 17:14:53,,,,
2026-09-09 11:59:41,Mrnng,275,717025,11546368-my-ak,1393,6-246-23-i,Nut,O,BF,108,Crt.&P,,31,13950,skid# 78,F,,SHIPPED,,2026-09-09 11:59:41,,,,
2026-09-10 12:53:11,Mrnng,190/268,716742,40110160,658,6-229-14-b,Nut,O,Tbl,3,S/P,,35,7000,skid# 135,F,,SHIPPED,,2026-09-10 12:53:11,,,,
2026-09-04 16:44:46,Aftrn,11/252,716975,11546369-in-pn,205,6-247-03-d,Nut,O,Tbl,4,Crt.&P,MIXED,34,10200,skid# 257,F,14,SHIPPED,,2026-09-04 16:44:46,,,,
2026-09-05 11:45:04,Mrnng,290,717766,6101736,836,6-245-14-a,Nut,O,BF,106,S/P,,36,115200,skid# 245,F,,SHIPPED,,2026-09-05 11:45:04,,,,
2026-09-05 11:40:29,Mrnng,290,717529,06511637aa,969,6-244-24-a,Nut,O,BF,110,S/P,,40,48000,skid# 40,F,,SHIPPED,,2026-09-05 11:40:29,,,,
2026-09-04 16:31:34,Aftrn,4,710174,11612078,906,6-217-30-c,Nut,O,MC,74,S/P,"MIXED, DAMAGED",28,51800,SKID# 223,F,"500, 8",SHIPPED,,2026-09-04 16:31:34,,,,
2026-09-04 16:24:04,Aftrn,279/391,716979,11546369-IN-PN,530,6-247-03-E,Nut,O,Tbl,2,Crt.&P,MIXED,16,4800,SKID# 123,F,4,SHIPPED,,2026-09-04 16:24:04,,,,
2026-09-04 16:10:09,Aftrn,280,718121,11546377-ph-ro,186,6-245-16-a,Nut,O,BF,118,Crt.&P,STUCK TGT,35,75250,skid# 110,F,249,SHIPPED,,2026-09-04 16:10:09,,,,
2026-09-04 16:01:26,Aftrn,292,717916,6101831,491,6-245-04-D,Nut,O,MC,110,S/P,,36,36000,SKID# 183,F,,SHIPPED,,2026-09-04 16:01:26,,,,
2026-09-04 15:48:30,Aftrn,292,716365,11546368-my-ak,330,6-244-14-c,Nut,O,BF,117,Crt.&P,,36,16200,skid# 177,F,,SHIPPED,,2026-09-04 15:48:30,,,,
2026-09-04 15:39:30,Aftrn,11/252,716981,11546369-in-pn,911,6-247-03-f,Nut,O,Tbl,4,Crt.&P,MIXED,38,11400,skid# 58,F,7,SHIPPED,,2026-09-04 15:39:30,,,,
2026-09-11 10:35:14,Mrnng,279-391,718854,nu1144,1685,6-253-15-b,Nut,O,Tbl,2,S/P,,1,22740,skid# 186,F,,SHIPPED,,2026-09-11 10:35:14,,,,
2026-09-05 11:27:25,Mrnng,297/391,716394,11549204,164,6-247-14-a,Nut,O,Tbl,2,S/P,,36,7560,skid# 246,F,,SHIPPED,,2026-09-05 11:27:25,,,,
2026-09-09 11:43:53,Mrnng,292,717433,11549168-vn-vt,712,6-247-16-b,Nut,C,MC,19,Crt.&P,"MIXED, STUCK TGT",36,36000,skid# 4,F,"1, 4",SHIPPED,,2026-09-09 11:43:53,,,,
2026-09-04 14:56:50,Aftrn,11/252,717552,11549204,1512,6-247-04-f,Nut,O,Tbl,4,S/P,MIXED,36,7560,skid# 233,F,4,SHIPPED,,2026-09-04 14:56:50,,,,
2026-09-10 12:50:19,Mrnng,004+292,718067,1k2gz0-00,200,6-251-29-a,Nut,O,BF,113,S/P,STUCK TOGETHER,25,112500,skid# 145,F,600,SHIPPED,,2026-09-10 12:50:19,,,,
2026-09-04 14:39:17,Mrnng,279/391,716942,11549204,1601,6-247-04-c,Nut,O,Tbl,2,S/P,MIXED,40,8400,skid# 171,F,1,SHIPPED,,2026-09-04 14:39:17,,,,
2026-09-05 11:09:01,Mrnng,297/391,716943,11549204,960,6-247-15-a,Nut,O,Tbl,2,S/P,MIXED,36,7560,skid# 200,F,4,SHIPPED,,2026-09-05 11:09:01,,,,
2026-09-11 16:10:14,Aftrn,4,718046,w711953-s900,846,6-251-37-b,Nut,O,BF,116,S/P,,36,63000,skid# 246,F,,SHIPPED,,2026-09-11 16:10:14,,,,
2026-09-05 10:15:38,Mrnng,190/268,716605,11546378-ca-in,475,6-247-05-c,Nut,O,Tbl,3,Crt.&P,"MIXED, CRACKED, DAMAGED",33,41250,skid# 234,F,"8, 1, 5",SHIPPED,,2026-09-05 10:15:38,,,,
2026-09-10 12:42:54,Mrnng,157/297,714522,06511672aa,1683,6-252-26-a,Nut,O,Tbl,1,S/P,MIXED,32,44800,skid# 77,F,1,SHIPPED,,2026-09-10 12:42:54,,,,
2026-09-03 17:07:54,Aftrn,292,717324,11546545,1824,6-243-07-b,Nut,O,MC,24,S/P,"MIXED, STUCK TGT",36,90000,skid# 93,F,"3, 10",SHIPPED,,2026-09-03 17:07:54,,,,
2026-09-10 11:56:14,Mrnng,275,718010,11546437-my-ak,182,6-251-17-b,Nut,O,BF,102,Crt.&P,,36,54000,skid# 91,F,,SHIPPED,,2026-09-10 11:56:14,,,,
2026-09-10 11:41:27,Mrnng,190/268,714611,BL3W-4320-BA,1079,6-252-18-B,Nut,O,Tbl,3,S/P,,21,4620,SKID# 55,F,,SHIPPED,,2026-09-10 11:41:27,,,,
2026-09-05 10:44:49,Mrnng,280,718239,11546545,1033,6-247-18-B,Nut,O,BF,123,S/P,,35,87500,SKID# 154,F,,SHIPPED,,2026-09-05 10:44:49,,,,
2026-09-05 09:44:16,Mrnng,292,714259,w711468-s437,366,6-243-34-a,Nut,O,MC,26,S/P,,26,41600,skid# 82,F,,SHIPPED,,2026-09-05 09:44:16,,,,
2026-09-05 14:42:38,Mrnng,280,718236,11546545,176,6-247-17-a,Nut,O,BF,123,S/P,,34,85000,skid# 31,F,,SHIPPED,,2026-09-05 14:42:38,,,,
2026-09-05 09:34:24,Mrnng,11/252,714607,hl3w-4320-aa,416,6-238-11-a,Nut,O,Tbl,4,S/P,,33,6600,skid# 14,F,,SHIPPED,,2026-09-05 09:34:24,,,,
2026-09-03 11:22:14,Mrnng,190/268,717533,06512278AA,898,6-245-21-A,Nut,O,Tbl,3,S/P,,29,56550,SKID# 26,F,,SHIPPED,,2026-09-03 11:22:14,,,,
2026-09-03 11:06:54,Mrnng,197/285,716412,pz18-7p483-aa,799,6-217-21-a,Nut,O,Tbl,5,S/P,,34,6630,pack# 3,F,,SHIPPED,,2026-09-03 11:06:54,,,,
2026-09-05 14:38:16,Mrnng,297/391,718794,w705606-s440,KIB,6-246-19-a,Nut,O,Tbl,2,S/P,MIXED,36,20880,skid# 224,F,1,SHIPPED,,2026-09-05 14:38:16,,,,
2026-09-05 14:33:47,Mrnng,292,717019,11546368-my-ak,1697,6-246-23-e,Nut,O,BF,116,Crt.&P,MIXED,36,16200,skid# 242,F,5,SHIPPED,,2026-09-05 14:33:47,,,,
2026-08-26 17:28:32,Aftrn,157/297,717413,06511834aa,545,6-238-09-c,Nut,O,Tbl,1,S/P,MIXED,16,1600,skid# 209,F,2,SHIPPED,,2026-08-26 17:28:32,,,,
2026-09-05 09:59:31,Mrnng,190/268,716946,11549204,1581,6-247-15-b,Nut,O,Tbl,3,S/P,MIXED,40,8400,skid# 149,F,5,SHIPPED,,2026-09-05 09:59:31,,,,
2026-09-05 14:29:11,Mrnng,290,717369,11549168,1845,6-247-24-a,Nut,O,BF,110,S/P,,36,36000,skid# 54,F,,SHIPPED,,2026-09-05 14:29:11,,,,
2026-09-11 10:31:01,Mrnng,190-268,718665,nu1510-00,62,6-253-20-a,Nut,O,Tbl,3,S/P,,1,46650,skid# 155,F,,SHIPPED,,2026-09-11 10:31:01,,,,
2026-09-11 10:25:45,Mrnng,275,718008,11546437-MY-AK,596,6-251-16-B,Nut,O,BF,103,Crt.&P,STUCK TGT,58,87000,SKID# 54,F,1,SHIPPED,,2026-09-11 10:25:45,,,,
2026-09-05 13:55:48,Mrnng,275,718234,11546545,1439,6-247-08-b,Nut,O,BF,103,S/P,,36,90000,skid# 170,F,,SHIPPED,,2026-09-05 13:55:48,,,,
2026-09-11 10:25:45,Mrnng,275,718015,11546437-my-ak,941,6-251-19-b,Nut,O,BF,104,Cert.&P,,43,64500,SKID# 54,F,,SHIPPED,,2026-09-11 10:25:45,,,,
2026-09-04 17:29:20,Aftrn,292,717403,6101831,778,6-240-14-a,Nut,O,MC,110,S/P,"MIXED, STUCK TGT",42,42000,skid# 167,F,"2, 4",SHIPPED,,2026-09-04 17:29:20,,,,
2026-09-04 17:19:34,Aftrn,290,717531,06511637AA,1577,6-244-24-C,Nut,O,BF,110,S/P,,36,43200,SKID# 33,F,,SHIPPED,,2026-09-04 17:19:34,,,,
2026-09-10 11:17:48,Mrnng,275,717770,11546437-my-ak,616,6-251-21-a,Nut,O,BF,104,Crt.&P,,72,108000,skid# 246,F,,SHIPPED,,2026-09-10 11:17:48,,,,
2026-09-04 16:59:01,Aftrn,275,718223,11546462,1758,6-247-02-b,Nut,O,BF,108,S/P,,39,25350,skid# 226,F,,SHIPPED,,2026-09-04 16:59:01,,,,
2026-09-05 13:33:14,Mrnng,280,718231,11546545,264,6-247-07-b,Nut,O,BF,114,S/P,STUCK TGT,36,90000,skid# 53,F,50,SHIPPED,,2026-09-05 13:33:14,,,,
2026-09-04 16:31:34,Aftrn,4,705988,11612078,287,6-163-21-A,Nut,C,MC,74,S/P,,8,14800,SKID# 223,F,,SHIPPED,,2026-09-04 16:31:34,,,,
2026-09-04 15:28:43,Aftrn,279/391,716953,11546369-in-pn,1781,6-247-03-b,Nut,O,Tbl,2,Crt.&P,MIXED,36,10800,skid# 80,F,19,SHIPPED,,2026-09-04 15:28:43,,,,
2026-09-04 15:10:43,Aftrn,11/252/190/268,716944,11549204,1826,6-247-04-d,Nut,O,Tbl,4,S/P,MIXED,32,6720,skid# 65,F,2,SHIPPED,,2026-09-04 15:10:43,,,,
2026-09-04 15:10:43,Aftrn,11/252/190/268,717478,11549204,1030,6-247-04-e,Nut,O,Tbl,3,S/P,MIXED,43,9030,skid# 65,F,1,SHIPPED,,2026-09-04 15:10:43,,,,
2026-09-04 14:49:01,Mrnng,190/268,717478,11549204,1030,6-247-04-e,Nut,C,Tbl,3,S/P,MIXED,36,7560,skid# 4,F,1,SHIPPED,,2026-09-04 14:49:01,,,,
2026-09-05 13:27:57,Mrnng,275,718233,11546545,585,6-247-08-a,Nut,O,MC,112,S/P,,36,90000,skid# 121,F,,SHIPPED,,2026-09-05 13:27:57,,,,
2026-09-05 13:18:07,Mrnng,190/268,713805,11546378-ca-in,160,6-247-06-d,Nut,O,Tbl,3,Crt.&P,"MIXED, STUCK TGT, CRACKED, DAMAGED",32,40000,skid# 70,F,"3, 4, 1, 7",SHIPPED,,2026-09-05 13:18:07,,,,
2026-09-05 13:06:24,Mrnng,290,717511,11546368-my-ak,393,6-246-21-a,Nut,O,BF,109,Crt.&P,,36,16200,skid# 130,F,,SHIPPED,,2026-09-05 13:06:24,,,,
2026-09-05 12:54:07,Mrnng,292,718137,11546377,148,6-245-10-A,Nut,O,BF,113,S/P,"MIXED, STUCK TGT",34,73100,SKID# 32,F,"3, 139",SHIPPED,,2026-09-05 12:54:07,,,,
2026-09-03 16:16:29,Aftrn,292,717403,6101831,778,6-240-14-a,Nut,O,MC,110,S/P,MIXED,36,36000,skid# 15,F,2,SHIPPED,,2026-09-03 16:16:29,,,,
2026-09-05 12:46:57,Mrnng,275,718230,11546545,224,6-247-07-A,Nut,O,BF,102,S/P,,36,90000,SKID# 68,F,,SHIPPED,,2026-09-05 12:46:57,,,,
2026-08-21 15:45:04,Aftrn,190/268,717142,11546449-th-tc,369,6-232-22-b,Nut,O,Tbl,3,Crt.&P,STUCK TGT,30,75000,skid# 238,F,10,SHIPPED,,2026-08-21 15:45:04,,,,
2026-08-21 11:02:49,Mrnng,280,716877,11546449,221,6-232-18-b,Nut,O,BF,123,S/P,,36,90000,skid# 254,F,,SHIPPED,,2026-08-21 11:02:49,,,,
2026-09-11 10:21:13,Mrnng,275,718012,11546437-my-ak,16,6-251-18-A,Nut,O,BF,102,Crt.&P,,65,97500,SKID# 213,F,,SHIPPED,,2026-09-11 10:21:13,,,,
2026-09-11 10:18:13,Mrnng,280,718057,11561645,303,6-251-30-A,Nut,O,BF,124,S/P,,27,108000,SKID# 78,F,,SHIPPED,,2026-09-11 10:18:13,,,,
2026-09-09 17:29:58,Aftrn,279/391,718442,06513555AA,587,6-251-25-B,Blt/Scrw,O,Tbl,2,S/P,MIXED,14,6160,SKID# 189,F,8,SHIPPED,,2026-09-09 17:29:58,,,,
2026-09-05 11:32:55,Mrnng,275,718235,11546545,793,6-247-08-c,Nut,O,BF,104,S/P,,36,90000,skid# 181,F,,SHIPPED,,2026-09-05 11:32:55,,,,
2026-09-11 10:10:01,Mrnng,157-297,717101,nu1510-00,1560,6-253-21-a,Nut,O,Tbl,1,S/P,,1,35000,skid# 215,F,,SHIPPED,,2026-09-11 10:10:01,,,,
2026-09-09 17:10:52,Aftrn,190/268,718514,06509967aa,KIB,6-251-02-d,Blt/Scrw,O,Tbl,3,S/P,MIXED,22,18150,skid# 223,F,1,SHIPPED,,2026-09-09 17:10:52,,,,
2026-09-10 11:37:32,Aftrn,280,717765,6101736,1352,6-245-13-b,Nut,O,BF,124,S/P,,38,121600,skid# 68,F,,SHIPPED,,2026-09-10 11:37:32,,,,
2026-08-14 14:51:06,Aftrn,285/391,714689,11546370-my-ak,457,6-226-05-J,Nut,O,Tbl,2,Crt.&P,,36,7920,SKID# 146,F,,SHIPPED,,2026-08-14 14:51:06,,,,
2026-08-14 14:22:36,Mrnng,190/268,714682,11546370-my-ak,395,6-226-05-c,Nut,O,Tbl,3,Crt.&P,MIXED,36,7920,skid# 255,F,3,SHIPPED,,2026-08-14 14:22:36,,,,
2026-09-09 17:00:46,Aftrn,280,718009,11546437-my-ak,1568,6-251-17-a,Nut,C,BF,114,Crt.&P,,36,54000,skid# 187,F,,SHIPPED,,2026-09-09 17:00:46,,,,
2026-09-03 10:57:32,Mrnng,290,717854,W711953-S900,1821,6-244-17-A,Nut,O,BF,107,S/P,,36,63000,SKID# 166,F,,SHIPPED,,2026-09-03 10:57:32,,,,
2026-09-03 10:40:10,Mrnng,279/391,716026,06509475AA,1370,6-245-22-A,Blt/Scrw,O,Tbl,2,S/P,,37,16650,SKID# 25,F,,SHIPPED,,2026-09-03 10:40:10,,,,
2026-09-03 10:33:09,Mrnng,190/268,716835,11609789-in-mr,20,6-243-55-a,Nut,O,Tbl,3,Crt.&P,MIXED,16,48000,skid# 251,F,1,SHIPPED,,2026-09-03 10:33:09,,,,
2026-09-03 10:16:35,Mrnng,280,717287,11610091-MY-AK,1368,6-243-40-A,Nut,O,BF,118,Crt.&P,,31,77500,SKID# 78,F,,SHIPPED,,2026-09-03 10:16:35,,,,
2026-09-09 16:56:35,Aftrn,292,717354,11549170,1039,6-247-09-b,Nut,O,BF,116,S/P,,36,14400,skid# 80,F,,SHIPPED,,2026-09-09 16:56:35,,,,
2026-09-11 10:37:49,Mrnng,290,716916,11549170,1835,6-247-12-a,Nut,O,MC,78,S/P,,29,11600,skid# 114,F,,SHIPPED,,2026-09-11 10:37:49,,,,
2026-09-09 16:39:48,Aftrn,292,717370,11549168,288,6-247-24-B,Nut,C,MC,110,S/P,,36,36000,SKID# 171,F,,SHIPPED,,2026-09-09 16:39:48,,,,
2026-09-11 10:02:00,Mrnng,290,717496,11546367-my-ak,363,6-253-02-b,Nut,O,BF,109,Crt.&P,,36,25200,skid# 170,F,,SHIPPED,,2026-09-11 10:02:00,,,,
2026-09-11 09:56:38,Mrnng,290,718642,11546462,99,6-253-04-d,Nut,O,BF,110,S/P,,36,23400,skid# 225,F,,SHIPPED,,2026-09-11 09:56:38,,,,
2026-09-05 09:54:57,Mrnng,297/391,717477,11549204,1374,6-247-15-c,Nut,O,Tbl,2,S/P,MIXED,36,7560,skid# 169,F,1,SHIPPED,,2026-09-05 09:54:57,,,,
2026-09-08 16:12:09,Aftrn,290,717247,E6267AB,443,6-247-23-a,Nut,O,BF,107,S/P,,1,20000,SKID# 203,F,,SHIPPED,,2026-09-08 16:12:09,,,,
2026-09-01 17:33:35,Aftrn,290,717510,11546367-MY-AK,1767,6-243-16-D,Nut,O,BF,107,Crt.&P,,36,25200,SKID# 56,F,,SHIPPED,,2026-09-01 17:33:35,,,,
2026-09-11 09:52:35,Mrnng,157/297,718623,11602326,899,6-253-06-C,Nut,O,Tbl,1,S/P,MIXED,34,4080,SKID# 137,F,4,SHIPPED,,2026-09-11 09:52:35,,,,
2026-09-01 15:35:26,Aftrn,197,716412,PZ18-7P483-AA,799,6-217-21-A,Nut,C,Tbl,5,S/P,,10,1950,SKID# 130,F,,SHIPPED,,2026-09-01 15:35:26,,,,
2026-09-01 14:18:06,Mrnng,275,716819,11546365-MY-AK,310,6-240-06-C,Nut,O,MC,112,Crt.&P,"MIXED, STUCK TGT",41,77900,SKID# 111,F,"5, 20",SHIPPED,,2026-09-01 14:18:06,,,,
2026-09-11 09:47:30,Mrnng,4,718045,W711953-S900,409,6-251-37-A,Nut,O,BF,116,S/P,,36,63000,SKID# 212,F,,SHIPPED,,2026-09-11 09:47:30,,,,
2026-09-01 10:20:44,Mrnng,275,716819,11546365-MY-AK,310,6-240-06-C,Nut,C,MC,112,Crt.&P,,18,34200,PACK# 9,F,,SHIPPED,,2026-09-01 10:20:44,,,,
2026-09-11 09:40:49,Mrnng,275,718015,11546437-my-ak,941,6-251-19-b,Nut,C,BF,104,Crt.&P,,36,54000,skid# 64,F,,SHIPPED,,2026-09-11 09:40:49,,,,
2026-09-11 09:30:12,Mrnng,157/297,718624,11602326,631,6-253-06-d,Nut,O,Tbl,1,S/P,MIXED,33,3960,skid# 30,F,5,SHIPPED,,2026-09-11 09:30:12,,,,
2026-09-11 09:15:15,Mrnng,290,718075,11546367-MY-AK,490,6-253-03-C,Nut,O,BF,107,Crt.&P,,36,25200,SKID# 232,F,,SHIPPED,,2026-09-11 09:15:15,,,,
2026-09-10 17:21:20,Aftrn,290,718155,06509967AA,kib,6-251-22-A,Blt/Scrw,O,BF,105,S/P,,12,9900,SKID# 198,F,,SHIPPED,,2026-09-10 17:21:20,,,,
2026-09-11 16:05:41,Aftrn,275,718039,11546389,693,6-251-15-A,Nut,O,MC,112,S/P,STUCK TGT,37,166500,skid# 15,F,2000,SHIPPED,,2026-09-11 16:05:41,,,,
2026-09-10 17:08:10,Aftrn,280,718018,11546437-my-ak,519,6-251-18-c,Nut,O,BF,124,Crt.&P,,61,91500,skid# 250,F,,SHIPPED,,2026-09-10 17:08:10,,,,
2026-09-03 16:44:44,Aftrn,292,718131,11546377,1363,6-245-08-a,Nut,O,MC,19,S/P,"MIXED, STUCK TGT",33,70950,skid# 55,F,"3, 32",SHIPPED,,2026-09-03 16:44:44,,,,
2026-09-11 16:05:41,Aftrn,275,718038,11546389,291,6-251-14-b,Nut,O,MC,112,S/P,,21,94500,skid# 15,F,,SHIPPED,,2026-09-11 16:05:41,,,,
2026-09-09 14:35:06,Mrnng,275,717770,11546437-MY-AK,616,6-251-21-A,Nut,C,BF,104,Crt.&P,,36,54000,SKID# 183,F,,SHIPPED,,2026-09-09 14:35:06,,,,
2026-09-14 09:07:38,Mrnng,4,717570,6502979,118,6-252-27-b,Nut,O,MC,110,S/P,,36,27000,skid# 26,F,,SHIPPED,,2026-09-14 09:07:38,,,,
2026-09-03 09:58:44,Mrnng,157/297,718141,11546377,1551,6-245-07-C,Nut,O,Tbl,1,S/P,STUCK TGT,37,79550,SKID# 252,F,8,SHIPPED,,2026-09-03 09:58:44,,,,
2026-09-03 09:25:51,Mrnng,190/268,718134,11546377,85,6-245-07-b,Nut,O,Tbl,3,S/P,MIXED,36,77400,skid# 249,F,1,SHIPPED,,2026-09-03 09:25:51,,,,
2026-09-11 15:59:45,Aftrn,290,718643,11546462,313,6-253-04-e,Nut,O,BF,110,S/P,,27,17550,skid# 122,F,,SHIPPED,,2026-09-11 15:59:45,,,,
2026-09-14 09:03:57,Mrnng,190/268,717550,11549204,534,6-253-13-B,Nut,C,Tbl,3,S/P,MIXED,36,7560,SKID# 114,F,2,SHIPPED,,2026-09-14 09:03:57,,,,
2026-09-01 17:49:36,Aftrn,4/292,716821,11546365-my-ak,1653,6-240-07-a,Nut,O,MC,24,Crt.&P,"MIXED, STUCK TGT",36,68400,skid# 24,F,"3, 29",SHIPPED,,2026-09-01 17:49:36,,,,
2026-09-10 16:33:59,Aftrn,157/297,715814,11546703,165,6-252-24-A,Blt/Scrw,O,Tbl,1,S/P,,38,152000,SKID# 249,F,,SHIPPED,,2026-09-10 16:33:59,,,,
2026-09-16 17:09:24,Aftrn,391,718779,40073474,1768,6-259-07-c,Nut,O,Tbl,2,S/P,MIXED,32,4800,skid# 77,F,1,0,,2026-09-16 17:09:24,,,,
2026-09-10 16:21:56,Aftrn,275,718012,11546437-my-ak,16,6-251-18-a,Nut,C,BF,102,Crt.&P,,36,54000,pack# 4,F,,SHIPPED,,2026-09-10 16:21:56,,,,
2026-09-10 16:18:29,Aftrn,290,718640,11546462,245,6-253-04-b,Nut,O,BF,110,S/P,,36,23400,skid# 159,F,,SHIPPED,,2026-09-10 16:18:29,,,,
2026-09-15 17:34:29,Aftrn,290,717065,11546774-my-ak,1800,6-253-27-a,Nut,O,BF,110,Crt.&P,,29,13050,skid# 170,F,,SHIPPED,,2026-09-15 17:34:29,,,,
2026-09-15 17:23:04,Aftrn,157/297,717352,11549170,1597,6-254-30-b,Nut,O,Tbl,1,S/P,"MIXED, EXCESS PLATING",36,14400,skid# 146,F,"8, 3",SHIPPED,,2026-09-15 17:23:04,,,,
2026-08-31 14:38:16,Mrnng,275,717332,11546545,508,6-243-11-b,Nut,O,BF,104,S/P,,36,90000,skid# 196,F,,SHIPPED,,2026-08-31 14:38:16,,,,
2026-09-10 16:13:22,Aftrn,4/292,717375,11549168,494,6-247-25-c,Nut,C,MC,110,S/P,,24,24000,skid# 120,F,,SHIPPED,,2026-09-10 16:13:22,,,,
2026-08-19 16:32:32,Aftrn,11/293,717114,11588714,KIB,6-231-07-b,Blt/Scrw,O,Tbl,5,S/P,MIXED,36,50400,skid# 172,F,1,SHIPPED,,2026-08-19 16:32:32,,,,
2026-09-08 11:04:27,Mrnng,280,717763,11546545,814,6-247-21-B,Nut,O,BF,123,S/P,STUCK TGT,36,90000,PACK# 6,F,71,SHIPPED,,2026-09-08 11:04:27,,,,
2026-09-10 15:27:47,Aftrn,280,718013,11546437-MY-AK,1585,6-251-17-C,Nut,O,BF,123,Crt.&P,,36,54000,SKID #48,F,,SHIPPED,,2026-09-10 15:27:47,,,,
2026-09-15 17:15:15,Aftrn,4,717936,11549169-MY-AK,1548,6-257-11-E,Nut,O,BF,117,Crt.&P,MIXED,33,21780,SKID# 251,F,10,SHIPPED,,2026-09-15 17:15:15,,,,
2026-09-09 10:13:59,Mrnng,279/391,718438,06104388AA,890,6-251-24-B,Blt/Scrw,O,Tbl,2,S/P,,31,20460,SKID# 164,F,,SHIPPED,,2026-09-09 10:13:59,,,,
2026-09-05 15:28:10,Aftrn,279/157,713802,11546378-ca-in,1746,6-247-06-a,Nut,O,Tbl,1,Crt.&P,"MIXED, SILVERS, DAMAGED",36,45000,skid #47,F,"2, 6, 4",SHIPPED,,2026-09-05 15:28:10,,,,
2026-09-11 15:31:12,Aftrn,279/391,716745,06511777aa,674,6-253-23-a,Blt/Scrw,O,Tbl,2,S/P,MIXED,38,15580,skid# 245,F,1,SHIPPED,,2026-09-11 15:31:12,,,,
2026-09-05 15:09:34,Aftrn,190/268,716603,11546378-ca-in,586,6-247-05-a,Nut,O,Tbl,3,Crt.&P,,39,48750,skid# 199,F,,SHIPPED,,2026-09-05 15:09:34,,,,
2026-09-05 15:02:03,Aftrn,292,718224,11546462,1316,6-247-02-c,Nut,O,MC,110,S/P,MIXED,44,28600,skid #48,F,17,SHIPPED,,2026-09-05 15:02:03,,,,
2026-08-19 17:32:09,Aftrn,292,714652,11546774-my-ak,219,6-230-31-g,Nut,O,BF,117,Crt.&P,MIXED,36,16200,skid# 37,F,2,SHIPPED,,2026-08-19 17:32:09,,,,
2026-09-10 15:05:54,Aftrn,157/297,718617,11602326,1653,6-253-05-a,Nut,O,Tbl,1,S/P,,36,4320,skid# 60,F,,SHIPPED,,2026-09-10 15:05:54,,,,
2026-09-11 15:22:58,Aftrn,252/11,716014,f1302ab-ht,1107,6-253-24-A,Blt/Scrw,O,Tbl,4,S/P,,17,11900,skid# 235,F,,SHIPPED,,2026-09-11 15:22:58,,,,
2026-09-05 14:15:20,Mrnng,157/279,713804,11546378-ca-in,1561,6-247-06-c,Nut,O,Tbl,1,Crt.&P,"MIXED, EXCESS PLATING, SILVERS, STUCK TGT, DAMAGED",36,45000,skid# 207,F,"8, 14, 3, 2, 9",SHIPPED,,2026-09-05 14:15:20,,,,
2026-09-05 14:02:57,Mrnng,280,717532,06511637aa,38,6-244-24-d,Nut,O,BF,121,S/P,,31,37200,skid# 213,F,,SHIPPED,,2026-09-05 14:02:57,,,,
2026-09-05 13:52:03,Mrnng,292,718225,11546462,847,6-247-02-d,Nut,O,MC,26,S/P,MIXED,36,23400,skid# 225,F,4,SHIPPED,,2026-09-05 13:52:03,,,,
2026-09-05 13:46:10,Mrnng,292,718224,11546462,1316,6-247-02-c,Nut,O,MC,110,S/P,MIXED,16,10400,skid# 43,F,2,SHIPPED,,2026-09-05 13:46:10,,,,
2026-09-10 14:51:27,Mrnng,157/297,718620,11602326,1503,6-253-06-b,Nut,O,Tbl,1,S/P,,36,4320,skid# 173,F,,SHIPPED,,2026-09-10 14:51:27,,,,
2026-09-10 14:45:57,Mrnng,11/252,718047,11546566,523,6-251-34-a,Blt/Scrw,O,Tbl,4,S/P,,30,54000,skid# 52,F,,SHIPPED,,2026-09-10 14:45:57,,,,
2026-09-11 15:22:58,Aftrn,252/11,716019,f1302ab-ht,1672,6-253-24-F,Blt/Scrw,O,Tbl,4,S/P,,19,13300,skid# 235,F,,SHIPPED,,2026-09-11 15:22:58,,,,
2026-09-10 14:15:53,Mrnng,280,718018,11546437-my-ak,519,6-251-18-c,Nut,C,BF,114,Crt.&P,,36,54000,skid# 130,F,,SHIPPED,,2026-09-10 14:15:53,,,,
2026-09-15 17:03:18,Aftrn,157/297,717719,11549170,1377,6-254-29-A,Nut,O,Tbl,1,S/P,"MIXED, EXCESS PLATING",36,14400,SKID# 40,F,"2, 6",SHIPPED,,2026-09-15 17:03:18,,,,
2026-08-24 15:14:03,Aftrn,280,716789,06104725aa,177,6-233-04-a,Nut,O,BF,123,S/P,,36,100800,skid# 6,F,,SHIPPED,,2026-08-24 15:14:03,,,,
2026-09-10 12:59:58,Mrnng,157/297,717820,11610128-br-ha,1373,6-252-21-a,Blt/Scrw,O,Tbl,1,S/P,,4,4500,skid# 196,F,,SHIPPED,,2026-09-10 12:59:58,,,,
2026-09-16 17:05:47,Aftrn,157/300,718870,22800396,1810,6-258-38-b,Nut,O,Tbl,1,S/P,MIXED,36,46800,skid# 227,F,2,0,,2026-09-16 17:05:47,,,,
2026-08-22 11:32:26,Mrnng,292,716212,11549170,665,6-231-09-k,Nut,O,BF,117,S/P,MIXED,12,4800,skid# 89,F,1,SHIPPED,,2026-08-22 11:32:26,,,,
2026-08-24 14:16:08,Mrnng,292,716537,6502979,1445,6-233-35-a,Nut,O,BF,116,S/P,MIXED,28,21000,skid# 179,F,2,SHIPPED,,2026-08-24 14:16:08,,,,
2026-08-24 13:28:40,Mrnng,280,716790,06104725AA,903,6-233-04-B,Nut,O,BF,114,S/P,,36,100800,SKID# 105,F,,SHIPPED,,2026-08-24 13:28:40,,,,
2026-09-10 13:08:15,Mrnng,290,717376,11549168,243,6-247-25-d,Nut,C,BF,110,S/P,,36,36000,skid# 40,F,,SHIPPED,,2026-09-10 13:08:15,,,,
2026-09-10 11:33:16,Mrnng,275,718008,11546437-my-ak,596,6-251-16-b,Nut,C,BF,103,Crt.&P,,36,54000,skid# 82,F,,SHIPPED,,2026-09-10 11:33:16,,,,
2026-09-11 15:06:45,Aftrn,190/268,716015,f1302ab-ht,362,6-253-24-B,Blt/Scrw,O,Tbl,3,S/P,,36,25200,skid# 80,F,,SHIPPED,,2026-09-11 15:06:45,,,,
2026-09-11 14:59:04,Aftrn,279/391,717160,06511777aa,761,6-253-23-c,Blt/Scrw,O,Tbl,2,S/P,,36,14760,skid# 243,F,,SHIPPED,,2026-09-11 14:59:04,,,,
2026-09-11 14:54:34,Mrnng,190/268,716018,f1302ab-ht,909,6-253-24-E,Blt/Scrw,O,Tbl,3,S/P,,36,25200,skid# 123,F,,SHIPPED,,2026-09-11 14:54:34,,,,
2026-09-05 09:48:16,Mrnng,297/391,716398,11549204,838,6-247-14-d,Nut,O,Tbl,2,S/P,OTHERS,35,7350,skid# 150,F,1,SHIPPED,,2026-09-05 09:48:16,,,,
2026-09-11 14:47:40,Mrnng,279/391,717159,06511777AA,392,6-253-23-B,Blt/Scrw,O,Tbl,2,S/P,MIXED,36,14760,SKID# 44,F,1,SHIPPED,,2026-09-11 14:47:40,,,,
2026-09-16 17:02:39,Aftrn,190/268,718777,40073474,1773,6-259-07-a,Nut,O,Tbl,3,S/P,,36,5400,skid# 105,F,,0,,2026-09-16 17:02:39,,,,
2026-09-11 14:36:49,Mrnng,290/4,718017,11546437-my-ak,831,6-251-18-b,Nut,O,BF,106,Crt.&P,,62,93000,skid# 224,F,,SHIPPED,,2026-09-11 14:36:49,,,,
2026-09-11 14:36:49,Mrnng,290/4,718016,11546437-my-ak,276,6-251-19-c,Nut,O,MC,24,Cert.&P,STUCK TGT,61,91500,skid# 224,F,400,SHIPPED,,2026-09-11 14:36:49,,,,
2026-09-11 14:28:50,Mrnng,280,718639,11546462,940,6-253-04-A,Nut,O,BF,121,S/P,,40,26000,SKID# 181,F,,SHIPPED,,2026-09-11 14:28:50,,,,
2026-09-11 14:26:08,Mrnng,285,707555,11549168-ca-in,950,6-230-16-a,Nut,O,MC,26,Crt.&P,SILVERS,46,46000,skid #47,F,496,SHIPPED,,2026-09-11 14:26:08,,,,
2026-08-18 14:54:39,Mrnng,290,716162,06511847aa,912,6-229-25-a,Nut,O,MC,78,S/P,,30,22500,skid# 243,F,,SHIPPED,,2026-08-18 14:54:39,,,,
2026-09-11 14:24:55,Mrnng,11/252,716016,F1302AB-HT,1024,6-253-24-c,Blt/Scrw,O,Tbl,4,S/P,,27,18900,SKID# 70,F,,SHIPPED,,2026-09-11 14:24:55,,,,
2026-09-11 14:08:29,Mrnng,279/391,717581,06105051aa,1595,6-252-30-A,Blt/Scrw,O,Tbl,2,S/P,,16,9920,SKID# 223,F,,SHIPPED,,2026-09-11 14:08:29,,,,
2026-09-11 13:59:41,Mrnng,290,717503,11546367-MY-AK,1315,6-253-02-G,Nut,O,BF,107,Crt.&P,,36,25200,SKID# 120,F,,SHIPPED,,2026-09-11 13:59:41,,,,
2026-09-11 13:49:53,Mrnng,4,718016,11546437-MY-AK,276,6-251-19-C,Nut,C,MC,24,Crt.&P,,52,78000,SKID# 87,F,,SHIPPED,,2026-09-11 13:49:53,,,,
2026-09-09 11:03:08,Mrnng,190/268,718437,06104388AA,371,6-251-24-A,Blt/Scrw,O,Tbl,3,S/P,,30,19800,SKID# 141,F,,SHIPPED,,2026-09-09 11:03:08,,,,
2026-09-11 13:46:22,Mrnng,290,718641,11546462,1655,6-253-04-c,Nut,O,BF,110,S/P,,36,23400,skid# 82,F,,SHIPPED,,2026-09-11 13:46:22,,,,
2026-09-11 13:38:05,Mrnng,290,717499,11546367-my-ak,1505,6-253-02-c,Nut,O,BF,109,Crt.&P,,36,25200,skid# 174,F,,SHIPPED,,2026-09-11 13:38:05,,,,
2026-09-11 13:36:05,Mrnng,4,717501,11546367-MY-AK,402,6-253-02-E,Nut,O,BF,117,Crt.&P,,36,25200,SKID# 164,F,,SHIPPED,,2026-09-11 13:36:05,,,,
2026-09-15 16:17:13,Aftrn,279/391,717548,11502717-th-tc,1718,6-252-23-b,Nut,O,Tbl,2,Crt.&P,,40,52000,SKID #183,F,,SHIPPED,,2026-09-15 16:17:13,,,,
2026-09-11 13:13:41,Mrnng,279/391,717582,06105051AA,248,6-252-30-B,Blt/Scrw,O,Tbl,2,S/P,,36,22320,SKID# 92,F,,SHIPPED,,2026-09-11 13:13:41,,,,
2026-09-15 16:03:42,Aftrn,275,718956,11546456,1836,6-254-20-A,Nut,O,BF,102,S/P,,35,94500,PACK# 6,F,,SHIPPED,,2026-09-15 16:03:42,,,,
2026-09-15 15:53:45,Aftrn,290,717745,11549168,193,6-254-27-c,Nut,O,BF,107,S/P,,36,36000,skid# 252,F,,SHIPPED,,2026-09-15 15:53:45,,,,
2026-09-10 17:11:31,Aftrn,4,718074,11546367-MY-AK,1775,6-253-03-B,Nut,O,BF,117,Crt.&P,,36,25200,SKID# 256,F,,SHIPPED,,2026-09-10 17:11:31,,,,
2026-09-15 16:49:49,Aftrn,11/252/261,717740,11549170,820,6-254-28-j,Nut,O,Tbl,4,S/P,"MIXED, EXCESS PLATING",39,15600,skid# 132,F,"1, 516",SHIPPED,,2026-09-15 16:49:49,,,,
2026-09-15 15:41:26,Aftrn,290,717937,11549169-my-ak,1801,6-253-11-f,Nut,O,BF,109,Crt.&P,,40,26400,skid# 171,F,,SHIPPED,,2026-09-15 15:41:26,,,,
2026-09-10 16:42:47,Aftrn,4,718016,11546437-MY-AK,276,6-251-19-C,Nut,C,MC,24,Crt.&P,,16,24000,SKID# 16,F,,SHIPPED,,2026-09-10 16:42:47,,,,
2026-09-15 16:46:52,Aftrn,280,718217,11546449,149,6-257-17-b,Nut,O,BF,114,S/P,,36,90000,skid# 212,F,,SHIPPED,,2026-09-15 16:46:52,,,,
2026-09-10 16:26:06,Aftrn,280,718007,11546437-my-ak,166,6-251-16-a,Nut,O,BF,123,Crt.&P,,62,93000,skid# 111,F,,SHIPPED,,2026-09-10 16:26:06,,,,
2026-09-10 16:04:59,Aftrn,157/297,718618,11602326,1844,6-253-05-b,Nut,O,Tbl,1,S/P,,34,4080,skid# 35,F,,SHIPPED,,2026-09-10 16:04:59,,,,
2026-09-10 15:56:39,Aftrn,285,707555,11549168-ca-in,950,6-230-16-a,Nut,C,MC,26,Crt.&P,,36,36000,skid# 141,F,,SHIPPED,,2026-09-10 15:56:39,,,,
2026-09-09 10:52:59,Mrnng,279/391,717816,11546370-IN-PN,1434,6-251-13-B,Nut,O,Tbl,2,Crt.&P,,28,6160,SKID# 176,F,,SHIPPED,,2026-09-09 10:52:59,,,,
2026-09-10 15:32:50,Aftrn,290,717495,11546367-MY-AK,666,6-253-02-A,Nut,O,BF,109,Crt.&P,,36,25200,SKID# 71,F,,SHIPPED,,2026-09-10 15:32:50,,,,
2026-09-10 15:23:56,Aftrn,4,717500,11546367-my-ak,268,6-253-02-d,Nut,O,BF,117,Crt.&P,,36,25200,skid# 168,F,,SHIPPED,,2026-09-10 15:23:56,,,,
2026-09-10 15:16:07,Aftrn,190/268,718619,11602326,784,6-253-06-a,Nut,O,Tbl,3,S/P,MIXED,31,3720,skid# 190,F,1,SHIPPED,,2026-09-10 15:16:07,,,,
2026-09-10 15:11:21,Aftrn,190/268,718621,11602326,1626,6-253-05-c,Nut,O,Tbl,3,S/P,MIXED,35,4200,skid# 58,F,1,SHIPPED,,2026-09-10 15:11:21,,,,
2026-09-10 15:01:31,Aftrn,290,717502,11546367-my-ak,748,6-253-02-f,Nut,O,BF,107,Crt.&P,,36,25200,skid# 117,F,,SHIPPED,,2026-09-10 15:01:31,,,,
2026-09-05 12:21:08,Mrnng,240-BAO,718806,sl2404-00,KIB,6-246-18-g,Nut,O,Tbl,6,S/P,,1,2800,pack# 5,F,,SHIPPED,,2026-09-05 12:21:08,,,,
2026-09-05 12:20:35,Mrnng,240-BAO,718807,sl2404-00,KIB,6-246-18-h,Nut,O,Tbl,6,S/P,,1,2800,pack# 8,F,,SHIPPED,,2026-09-05 12:20:35,,,,
2026-09-10 14:25:51,Mrnng,11/252,718622,11602326,1034,6-253-05-d,Nut,O,Tbl,4,S/P,,39,4680,skid# 234,F,,SHIPPED,,2026-09-10 14:25:51,,,,
2026-09-15 15:29:12,Aftrn,157/297,717358,11549170,1825,6-254-30-d,Nut,O,Tbl,1,S/P,"MIXED, EXCESS PLATING",36,14400,skid# 96,F,"12, 14",SHIPPED,,2026-09-15 15:29:12,,,,
2026-09-11 17:21:05,Aftrn,290,718645,11546462,973,6-253-04-G,Nut,O,BF,110,S/P,,30,19500,SKID# 241,F,,SHIPPED,,2026-09-11 17:21:05,,,,
2026-09-11 17:14:12,Aftrn,275,717528,06511637aa,1669,6-252-22-a,Nut,O,BF,112,S/P,LOOSE WASHER,31,37200,skid# 24,F,200,SHIPPED,,2026-09-11 17:14:12,,,,
2026-09-16 16:58:50,Aftrn,190/268,718758,40109770,1302,6-259-03-B,Nut,O,Tbl,3,S/P,,27,6750,SKID# 54,F,,0,,2026-09-16 16:58:50,,,,
2026-09-10 09:54:23,Mrnng,280,718007,11546437-MY-AK,166,6-251-16-A,Nut,C,BF,123,Crt.&P,,36,54000,SKID# 220,F,,SHIPPED,,2026-09-10 09:54:23,,,,
2026-08-24 16:02:02,Aftrn,290,716870,11546449,1671,6-232-15-a,Nut,O,BF,106,S/P,,39,97500,skid# 59,F,,SHIPPED,,2026-08-24 16:02:02,,,,
2026-09-15 15:11:22,Aftrn,290,718218,11546449,643,6-257-18-a,Nut,O,BF,106,S/P,,28,70000,SKID #47,F,,SHIPPED,,2026-09-15 15:11:22,,,,
2026-09-15 16:22:32,Aftrn,4,718054,w711953-s900,1591,6-251-39-b,Nut,O,BF,116,S/P,,36,63000,skid# 234,F,,SHIPPED,,2026-09-15 16:22:32,,,,
2026-09-09 17:07:40,Aftrn,275,717367,11549170,1082,6-246-24-g,Nut,O,BF,108,S/P,,36,14400,skid# 226,F,,SHIPPED,,2026-09-09 17:07:40,,,,
2026-09-15 15:06:28,Aftrn,285/4,710153,11612078,157,6-244-19-b,Nut,O,MC,74,S/P,"STUCK TGT, DAMAGED",30,55500,skid# 209,F,"600, 4",SHIPPED,,2026-09-15 15:06:28,,,,
2026-09-08 16:04:58,Aftrn,157/297,717787,06509967aa,KIB,6-251-03-b,Blt/Scrw,O,Tbl,1,S/P,MIXED,12,9900,skid# 7,F,2,SHIPPED,,2026-09-08 16:04:58,,,,
2026-09-08 16:03:04,Aftrn,297/391,718512,06509967AA,kib,6-251-02-B,Blt/Scrw,O,Tbl,2,S/P,MIXED,15,12375,SKID# 7,F,2,SHIPPED,,2026-09-08 16:03:04,,,,
2026-08-22 11:59:02,Mrnng,290,716870,11546449,1671,6-232-15-a,Nut,C,BF,106,S/P,,18,45000,skid# 208,F,,SHIPPED,,2026-08-22 11:59:02,,,,
2026-09-15 15:02:03,Aftrn,275,718055,w711953-s900,1850,6-251-40-a,Nut,O,BF,112,S/P,,33,57750,skid# 1,F,,SHIPPED,,2026-09-15 15:02:03,,,,
2026-09-11 16:47:50,Aftrn,290,717232,w520113-s440,642,6-253-07-a,Nut,O,BF,107,S/P,,36,37800,skid# 119,F,,SHIPPED,,2026-09-11 16:47:50,,,,
2026-09-16 13:19:44,Mrnng,4,718063,7151143403,86,6-252-20-a,Nut,O,MC,19,S/P,,29,50750,SKID #235,F,,SHIPPED,,2026-09-16 13:19:44,,,,
2026-09-15 14:51:19,Mrnng,11/252,717720,11549170,107,6-254-29-B,Nut,O,Tbl,4,S/P,"MIXED, EXCESS PLATING",30,12000,SKID# 248,F,"1, 3",SHIPPED,,2026-09-15 14:51:19,,,,
2026-09-15 14:43:46,Mrnng,157/297,717739,11549170,1352,6-254-28-I,Nut,O,Tbl,1,S/P,EXCESS PLATING,39,15600,SKID# 16,F,2083,SHIPPED,,2026-09-15 14:43:46,,,,
2026-09-11 15:59:45,Aftrn,290,718645,11546462,973,6-253-04-g,Nut,C,BF,110,S/P,,9,5850,skid# 122,F,,SHIPPED,,2026-09-11 15:59:45,,,,
2026-09-15 15:33:35,Aftrn,190/268,717737,11549170,41,6-254-28-g,Nut,O,Tbl,3,S/P,EXCESS PLATING,39,15600,skid# 233,F,860,SHIPPED,,2026-09-15 15:33:35,,,,
2026-09-11 15:54:02,Aftrn,4,718864,11546377,1105,6-253-08-a,Nut,O,BF,113,S/P,,16,34400,skid# 53,F,,SHIPPED,,2026-09-11 15:54:02,,,,
2026-09-15 15:21:08,Aftrn,275,718970,06511847AA,445,6-257-10-C,Nut,O,BF,108,S/P,,24,18000,SKID# 75,F,,SHIPPED,,2026-09-15 15:21:08,,,,
2026-09-16 13:09:10,Mrnng,280,718202,11546449,1366,6-257-05-A,Nut,O,BF,114,S/P,,36,90000,skid #175,F,,SHIPPED,,2026-09-16 13:09:10,,,,
2026-09-16 13:04:39,Mrnng,4,718895,11546389,1011,6-257-25-b,Nut,O,BF,113,S/P,STUCK TGT,36,162000,skid# 170,F,800,SHIPPED,,2026-09-16 13:04:39,,,,
2026-09-15 14:14:16,Mrnng,290,717744,11549168,509,6-254-27-B,Nut,O,BF,107,S/P,,36,36000,SKID# 160,F,,SHIPPED,,2026-09-15 14:14:16,,,,
2026-09-15 14:39:46,Mrnng,4,717941,11549169-MY-AK,833,6-257-12-B,Nut,O,BF,117,Crt.&P,,36,23760,SKID# 235,F,,SHIPPED,,2026-09-15 14:39:46,,,,
2026-09-15 14:02:27,Mrnng,275,718892,11546389,133,6-257-24-A,Nut,O,MC,112,S/P,STUCK TGT,36,162000,SKID# 215,F,2000,SHIPPED,,2026-09-15 14:02:27,,,,
2026-09-15 14:32:09,Mrnng,280,718888,11546389,1627,6-257-22-A,Nut,O,BF,123,S/P,,17,76500,SKID# 175,F,,SHIPPED,,2026-09-15 14:32:09,,,,
2026-09-11 14:43:53,Mrnng,157/297,717551,11549204,63,6-253-13-c,Nut,O,Tbl,1,Crt.&P,,36,7560,skid# 31,F,,SHIPPED,,2026-09-11 14:43:53,,,,
2026-08-31 13:22:35,Mrnng,290,717182,11549171-MY-AK,375,6-243-05-B,Nut,O,BF,109,Crt.&P,,36,10080,SKID# 244,F,,SHIPPED,,2026-08-31 13:22:35,,,,
2026-09-11 13:08:34,Mrnng,275,717505,11546367-MY-AK,1098,6-253-02-I,Nut,O,BF,108,Crt.&P,MIXED,36,25200,SKID# 220,F,4,SHIPPED,,2026-09-11 13:08:34,,,,
2026-09-15 13:54:34,Mrnng,4,718882,11546389,1727,6-257-19-A,Nut,O,BF,113,S/P,STUCK TGT,36,162000,SKID# 70,F,600,SHIPPED,,2026-09-15 13:54:34,,,,
2026-09-11 11:13:48,Mrnng,275,717233,W520113-S440,1071,6-253-07-B,Nut,O,BF,108,S/P,,41,43050,SKID# 207,F,,SHIPPED,,2026-09-11 11:13:48,,,,
2026-09-15 13:50:02,Mrnng,290,717070,11546774-my-ak,689,6-253-27-f,Nut,O,BF,110,Crt.&P,,27,12150,skid# 129,F,,SHIPPED,,2026-09-15 13:50:02,,,,
2026-09-15 13:48:36,Mrnng,280,718219,11546449,1447,6-257-18-b,Nut,O,BF,114,S/P,,26,65000,skid# 82,F,,SHIPPED,,2026-09-15 13:48:36,,,,
2026-09-15 13:44:25,Mrnng,279/391,717548,11502717-TH-TC,1718,6-252-23-B,Nut,C,Tbl,2,Crt.&P,,24,31200,SKID# 152,F,,SHIPPED,,2026-09-15 13:44:25,,,,
2026-09-15 13:25:44,Mrnng,11/252,717584,06514720AA,653,6-257-37-a,Blt/Scrw,O,Tbl,4,S/P,,26,32500,skid# 136,F,,SHIPPED,,2026-09-15 13:25:44,,,,
2026-09-15 13:18:26,Mrnng,11/252,717730,11549170,89,6-254-28-d,Nut,O,Tbl,4,S/P,EXCESS PLATING,32,12800,skid# 29,F,178,SHIPPED,,2026-09-15 13:18:26,,,,
2026-09-15 13:14:22,Mrnng,190/268,717727,11549170,875,6-254-28-a,Nut,O,Tbl,3,S/P,EXCESS PLATING,36,14400,skid# 14,F,1,SHIPPED,,2026-09-15 13:14:22,,,,
2026-09-15 13:09:11,Mrnng,275,718208,11546449,914,6-257-07-a,Nut,O,BF,104,S/P,,36,90000,skid# 52,F,,SHIPPED,,2026-09-15 13:09:11,,,,
2026-08-13 16:57:45,Aftrn,280,715752,11546449,171,6-225-20-a,Nut,O,BF,123,S/P,STUCK TGT,36,90000,skid# 122,F,20,SHIPPED,,2026-08-13 16:57:45,,,,
2026-09-05 11:23:44,Mrnng,240-BAO,718804,sl2404-00,KIB,6-246-18-e,Nut,O,Tbl,6,S/P,,1,2800,skid# 230,F,,SHIPPED,,2026-09-05 11:23:44,,,,
2026-09-05 11:23:07,Mrnng,240-BAO,718805,sl2404-00,KIB,6-246-18-f,Nut,O,Tbl,6,S/P,,1,2800,skid# 195,F,,SHIPPED,,2026-09-05 11:23:07,,,,
2026-09-15 11:05:21,Mrnng,279/391,717547,11502717-th-tc,682,6-252-23-a,Nut,O,Tbl,2,S/P,,24,31200,SKID #156,F,,SHIPPED,,2026-09-15 11:05:21,,,,
2026-09-05 11:04:46,Mrnng,240-BAO,718803,sl2404-00,KIB,6-246-18-d,Nut,O,Tbl,6,S/P,,1,2800,skid# 1,F,,SHIPPED,,2026-09-05 11:04:46,,,,
2026-09-05 11:04:05,Mrnng,240-BAO,718802,sl2404-00,KIB,6-246-18-c,Nut,O,Tbl,6,S/P,,1,2800,skid# 119,F,,SHIPPED,,2026-09-05 11:04:05,,,,
2026-09-15 13:06:22,Mrnng,275,718207,11546449,1834,6-257-06-c,Nut,O,BF,103,S/P,,36,90000,skid# 186,F,,SHIPPED,,2026-09-15 13:06:22,,,,
2026-09-15 12:54:11,Mrnng,290,717743,11549168,1829,6-254-27-a,Nut,O,BF,107,S/P,,36,36000,skid# 174,F,,SHIPPED,,2026-09-15 12:54:11,,,,
2026-09-15 10:43:54,Mrnng,290,718048,11546566,1710,6-251-34-B,Nut,O,BF,105,S/P,,24,43200,SKID# 58,F,,SHIPPED,,2026-09-15 10:43:54,,,,
2026-09-05 10:00:36,Mrnng,BAO,718801,sl2404-00,KIB,6-246-18-b,Nut,O,Tbl,6,S/P,,1,2800,skid# 28,F,,SHIPPED,,2026-09-05 10:00:36,,,,
2026-09-05 09:41:13,Mrnng,BAO,718800,sl2404-00,KIB,6-246-18-a,Nut,O,Tbl,6,S/P,,1,2800,skid# 115,F,,SHIPPED,,2026-09-05 09:41:13,,,,
2026-09-05 09:31:18,Mrnng,BAO,718809,sl2404-00,KIB,6-246-18-j,Nut,O,Tbl,6,S/P,,1,2800,9,F,,SHIPPED,,2026-09-05 09:31:18,,,,
2026-09-03 14:47:26,Mrnng,190/268,717454,82246,KIB,6-245-12-b,Blt/Scrw,O,Tbl,3,S/P,,27,6750,skid# 174,F,,SHIPPED,,2026-09-03 14:47:26,,,,
2026-09-05 08:29:16,Mrnng,BAO,718808,sl2404-00,KIB,6-246-18-i,Nut,O,Tbl,6,S/P,,1,2800,skid# 241,F,,SHIPPED,,2026-09-05 08:29:16,,,,
2026-09-04 17:03:12,Aftrn,279/391,716395,11549204,137,6-247-14-b,Nut,O,Tbl,2,S/P,,33,6930,skid# 188,F,,SHIPPED,,2026-09-04 17:03:12,,,,
2026-09-15 12:48:54,Mrnng,4,717939,11549169-MY-AK,710,6-257-11-H,Nut,O,BF,117,Crt.&P,,36,23760,SKID# 92,F,,SHIPPED,,2026-09-15 12:48:54,,,,
2026-09-04 14:18:07,Mrnng,279/391,713791,NU3516-00,113,6-239-14-B,Nut,O,Tbl,2,S/P,cracked,1,12336,SKID# 41,F,2,SHIPPED,,2026-09-04 14:18:07,,,,
2026-09-04 14:17:29,Mrnng,157/297,717823,NU3019-00,322,6-247-01-B,Nut,O,Tbl,1,S/P,,1,5522,SKID# 217,F,,SHIPPED,,2026-09-04 14:17:29,,,,
2026-09-15 10:34:48,Mrnng,280,718206,11546449,1429,6-257-06-b,Nut,O,BF,114,S/P,,32,80000,skid# 256,F,,SHIPPED,,2026-09-15 10:34:48,,,,
2026-09-10 11:07:39,Mrnng,275,716921,11549170,1759,6-247-11-b,Nut,C,BF,108,S/P,,36,14400,skid# 224,F,,SHIPPED,,2026-09-10 11:07:39,,,,
2026-09-10 10:53:16,Mrnng,190/268,714432,06511672AA,1100,6-252-25-A,Nut,O,Tbl,3,S/P,,29,40600,SKID# 181,F,,SHIPPED,,2026-09-10 10:53:16,,,,
2026-09-10 10:34:01,Mrnng,11/252,718062,06508200aa,1384,6-251-36-b,Nut,O,Tbl,4,Crt.&P,,15,10500,skid# 179,F,,SHIPPED,,2026-09-10 10:34:01,,,,
2026-09-10 17:24:25,Aftrn,292/4,717431,11549168-vn-vt,408,6-247-16-a,Nut,O,MC,19,Crt.&P,STUCK TGT,44,44000,skid# 238,F,600,SHIPPED,,2026-09-10 17:24:25,,,,
2026-09-10 10:13:00,Mrnng,290,716920,11549170,121,6-247-11-a,Nut,O,BF,109,S/P,,36,14400,skid# 212,F,,SHIPPED,,2026-09-10 10:13:00,,,,
2026-09-10 10:00:46,Mrnng,290,718011,11546437-MY-AK,1812,6-251-09-C,Nut,C,BF,106,Crt.&P,,14,21000,SKID# 232,F,,SHIPPED,,2026-09-10 10:00:46,,,,
2026-09-15 12:01:21,Mrnng,4,718962,11546456,1601,6-254-21-b,Nut,O,MC,24,S/P,STUCK TGT,32,86400,skid# 155,F,200,SHIPPED,,2026-09-15 12:01:21,,,,
2026-09-15 10:19:14,Mrnng,252/11,717734,11549170,261,6-254-29-j,Nut,O,Tbl,4,S/P,"MIXED, EXCESS PLATING",38,15200,pack# 2,F,"1, 4",SHIPPED,,2026-09-15 10:19:14,,,,
2026-09-15 14:32:09,Mrnng,280,718893,11546389,1350,6-257-24-b,Nut,O,BF,124,S/P,,17,76500,SKID# 175,F,,SHIPPED,,2026-09-15 14:32:09,,,,
2026-09-15 10:09:43,Mrnng,157/297,717722,11549170,404,6-254-29-d,Nut,O,Tbl,1,S/P,,36,14400,skid# 227,F,,SHIPPED,,2026-09-15 10:09:43,,,,
2026-09-15 10:02:10,Mrnng,4,718056,W711953-S900,1406,6-251-40-B,Nut,O,BF,116,S/P,,36,63000,SKID# 35,F,,SHIPPED,,2026-09-15 10:02:10,,,,
2026-09-15 11:50:11,Mrnng,290,717938,11549169-my-ak,281,6-257-11-G,Nut,O,BF,109,Crt.&P,,36,23760,SKID# 15,F,,SHIPPED,,2026-09-15 11:50:11,,,,
2026-08-31 16:53:53,Aftrn,157/297,717462,06105102aa,1553,6-243-02-b,Blt/Scrw,O,Tbl,1,S/P,MIXED,33,22110,skid# 201,F,1,SHIPPED,,2026-08-31 16:53:53,,,,
2026-09-15 11:43:21,Mrnng,190/268,718889,11546389,104,6-257-22-B,Nut,O,Tbl,3,S/P,"MIXED, EXCESS PLATING, STUCK TGT",36,162000,SKID# 214,F,"1, 2, 690",SHIPPED,,2026-09-15 11:43:21,,,,
2026-09-15 14:22:46,Mrnng,4,718971,06511847AA,473,6-257-10-D,Nut,O,MC,26,S/P,,36,27000,SKID# 120,F,,SHIPPED,,2026-09-15 14:22:46,,,,
2026-09-16 12:54:01,Mrnng,11/252,718871,11610126,549,6-258-35-a,Blt/Scrw,O,Tbl,4,S/P,,27,32400,skid# 223,F,,SHIPPED,,2026-09-16 12:54:01,,,,
2026-09-14 17:17:15,Aftrn,11/252,717764,6101736,1594,6-245-13-A,Nut,O,Tbl,4,Crt.&P,EXCESS PLATING,41,131200,SKID# 113,F,10,SHIPPED,,2026-09-14 17:17:15,,,,
2026-09-11 10:03:57,Mrnng,252-11,718853,NU1144,265,6-253-15-A,Nut,O,Tbl,4,S/P,mixed,1,25590,SKID# 131,F,2,SHIPPED,,2026-09-11 10:03:57,,,,
2026-09-09 14:16:45,Mrnng,279/391,717797,06512349AA,19,6-251-23-B,Blt/Scrw,O,Tbl,2,S/P,,19,7600,SKID# 233,F,,SHIPPED,,2026-09-09 14:16:45,,,,
2026-09-14 17:10:39,Aftrn,290,718960,11546456,426,6-254-26-b,Nut,O,BF,106,S/P,,11,29700,skid# 115,F,,SHIPPED,,2026-09-14 17:10:39,,,,
2026-09-14 17:10:39,Aftrn,290,718957,11546456,4,6-254-20-b,Nut,O,BF,106,S/P,,25,67500,skid# 115,F,,SHIPPED,,2026-09-14 17:10:39,,,,
2026-09-16 16:47:03,Aftrn,275,718955,11546449,935,6-258-30-B,Nut,O,BF,102,S/P,"mixed, stuck tgt",24,60000,SKID# 28,F,"3, 1",0,,2026-09-16 16:47:03,,,,
2026-09-16 12:44:46,Mrnng,109/268,717721,11549170,1066,6-254-29-C,Nut,O,Tbl,3,S/P,,39,15600,SKID# 64,F,,SHIPPED,,2026-09-16 12:44:46,,,,
2026-09-16 11:48:53,Mrnng,279/290,718209,11546449,980,6-257-07-b,Nut,O,BF,106,S/P,,36,90000,pack# 2,F,,SHIPPED,,2026-09-16 11:48:53,,,,
2026-09-16 11:43:13,Mrnng,275,718891,11546389,1733,6-257-23-b,Nut,O,MC,112,S/P,,36,162000,skid# 208,F,,SHIPPED,,2026-09-16 11:43:13,,,,
2026-09-15 10:54:45,Mrnng,279/391,718964,06511834aa,1355,6-257-08-a,Nut,O,Tbl,2,S/P,MIXED,31,3100,skid# 206,F,1,SHIPPED,,2026-09-15 10:54:45,,,,
2026-09-16 16:41:16,Aftrn,279,718192,6101831,343,6-258-25-a,Nut,O,MC,78,S/P,,36,36000,skid# 246,F,,0,,2026-09-16 16:41:16,,,,
2026-09-09 11:11:10,Mrnng,190/268,717860,6504080,1784,6-251-27-A,Blt/Scrw,O,Tbl,3,S/P,MIXED,32,192000,SKID# 152,F,1,SHIPPED,,2026-09-09 11:11:10,,,,
2026-09-15 09:39:26,Mrnng,290,717934,11549169-MY-AK,21,6-257-11-C,Nut,O,BF,109,Crt.&P,,36,23760,SKID# 168,F,,SHIPPED,,2026-09-15 09:39:26,,,,
2026-09-16 11:37:27,Mrnng,4,718196,6101831,49,6-258-26-a,Nut,O,BF,117,S/P,,36,36000,skid# 234,F,,SHIPPED,,2026-09-16 11:37:27,,,,
2026-09-14 16:31:47,Aftrn,275,718958,11546456,1320,6-254-22-a,Nut,O,BF,102,S/P,,18,48600,SKID# 199,F,,SHIPPED,,2026-09-14 16:31:47,,,,
2026-09-15 10:17:31,Mrnng,4,717940,11549169-my-ak,604,6-257-12-a,Nut,O,BF,117,Crt.&P,,36,23760,skid# 44,F,,SHIPPED,,2026-09-15 10:17:31,,,,
2026-09-16 16:39:09,Aftrn,279/290,717746,11549168,1769,6-254-27-d,Nut,O,BF,107,S/P,MIXED,59,59000,SKID #115,F,6,0,,2026-09-16 16:39:09,,,,
2026-09-08 17:46:57,Aftrn,280,717781,11546437-MY-AK,282,6-251-10-B,Nut,C,BF,114,Crt.&P,,36,54000,SKID# 253,F,,SHIPPED,,2026-09-08 17:46:57,,,,
2026-09-05 14:55:19,Aftrn,292,718138,11546377,1668,6-245-10-b,Nut,O,MC,19,S/P,"MIXED, STUCK TGT",36,77400,skid# 118,F,"3, 83",SHIPPED,,2026-09-05 14:55:19,,,,
2026-09-16 16:28:17,Aftrn,157/300,717728,11549170,867,6-254-28-B,Nut,O,Tbl,1,S/P,"MIXED, EXCESS PLATING",49,19600,skid #189,F,"8, 73",0,,2026-09-16 16:28:17,,,,
2026-09-08 17:28:44,Aftrn,280,717781,11546437-my-ak,282,6-251-10-b,Nut,O,BF,114,Crt.&P,,54,81000,skid# 14,F,,SHIPPED,,2026-09-08 17:28:44,,,,
2026-09-08 17:27:41,Aftrn,280,717772,11546437-my-ak,39,6-251-09-a,Nut,O,BF,123,Crt.&P,,57,85500,skid# 14,F,,SHIPPED,,2026-09-08 17:27:41,,,,
2026-09-08 17:21:26,Aftrn,11/252,717789,06509967aa,KIB,6-251-03-d,Blt/Scrw,O,Tbl,4,S/P,MIXED,27,22275,skid# 97,F,4,SHIPPED,,2026-09-08 17:21:26,,,,
2026-09-16 11:26:13,Mrnng,391,718722,11546593,1720,6-258-33-B,Nut,O,Tbl,2,S/P,,28,19600,SKID# 156,F,,SHIPPED,,2026-09-16 11:26:13,,,,
2026-09-15 09:11:32,Mrnng,275,718434,06511847aa,1838,6-257-10-b,Nut,O,BF,108,S/P,,36,27000,skid# 154,F,,SHIPPED,,2026-09-15 09:11:32,,,,
2026-09-16 11:21:34,Mrnng,275,718203,11546449,1654,6-257-05-b,Nut,O,BF,104,S/P,,36,90000,skid# 218,F,,SHIPPED,,2026-09-16 11:21:34,,,,
2026-09-04 11:42:41,Mrnng,275,717912,6101831,1092,6-245-04-a,Nut,O,BF,112,S/P,"MIXED, STUCK TGT",12,12000,skid# 192,F,"4, 2",SHIPPED,,2026-09-04 11:42:41,,,,
2026-09-08 16:37:35,Aftrn,275,717761,11546545,1095,6-247-20-C,Nut,O,BF,102,S/P,STUCK TGT,35,87500,SKID# 191,F,20,SHIPPED,,2026-09-08 16:37:35,,,,
2026-09-08 16:10:25,Aftrn,275,717520,11546368-my-ak,219,6-246-22-h,Nut,O,BF,112,Crt.&P,,36,16200,skid# 163,F,,SHIPPED,,2026-09-08 16:10:25,,,,
2026-09-08 15:44:15,Aftrn,280,717760,11546545,823,6-247-20-B,Nut,O,BF,114,S/P,,35,87500,SKID# 219,F,,SHIPPED,,2026-09-08 15:44:15,,,,
2026-09-08 15:34:42,Aftrn,280,717772,11546437-MY-AK,39,6-251-09-A,Nut,C,BF,123,Crt.&P,,36,54000,SKID# 208,F,,SHIPPED,,2026-09-08 15:34:42,,,,
2026-09-08 15:05:47,Aftrn,290,717399,6101831,679,6-251-08-B,Nut,O,BF,110,S/P,,39,39000,SKID# 136,F,,SHIPPED,,2026-09-08 15:05:47,,,,
2026-09-08 14:49:26,Aftrn,279/391,718520,06509967aa,KIB,6-251-02-f,Blt/Scrw,O,Tbl,2,S/P,MIXED,36,29700,skid# 178,F,3,SHIPPED,,2026-09-08 14:49:26,,,,
2026-09-08 14:42:12,Mrnng,275,717756,11546545,68,6-247-19-a,Nut,O,BF,103,S/P,STUCK TGT,36,90000,skid# 214,F,50,SHIPPED,,2026-09-08 14:42:12,,,,
2026-09-08 14:30:21,Mrnng,275,717757,11546545,2,6-247-19-b,Nut,O,MC,112,S/P,STUCK TGT,36,90000,skid# 227,F,50,SHIPPED,,2026-09-08 14:30:21,,,,
2026-09-16 11:14:07,Mrnng,157/300,717733,11549170,478,6-254-29-I,Nut,O,Tbl,1,S/P,"MIXED, EXCESS PLATING",47,18800,SKID# 50,F,"3, 3",SHIPPED,,2026-09-16 11:14:07,,,,
2026-09-08 13:47:56,Mrnng,290,717759,11546545,795,6-247-20-a,Nut,O,BF,106,S/P,,35,87500,skid# 156,F,,SHIPPED,,2026-09-08 13:47:56,,,,
2026-09-08 13:35:19,Mrnng,292,717020,11546368-my-ak,407,6-246-23-f,Nut,O,BF,117,Crt.&P,,36,16200,pack# 2,F,,SHIPPED,,2026-09-08 13:35:19,,,,
2026-09-08 13:30:09,Mrnng,290,717515,11546368-my-ak,564,6-246-21-e,Nut,O,MC,78,Crt.&P,,36,16200,skid# 206,F,,SHIPPED,,2026-09-08 13:30:09,,,,
2026-09-08 13:18:54,Mrnng,290,717378,11549168,250,6-247-24-F,Nut,O,BF,107,S/P,,57,57000,SKID# 29,F,,SHIPPED,,2026-09-08 13:18:54,,,,
2026-09-08 13:18:54,Mrnng,290,717377,11549168,1040,6-247-24-e,Nut,O,BF,110,S/P,,54,54000,SKID# 29,F,,SHIPPED,,2026-09-08 13:18:54,,,,
2026-09-08 13:04:25,Mrnng,190/268,717676,06104388AA,217,6-251-05-B,Blt/Scrw,O,Tbl,3,Crt.&P,,17,11220,SKID# 151,F,,SHIPPED,,2026-09-08 13:04:25,,,,
2026-09-08 13:04:25,Mrnng,190/268,717678,06104388aa,462,6-251-05-d,Blt/Scrw,O,Tbl,3,S/P,,20,13200,SKID# 151,F,,SHIPPED,,2026-09-08 13:04:25,,,,
2026-09-08 12:52:10,Mrnng,290,717378,11549168,250,6-247-24-f,Nut,C,BF,107,S/P,,36,36000,skid# 182,F,,SHIPPED,,2026-09-08 12:52:10,,,,
2026-09-08 11:49:19,Mrnng,157/247,717675,06104388AA,1336,6-251-05-A,Blt/Scrw,O,Tbl,1,S/P,,42,27720,SKID# 112,F,,SHIPPED,,2026-09-08 11:49:19,,,,
2026-09-08 11:40:29,Mrnng,157/297,717675,06104388AA,1336,6-251-05-A,Blt/Scrw,C,Tbl,1,S/P,,36,23760,SKID# 240,F,,SHIPPED,,2026-09-08 11:40:29,,,,
2026-09-14 17:08:31,Aftrn,4,718433,06511847AA,84,6-257-10-A,Nut,O,MC,26,S/P,,36,27000,SKID# 246,F,,SHIPPED,,2026-09-14 17:08:31,,,,
2026-09-08 09:56:03,Mrnng,290,717377,11549168,1040,6-247-24-E,Nut,O,BF,110,S/P,,36,36000,SKID# 77,F,,SHIPPED,,2026-09-08 09:56:03,,,,
2026-09-16 16:23:49,Aftrn,279,718200,6101831,944,6-258-23-d,Nut,O,BF,109,S/P,STUCK TGT,26,26000,SKID #145,F,7,0,,2026-09-16 16:23:49,,,,
2026-09-16 11:08:30,Mrnng,279,718194,6101831,338,6-258-23-A,Nut,O,BF,109,S/P,,40,40000,SKID# 140,F,,SHIPPED,,2026-09-16 11:08:30,,,,
2026-09-14 16:31:47,Aftrn,275,718956,11546456,1836,6-254-20-A,Nut,C,BF,102,S/P,,18,48600,SKID# 199,F,,SHIPPED,,2026-09-14 16:31:47,,,,
2026-09-14 15:08:16,Aftrn,275,718963,11546456,137,6-254-21-c,Nut,O,BF,104,S/P,,36,97200,skid# 77,F,,SHIPPED,,2026-09-14 15:08:16,,,,
2026-09-14 16:25:41,Aftrn,4,717932,11549169-my-ak,177,6-257-11-a,Nut,O,BF,117,Crt.&P,,36,23760,skid# 192,F,,SHIPPED,,2026-09-14 16:25:41,,,,
2026-09-16 16:19:26,Aftrn,4,718201,6101831,787,6-258-23-e,Nut,O,BF,116,S/P,,36,36000,skid# 120,F,,0,,2026-09-16 16:19:26,,,,
2026-09-05 11:05:50,Mrnng,157/279,713803,11546378-ca-in,1081,6-247-06-b,Nut,O,Tbl,1,Crt.&P,"MIXED, EXCESS PLATING, DANAGED",36,45000,skid# 73,F,"7, 8, 2",SHIPPED,,2026-09-05 11:05:50,,,,
2026-09-16 10:59:15,Mrnng,275,718632,6101831,1035,6-258-23-G,Nut,O,BF,112,S/P,MIXED,36,36000,SKID# 253,F,1,SHIPPED,,2026-09-16 10:59:15,,,,
2026-09-16 10:49:09,Mrnng,391,718721,11546593,785,6-258-33-a,Nut,O,Tbl,2,S/P,,37,25900,skid# 229,F,,SHIPPED,,2026-09-16 10:49:09,,,,
2026-09-16 10:44:44,Mrnng,280,718894,11546389,1326,6-257-25-a,Nut,O,BF,123,S/P,,24,108000,skid# 44,F,,SHIPPED,,2026-09-16 10:44:44,,,,
2026-09-16 16:15:36,Aftrn,280,718107,06104725aa,1087,6-258-22-a,Nut,O,BF,120,S/P,STUCK TGT,36,100800,skid# 36,F,51,0,,2026-09-16 16:15:36,,,,
2026-09-14 16:09:31,Aftrn,290,717935,11549169-my-ak,1539,6-257-11-d,Nut,O,BF,109,Crt.&P,,36,23760,skid# 117,F,,SHIPPED,,2026-09-14 16:09:31,,,,
2026-09-14 15:59:12,Aftrn,279/391,718966,06511834AA,266,6-257-08-C,Nut,O,Tbl,2,S/P,MIXED,36,3600,SKID# 181,F,1,SHIPPED,,2026-09-14 15:59:12,,,,
2026-09-16 16:12:08,Aftrn,279,717067,11546774-MY-AK,178,6-253-27-C,Nut,O,BF,110,Crt.&P,,36,16200,SKID# 199,F,,0,,2026-09-16 16:12:08,,,,
2026-09-14 13:55:54,Mrnng,275,718961,11546456,1357,6-254-21-a,Nut,O,MC,112,S/P,,36,97200,skid# 189,F,,SHIPPED,,2026-09-14 13:55:54,,,,
2026-09-16 10:31:35,Mrnng,190-268,717580,55364498aa,82,6-253-28-b,Nut,O,Tbl,3,S/P,,32,16640,skid# 83,F,,SHIPPED,,2026-09-16 10:31:35,,,,
2026-09-16 16:04:44,Aftrn,290,717245,e6267ab,1757,6-247-22-A,Nut,O,BF,107,S/P,,1,15225,skid# 242,F,,0,,2026-09-16 16:04:44,,,,
2026-09-16 10:23:18,Mrnng,279,718197,6101831,424,6-258-26-B,Nut,O,MC,78,S/P,,40,40000,SKID# 25,F,,SHIPPED,,2026-09-16 10:23:18,,,,
2026-09-16 10:19:25,Mrnng,11/252,717726,11549170,1557,6-254-29-h,Nut,O,Tbl,4,S/P,"MIXED, EXCESS PLATING",46,18400,skid# 147,F,"3, 2",SHIPPED,,2026-09-16 10:19:25,,,,
2026-09-16 10:18:18,Mrnng,190/268,717724,11549170,1717,6-254-29-f,Nut,O,Tbl,3,S/P,,44,17600,skid# 147,F,,SHIPPED,,2026-09-16 10:18:18,,,,
2026-09-16 10:16:12,Mrnng,11/252,717579,55364498aa,394,6-253-28-a,Blt/Scrw,O,Tbl,4,S/P,,15,7800,pack# 3,F,,SHIPPED,,2026-09-16 10:16:12,,,,
2026-09-16 16:04:00,Aftrn,290,717245,e6267ab,1757,6-247-22-A,Nut,C,BF,107,S/P,,1,20000,skid# 204,F,,0,,2026-09-16 16:04:00,,,,
2026-09-14 14:17:46,Mrnng,4,717933,11549169-my-ak,808,6-257-11-B,Nut,O,BF,117,Crt.&P,,36,23760,SKID# 141,F,,SHIPPED,,2026-09-14 14:17:46,,,,
2026-09-11 11:55:36,Mrnng,275,717504,11546367-my-ak,1078,6-253-02-h,Nut,C,BF,112,Crt.&P,,20,14000,skid# 150,F,,SHIPPED,,2026-09-11 11:55:36,,,,
2026-09-11 11:45:38,Mrnng,290,718017,11546437-MY-AK,831,6-251-18-B,Nut,C,BF,106,Crt.&P,,36,54000,SKID# 3,F,,SHIPPED,,2026-09-11 11:45:38,,,,
2026-09-14 14:42:47,Mrnng,279/391,718969,06511834aa,179,6-257-09-b,Nut,O,Tbl,2,S/P,MIXED,36,3600,skid# 55,F,1,SHIPPED,,2026-09-14 14:42:47,,,,
2026-09-14 14:04:17,Mrnng,11/252,718445,06511834AA,1328,6-257-09-E,Nut,O,Tbl,4,S/P,,36,3600,SKID# 158,F,,SHIPPED,,2026-09-14 14:04:17,,,,
2026-09-16 10:00:32,Mrnng,275,718195,6101831,502,6-258-23-B,Nut,O,BF,108,S/P,,36,36000,SKID# 231,F,,SHIPPED,,2026-09-16 10:00:32,,,,
2026-09-14 13:45:58,Mrnng,290,716814,11516133,141,6-254-24-b,Nut,O,BF,109,S/P,,29,14500,skid# 68,F,,SHIPPED,,2026-09-14 13:45:58,,,,
2026-09-16 15:59:26,Aftrn,190/268,718778,40073474,898,6-259-07-B,Nut,O,Tbl,3,S/P,,30,4500,SKID# 110,F,,0,,2026-09-16 15:59:26,,,,
2026-09-16 09:47:53,Mrnng,11/252,717726,11549170,1557,6-254-29-H,Nut,C,Tbl,4,S/P,MIXED,36,14400,SKID# 177,F,"3, 2",SHIPPED,,2026-09-16 09:47:53,,,,
2026-09-16 09:39:50,Mrnng,190/268,717724,11549170,1717,6-254-29-F,Nut,O,Tbl,3,S/P,,36,14400,PACK# 8,F,,SHIPPED,,2026-09-16 09:39:50,,,,
2026-09-16 09:35:40,Mrnng,157/300,717733,11549170,478,6-254-29-i,Nut,C,Tbl,1,S/P,,36,14400,skid# 34,F,,SHIPPED,,2026-09-16 09:35:40,,,,
2026-09-16 09:29:35,Mrnng,190/268,717362,11549170,307,6-254-30-F,Nut,O,Tbl,3,S/P,,36,14400,SKID# 167,F,,SHIPPED,,2026-09-16 09:29:35,,,,
2026-09-16 09:24:44,Mrnng,4,718204,11546449,1535,6-257-05-C,Nut,O,MC,26,S/P,,36,90000,SKID# 182,F,,SHIPPED,,2026-09-16 09:24:44,,,,
2026-09-16 09:13:34,Mrnng,279/391,717723,11549170,1417,6-254-29-E,Nut,O,Tbl,2,S/P,MIXED,38,15200,SKID# 20,F,1,SHIPPED,,2026-09-16 09:13:34,,,,
2026-09-14 11:25:40,Mrnng,290,716812,11516133,632,6-254-23-b,Nut,O,BF,109,S/P,,36,18000,skid# 239,F,,SHIPPED,,2026-09-14 11:25:40,,,,
2026-09-15 16:59:24,Aftrn,190/268,717361,11549170,311,6-254-30-e,Nut,O,Tbl,3,S/P,EXCESS PLATING,36,14400,skid# 150,F,3,SHIPPED,,2026-09-15 16:59:24,,,,
2026-09-16 15:55:34,Aftrn,11/252,718780,40073474,85,6-259-07-d,Nut,O,Tbl,4,S/P,,35,5250,skid# 84,F,,0,,2026-09-16 15:55:34,,,,
2026-09-14 13:04:21,Mrnng,4,716813,11516133,42,6-254-24-a,Nut,O,BF,117,S/P,,20,10000,skid# 166,F,,SHIPPED,,2026-09-14 13:04:21,,,,
2026-09-14 10:47:49,Mrnng,157/297,717195,11546370-in-pn,1786,6-253-10-g,Nut,O,Tbl,1,Crt.&P,MIXED,36,7920,skid# 64,F,3,SHIPPED,,2026-09-14 10:47:49,,,,
2026-09-14 12:51:14,Mrnng,280,718959,11546456,1432,6-254-22-b,Nut,O,Tbl,114,S/P,STUCK TGT,27,72900,skid# 195,F,12,SHIPPED,,2026-09-14 12:51:14,,,,
2026-09-14 10:09:09,Mrnng,4,716811,11516133,136,6-254-23-a,Nut,O,BF,117,S/P,,36,18000,skid# 50,F,,SHIPPED,,2026-09-14 10:09:09,,,,
2026-09-14 09:37:27,Mrnng,279/391,717193,11546370-in-pn,786,6-253-10-f,Nut,O,Tbl,2,Crt.&P,"MIXED, EXCESS PLATING, SILVERS",36,7920,skid# 137,F,"5, 3, 2",SHIPPED,,2026-09-14 09:37:27,,,,
2026-09-14 09:15:57,Mrnng,279/391,717185,11546370-IN-PN,249,6-253-10-B,Nut,O,Tbl,2,Crt.&P,"MIXED, SILVERS",36,7920,SKID# 54,F,"1, 7",SHIPPED,,2026-09-14 09:15:57,,,,
2026-09-16 15:44:45,Aftrn,280,718898,11546389,1641,6-257-27-a,Nut,O,BF,123,S/P,,28,126000,skid# 196,F,,0,,2026-09-16 15:44:45,,,,
2026-09-11 17:06:17,Aftrn,279/391,717187,11546370-IN-PN,1804,6-253-10-C,Nut,O,Tbl,2,Crt.&P,,36,7920,SKID# 59,F,,SHIPPED,,2026-09-11 17:06:17,,,,
2026-09-11 17:00:34,Aftrn,157/297,717963,11549204,400,6-253-14-f,Nut,O,Tbl,1,S/P,MIXED,36,7560,skid# 169,F,2,SHIPPED,,2026-09-11 17:00:34,,,,
2026-09-16 15:34:11,Aftrn,280,718890,11546389,1684,6-257-23-A,Nut,O,BF,124,S/P,STUCK TGT,32,144000,SKID# 78,F,2150,0,,2026-09-16 15:34:11,,,,
2026-09-16 15:22:58,Aftrn,391,718906,11602031,1859,6-258-20-a,Nut,O,Tbl,2,S/P,"MIXED, OTHERS",27,3915,skid# 66,F,"38, 3",0,,2026-09-16 15:22:58,,,,
2026-09-16 15:13:32,Aftrn,275,718191,6101831,23,6-258-24-b,Nut,O,BF,112,S/P,,36,36000,skid# 237,F,,0,,2026-09-16 15:13:32,,,,
2026-09-16 15:06:50,Aftrn,157/300,717728,11549170,867,6-254-28-b,Nut,C,Tbl,1,S/P,"MIXED, EXCESS PLATING",36,14400,skid# 21,F,"5, 29",0,,2026-09-16 15:06:50,,,,
2026-09-16 15:01:19,Aftrn,11/252,717729,11549170,826,6-254-28-c,Nut,O,Tbl,4,S/P,"MIXED, EXCESS PLATING",35,14000,skid# 134,F,"4, 6",0,,2026-09-16 15:01:19,,,,
2026-09-16 14:57:57,Mrnng,275,718205,11546449,67,6-257-06-a,Nut,O,BF,103,S/P,STUCK TGT,36,90000,skid# 250,F,20,0,,2026-09-16 14:57:57,,,,
2026-09-16 14:48:58,Mrnng,4,718190,6101831,254,6-258-24-a,Nut,O,BF,117,S/P,,36,36000,skid# 71,F,,0,,2026-09-16 14:48:58,,,,
2026-09-11 15:43:03,Aftrn,157/297,717957,11549204,609,6-253-14-b,Nut,O,Tbl,1,S/P,,36,7560,skid# 32,F,,SHIPPED,,2026-09-11 15:43:03,,,,
2026-09-11 15:38:30,Aftrn,11/252,717191,11546370-in-pn,3,6-253-10-e,Nut,O,Tbl,4,Crt.&P,"MIXED, EXCESS PLATING",26,5720,skid# 105,F,"6, 26",SHIPPED,,2026-09-11 15:38:30,,,,
2026-09-11 15:35:07,Aftrn,157/297,717864,11546370-in-pn,115,6-253-11-b,Nut,O,Tbl,1,Crt.&P,SILVERS,36,7920,skid# 134,F,15,SHIPPED,,2026-09-11 15:35:07,,,,
2026-09-11 15:26:07,Aftrn,279/391,717967,11549204,971,6-253-14-h,Nut,O,Tbl,2,S/P,MIXED,36,7560,skid# 21,F,2,SHIPPED,,2026-09-11 15:26:07,,,,
2026-09-16 14:42:57,Mrnng,11/252,717880,11610126-BR-HA,1031,6-258-36-a,Nut,O,Tbl,4,Crt.&P,,4,4800,skid #49,F,,0,,2026-09-16 14:42:57,,,,
2026-09-11 15:08:59,Aftrn,11/252,717189,11546370-IN-PN,1361,6-253-10-D,Nut,O,Tbl,4,Crt.&P,"MIXED, EXCESS PLATING",36,7920,SKID# 145,F,"1, 10",SHIPPED,,2026-09-11 15:08:59,,,,
2026-09-16 14:36:28,Mrnng,4,718616,11546449,1621,6-257-17-a,Nut,O,MC,26,S/P,"MIXED, STUCK TGT",36,90000,skid# 185,F,"2, 600",0,,2026-09-16 14:36:28,,,,
2026-09-11 12:45:11,Mrnng,11/252,717447,11546370-IN-PN,663,6-253-10-A,Nut,O,Tbl,4,Crt.&P,"MIXED, EXCESS PLATING",33,7260,SKID# 27,F,"2, 9",SHIPPED,,2026-09-11 12:45:11,,,,
2026-09-16 14:31:35,Mrnng,190/268,718615,11549058,983,6-258-34-a,Nut,O,Tbl,3,S/P,"MIXED, EXCESS PLATING",34,83300,skid# 32,F,"3, 17",0,,2026-09-16 14:31:35,,,,
2026-09-11 17:10:17,Aftrn,190/268,717959,11549204,1303,6-253-14-d,Nut,O,Tbl,3,S/P,,36,7560,skid# 85,F,,SHIPPED,,2026-09-11 17:10:17,,,,
2026-09-15 09:32:57,Mrnng,275,718053,W711953-S900,1502,6-251-39-A,Nut,O,BF,112,S/P,,36,63000,SKID# 130,F,,SHIPPED,,2026-09-15 09:32:57,,,,
2026-09-16 14:27:19,Mrnng,157/300,717725,11549170,1319,6-254-29-G,Nut,O,Tbl,1,S/P,"MIXED, EXCESS PLATING",36,14400,SKID# 58,F,"2, 12",0,,2026-09-16 14:27:19,,,,
2026-09-15 09:18:19,Mrnng,290,717066,11546774-my-ak,739,6-253-27-b,Nut,O,BF,110,Crt.&P,,30,13500,skid# 190,F,,SHIPPED,,2026-09-15 09:18:19,,,,
2026-09-11 16:50:30,Aftrn,157/297,717958,11549204,1394,6-253-14-c,Nut,O,Tbl,1,S/P,MIXED,36,7560,skid# 3,F,1,SHIPPED,,2026-09-11 16:50:30,,,,
2026-09-14 10:59:21,Mrnng,157/297,717866,11546370-in-pn,1007,6-253-11-c,Nut,O,Tbl,1,Crt.&P,"MIXD, SILVERS",35,7700,skid# 196,F,"1, 15",SHIPPED,,2026-09-14 10:59:21,,,,
2026-09-14 10:51:52,Mrnng,190/268,717956,11549204,223,6-253-14-A,Nut,O,Tbl,3,S/P,MIXED,32,6720,SKID# 78,F,1,SHIPPED,,2026-09-14 10:51:52,,,,
2026-09-10 16:47:55,Aftrn,4,718068,1k2gz0-00,215,6-251-29-B,Nut,O,BF,123,S/P,STUCK TGT,23,103500,SKID# 110,F,400,SHIPPED,,2026-09-10 16:47:55,,,,
2026-09-16 14:09:08,Mrnng,391,718820,NU3019-00,1870,6-258-40-F,Nut,O,Tbl,2,S/P,,1,5509,SKID# 4,F,,0,,2026-09-16 14:09:08,,,,
2026-09-16 13:48:09,Mrnng,11/252,718872,11610126,799,6-258-35-B,Blt/Scrw,O,Tbl,4,S/P,,14,16800,SKID# 228,F,,0,,2026-09-16 13:48:09,,,,
2026-09-16 13:33:42,Mrnng,275,718215,11546449,520,6-257-04-C,Nut,O,BF,102,S/P,,27,67500,SKID# 201,F,,0,,2026-09-16 13:33:42,,,,
2026-09-16 13:30:46,Mrnng,275,718575,6100050,1067,6-257-42-A,Nut,O,BF,108,S/P,,36,54000,SKID# 93,F,,0,,2026-09-16 13:30:46,,,,
2026-09-11 13:22:50,Mrnng,190/268,717868,11546370-IN-PN,1696,6-253-11-D,Nut,O,Tbl,3,Crt.&P,,29,6380,SKID# 128,F,,SHIPPED,,2026-09-11 13:22:50,,,,
2026-09-16 12:52:23,Mrnng,280,717603,11546378-my-ak,633,6-257-13-a,Nut,O,BF,121,Crt.&P,,36,45000,skid# 206,F,,0,,2026-09-16 12:52:23,,,,
2026-01-27 11:31:45,Mrnng,240/391,692463,11514596-ca-in,1685,6-023-03-a,Nut,O,Tbl,2,Crt.&P,"MIXED, EXCESS PLATING, SILVERS, STUCK TGT, CRACKED",34,85000,skid #47,F,"4, 10, 39, 48, 5",0,,2026-01-27 11:31:45,,,,
2026-09-09 16:01:03,Aftrn,290,717401,6101831,212,6-251-07-b,Nut,O,BF,110,S/P,,36,36000,skid# 149,F,,SHIPPED,,2026-09-09 16:01:03,,,,
2026-09-16 11:40:47,Mrnng,4,717609,11546378-my-ak,1708,6-257-15-a,Nut,O,MC,110,Crt.&P,,36,45000,skid# 210,F,,0,,2026-09-16 11:40:47,,,,
2026-09-10 16:54:50,Aftrn,190/268,717966,11549204,544,6-253-14-g,Nut,O,Tbl,3,S/P,,35,7350,skid# 202,F,,SHIPPED,,2026-09-10 16:54:50,,,,
2026-09-16 11:33:09,Mrnng,252-11,718822,nu3019-00,1860,6-258-40-h,Nut,O,Tbl,4,S/P,MIXED,1,4555,skid# 256,F,1,0,,2026-09-16 11:33:09,,,,
2026-09-16 11:30:44,Mrnng,157-300,718819,nu3019-00,1871,6-258-40-e,Nut,O,Tbl,1,S/P,,1,5355,skid# 113,F,,0,,2026-09-16 11:30:44,,,,
2026-09-16 11:09:38,Mrnng,190-268,718816,nu3019-00,1866,6-258-40-d,Nut,O,Tbl,3,S/P,MIXED,1,5590,skid# 172,F,1,0,,2026-09-16 11:09:38,,,,
2026-09-10 11:12:59,Mrnng,4,716926,11549170,1625,6-247-10-c,Nut,O,BF,116,S/P,,36,14400,skid# 87,F,,SHIPPED,,2026-09-10 11:12:59,,,,
2026-09-16 11:04:31,Mrnng,252-11,718815,NU3019-00,1869,6-258-40-C,Nut,O,Tbl,4,S/P,mixed,1,6110,SKID# 244,F,1,0,,2026-09-16 11:04:31,,,,
2026-09-16 10:43:10,Mrnng,157-300,717832,nu3019-00,1533,6-258-40-i,Nut,O,Tbl,1,S/P,,1,4700,skid# 89,F,,0,,2026-09-16 10:43:10,,,,
2026-09-15 16:55:31,Aftrn,279/391,717731,11549170,922,6-254-28-E,Nut,O,Tbl,2,S/P,EXCESS PLATING,36,14400,SKID# 43,F,5,0,,2026-09-15 16:55:31,,,,
2026-09-15 16:33:30,Aftrn,275,718216,11546449,1300,6-257-17-A,Nut,O,BF,102,S/P,,36,90000,SKID# 121,F,,0,,2026-09-15 16:33:30,,,,
2026-09-15 15:49:51,Aftrn,279/391,717387,11546378-CA-IN,904,6-257-01-C,Nut,O,Tbl,2,Crt.&P,"EXCESS PLATING, SILVERS, DAMAGED",36,45000,SKID# 104,F,"4, 3, 2",0,,2026-09-15 15:49:51,,,,
2026-09-09 11:37:14,Mrnng,290,717514,11546368-my-ak,753,6-246-21-D,Nut,O,BF,109,Crt.&P,,38,17100,SKID #49,F,,SHIPPED,,2026-09-09 11:37:14,,,,
2026-09-14 15:29:38,Aftrn,11/252,718968,06511834aa,339,6-257-09-a,Nut,O,Tbl,4,S/P,MIXED,22,2200,skid# 164,F,1,SHIPPED,,2026-09-14 15:29:38,,,,
2026-09-09 11:24:54,Mrnng,292,717016,11546368-MY-AK,1416,6-246-23-D,Nut,O,BF,116,Crt.&P,,38,17100,SKID# 228,F,,SHIPPED,,2026-09-09 11:24:54,,,,
2026-09-15 15:06:28,Aftrn,285/4,707325,11612078,139,6-236-28-a,Nut,C,MC,74,S/P,,16,29600,skid# 209,F,,0,,2026-09-15 15:06:28,,,,
2026-09-15 14:57:29,Aftrn,280,717611,11546378-my-ak,792,6-257-16-a,Nut,O,BF,121,Crt.&P,,36,45000,skid# 224,F,,0,,2026-09-15 14:57:29,,,,
2026-09-15 14:06:56,Mrnng,4,717604,11546378-MY-AK,1099,6-257-13-B,Nut,O,MC,110,Crt.&P,,36,45000,SKID# 87,F,,0,,2026-09-15 14:06:56,,,,
2026-09-15 14:00:18,Mrnng,280,718328,NU5108-00,1543,6-253-17-A,Nut,O,BF,124,S/P,,1,64076,SKID# 243,F,,0,,2026-09-15 14:00:18,,,,
2026-09-09 09:57:01,Mrnng,290,717514,11546368-my-ak,753,6-246-21-d,Nut,C,BF,109,Crt.&P,,20,9000,skid# 175,F,,SHIPPED,,2026-09-09 09:57:01,,,,
2026-09-15 11:55:20,Mrnng,190/268,718897,11546389,206,6-257-26-b,Nut,O,Tbl,3,S/P,"MIXED, EXCESS PLATING, STUCK TGT",25,112500,skid# 163,F,"3, 2, 280",0,,2026-09-15 11:55:20,,,,
2026-09-08 17:36:24,Aftrn,280,717764,6101736,1594,6-245-13-a,Nut,O,BF,120,S/P,,41,131200,skid# 140,F,,SHIPPED,,2026-09-08 17:36:24,,,,
2026-09-15 11:14:05,Mrnng,280,717834,w520101-s437,187,6-253-22-a,Nut,O,BF,124,S/P,,44,132000,skid# 238,F,,0,,2026-09-15 11:14:05,,,,
2026-09-08 16:54:49,Aftrn,292,717016,11546368-my-ak,1416,6-246-23-d,Nut,O,BF,116,Crt.&P,,18,8100,skid# 27,F,,SHIPPED,,2026-09-08 16:54:49,,,,
2026-09-15 10:59:36,Mrnng,279/391,718087,w20-1028-012-l,274,6-254-19-a,Nut,O,Tbl,2,S/P,MIXED,40,37600,skid# 151,F,5,0,,2026-09-15 10:59:36,,,,
2026-09-15 10:39:03,Mrnng,190/268,717386,11546378-CA-IN,1552,6-257-01-B,Nut,O,Tbl,3,Crt.&P,"MIXED, CRACKED, DAMAGED",25,31250,SKID# 56,F,"8, 2, 1",0,,2026-09-15 10:39:03,,,,
2026-09-15 10:26:25,Mrnng,290,718051,w711953-s900,591,6-251-38-a,Nut,O,BF,107,S/P,,40,70000,skid# 223,F,,0,,2026-09-15 10:26:25,,,,
2026-09-15 09:53:16,Mrnng,11/252,718089,w20-1028-012-l,605,6-254-19-C,Nut,C,Tbl,4,S/P,MIXED,36,33840,PACK# 4,F,2,0,,2026-09-15 09:53:16,,,,
2026-09-15 09:51:05,Mrnng,280,718326,NU5108-00,35,6-253-16-A,Nut,O,BF,123,S/P,,1,74630,SKID# 122,F,,0,,2026-09-15 09:51:05,,,,
2026-09-15 09:27:27,Mrnng,157/297,718096,w20-1028-012-l,770,6-254-19-f,Nut,O,Tbl,1,S/P,,37,34780,skid# 191,F,,0,,2026-09-15 09:27:27,,,,
2026-09-14 13:23:14,Mrnng,279/391,718446,06511834aa,1354,6-257-09-f,Nut,O,Tbl,2,S/P,MIXED,36,3600,skid# 6,F,1,SHIPPED,,2026-09-14 13:23:14,,,,
2026-09-15 09:07:37,Mrnng,290,718331,nu5108-00,101,6-253-18-b,Nut,O,MC,78,S/P,,1,68664,skid# 111,F,,0,,2026-09-15 09:07:37,,,,
2026-09-14 17:44:23,Aftrn,190/268,718674,11549204,1346,6-257-28-c,Nut,O,Tbl,3,S/P,MIXED,42,8820,skid# 226,F,19,0,,2026-09-14 17:44:23,,,,
2026-09-14 17:00:09,Aftrn,157/297/279/391,718671,11549204,966,6-257-28-a,Nut,O,Tbl,1,S/P,,43,9030,skid# 118,F,,0,,2026-09-14 17:00:09,,,,
2026-09-14 17:00:09,Aftrn,157/297/279/391,718672,11549204,671,6-257-28-b,Nut,O,Tbl,2,S/P,MIXED,42,8820,skid# 118,F,8,0,,2026-09-14 17:00:09,,,,
2026-09-08 17:03:30,Aftrn,4,710153,11612078,157,6-244-19-B,Nut,C,MC,74,S/P,,10,18500,SKID# 92,F,,SHIPPED,,2026-09-08 17:03:30,,,,
2026-09-14 16:55:14,Aftrn,280,717834,W520101-S437,187,6-253-22-A,Nut,C,BF,124,S/P,,36,108000,SKID# 71,F,,0,,2026-09-14 16:55:14,,,,
2026-09-14 16:52:10,Aftrn,190/268,718674,11549204,1346,6-257-28-C,Nut,C,Tbl,3,S/P,MIXED,36,7560,SKID# 80,F,19,0,,2026-09-14 16:52:10,,,,
2026-09-14 16:47:04,Aftrn,279/391,718672,11549204,671,6-257-28-B,Nut,C,Tbl,2,S/P,MIXED,36,7560,SKID# 187,F,8,0,,2026-09-14 16:47:04,,,,
2026-09-14 16:35:19,Aftrn,157/297,718671,11549204,966,6-257-28-a,Nut,C,Tbl,1,S/P,,36,7560,skid# 245,F,,0,,2026-09-14 16:35:19,,,,
2026-09-14 16:13:54,Aftrn,279/391,718967,06511834aa,791,6-257-08-d,Nut,O,Tbl,2,S/P,MIXED,11,1100,skid# 179,F,1,0,,2026-09-14 16:13:54,,,,
2026-09-14 15:54:03,Aftrn,190/268,718965,06511834AA,389,6-257-08-B,Nut,O,Tbl,3,S/P,,21,2100,SKID# 179,F,,0,,2026-09-14 15:54:03,,,,
2026-09-14 15:43:43,Aftrn,157/297,717583,06514720aa,522,6-253-29-a,Blt/Scrw,O,Tbl,1,S/P,,22,27500,skid# 235,F,,0,,2026-09-14 15:43:43,,,,
2026-09-14 15:42:32,Aftrn,157/297,717575,6503825,881,6-252-28-A,Nut,O,Tbl,1,S/P,"MIXED, STUCK TGT",46,69000,SKID# 7,F,"5, 227",0,,2026-09-14 15:42:32,,,,
2026-09-14 15:23:57,Aftrn,4,718064,7151143403,1021,6-252-20-B,Nut,O,BF,113,S/P,,27,47250,SKID# 1,F,,0,,2026-09-14 15:23:57,,,,
2026-09-10 12:50:19,Mrnng,004+292,718068,1k2gz0-00,215,6-251-29-b,Nut,C,BF,113,S/P,,11,49500,skid# 145,F,,SHIPPED,,2026-09-10 12:50:19,,,,
2026-09-14 15:17:17,Aftrn,280,718646,11546462,83,6-253-04-h,Nut,O,BF,121,S/P,,35,22750,skid# 212,F,,0,,2026-09-14 15:17:17,,,,
2026-09-05 14:58:37,Aftrn,297/391,716174,11546774-my-ak,694,6-243-37-c,Nut,O,Tbl,2,Crt.&P,,27,12150,skid# 36,F,,SHIPPED,,2026-09-05 14:58:37,,,,
2026-09-14 15:12:49,Aftrn,157/297,718444,06511834AA,546,6-257-09-D,Nut,O,Tbl,1,S/P,MIXED,32,3200,SKID# 123,F,1,0,,2026-09-14 15:12:49,,,,
2026-09-14 14:46:22,Mrnng,280,718330,nu5108-00,26,6-253-18-a,Nut,O,BF,120,S/P,,1,70460,skid# 22,F,,0,,2026-09-14 14:46:22,,,,
2026-09-14 14:38:13,Mrnng,190/268,718443,06511834aa,464,6-257-09-c,Nut,O,Tbl,3,S/P,MIXED,36,3600,skid# 236,F,2,0,,2026-09-14 14:38:13,,,,
2026-09-14 14:30:52,Mrnng,4,717572,6502979,369,6-252-27-D,Nut,O,MC,110,S/P,,23,17250,SKID# 201,F,,0,,2026-09-14 14:30:52,,,,
2026-09-14 14:25:27,Mrnng,275,718662,11548414,868,6-254-21-B,Nut,O,BF,112,S/P,MIXED,36,17460,SKID# 23,F,1,0,,2026-09-14 14:25:27,,,,
2026-09-14 14:14:49,Mrnng,157/297,717575,6503825,881,6-252-28-A,Nut,C,Tbl,1,S/P,"MIXDE, STUCK TGT",36,54000,SKID# 240,F,"5, 227",0,,2026-09-14 14:14:49,,,,
2026-09-14 14:00:14,Mrnng,190/268,717576,6503825,1437,6-252-28-b,Nut,O,Tbl,3,S/P,"MIXED, STUCK TGT",38,57000,skid# 250,F,"1, 306",0,,2026-09-14 14:00:14,,,,
2026-09-14 13:40:40,Mrnng,4,718865,11546377,1345,6-253-09-a,Nut,O,MC,19,S/P,STUCK TGT,36,77400,pack# 8,F,600,0,,2026-09-14 13:40:40,,,,
2026-09-14 13:34:28,Mrnng,290,718661,11548414,848,6-254-25-b,Nut,O,BF,110,S/P,,35,16975,skid# 161,F,,0,,2026-09-14 13:34:28,,,,
2026-09-14 13:28:19,Mrnng,4,718052,w711953-s900,597,6-251-38-a,Nut,O,BF,116,S/P,,36,63000,skid# 93,F,,0,,2026-09-14 13:28:19,,,,
2026-09-14 13:14:21,Mrnng,290,718660,11548414,1767,6-254-26-B,Nut,O,BF,107,S/P,,32,15520,SKID# 109,F,,0,,2026-09-14 13:14:21,,,,
2026-09-14 13:12:16,Mrnng,252/11,718088,w20-1028-012-l,1059,6-254-19-b,Nut,C,Tbl,4,S/P,MIXED,36,33840,skid# 249,F,4,0,,2026-09-14 13:12:16,,,,
2026-09-14 13:09:03,Mrnng,280,718327,nu5108-00,317,6-253-16-b,Nut,O,BF,123,S/P,,1,60000,skid# 188,F,,0,,2026-09-14 13:09:03,,,,
2026-09-14 13:08:26,Mrnng,275,717569,6502979,1819,6-252-27-a,Nut,O,BF,108,S/P,,23,17250,pack# 5,F,,0,,2026-09-14 13:08:26,,,,
2026-09-14 13:07:07,Mrnng,157/297,717463,06105102aa,KIB,6-243-02-c,Blt/Scrw,O,Tbl,1,S/P,,23,15410,skid# 237,F,,0,,2026-09-14 13:07:07,,,,
2026-08-31 13:51:43,Mrnng,290,717214,11549171-my-ak,337,6-240-02-e,Nut,O,BF,109,Crt.&P,,36,10080,skid# 185,F,,SHIPPED,,2026-08-31 13:51:43,,,,
2026-09-14 12:45:42,Mrnng,190/268,717577,6503825,1603,6-252-29-a,Nut,O,Tbl,3,S/P,"MIXED, EXCESS PLATING, SILVERS, STUCK TGT",36,54000,SKID# 159,F,"3, 1, 1, 220",0,,2026-09-14 12:45:42,,,,
2026-09-14 11:54:18,Mrnng,290,718658,11548414,355,6-254-25-a,Nut,O,BF,107,S/P,,36,17460,skid# 217,F,,0,,2026-09-14 11:54:18,,,,
2026-09-09 16:07:55,Aftrn,275,717780,11546437-MY-AK,175,6-251-10-A,Nut,O,BF,102,Crt.&P,,72,108000,SKID# 255,F,,SHIPPED,,2026-09-09 16:07:55,,,,
2026-09-14 11:49:47,Mrnng,280,717559,11610091-my-ak,946,6-251-33-a,Nut,O,BF,118,Crt.&P,,32,80000,skid# 28,F,,0,,2026-09-14 11:49:47,,,,
2026-09-09 15:47:36,Aftrn,292,717359,11549170,794,6-246-24-E,Nut,O,BF,117,S/P,,36,14400,PACK# 1,F,,SHIPPED,,2026-09-09 15:47:36,,,,
2026-09-14 11:43:21,Mrnng,11/252,718065,06512278aa,699,6-251-26-a,Nut,O,Tbl,4,S/P,,29,56550,skid# 170,F,,0,,2026-09-14 11:43:21,,,,
2026-09-14 11:39:40,Mrnng,157/297,717578,6503825,1788,6-252-29-b,Nut,O,Tbl,1,S/P,"MIXED, STUCK TGT",36,54000,skid# 150,F,"1, 175",0,,2026-09-14 11:39:40,,,,
2026-09-09 15:19:51,Aftrn,280,717235,w520113-s441,1318,6-251-12-b,Nut,O,BF,120,S/P,,36,37800,skid# 216,F,,SHIPPED,,2026-09-09 15:19:51,,,,
2026-09-09 15:14:59,Aftrn,292,717347,11549170,1529,6-246-24-A,Nut,O,BF,116,S/P,,36,14400,SKID# 257,F,,SHIPPED,,2026-09-09 15:14:59,,,,
2026-09-14 11:34:29,Mrnng,279/391,718090,w20-1028-012-l,625,6-254-19-d,Nut,O,Tbl,2,S/P,,26,24440,skid# 176,F,,0,,2026-09-14 11:34:29,,,,
2026-09-14 11:29:40,Mrnng,279/391,718095,w20-1028-012-l,1702,6-254-19-e,Nut,O,Tbl,2,S/P,EXCESS PLATING,36,33840,skid# 60,F,1,0,,2026-09-14 11:29:40,,,,
2026-09-14 11:19:19,Mrnng,290,718659,11548414,449,6-254-26-A,Nut,O,BF,110,S/P,,36,17460,SKID# 131,F,,0,,2026-09-14 11:19:19,,,,
2026-09-14 10:35:37,Mrnng,11/252,718280,06512278AA,1638,6-251-26-B,Nut,O,Tbl,4,S/P,,36,70200,SKID# 232,F,,0,,2026-09-14 10:35:37,,,,
2026-09-11 16:56:52,Aftrn,11/252,717594,11546370-my-ak,579,6-253-12-e,Nut,O,Tbl,4,Crt.&P,MIXED,36,7920,skid# 96,F,5,0,,2026-09-11 16:56:52,,,,
2026-09-09 11:31:25,Mrnng,275,717780,11546437-my-ak,175,6-251-10-a,Nut,C,BF,102,Crt.&P,,36,54000,skid# 66,F,,SHIPPED,,2026-09-09 11:31:25,,,,
2026-09-11 16:40:56,Aftrn,11/252,717592,11546370-my-ak,824,6-253-12-c,Nut,O,Tbl,4,Crt.&P,MIXED,36,7920,skid# 252,F,2,0,,2026-09-11 16:40:56,,,,
2026-09-11 16:21:02,Aftrn,280,714234,nu5108-00,50,6-253-19-a,Nut,O,BF,123,S/P,,1,62000,skid# 230,F,,0,,2026-09-11 16:21:02,,,,
2026-08-24 17:53:25,Aftrn,275,716760,11546437,534,6-230-23-A,Nut,O,BF,102,S/P,,72,108000,SKID# 210,F,,SHIPPED,,2026-08-24 17:53:25,,,,
2026-09-11 16:16:31,Aftrn,190/268,716017,f1302ab-ht,146,6-253-24-D,Blt/Scrw,O,Tbl,3,S/P,,34,23800,skid# 40,F,,0,,2026-09-11 16:16:31,,,,
2026-09-11 15:54:02,Aftrn,4,718866,11546377,370,6-253-09-b,Nut,O,BF,113,S/P,,20,43000,skid# 53,F,,0,,2026-09-11 15:54:02,,,,
2026-09-11 15:47:39,Aftrn,190/268,717870,11546370-in-pn,629,6-253-11-e,Nut,O,Tbl,3,Crt.&P,EXCESS PLATING,37,8140,skid #46,F,5,0,,2026-09-11 15:47:39,,,,
2026-08-24 11:09:40,Mrnng,275,716760,11546437,534,6-230-23-A,Nut,C,BF,102,S/P,,36,54000,SKID# 159,F,,SHIPPED,,2026-08-24 11:09:40,,,,
2026-09-11 15:15:24,Aftrn,157/297,717492,11546370-IN-PN,174,6-253-11-A,Nut,O,Tbl,1,Crt.&P,"EXCESS PLATING, SILVERS",37,8140,SKID# 200,F,"7, 9",0,,2026-09-11 15:15:24,,,,
2026-09-11 10:33:32,Mrnng,4,717506,11546367-my-ak,124,6-253-02-j,Nut,O,BF,117,Crt.&P,,36,25200,skid# 252,F,,0,,2026-09-11 10:33:32,,,,
2026-09-11 10:08:01,Mrnng,190/268,717962,11549204,510,6-253-14-E,Nut,O,Tbl,3,S/P,,38,7980,SKID #45,F,,0,,2026-09-11 10:08:01,,,,
2026-08-17 17:25:09,Aftrn,290,714628,11549170,145,6-226-18-a,Nut,O,BF,107,S/P,,36,14400,skid# 221,F,,SHIPPED,,2026-08-17 17:25:09,,,,
2026-09-10 16:42:47,Aftrn,4,718014,11546437-my-ak,448,6-251-19-a,Nut,O,MC,24,Cert.&P,,56,84000,SKID# 16,F,,0,,2026-09-10 16:42:47,,,,
2026-09-10 12:46:32,Mrnng,4/292,718014,11546437-my-ak,448,6-251-19-a,Nut,C,MC,24,Crt.&P,,36,54000,skid# 154,F,,0,,2026-09-10 12:46:32,,,,
2026-09-10 11:31:33,Mrnng,290,718156,06509967aa,KIB,6-251-22-b,Blt/Scrw,O,BF,105,S/P,,36,29700,skid# 121,F,,0,,2026-09-10 11:31:33,,,,
2026-09-09 17:36:25,Aftrn,275,717234,W520113-S441,279,6-251-12-A,Nut,O,BF,103,S/P,MIXED,43,45150,SKID# 75,F,5,0,,2026-09-09 17:36:25,,,,
2026-09-09 17:22:21,Aftrn,280,717771,11546437-MY-AK,18,6-251-21-B,Nut,O,BF,114,Crt.&P,,24,36000,SKID# 251,F,,0,,2026-09-09 17:22:21,,,,
2026-09-09 16:53:04,Mrnng,290,717244,e6267ab,566,6-247-22-A,Nut,O,BF,107,S/P,,1,20000,skid# 166,F,,0,,2026-09-09 16:53:04,,,,
2026-09-09 16:34:29,Aftrn,280,717768,11546437-my-ak,1440,6-251-20-a,Nut,O,BF,123,Crt.&P,,57,85500,skid# 231,F,,0,,2026-09-09 16:34:29,,,,
2026-09-09 16:14:18,Aftrn,280,717393,6101831,1372,6-251-07-A,Nut,O,BF,121,S/P,,38,38000,SKID# 25,F,,0,,2026-09-09 16:14:18,,,,
2026-09-04 16:39:01,Aftrn,292,716359,11546368-my-ak,895,6-244-12-e,Nut,O,BF,117,Crt.&P,MIXED,36,16200,skid# 222,F,4,SHIPPED,,2026-09-04 16:39:01,,,,
2026-09-09 15:54:15,Aftrn,290,717348,11549170,635,6-246-24-B,Nut,O,BF,109,S/P,,36,14400,SKID# 167,F,,0,,2026-09-09 15:54:15,,,,
2026-09-09 15:39:33,Aftrn,292,717356,11549170,1816,6-247-09-d,Nut,O,BF,117,S/P,,36,14400,skid# 33,F,,0,,2026-09-09 15:39:33,,,,
2026-09-09 15:36:01,Aftrn,275,717234,w520113-s441,279,6-251-12-A,Nut,C,BF,103,S/P,MIXED,36,37800,SKID# 182,F,5,0,,2026-09-09 15:36:01,,,,
2026-09-09 14:45:56,Aftrn,280,717768,11546437-my-ak,1440,6-251-20-a,Nut,C,BF,123,Crt.&P,,36,54000,skid# 254,F,,0,,2026-09-09 14:45:56,,,,
2026-09-09 13:11:14,Mrnng,280,717773,11546437-my-ak,1538,6-251-09-b,Nut,O,BF,123,Crt.&P,,64,96000,skid# 94,F,,0,,2026-09-09 13:11:14,,,,
2026-09-09 13:09:50,Mrnng,292,717013,11546368-my-ak,1013,6-246-23-a,Nut,O,BF,117,Crt.&P,MIXED,38,17100,skid# 104,F,1,0,,2026-09-09 13:09:50,,,,
2026-09-09 11:53:51,Mrnng,280,717771,11546437-my-ak,18,6-251-21-B,Nut,C,BF,114,Crt.&P,,36,54000,SKID# 43,F,,0,,2026-09-09 11:53:51,,,,
2026-09-09 11:49:01,Mrnng,275,717513,11546368-my-ak,634,6-246-21-c,Nut,O,BF,112,Crt.&P,,36,16200,skid# 177,F,,0,,2026-09-09 11:49:01,,,,
2026-09-09 11:20:16,Mrnng,279/391,717791,06509967aa,KIB,6-251-02-h,Blt/Scrw,O,Tbl,2,S/P,,20,16500,skid# 229,F,,0,,2026-09-09 11:20:16,,,,
2026-09-09 10:46:46,Mrnng,11/252,718441,06513555AA,1397,6-251-25-A,Blt/Scrw,O,Tbl,4,S/P,MIXED,31,13640,PACK# 3,F,19,0,,2026-09-09 10:46:46,,,,
2026-09-09 10:40:04,Mrnng,280,717773,11546437-my-ak,1538,6-251-09-b,Nut,C,BF,123,Crt.&P,,36,54000,skid# 147,F,,0,,2026-09-09 10:40:04,,,,
2026-09-09 10:11:48,Mrnng,11/252,717818,11546370-IN-PN,221,6-251-13-C,Nut,O,Tbl,4,Crt.&P,"MIXED, EXCESS PLATING",37,8140,SKID# 146,F,"10, 15",0,,2026-09-09 10:11:48,,,,
2026-09-09 09:32:40,Mrnng,11/252,717671,11546370-IN-PN,236,6-251-13-A,Nut,O,Tbl,4,Crt.&P,"MIXED, EXCESS PLATING",36,7920,SKID# 34,F,"2, 7",0,,2026-09-09 09:32:40,,,,
2026-09-08 16:48:26,Aftrn,292,717014,11546368-MY-AK,982,6-246-23-B,Nut,O,BF,116,Crt.&P,MIXED,29,13050,SKID# 27,F,2,0,,2026-09-08 16:48:26,,,,
2026-09-08 13:57:04,Mrnng,292,717014,11546368-MY-AK,982,6-246-23-B,Nut,C,BF,116,Crt.&P,,11,4950,SKID# 60,F,,0,,2026-09-08 13:57:04,,,,
2026-09-08 11:13:07,Mrnng,292,718232,11546545,495,6-247-07-c,Nut,O,MC,24,S/P,"MIXED, STUCK TGT",34,85000,skid# 20,F,"5, 19",0,,2026-09-08 11:13:07,,,,
2026-09-08 09:21:06,Mrnng,279/297/391,718795,W705606-S440,kib,6-246-19-B,Nut,O,Tbl,2,S/P,,33,19140,SKID# 83,F,,0,,2026-09-08 09:21:06,,,,
2026-09-05 15:49:49,Aftrn,297/391,716397,11549204,361,6-247-14-c,Nut,O,Tbl,2,S/P,,48,10080,skid# 218,F,,0,,2026-09-05 15:49:49,,,,
2026-09-05 15:20:31,Aftrn,290,717366,11549170,32,6-247-10-b,Nut,O,MC,78,S/P,,39,15600,skid# 135,F,,0,,2026-09-05 15:20:31,,,,
2026-09-05 14:51:48,Mrnng,275,717521,11546368-my-ak,925,6-246-23-m,Nut,O,BF,112,Crt.&P,MIXED,35,15750,skid# 247,F,3,0,,2026-09-05 14:51:48,,,,
2026-09-05 12:02:03,Mrnng,297/391,716397,11549204,361,6-247-14-c,Nut,C,Tbl,2,S/P,,36,7560,skid# 15,F,,0,,2026-09-05 12:02:03,,,,
2026-09-05 10:52:17,Mrnng,290,717523,11546368-my-ak,263,6-246-23-o,Nut,O,BF,109,Crt.&P,,36,16200,skid# 9,F,,0,,2026-09-05 10:52:17,,,,
2026-09-05 10:37:46,Mrnng,292,716367,11546368-my-ak,839,6-244-14-e,Nut,O,BF,117,Crt.&P,MIXED,36,16200,skid# 51,F,4,0,,2026-09-05 10:37:46,,,,
2026-09-05 10:23:47,Mrnng,290,717161,11546571,1365,6-239-24-a,Blt/Scrw,O,BF,105,S/P,,34,52700,skid# 194,F,,0,,2026-09-05 10:23:47,,,,
2026-09-03 16:01:58,Aftrn,157/297,717975,w520203-s440,KIB,6-244-21-a,Nut,O,Tbl,1,S/P,,40,38400,skid# 12,F,,0,,2026-09-03 16:01:58,,,,
2026-09-03 10:09:43,Mrnng,290,717914,6101831,1509,6-245-04-b,Nut,O,BF,110,S/P,,40,40000,skid# 81,F,,0,,2026-09-03 10:09:43,,,,
2026-09-02 16:16:30,Aftrn,292,717402,6101831,69,6-240-13-a,Nut,O,MC,110,S/P,"MIXED, STUCK TGT",36,36000,skid# 54,F,"3, 1",0,,2026-09-02 16:16:30,,,,
2026-09-02 13:24:00,Mrnng,290,717161,11546571,1365,6-239-24-a,Nut,C,BF,105,S/P,,8,12400,skid# 199,F,,0,,2026-09-02 13:24:00,,,,
2026-09-01 17:42:16,Aftrn,11/252,716623,11546370-my-ak,923,6-243-18-g,Nut,O,Tbl,4,Crt.&P,MIXED,27,5940,skid# 197,F,10,0,,2026-09-01 17:42:16,,,,
2026-09-01 15:48:46,Aftrn,280,717689,11546449,1324,6-243-26-A,Nut,O,BF,123,S/P,,37,92500,SKID# 189,F,,0,,2026-09-01 15:48:46,,,,
2026-09-01 14:07:52,Mrnng,280,717694,11546449,841,6-243-27-C,Nut,O,BF,114,S/P,STUCK TGT,36,90000,SKID# 97,F,50,0,,2026-09-01 14:07:52,,,,
2026-08-31 16:07:15,Aftrn,11/252,716830,W20-1028-012-L,1637,6-243-04-B,Nut,O,Tbl,4,S/P,MIXED,30,28200,SKID #47,F,16,0,,2026-08-31 16:07:15,,,,
2026-08-31 15:38:51,Aftrn,279/391,717468,06105102aa,KIB,6-243-02-h,Blt/Scrw,O,Tbl,2,S/P,MIXED,36,24120,skid# 77,F,3,0,,2026-08-31 15:38:51,,,,
2026-08-29 10:21:34,Mrnng,275,717638,11546377-ph-ro,176,6-238-06-d,Nut,O,BF,104,S/P,STUCK TGT,18,38700,skid# 154,F,200,0,,2026-08-29 10:21:34,,,,
2026-08-28 16:06:53,Aftrn,280,716550,11549168,678,6-239-19-B,Nut,O,BF,123,S/P,,31,31000,skid #197,F,,0,,2026-08-28 16:06:53,,,,
2026-08-28 15:55:22,Aftrn,292,716553,11549170,1396,6-239-16-c,Nut,O,BF,116,S/P,MIXED,36,14400,skid# 247,F,1,0,,2026-08-28 15:55:22,,,,
2026-08-28 15:45:18,Aftrn,290,716581,11549170,1317,6-239-17-e,Nut,O,MC,78,S/P,,36,14400,skid# 20,F,,0,,2026-08-28 15:45:18,,,,
2026-08-28 15:36:35,Aftrn,292,716555,11549170,220,6-239-16-e,Nut,O,BF,117,S/P,MIXED,36,14400,skid# 227,F,2,0,,2026-08-28 15:36:35,,,,
2026-08-28 14:39:46,Mrnng,292,716568,11549168,763,6-239-19-d,Nut,O,MC,26,S/P,"MIXED, STUCK TGT",36,36000,skid# 244,F,"2, 3",0,,2026-08-28 14:39:46,,,,
2026-08-28 14:21:54,Mrnng,290,716233,11549168,1655,6-239-20-b,Nut,O,BF,107,S/P,,36,36000,skid# 239,F,,0,,2026-08-28 14:21:54,,,,
2026-08-28 13:50:58,Mrnng,280,716232,11549168,968,6-239-20-a,Nut,O,BF,123,S/P,,36,36000,skid# 53,F,,0,,2026-08-28 13:50:58,,,,
2026-08-28 13:29:49,Mrnng,290,716123,11546368-MY-AK,1114,6-237-12-D,Nut,O,BF,109,Crt.&P,,36,16200,SKID# 223,F,,0,,2026-08-28 13:29:49,,,,
2026-08-28 13:02:05,Mrnng,292,716551,11549170,1787,6-239-16-A,Nut,O,BF,116,S/P,"MIXED, STUCK TGT",36,14400,SKID# 252,F,"1, 2",0,,2026-08-28 13:02:05,,,,
2026-08-26 16:52:55,Aftrn,292,716120,11546368-my-ak,35,6-237-12-a,Nut,O,BF,117,S/P,,32,14400,SKID# 178,F,,0,,2026-08-26 16:52:55,,,,
2026-08-26 15:59:06,Aftrn,190/268,716864,40073474,1000,6-238-03-a,Nut,O,Tbl,3,S/P,MIXED,31,4650,skid# 133,F,8,0,,2026-08-26 15:59:06,,,,
2026-08-26 15:34:06,Aftrn,11/252,716865,40073474,626,6-238-03-b,Nut,O,Tbl,4,S/P,MIXED,35,5250,skid# 193,F,2,0,,2026-08-26 15:34:06,,,,
2026-08-26 14:58:18,Aftrn,292,716120,11546368-MY-AK,35,6-237-12-A,Nut,C,BF,117,Crt.&P,,16,7200,SKID# 224,F,,0,,2026-08-26 14:58:18,,,,
2026-08-26 11:18:39,Mrnng,190/268,716648,11549171-my-ak,387,6-237-20-h,Nut,O,Tbl,3,Crt.&P,MIXED,25,7000,skid# 251,F,5,0,,2026-08-26 11:18:39,,,,
2026-08-26 09:25:44,Mrnng,11/252,717857,500009196,798,6-237-14-b,Nut,O,Tbl,4,S/P,,36,43200,skid# 244,F,,0,,2026-08-26 09:25:44,,,,
2026-08-26 09:10:09,Mrnng,190/268,717856,500009196,1421,6-237-14-a,Nut,O,Tbl,3,S/P,,34,40800,skid# 133,F,,0,,2026-08-26 09:10:09,,,,
2026-08-24 15:25:41,Aftrn,190/268,715986,W520217-S440,826,6-236-02-A,Nut,O,Tbl,3,S/P,MIXED,33,4455,SKID# 42,F,1,0,,2026-08-24 15:25:41,,,,
2026-08-24 15:05:18,Aftrn,157/245,715987,w520217-s440,557,6-236-02-b,Nut,O,Tbl,1,S/P,MIXED,40,5400,skid# 211,F,2,0,,2026-08-24 15:05:18,,,,
2026-08-24 14:36:25,Mrnng,285/391,715953,11546369-my-ak,389,6-236-11-b,Nut,O,Tbl,2,Crt.&P,"MIXED, EXCESS PLATING",29,8700,skid# 143,F,"1, 20",0,,2026-08-24 14:36:25,,,,
2026-08-22 15:21:39,Aftrn,292,716449,11610091,1004,6-229-49-a,Nut,O,BF,116,S/P,,33,82500,skid# 132,F,,0,,2026-08-22 15:21:39,,,,
2026-08-22 13:13:30,Mrnng,190/268,717444,11604000,KIB,6-231-13-b,Nut,O,Tbl,3,S/P,,26,15210,skid# 11,F,,0,,2026-08-22 13:13:30,,,,
2026-08-21 16:57:48,Aftrn,290,716139,11546367-my-ak,432,6-232-13-f,Nut,O,MC,78,Crt.&P,,36,25200,skid# 242,F,,0,,2026-08-21 16:57:48,,,,
2026-08-21 16:53:38,Aftrn,292,716449,11610091,1004,6-229-49-a,Nut,C,BF,116,S/P,,21,52500,skid# 223,F,,0,,2026-08-21 16:53:38,,,,
2026-08-19 16:56:01,Aftrn,280,716516,11546449,1360,6-229-35-c,Nut,O,BF,114,S/P,STUCK TGT,36,90000,skid# 152,F,22,0,,2026-08-19 16:56:01,,,,
2026-08-19 11:40:28,Mrnng,292,716131,11546367-MY-AK,663,6-230-25-B,Nut,O,BF,116,Crt.&P,MIXED,36,25200,SKID# 250,F,2,0,,2026-08-19 11:40:28,,,,
2026-08-18 16:55:21,Aftrn,11/293,712207,06511799AA,38 ctns,6-229-01-A,Nut,O,Tbl,5,Crt.&P,DAMAGED,33,59400,SKID# 57,F,1700,0,,2026-08-18 16:55:21,,,,
2026-09-16 10:34:23,Mrnng,252-11,718813,nu3019-00,1867,6-258-40-a,Nut,O,Tbl,4,S/P,,1,5780,skid# 37,F,,0,,2026-09-16 10:34:23,,,,
2026-09-16 10:29:54,Mrnng,190-268,718814,nu3019-00,524,6-258-40-b,Nut,O,Tbl,3,S/P,,1,4950,skid# 239,F,,0,,2026-09-16 10:29:54,,,,
2026-09-16 10:06:07,Mrnng,252-11,718821,nu3019-00,1861,6-258-40-g,Nut,O,Tbl,4,S/P,,1,5480,skid# 149,F,,0,,2026-09-16 10:06:07,,,,
2026-09-16 09:53:14,Mrnng,290,717746,11549168,1769,6-254-27-d,Nut,C,BF,107,S/P,,36,36000,skid# 94,F,,0,,2026-09-16 09:53:14,,,,
2026-06-26 16:59:18,UNKNOWN,280,711740,nu1305-01,294,6-172-47-a,,,bf118a/b,,,,1,62520,skid# 171,F,,,,2026-06-26 16:59:18,,,,
2026-06-29 09:13:44,UNKNOWN,156,710788,11546368-MY-AK,510,6-175-36-D,,,BF116,,,,36,16200,82,F,,,,2026-06-29 09:13:44,,,,
2026-06-29 09:15:24,UNKNOWN,156,710789,11546368-MY-AK,1034,6-175-36-E,,,BF117,,,,36,16200,90,F,,,,2026-06-29 09:15:24,,,,
2026-06-29 09:16:56,UNKNOWN,275,711848,11546449,1686,6-174-05-A,,,BF102,,,,36,90000,81,F,,,,2026-06-29 09:16:56,,,,
2026-06-29 10:12:23,UNKNOWN,156,711266,11546368-MY-AK,150,6-175-29-C,,,BF117,,,,36,16200,204,F,,,,2026-06-29 10:12:23,,,,
2026-06-29 10:34:43,UNKNOWN,290,711267,11546368-MY-AK,806,6-175-29-D,,,BF107A,,,,36,16200,SKID# 221,F,,,,2026-06-29 10:34:43,,,,
2026-06-29 10:38:04,UNKNOWN,290,710647,11546368-MY-AK,271,6-175-36-B,,,BF110,,,,36,16200,SKID# 41,F,,,,2026-06-29 10:38:04,,,,
2026-06-29 10:39:23,UNKNOWN,275,711843,11546449,1068,6-174-12-A,,,MC112,,,,27,67500,207,F,,,,2026-06-29 10:39:23,,,,
2026-06-29 11:46:04,UNKNOWN,275,710494,11546367-CA-IN,1019,6-175-19-E,,,BF108A,,,,36,25200,SKID# 193,F,,,,2026-06-29 11:46:04,,,,
2026-06-29 11:46:42,UNKNOWN,275,711262,W711953-S900,975,6-173-15-A,,,BF112,,,,36,63000,216,F,,,,2026-06-29 11:46:42,,,,
2026-06-29 13:00:06,UNKNOWN,275,711262,W711953-S900,975,6-173-15-A,,,BF112,,,,9,15750,134,F,,,,2026-06-29 13:00:06,,,,
2026-06-29 11:47:29,UNKNOWN,156,709332,11546367-CA-IN,1672,6-175-19-B,,,MC110,,,,3,2100,30,F,,,,2026-06-29 11:47:29,,,,
2026-06-29 12:06:03,UNKNOWN,280,711741,NU1305-01,1714,6-174-36-A,,,BF118A/B,,,,1,70490,SKID# 26,F,,,,2026-06-29 12:06:03,,,,
2026-06-29 12:07:57,UNKNOWN,280,711656,11546449,1510,6-174-05-B,,,BF114A/B,,,,36,90000,PACK# 3,F,,,,2026-06-29 12:07:57,,,,
2026-06-29 12:09:13,UNKNOWN,290,710498,11549168,300,6-172-45-A,,,MC078,,,,6,6000,151,F,,,,2026-06-29 12:09:13,,,,
2026-06-29 12:14:01,UNKNOWN,156,710361,11546368-MY-AK,1093,6-175-34-B,,,BF117,,,,36,16200,83,F,,,,2026-06-29 12:14:01,,,,
2026-06-29 12:16:51,UNKNOWN,275,711035,W520101-S437,18,6-174-21-B,,,BF103A,,,,31,93000,SKID# 146,F,,,,2026-06-29 12:16:51,,,,
2026-06-29 12:21:14,UNKNOWN,290,710354,11546368-MY-AK,881,6-175-32-A,,,BF107A,,,,36,16200,SKID# 98,F,,,,2026-06-29 12:21:14,,,,
2026-06-29 12:23:15,UNKNOWN,290,710364,11546368-MY-AK,940,6-175-33-A,,,BF110,,,,36,16200,SKID #47,F,,,,2026-06-29 12:23:15,,,,
2026-06-29 12:24:22,UNKNOWN,292,711286,11546368-MY-AK,1558,6-175-30-A,,,BF109A,,,,36,16200,PACK# 8,F,,,,2026-06-29 12:24:22,,,,
2026-06-29 12:31:33,UNKNOWN,290,712180,11546462,765,6-180-14-A,,,MC078,,,,36,23400,SKID# 80,F,,,,2026-06-29 12:31:33,,,,
2026-06-29 12:57:11,UNKNOWN,280,711663,11546449,1698,6-174-07-A,,,BF123,,,,30,75000,SKID# 132,F,,,,2026-06-29 12:57:11,,,,
2026-06-29 12:58:49,UNKNOWN,156,711295,11546368-MY-AK,198,6-175-34-I,,,BF116,,,,36,16200,SKID# 135,F,,,,2026-06-29 12:58:49,,,,
2026-06-29 13:57:52,UNKNOWN,275,711664,11546449,1513,6-174-07-B,,,BF104A,,,,36,90000,176,F,,,,2026-06-29 13:57:52,,,,
2026-06-29 13:59:42,UNKNOWN,156,710785,11546368-MY-AK,349,6-175-33-G,,,BF117,,,,36,16200,84,F,,,,2026-06-29 13:59:42,,,,
2026-06-29 14:01:33,UNKNOWN,156,710572,W520111-S450B,705,6-174-37-A,,,MC026,,,,34,119000,28,F,,,,2026-06-29 14:01:33,,,,
2026-06-29 14:32:04,UNKNOWN,156,712183,11546462,951,6-180-14-D,,,MC110,,,,36,23400,85,F,,,,2026-06-29 14:32:04,,,,
2026-06-29 14:33:55,UNKNOWN,280,711129,11546367-MY-AK,686,6-175-20-A,,,BF121,,,,36,25200,SKID# 203,F,,,,2026-06-29 14:33:55,,,,
2026-06-30 14:43:27,UNKNOWN,280,711129,11546367-MY-AK,686,6-175-20-A,,,BF121,,,,36,25200,SKID# 167,F,,,,2026-06-30 14:43:27,,,,
2026-06-29 14:35:39,UNKNOWN,290,711926,06105048AA,kib,6-176-04-A,,,BF105A,,,,36,28800,SKID# 70,F,,,,2026-06-29 14:35:39,,,,
2026-06-29 14:39:38,UNKNOWN,290,711276,11546368-MY-AK,1381,6-175-29-A,,,BF110,,,,36,16200,SKID# 51,F,,,,2026-06-29 14:39:38,,,,
2026-06-29 14:41:21,UNKNOWN,290,711659,11546449,459,6-174-06-B,,,BF106A,,,,20,50000,SKID# 42,F,,,,2026-06-29 14:41:21,,,,
2026-06-29 14:42:32,UNKNOWN,292,711660,11546449,823,6-174-08-A,,,BF106A,,,,16,40000,SKID# 42,F,,,,2026-06-29 14:42:32,,,,
2026-06-30 12:49:21,UNKNOWN,290,711660,11546449,823,6-174-08-A,,,BF106A,,,,f,60000,42,F,,,,2026-06-30 12:49:21,,,,
2026-06-29 14:47:35,UNKNOWN,290,710652,11546368-MY-AK,1613,6-175-31-C,,,BF109A,,,,36,16200,SKID# 37,F,,,,2026-06-29 14:47:35,,,,
2026-06-29 14:49:34,UNKNOWN,290,711293,11546368-MY-AK,1695,6-175-33-O,,,BF107A,,,,36,16200,SKID# 36,F,,,,2026-06-29 14:49:34,,,,
2026-06-29 14:51:11,UNKNOWN,275,711658,11546449,915,6-174-06-A,,,MC112,,,,27,67500,75,F,,,,2026-06-29 14:51:11,,,,
2026-06-29 15:05:00,UNKNOWN,190268,712334,06105102AA,kib,6-180-16-A,,,tb3,,,,24,16080,3,F,,,,2026-06-29 15:05:00,,,,
2026-06-29 15:08:37,UNKNOWN,275,711661,11546449,829,6-174-08-B,,,BF102,,,,36,90000,35,F,,,,2026-06-29 15:08:37,,,,
2026-06-29 15:11:02,UNKNOWN,280,711130,11546367-MY-AK,1431,6-175-20-B,,,BF121,,,,36,25200,SKID# 34,F,,,,2026-06-29 15:11:02,,,,
2026-06-29 15:40:13,UNKNOWN,285391,712333,06105102AA,kib,6-180-01-B,,,tb2,,,,34,22780,29,F,,,,2026-06-29 15:40:13,,,,
2026-06-29 15:41:20,UNKNOWN,190268,712138,11604183,109,6-180-30-B,,,tb3,,,,3,1110,251,F,,,,2026-06-29 15:41:20,,,,
2026-06-29 15:42:35,UNKNOWN,190268,712138,11604183,109,6-180-30-B,,,tb3,,,,36,13320,251,F,,,,2026-06-29 15:42:35,,,,
2026-06-29 16:09:44,UNKNOWN,280,711826,11546389,782,6-174-32-B,,,BF124,,,,36,162000,SKID# 27,F,,,,2026-06-29 16:09:44,,,,
2026-06-29 16:36:55,UNKNOWN,292,710794,11546368-MY-AK,108,6-175-34-F,,,BF110,,,,36,16200,6,F,,,,2026-06-29 16:36:55,,,,
2026-06-29 16:38:02,UNKNOWN,156,710650,11546368-MY-AK,126,6-175-31-A,,,BF117,,,,36,16200,97,F,,,,2026-06-29 16:38:02,,,,
2026-06-29 16:56:50,UNKNOWN,280,711657,11546449,1416,6-174-05-C,,,BF114A/B,,,,36,90000,Bossard Skid #07,F,,,,2026-06-29 16:56:50,,,,
2026-06-29 16:58:41,UNKNOWN,156,712184,11546462,1734,6-180-11-A,,,MC026,,,,36,23400,94,F,,,,2026-06-29 16:58:41,,,,
2026-06-29 16:59:57,UNKNOWN,292,712182,11546462,734,6-180-14-C,,,BF108A,,,,34,22100,3,F,,,,2026-06-29 16:59:57,,,,
2026-06-30 08:20:43,UNKNOWN,275,710574,W520101-S442,292,6-173-40-A,,,BF103A,,,,36,108000,6,F,,,,2026-06-30 08:20:43,,,,
2026-06-30 10:45:52,UNKNOWN,275,710574,W520101-S442,292,6-173-40-A,,,BF103A,,,,13,39000,132,F,,,,2026-06-30 10:45:52,,,,
2026-06-30 08:26:01,UNKNOWN,156,710643,11546368-MY-AK,123,6-175-33-D,,,BF116,,,,36,16200,135,F,,,,2026-06-30 08:26:01,,,,
2026-06-30 08:34:58,UNKNOWN,290,710651,11546368-MY-AK,243,6-175-31-B,,,BF107A,,,,36,16200,SKID #49,F,,,,2026-06-30 08:34:58,,,,
2026-06-30 08:36:24,UNKNOWN,290,710792,11546368-MY-AK,1109,6-175-33-H,,,BF110,,,,36,16200,SKID# 31,F,,,,2026-06-30 08:36:24,,,,
2026-06-30 08:38:06,UNKNOWN,275,711795,11548414-MY-AK,1700,6-180-27-A,,,BF112,,,,36,17460,PACK# 2,F,,,,2026-06-30 08:38:06,,,,
2026-06-30 08:43:01,UNKNOWN,292,711282,11546368-MY-AK,771,6-175-29-B,,,BF109A,,,,36,16200,SKID# 240,F,,,,2026-06-30 08:43:01,,,,
2026-06-30 08:46:11,UNKNOWN,285391,712153,06104388AA,1743,6-180-05-C,,,tb2,,,,26,17160,9,F,,,,2026-06-30 08:46:11,,,,
2026-06-30 08:47:37,UNKNOWN,290,712187,11546462,1721,6-180-12-B,,,MC078,,,,36,23400,SKID# 224,F,,,,2026-06-30 08:47:37,,,,
2026-06-30 08:48:51,UNKNOWN,252294,712173,06513514AA,690,6-180-08-B,,,tb4,,,,29,10440,203,F,,,,2026-06-30 08:48:51,,,,
2026-06-30 09:25:49,UNKNOWN,280,711846,11546449,547,6-174-04-B,,,BF123,,,,36,90000,SKID# 166,F,,,,2026-06-30 09:25:49,,,,
2026-06-30 09:29:25,UNKNOWN,280,711846,11546449,547,6-174-04-B,,,BF123,,,,6,15000,SKID# 181,F,,,,2026-06-30 09:29:25,,,,
2026-06-30 09:26:47,UNKNOWN,156,712186,11546462,1723,6-180-12-A,,,MC026,,,,36,23400,7,F,,,,2026-06-30 09:26:47,,,,
2026-06-30 10:02:17,UNKNOWN,280,711917,11546437-MY-AK,1670,6-180-22-B,,,BF114A/B,,,,36,54000,SKID# 216,F,,,,2026-06-30 10:02:17,,,,
2026-06-30 14:09:12,UNKNOWN,280,711917,11546437-MY-AK,1670,6-180-22-B,,,BF114A/B,,,,24,36000,SKID# 146,F,,,,2026-06-30 14:09:12,,,,
2026-06-30 10:31:13,UNKNOWN,275,711844,11546449,462,6-174-12-B,,,MC112,,,,36,90000,204,F,,,,2026-06-30 10:31:13,,,,
2026-06-30 10:40:45,UNKNOWN,280,711830,11546389,272,6-174-33-B,,,BF124,,,,8,36000,PACK# 3,F,,,,2026-06-30 10:40:45,,,,
2026-06-30 10:42:39,UNKNOWN,292,712188,11546462,1731,6-180-13-A,,,BF108A,,,,36,23400,SKID# 134,F,,,,2026-06-30 10:42:39,,,,
2026-06-30 10:44:35,UNKNOWN,156,712189,11546462,1732,6-180-13-B,,,MC110,,,,36,23400,194,F,,,,2026-06-30 10:44:35,,,,
2026-06-30 10:47:18,UNKNOWN,280,711915,11546437-MY-AK,1645,6-180-21-C,,,BF123,,,,36,54000,SKID# 173,F,,,,2026-06-30 10:47:18,,,,
2026-06-30 15:11:19,UNKNOWN,280,711915,11546437-MY-AK,1645,6-180-21-C,,,BF123,,,,22,33000,SKID# 257,F,,,,2026-06-30 15:11:19,,,,
2026-06-30 11:36:03,UNKNOWN,280,711825,11546389,1363,6-174-32-A,,,BF120,,,,29,130500,SKID# 132,F,,,,2026-06-30 11:36:03,,,,
2026-06-30 12:02:33,UNKNOWN,275,710576,W520101-S442,414,6-173-41-A,,,BF103A,,,,23,69000,231,F,,,,2026-06-30 12:02:33,,,,
2026-07-01 08:45:16,UNKNOWN,275,710576,W520101-S442,414,6-173-41-A,,,BF103A,,,,21,63000,201,F,,,,2026-07-01 08:45:16,,,,
2026-06-30 12:03:43,UNKNOWN,290,712185,11546462,1722,6-180-11-B,,,MC078,,,,36,23400,189,F,,,,2026-06-30 12:03:43,,,,
2026-06-30 12:05:06,UNKNOWN,292,710790,11546368-MY-AK,607,6-175-34-D,,,BF109A,,,,36,16200,160,F,,,,2026-06-30 12:05:06,,,,
2026-06-30 12:16:44,UNKNOWN,156,710360,11546368-MY-AK,1087,6-175-34-A,,,BF116,,,,36,16200,225,F,,,,2026-06-30 12:16:44,,,,
2026-06-30 12:18:19,UNKNOWN,292,711128,11546366-MY-AK,1614,6-180-06-B,,,BF110,,,,36,36000,151,F,,,,2026-06-30 12:18:19,,,,
2026-06-30 12:19:45,UNKNOWN,156,710793,11546368-MY-AK,490,6-175-33-I,,,BF117,,,,36,16200,21,F,,,,2026-06-30 12:19:45,,,,
2026-06-30 12:20:41,UNKNOWN,156,711619,6101968,664,6-174-35-B,,,MC019,,,,28,61600,43,F,,,,2026-06-30 12:20:41,,,,
2026-06-30 12:43:53,UNKNOWN,290,710787,11546368-MY-AK,758,6-175-34-C,,,BF107A,,,,20,9000,124,F,,,,2026-06-30 12:43:53,,,,
2026-06-30 12:45:24,UNKNOWN,275,711851,11546449,605,6-174-11-A,,,BF104A,,,,36,90000,207,F,,,,2026-06-30 12:45:24,,,,
2026-06-30 16:32:42,UNKNOWN,275,711851,11546449,605,6-174-11-A,,,BF104A,,,,6,15000,159,F,,,,2026-06-30 16:32:42,,,,
2026-06-30 13:17:48,UNKNOWN,156,711947,11546462,1681,6-180-26-B,,,MC026,,,,36,23400,154,F,,,,2026-06-30 13:17:48,,,,
2026-06-30 13:54:59,UNKNOWN,156,710795,11546368-MY-AK,1627,6-175-34-G,,,BF117,,,,36,16200,221,F,,,,2026-06-30 13:54:59,,,,
2026-06-30 13:56:39,UNKNOWN,292,710644,11546368-MY-AK,242,6-175-33-E,,,BF109A,,,,36,16200,4,F,,,,2026-06-30 13:56:39,,,,
2026-06-30 14:04:18,UNKNOWN,290,711927,06105048AA,kib,6-176-04-B,,,BF105A,,,,36,28800,SKID# 211,F,,,,2026-06-30 14:04:18,,,,
2026-06-30 14:05:43,UNKNOWN,275,711811,11548414-MY-AK,591,6-180-27-G,,,BF112,,,,36,17460,SKID# 208,F,,,,2026-06-30 14:05:43,,,,
2026-06-30 14:07:46,UNKNOWN,275,711850,11546449,1391,6-174-09-B,,,BF102,,,,30,75000,SKID# 159,F,,,,2026-06-30 14:07:46,,,,
2026-06-30 14:11:00,UNKNOWN,290,711945,11546462,293,6-180-12-E,,,MC078,,,,36,23400,SKID# 109,F,,,,2026-06-30 14:11:00,,,,
2026-06-30 14:12:32,UNKNOWN,292,711125,11546366-MY-AK,554,6-180-07-A,,,BF110,,,,36,36000,7,F,,,,2026-06-30 14:12:32,,,,
2026-06-30 15:47:29,UNKNOWN,292,711125,11546366-MY-AK,554,6-180-07-A,,,BF110,,,,15,15000,136,F,,,,2026-06-30 15:47:29,,,,
2026-06-30 14:40:21,UNKNOWN,292,711946,11546462,545,6-180-26-A,,,BF108A,,,,36,23400,SKID# 218,F,,,,2026-06-30 14:40:21,,,,
2026-06-30 14:41:37,UNKNOWN,280,711916,11546437-MY-AK,154,6-180-22-A,,,BF114A/B,,,,36,54000,SKID# 233,F,,,,2026-06-30 14:41:37,,,,
2026-07-01 11:10:48,UNKNOWN,280,711916,11546437-MY-AK,154,6-180-22-A,,,BF114A/B,,,,20,30000,SKID# 196,F,,,,2026-07-01 11:10:48,,,,
2026-06-30 15:46:29,UNKNOWN,4,706809,11612078,1409,6-163-21-B,,,MC074,,,,36,66600,212,F,,,,2026-06-30 15:46:29,,,,
2026-06-30 15:50:46,UNKNOWN,292,710791,11546368-MY-AK,1086,6-175-34-E,,,BF109A,,,,22,9900,SKID# 29,F,,,,2026-06-30 15:50:46,,,,
2026-06-30 15:51:39,UNKNOWN,292,711928,06105048AA,kib,6-176-05-A,,,BF105A,,,,10,8000,SKID# 253,F,,,,2026-06-30 15:51:39,,,,
2026-06-30 16:05:11,UNKNOWN,292,711126,11546366-MY-AK,1531,6-180-07-B,,,BF110,,,,21,21000,SKID #46,F,,,,2026-06-30 16:05:11,,,,
2026-07-01 11:56:31,UNKNOWN,292,711126,11546366-MY-AK,1531,6-180-07-B,,,BF110,,,,16,16000,209,F,,,,2026-07-01 11:56:31,,,,
2026-06-30 16:20:06,UNKNOWN,156,711950,11546462,1649,6-180-26-C,,,MC110,,,,36,23400,199,F,,,,2026-06-30 16:20:06,,,,
2026-06-30 16:31:01,UNKNOWN,292,711944,11546462,444,6-180-12-D,,,BF108A,,,,36,23400,SKID# 176,F,,,,2026-06-30 16:31:01,,,,
2026-07-01 10:52:13,UNKNOWN,292,711944,11546462,444,6-180-12-D,,,BF108A,,,,8,5200,32,F,,,,2026-07-01 10:52:13,,,,
2026-06-30 16:34:41,UNKNOWN,156,710642,11546368-MY-AK,824,6-175-33-C,,,BF117,,,,36,16200,197,F,,,,2026-06-30 16:34:41,,,,
2026-06-30 16:35:40,UNKNOWN,156,710646,11546368-MY-AK,647,6-175-33-F,,,BF116,,,,36,16200,242,F,,,,2026-06-30 16:35:40,,,,
2026-06-30 16:57:34,UNKNOWN,290,711948,11546462,404,6-180-12-C,,,MC078,,,,32,20800,SKID# 51,F,,,,2026-06-30 16:57:34,,,,
2026-07-01 08:25:02,UNKNOWN,290,711237,NU1405-00,gaylord,6-172-38-B,,,BF107A,,,,1,75000,241,F,,,,2026-07-01 08:25:02,,,,
2026-07-01 08:47:34,UNKNOWN,275,711885,06511701AA,1423,6-180-10-B,,,MC112,,,,36,82800,90,F,,,,2026-07-01 08:47:34,,,,
2026-07-01 08:48:38,UNKNOWN,275,711806,11548414-MY-AK,1426,6-180-27-F,,,BF112,,,,36,17460,237,F,,,,2026-07-01 08:48:38,,,,
2026-07-01 10:51:33,UNKNOWN,275,711806,11548414-MY-AK,1426,6-180-27-F,,,BF112,,,,8,3880,181,F,,,,2026-07-01 10:51:33,,,,
2026-07-01 08:56:34,UNKNOWN,280,711913,11546437-MY-AK,729,6-180-21-A,,,BF123,,,,36,54000,SKID# 4,F,,,,2026-07-01 08:56:34,,,,
2026-07-01 12:28:19,UNKNOWN,280,711913,11546437-MY-AK,729,6-180-21-A,,,BF123,,,,25,37500,SKID# 171,F,,,,2026-07-01 12:28:19,,,,
2026-07-01 09:25:26,UNKNOWN,156,711817,06104725AA,979,6-175-23-A,,,MC024,,,,36,100800,59,F,,,,2026-07-01 09:25:26,,,,
2026-07-01 09:26:49,UNKNOWN,292,711127,11546366-MY-AK,1005,6-180-06-A,,,BF110,,,,36,36000,5,F,,,,2026-07-01 09:26:49,,,,
2026-07-01 11:55:26,UNKNOWN,292,711127,11546366-MY-AK,1005,6-180-06-A,,,BF110,,,,16,16000,209,F,,,,2026-07-01 11:55:26,,,,
2026-07-01 09:56:34,UNKNOWN,290,711929,06105048AA,kib,6-176-05-B,,,BF105A,,,,11,8800,253,F,,,,2026-07-01 09:56:34,,,,
2026-07-01 09:58:22,UNKNOWN,156,711283,11546368-MY-AK,113,6-175-29-J,,,BF117,,,,26,11700,249,F,,,,2026-07-01 09:58:22,,,,
2026-07-01 10:59:37,UNKNOWN,156,711812,11548414-MY-AK,1067,6-180-27-H,,,BF117,,,,36,17460,41,F,,,,2026-07-01 10:59:37,,,,
2026-07-01 11:00:57,UNKNOWN,290,711665,11546449,366,6-174-07-C,,,BF106A,,,,33,82500,175,F,,,,2026-07-01 11:00:57,,,,
2026-07-01 11:08:52,UNKNOWN,280,711914,11546437-MY-AK,943,6-180-21-B,,,BF114A/B,,,,16,24000,SKID# 196,F,,,,2026-07-01 11:08:52,,,,
2026-07-01 13:59:00,UNKNOWN,280,711914,11546437-MY-AK,943,6-180-21-B,,,BF114A/B,,,,33,49500,SKID# 162,F,,,,2026-07-01 13:59:00,,,,
2026-07-01 11:18:31,UNKNOWN,190268,711892,11602326,381,6-182-01-G,,,tb3,,,,36,4320,160,F,,,,2026-07-01 11:18:31,,,,
2026-07-01 11:19:53,UNKNOWN,245257,711891,11602326,224,6-182-01-F,,,tb6,,,,36,4320,205,F,,,,2026-07-01 11:19:53,,,,
2026-07-01 11:21:56,UNKNOWN,190268,711890,11602326,1383,6-182-01-E,,,tb3,,,,36,4320,188,F,,,,2026-07-01 11:21:56,,,,
2026-07-01 11:23:08,UNKNOWN,290,711953,11546462,852,6-180-26-E,,,MC078,,,,36,23400,124,F,,,,2026-07-01 11:23:08,,,,
2026-07-01 11:46:15,UNKNOWN,275,711804,11548414-MY-AK,15,6-180-27-D,,,BF112,,,,28,13580,,F,,,,2026-07-01 11:46:15,,,,
2026-07-01 11:49:32,UNKNOWN,156,712181,11546462,678,6-180-14-B,,,MC110,,,,32,20800,119,F,,,,2026-07-01 11:49:32,,,,
2026-07-01 11:50:07,UNKNOWN,290,711249,NU1405-00,gaylord,6-172-40-B,,,BF107A,,,,1,54000,135,F,,,,2026-07-01 11:50:07,,,,
2026-07-01 12:05:47,UNKNOWN,156,711446,11549168,895,6-181-19-B,,,MC110,,,,36,36000,10,F,,,,2026-07-01 12:05:47,,,,
2026-07-01 12:15:38,UNKNOWN,156,711445,11549168,260,6-181-19-A,,,MC026,,,,36,36000,3,F,,,,2026-07-01 12:15:38,,,,
2026-07-01 12:16:24,UNKNOWN,292,711228,40204491,1084,6-180-20-A,,,BF109A,,,,36,22500,110,F,,,,2026-07-01 12:16:24,,,,
2026-07-01 12:17:20,UNKNOWN,156,712146,06511847AA,73,6-180-24-B,,,BF116,,,,36,27000,18,F,,,,2026-07-01 12:17:20,,,,
2026-07-01 13:17:53,UNKNOWN,156,711805,11548414-MY-AK,540,6-180-27-E,,,BF117,,,,36,17460,89,F,,,,2026-07-01 13:17:53,,,,
2026-07-01 14:00:00,UNKNOWN,275,710308,11546448,499,6-166-08-B,,,BF102,,,,36,118800,35,F,,,,2026-07-01 14:00:00,,,,
2026-07-01 14:01:17,UNKNOWN,292,710993,11549168,744,6-180-39-F,,,BF110,,,,36,36000,233,F,,,,2026-07-01 14:01:17,,,,
2026-07-01 15:05:21,UNKNOWN,292,710993,11549168,744,6-180-39-F,,,BF110,,,,14,14000,146,F,,,,2026-07-01 15:05:21,,,,
2026-07-01 14:02:38,UNKNOWN,292,711442,11549168,1626,6-180-39-D,,,BF108A,,,,36,36000,159,F,,,,2026-07-01 14:02:38,,,,
2026-07-01 14:58:03,UNKNOWN,280,711829,11546389,382,6-174-33-A,,,BF124,,,,27,121500,-,F,,,,2026-07-01 14:58:03,,,,
2026-07-01 15:02:12,UNKNOWN,275,711246,NU1405-00,gaylord,6-172-39-A,,,BF103A,,,,1,77480,29,F,,,,2026-07-01 15:02:12,,,,
2026-07-01 15:03:43,UNKNOWN,290,710992,11549168,552,6-180-39-E,,,BF107A,,,,32,32000,82,F,,,,2026-07-01 15:03:43,,,,
2026-07-01 15:04:25,UNKNOWN,290,712330,11588714,kib,6-180-03-A,,,BF105A,,,,23,32200,169,F,,,,2026-07-01 15:04:25,,,,
2026-07-01 15:30:57,UNKNOWN,275,711441,11549168,72,6-180-39-C,,,BF103A,,,,36,36000,SKID# 239,F,,,,2026-07-01 15:30:57,,,,
2026-07-01 15:31:48,UNKNOWN,156,711796,11548414-MY-AK,173,6-180-27-B,,,BF117,,,,36,17460,52,F,,,,2026-07-01 15:31:48,,,,
2026-07-01 15:33:01,UNKNOWN,280,711131,11546367-MY-AK,157,6-175-20-C,,,BF121,,,,27,18900,SKID# 36,F,,,,2026-07-01 15:33:01,,,,
2026-07-01 15:40:20,UNKNOWN,279293,712299,11602031,841,6-182-05-B,,,tb5,,,,30,4350,182,F,,,,2026-07-01 15:40:20,,,,
2026-07-01 15:41:25,UNKNOWN,"285.,391",712302,11602031,1671,6-182-05-E,,,tb2,,,,21,3045,220,F,,,,2026-07-01 15:41:25,,,,
2026-07-01 15:42:33,UNKNOWN,252,712745,82250,kib,6-181-31-D,,,tb4,,,,16,10000,180,F,,,,2026-07-01 15:42:33,,,,
2026-07-01 15:43:42,UNKNOWN,252294,712744,82250,kib,6-181-31-C,,,tb4,,,,17,10625,180,F,,,,2026-07-01 15:43:42,,,,
2026-07-01 15:45:23,UNKNOWN,275,711671,11546449,486,6-174-08-C,,,BF104A,,,,30,75000,256,F,,,,2026-07-01 15:45:23,,,,
2026-07-01 15:46:05,UNKNOWN,252,712742,82250,kib,6-181-31-A,,,tb4,,,,14,8750,47,F,,,,2026-07-01 15:46:05,,,,
2026-07-02 08:31:18,UNKNOWN,156,711707,11546366-MY-AK,1587,6-182-21-B,,,MC026,,,,36,36000,241,F,,,,2026-07-02 08:31:18,,,,
2026-07-02 08:41:06,UNKNOWN,290,711229,40204491,65,6-180-20-B,,,BF109A,,,,36,22500,201,F,,,,2026-07-02 08:41:06,,,,
2026-07-02 08:44:44,UNKNOWN,292,711463,11549170,825,6-180-42-G,,,BF110,,,,36,14400,SKID# 242,F,,,,2026-07-02 08:44:44,,,,
2026-07-02 08:45:48,UNKNOWN,275,711803,11548414-MY-AK,305,6-180-27-C,,,BF112,,,,36,17460,167,F,,,,2026-07-02 08:45:48,,,,
2026-07-02 08:57:34,UNKNOWN,280,f,11546545,12,6-182-04-B,,,BF123,,,,36,90000,SKID# 219,F,,,,2026-07-02 08:57:34,,,,
2026-07-02 08:59:09,UNKNOWN,285391,711939,11549204,222,6-182-06-J,,,tb2,,,,36,7560,191,F,,,,2026-07-02 08:59:09,,,,
2026-07-02 09:00:07,UNKNOWN,157292,712300,11602031,555,6-182-05-C,,,tb1,,,,29,4205,245,F,,,,2026-07-02 09:00:07,,,,
2026-07-02 09:01:14,UNKNOWN,285391,712743,82250,kib,6-181-31-B,,,tb2,,,,17,10625,222,F,,,,2026-07-02 09:01:14,,,,
2026-07-02 09:15:18,UNKNOWN,290,712295,82248,1061,6-182-02-B,,,MC078,,,,35,36750,197,F,,,,2026-07-02 09:15:18,,,,
2026-07-02 09:16:17,UNKNOWN,275292,711437,11549168,1340,6-180-39-A,,,BF108A,,,,36,36000,240,F,,,,2026-07-02 09:16:17,,,,
2026-07-02 10:42:58,UNKNOWN,275,711437,11549168,1340,6-180-39-A,,,BF108A,,,,9,9000,96,F,,,,2026-07-02 10:42:58,,,,
2026-07-02 09:39:24,UNKNOWN,156,711236,NU1405-00,gaylord,6-172-38-A,,,MC019,,,,1,81955,98,F,,,,2026-07-02 09:39:24,,,,
2026-07-02 09:41:09,UNKNOWN,290,712331,11588714,kib,6-180-03-B,,,BF105A,,,,13,18200,169,F,,,,2026-07-02 09:41:09,,,,
2026-07-02 12:56:30,UNKNOWN,290,712331,11588714,kib,6-180-03-B,,,BF105A,,,,12,16800,111,F,,,,2026-07-02 12:56:30,,,,
2026-07-02 09:43:03,UNKNOWN,290,711458,11549170,862,6-180-43-D,,,BF107A,,,,36,14400,226,F,,,,2026-07-02 09:43:03,,,,
2026-07-02 09:44:28,UNKNOWN,156,712145,06511847AA,944,6-180-24-A,,,BF116,,,,30,22500,81,F,,,,2026-07-02 09:44:28,,,,
2026-07-02 09:46:00,UNKNOWN,156,711459,11549170,1646,6-180-43-E,,,BF116,,,,36,14400,247,F,,,,2026-07-02 09:46:00,,,,
2026-07-02 10:08:11,UNKNOWN,280,712144,11546389BR,1045,6-180-25-B,,,BF120,,,,33,128700,SKID# 212,F,,,,2026-07-02 10:08:11,,,,
2026-07-02 10:38:41,UNKNOWN,280,712144,11546389BR,1045,6-180-25-B,,,BF120,,,,2,7800,212,F,,,,2026-07-02 10:38:41,,,,
2026-07-02 10:40:30,UNKNOWN,156,711802,11548414-MY-AK,1089,6-180-28-B,,,BF117,,,,15,7275,251,F,,,,2026-07-02 10:40:30,,,,
2026-07-02 10:44:30,UNKNOWN,275,711443,11549168,88,6-181-20-A,,,BF108A,,,,27,27000,96,F,,,,2026-07-02 10:44:30,,,,
2026-07-02 15:31:24,UNKNOWN,275,711443,11549168,88,6-181-20-A,,,BF108A,,,,15,15000,2,F,,,,2026-07-02 15:31:24,,,,
2026-07-02 10:46:30,UNKNOWN,156,711451,11549170,561,6-180-42-A,,,BF117,,,,36,14400,200,F,,,,2026-07-02 10:46:30,,,,
2026-07-02 11:23:30,UNKNOWN,290,711457,11549170,837,6-180-43-C,,,BF104A,,,,36,14400,223,F,,,,2026-07-02 11:23:30,,,,
2026-07-02 11:28:54,UNKNOWN,290,711008,11549170,1516,6-180-41-A,,,BF109A,,,,36,14400,SKID# 60,F,,,,2026-07-02 11:28:54,,,,
2026-07-02 11:40:51,UNKNOWN,290,711454,11549170,836,6-180-42-D,,,BF107A,,,,36,14400,SKID# 255,F,,,,2026-07-02 11:40:51,,,,
2026-07-02 11:44:26,UNKNOWN,275,711884,06511701AA,1546,6-180-10-A,,,MC112,,,,35,80500,SKID# 227,F,,,,2026-07-02 11:44:26,,,,
2026-07-02 11:45:36,UNKNOWN,280,711818,06104725AA,39,6-175-23-B,,,BF114A/B,,,,36,100800,SKID# 65,F,,,,2026-07-02 11:45:36,,,,
2026-07-02 12:36:11,UNKNOWN,280,712262,11546545,400,6-182-16-A,,,BF123,,,,36,90000,SKID# 187,F,,,,2026-07-02 12:36:11,,,,
2026-07-13 08:34:55,UNKNOWN,280,712262,11546545,400,6-182-15-B,,,BF123,,,,36,90000,187,F,,,,2026-07-13 08:34:55,,,,
2026-07-02 12:57:32,UNKNOWN,156,711456,11549170,402,6-180-42-F,,,BF117,,,,36,14400,206,F,,,,2026-07-02 12:57:32,,,,
2026-07-02 12:58:28,UNKNOWN,156,711455,11549170,750,6-180-42-E,,,BF116,,,,36,14400,161,F,,,,2026-07-02 12:58:28,,,,
2026-07-02 13:12:39,UNKNOWN,156,711706,11546366-MY-AK,220,6-182-21-A,,,MC026,,,,36,36000,229,F,,,,2026-07-02 13:12:39,,,,
2026-07-02 13:14:11,UNKNOWN,156,711438,11549168,1625,6-180-39-B,,,MC110,,,,36,36000,68,F,,,,2026-07-02 13:14:11,,,,
2026-07-02 13:15:34,UNKNOWN,290,711452,11549170,1501,6-180-42-B,,,BF107A,,,,36,14400,179,F,,,,2026-07-02 13:15:34,,,,
2026-07-02 13:20:07,UNKNOWN,275,711801,11548414-MY-AK,562,6-180-28-A,,,BF112,,,,36,17460,11,F,,,,2026-07-02 13:20:07,,,,
2026-07-02 15:32:02,UNKNOWN,275,711801,11548414-MY-AK,562,6-180-28-A,,,BF112,,,,10,4850,1,F,,,,2026-07-02 15:32:02,,,,
2026-07-02 14:17:14,UNKNOWN,290,711464,11549170,1408,6-180-42-H,,,BF110,,,,36,14400,8,F,,,,2026-07-02 14:17:14,,,,
2026-07-02 15:50:52,UNKNOWN,290,711464,11549170,1408,6-180-42-H,,,BF110,,,,13,5200,8,F,,,,2026-07-02 15:50:52,,,,
2026-07-02 14:18:28,UNKNOWN,290,712294,82248,1401,6-182-02-A,,,MC078,,,,35,36750,49,F,,,,2026-07-02 14:18:28,,,,
2026-07-02 14:23:32,UNKNOWN,290,711010,11549170,475,6-180-41-B,,,BF109A,,,,36,14400,47,F,,,,2026-07-02 14:23:32,,,,
2026-07-02 14:26:49,UNKNOWN,156,711461,11549170,98,6-180-40-A,,,BF117,,,,36,14400,34,F,,,,2026-07-02 14:26:49,,,,
2026-07-02 14:32:40,UNKNOWN,285391,712730,W705606-S440,kib,6-181-30-A,,,tb2,,,,36,20880,123,F,,,,2026-07-02 14:32:40,,,,
2026-07-02 14:33:35,UNKNOWN,190268,712731,W705606-S440,kib,6-181-30-B,,,tb3,,,,31,17980,78,F,,,,2026-07-02 14:33:35,,,,
2026-07-02 14:34:30,UNKNOWN,157292,711921,06105102AA,kib,6-176-02-B,,,t1,,,,23,15410,250,F,,,,2026-07-02 14:34:30,,,,
2026-07-02 14:35:54,UNKNOWN,257272,710495,11546367-CA-IN,1533,6-182-19-E,,,tb6,,,,36,25200,141,F,,,,2026-07-02 14:35:54,,,,
2026-07-02 15:11:21,UNKNOWN,290,712198,6101736,712,6-182-08-A,,,BF106A,,,,36,115200,SKID# 37,F,,,,2026-07-02 15:11:21,,,,
2026-07-06 10:35:13,UNKNOWN,290,712198,6101736,712,6-182-08-A,,,BF106A,,,,6,19200,73,F,,,,2026-07-06 10:35:13,,,,
2026-07-02 15:12:55,UNKNOWN,275,711647,11546448,1651,6-180-29-B,,,BF102,,,,36,118800,225,F,,,,2026-07-02 15:12:55,,,,
2026-07-02 15:14:10,UNKNOWN,156,711465,11549170,1095,6-180-42-I,,,BF116,,,,36,14400,3,F,,,,2026-07-02 15:14:10,,,,
2026-07-02 15:48:13,UNKNOWN,290,711453,11549170,256,6-180-42-C,,,BF107A,,,,36,14400,208,F,,,,2026-07-02 15:48:13,,,,
2026-07-06 10:34:45,UNKNOWN,290,711453,11549170,256,6-180-42-C,,,BF107A,,,,13,5200,140,F,,,,2026-07-06 10:34:45,,,,
2026-07-02 15:50:00,UNKNOWN,290,711460,11549170,343,6-180-43-F,,,BF109A,,,,36,14400,9,F,,,,2026-07-02 15:50:00,,,,
2026-07-02 15:52:05,UNKNOWN,290,711462,11549170,120,6-180-40-B,,,BF110,,,,23,9200,8,F,,,,2026-07-02 15:52:05,,,,
2026-07-06 08:00:57,UNKNOWN,290,711462,11549170,120,6-180-40-B,,,BF110,,,,8,3200,209,F,,,,2026-07-06 08:00:57,,,,
2026-07-02 16:06:29,UNKNOWN,275,711444,11549168,636,6-181-20-B,,,BF108A,,,,21,21000,-,F,,,,2026-07-02 16:06:29,,,,
2026-07-06 10:43:32,UNKNOWN,275,711444,11549168,636,6-181-20-B,,,BF108A,,,,20,20000,172,F,,,,2026-07-06 10:43:32,,,,
2026-07-02 16:08:35,UNKNOWN,157292,710492,11546367-CA-IN,364,6-182-19-D,,,tb1,,,,36,25200,SKID# 52,F,,,,2026-07-02 16:08:35,,,,
2026-07-02 16:09:17,UNKNOWN,280,712282,NU1305-01,181,6-182-25-A,,,BF118A/B,,,,1,64455,SKID# 242,F,,,,2026-07-02 16:09:17,,,,
2026-07-02 16:30:52,UNKNOWN,4,706392,11612078,508,6-152-59-A,,,MC074,,,,36,66600,240,F,,,,2026-07-02 16:30:52,,,,
2026-07-07 09:01:10,UNKNOWN,4,706392,11612078,508,6-152-59-A,,,MC074,,,,8,14800,249,F,,,,2026-07-07 09:01:10,,,,
2026-07-06 08:15:07,UNKNOWN,156,711450,11549170,344,6-180-43-B,,,BF117,,,,36,14400,207,F,,,,2026-07-06 08:15:07,,,,
2026-07-06 08:16:08,UNKNOWN,156,711704,11546366-MY-AK,596,6-182-20-A,,,MC026,,,,36,36000,165,F,,,,2026-07-06 08:16:08,,,,
2026-07-06 08:44:19,UNKNOWN,156,710271,W520514-S442,523,6-173-46-A,,,MC019,,,,36,40500,252,F,,,,2026-07-06 08:44:19,,,,
2026-07-06 10:41:34,UNKNOWN,156,710271,W520514-S442,523,6-173-46-A,,,MC019,,,,5,5625,163,F,,,,2026-07-06 10:41:34,,,,
2026-07-06 08:46:17,UNKNOWN,275,712261,11546545,921,6-182-04-B,,,BF104A,,,,36,90000,87,F,,,,2026-07-06 08:46:17,,,,
2026-07-06 08:48:22,UNKNOWN,157292,711118,11516133,716,6-183-23-F,,,tb1,,,,28,14000,255,F,,,,2026-07-06 08:48:22,,,,
2026-07-06 08:49:48,UNKNOWN,272257,710251,11516133,1439,6-183-23-C,,,t6,,,,36,18000,60,F,,,,2026-07-06 08:49:48,,,,
2026-07-06 08:56:45,UNKNOWN,157292,711154,W520217-S440,707,6-183-33-B,,,tb1,,,,36,4860,162,F,,,,2026-07-06 08:56:45,,,,
2026-07-06 08:57:54,UNKNOWN,190268,710252,11516133,1014,6-183-23-D,,,tb3,,,,33,16500,156,F,,,,2026-07-06 08:57:54,,,,
2026-07-06 09:24:56,UNKNOWN,280,711132,11546367-MY-AK,905,6-175-20-D,,,BF121,,,,36,25200,SKID# 257,F,,,,2026-07-06 09:24:56,,,,
2026-07-06 12:29:00,UNKNOWN,280,711132,11546367-MY-AK,905,6-175-20-D,,,BF121,,,,6,4200,SKID# 202,F,,,,2026-07-06 12:29:00,,,,
2026-07-06 09:39:07,UNKNOWN,156,711012,11549170,1078,6-183-38-A,,,BF116,,,,36,14400,3,F,,,,2026-07-06 09:39:07,,,,
2026-07-06 09:47:41,UNKNOWN,290,711467,11549170,822,6-180-43-G,,,BF110,,,,28,11200,209,F,,,,2026-07-06 09:47:41,,,,
2026-07-06 12:30:37,UNKNOWN,290,711467,11549170,822,6-180-43-G,,,BF110,,,,14,5600,59,F,,,,2026-07-06 12:30:37,,,,
2026-07-06 09:53:58,UNKNOWN,290,711793,11546368-MY-AK,167,6-182-28-C,,,MC078,,,,36,16200,SKID# 122,F,,,,2026-07-06 09:53:58,,,,
2026-07-06 10:38:43,UNKNOWN,156,710995,11549168,388,6-183-35-D,,,MC110,,,,36,36000,178,F,,,,2026-07-06 10:38:43,,,,
2026-07-06 10:40:37,UNKNOWN,156,711014,11549170,1555,6-183-38-C,,,BF117,,,,36,14400,192,F,,,,2026-07-06 10:40:37,,,,
2026-07-06 10:45:30,UNKNOWN,280,711823,06104725AA,172,6-175-26-A,,,BF114A/B,,,,35,98000,SKID# 131,F,,,,2026-07-06 10:45:30,,,,
2026-07-06 10:46:46,UNKNOWN,275,710997,11549168,484,6-183-36-B,,,BF108A,,,,16,16000,172,F,,,,2026-07-06 10:46:46,,,,
2026-07-06 14:41:47,UNKNOWN,275,710997,11549168,484,6-183-36-B,,,BF108A,,,,32,32000,40,F,,,,2026-07-06 14:41:47,,,,
2026-07-06 10:48:11,UNKNOWN,275,712199,6101736,1021,6-182-08-B,,,MC112,,,,36,115200,1,F,,,,2026-07-06 10:48:11,,,,
2026-07-06 11:44:15,UNKNOWN,275,712199,6101736,1021,6-182-08-A,,,MC112,,,,4,12800,1,F,,,,2026-07-06 11:44:15,,,,
2026-07-06 10:53:22,UNKNOWN,280,711827,11546389BR,45,6-175-17-A,,,BF124,,,,36,140400,SKID# 128,F,,,,2026-07-06 10:53:22,,,,
2026-07-06 11:33:08,UNKNOWN,290,711015,11549170,844,6-183-38-D,,,BF107A,,,,23,9200,140,F,,,,2026-07-06 11:33:08,,,,
2026-07-06 13:17:32,UNKNOWN,290,711015,11549170,844,6-183-38-D,,,BF107A,,,,19,7600,25,F,,,,2026-07-06 13:17:32,,,,
2026-07-06 11:43:41,UNKNOWN,156,711020,11549170,1707,6-183-39-C,,,BF117,,,,36,14400,26,F,,,,2026-07-06 11:43:41,,,,
2026-07-06 12:27:43,UNKNOWN,280,711778,715150010W,711,6-182-33-B,,,BF118A/B,,,,36,90000,SKID# 183,F,,,,2026-07-06 12:27:43,,,,
2026-07-06 12:29:44,UNKNOWN,290,711021,11549170,306,6-183-39-D,,,BF107A,,,,22,8800,59,F,,,,2026-07-06 12:29:44,,,,
2026-07-06 14:40:30,UNKNOWN,290,711021,11549170,306,6-183-39-D,,,BF110,,,,20,8000,68,F,,,,2026-07-06 14:40:30,,,,
2026-07-06 12:31:48,UNKNOWN,275,711761,W711953-S900,446,6-182-32-A,,,BF112,,,,36,63000,251,F,,,,2026-07-06 12:31:48,,,,
2026-07-06 12:57:13,UNKNOWN,156,711017,11549170,1008,6-183-38-F,,,BF116,,,,36,14400,20,F,,,,2026-07-06 12:57:13,,,,
2026-07-06 13:12:49,UNKNOWN,156,710991,11549168,970,6-183-35-B,,,MC019,,,,36,36000,SKID# 24,F,,,,2026-07-06 13:12:49,,,,
2026-07-06 13:14:06,UNKNOWN,290,711016,11549170,1517,6-183-38-E,,,BF109A,,,,36,14400,SKID# 143,F,,,,2026-07-06 13:14:06,,,,
2026-07-06 13:15:16,UNKNOWN,280,710996,11549168,904,6-183-36-A,,,BF121,,,,36,36000,SKID# 93,F,,,,2026-07-06 13:15:16,,,,
2026-07-06 13:16:19,UNKNOWN,275,711646,11546448,1397,6-180-29-A,,,BF102,,,,22,72600,242,F,,,,2026-07-06 13:16:19,,,,
2026-07-06 13:18:35,UNKNOWN,290,711022,11549170,1329,6-183-38-G,,,BF107A,,,,17,6800,25,F,,,,2026-07-06 13:18:35,,,,
2026-07-06 16:44:56,UNKNOWN,290,711022,11549170,1329,6-183-38-G,,,BF107A,,,,26,10400,173,F,,,,2026-07-06 16:44:56,,,,
2026-07-06 13:21:16,UNKNOWN,156,711005,11549170,1541,6-182-38-E,,,BF117,,,,36,14400,91,F,,,,2026-07-06 13:21:16,,,,
2026-07-06 13:23:36,UNKNOWN,293,711040,11547059,92,6-168-28-C,,,tb5,,,,18,9900,SKID# 15,F,,,,2026-07-06 13:23:36,,,,
2026-07-06 14:01:52,UNKNOWN,157292,711767,11610128,1534,6-182-36-A,,,tb1,,,,26,29250,215,F,,,,2026-07-06 14:01:52,,,,
2026-07-06 14:10:44,UNKNOWN,252294,711776,11604439,1012,6-182-29-A,,,tb4,,,,28,19600,150,F,,,,2026-07-06 14:10:44,,,,
2026-07-06 14:11:54,UNKNOWN,293279,710288,06511799AA,42ctns,6-180-31-B,,,t5,,,,3,5400,236,F,,,,2026-07-06 14:11:54,,,,
2026-07-06 14:13:35,UNKNOWN,257272,711768,11610128,495,6-182-36-B,,,tb6,,,,31,34875,228,F,,,,2026-07-06 14:13:35,,,,
2026-07-06 14:14:53,UNKNOWN,190268,712405,W520414-S440,1511,6-187-07-A,,,tb3,,,,34,38080,232,F,,,,2026-07-06 14:14:53,,,,
2026-07-06 14:36:23,UNKNOWN,280,712136,11546545,3,6-182-18-B,,,BF123,,,,36,90000,SKID# 28,F,,,,2026-07-06 14:36:23,,,,
2026-07-06 14:37:56,UNKNOWN,156,711705,11546366-MY-AK,618,6-182-20-B,,,MC026,,,,36,36000,248,F,,,,2026-07-06 14:37:56,,,,
2026-07-06 14:39:07,UNKNOWN,290,711013,11549170,922,6-183-38-B,,,BF110,,,,16,6400,68,F,,,,2026-07-06 14:39:07,,,,
2026-07-07 09:37:18,UNKNOWN,290,711013,11549170,922,6-183-38-B,,,BF110,,,,25,10000,13,F,,,,2026-07-07 09:37:18,,,,
2026-07-06 14:53:30,UNKNOWN,290,712312,06105049AA,kib,6-182-12-A,,,BF105A,,,,16,12800,SKID# 250,F,,,,2026-07-06 14:53:30,,,,
2026-07-07 11:18:37,UNKNOWN,290,712312,06105049AA,kib,6-182-12-A,,,BF105A,,,,21,16800,4,F,,,,2026-07-07 11:18:37,,,,
2026-07-06 14:54:21,UNKNOWN,290,712313,06105049AA,kib,6-182-12-B,,,BF105A,,,,20,16000,SKID# 250,F,,,,2026-07-06 14:54:21,,,,
2026-07-06 15:32:48,UNKNOWN,156,711004,11549170,374,6-182-38-D,,,BF116,,,,36,14400,29,F,,,,2026-07-06 15:32:48,,,,
2026-07-06 15:50:05,UNKNOWN,280,711777,715150010W,1110,6-182-33-A,,,BF118A/B,,,,23,57500,SKID# 65,F,,,,2026-07-06 15:50:05,,,,
2026-07-06 15:52:20,UNKNOWN,290,711466,11549170,1360,6-180-42-J,,,BF109A,,,,36,14400,163,F,,,,2026-07-06 15:52:20,,,,
2026-07-07 09:43:21,UNKNOWN,290,711466,11549170,1360,6-180-42-J,,,BF109A,,,,25,10000,11,F,,,,2026-07-07 09:43:21,,,,
2026-07-06 15:59:32,UNKNOWN,156,711007,11549170,821,6-182-38-G,,,BF117,,,,36,14400,58,F,,,,2026-07-06 15:59:32,,,,
2026-07-06 16:42:51,UNKNOWN,280,711828,11546389BR,237,6-175-17-B,,,BF120,,,,24,93600,SKID# 135,F,,,,2026-07-06 16:42:51,,,,
2026-07-06 16:43:31,UNKNOWN,290,711023,11549170,1057,6-183-38-H,,,BF107A,,,,10,4000,173,F,,,,2026-07-06 16:43:31,,,,
2026-07-07 10:29:23,UNKNOWN,290,711023,11549170,1057,6-183-38-H,,,BF107A,,,,36,14400,129,F,,,,2026-07-07 10:29:23,,,,
2026-07-06 16:46:34,UNKNOWN,275,711760,W711953-S900,1373,6-182-31-B,,,BF112,,,,1,1750,128,F,,,,2026-07-06 16:46:34,,,,
2026-07-06 16:47:30,UNKNOWN,275,711760,W711953-S900,1373,6-182-31-B,,,BF112,,,,36,63000,128,F,,,,2026-07-06 16:47:30,,,,
2026-07-06 16:48:32,UNKNOWN,275,711468,11549170,1655,6-180-43-H,,,BF108A,,,,14,5600,225,F,,,,2026-07-06 16:48:32,,,,
2026-07-07 08:54:45,UNKNOWN,290,711790,11546368-MY-AK,753,6-182-28-B,,,MC078,,,,33,14850,192,F,,,,2026-07-07 08:54:45,,,,
2026-07-07 08:58:01,UNKNOWN,240245,710214,W20-1028-010,545,1T6-170-16-C,,,tb9,,,,36,52200,170,F,,,,2026-07-07 08:58:01,,,,
2026-07-08 10:02:40,UNKNOWN,240245,710214,W20-1028-010,545,1T6-170-16-C,,,tb9,,,,20,29000,240,F,,,,2026-07-08 10:02:40,,,,
2026-07-07 08:59:35,UNKNOWN,4,707324,11612078,705,6-181-32-C,,,MC074,,,,28,51800,249,F,,,,2026-07-07 08:59:35,,,,
2026-07-08 15:39:09,UNKNOWN,257,707324,11612078,705,6-181-32-C,,,MC074,,,,6,11100,Bossard Skid #06,F,,,,2026-07-08 15:39:09,,,,
2026-07-07 09:04:39,UNKNOWN,290,712201,6101736,297,6-182-09-B,,,BF106A,,,,30,96000,73,F,,,,2026-07-07 09:04:39,,,,
2026-07-07 14:54:15,UNKNOWN,290,712201,6101736,297,6-182-09-B,,,BF106A,,,,10,32000,207,F,,,,2026-07-07 14:54:15,,,,
2026-07-07 09:05:31,UNKNOWN,275,711003,11549170,643,6-182-38-C,,,BF108A,,,,22,8800,225,F,,,,2026-07-07 09:05:31,,,,
2026-07-07 12:03:10,UNKNOWN,275,711003,11549170,643,6-182-38-C,,,BF108A,,,,36,14400,SKID# 82,F,,,,2026-07-07 12:03:10,,,,
2026-07-07 09:35:58,UNKNOWN,156,711709,11546366-MY-AK,652,6-182-20-C,,,BF116,,,,36,36000,191,F,,,,2026-07-07 09:35:58,,,,
2026-07-07 14:08:37,UNKNOWN,156,711709,11546366-MY-AK,652,6-182-20-C,,,BF116,,,,36,36000,245,F,,,,2026-07-07 14:08:37,,,,
2026-07-07 09:38:09,UNKNOWN,290,711006,11549170,896,6-182-38-F,,,BF110,,,,11,4400,13,F,,,,2026-07-07 09:38:09,,,,
2026-07-07 09:41:03,UNKNOWN,280,712259,11546545,169,6-182-16-B,,,BF123,,,,33,82500,113,F,,,,2026-07-07 09:41:03,,,,
2026-07-07 09:44:52,UNKNOWN,290,711449,11549170,580,6-180-43-A,,,BF109A,,,,11,4400,11,F,,,,2026-07-07 09:44:52,,,,
2026-07-07 12:50:34,UNKNOWN,290,711449,11549170,580,6-180-43-A,,,BF109A,,,,31,12400,50,F,,,,2026-07-07 12:50:34,,,,
2026-07-07 10:00:17,UNKNOWN,275,712263,11546545,574,6-182-15-C,,,BF104A,,,,36,90000,27,F,,,,2026-07-07 10:00:17,,,,
2026-07-07 10:01:38,UNKNOWN,280,712258,11546545,597,6-182-16-A,,,BF123,,,,36,90000,SKID# 210,F,,,,2026-07-07 10:01:38,,,,
2026-07-07 10:02:49,UNKNOWN,156,711018,11549170,379,6-183-39-A,,,BF117,,,,36,14400,10,F,,,,2026-07-07 10:02:49,,,,
2026-07-07 10:26:51,UNKNOWN,275,711883,6101968,522,6-183-32-B,,,BF103A,,,,36,79200,SKID# 167,F,,,,2026-07-07 10:26:51,,,,
2026-07-07 10:28:13,UNKNOWN,156,711447,11549168,1413,6-183-37-C,,,MC110,,,,36,36000,131,F,,,,2026-07-07 10:28:13,,,,
2026-07-07 10:45:15,UNKNOWN,157292,711225,11546703,34,6-187-14-B,,,tb1,,,,18,72000,215,F,,,,2026-07-07 10:45:15,,,,
2026-07-07 11:19:55,UNKNOWN,156,711002,11549170,1602,6-182-38-B,,,BF117,,,,36,14400,222,F,,,,2026-07-07 11:19:55,,,,
2026-07-07 12:04:53,UNKNOWN,275,711759,W711953-S900,663,6-182-31-A,,,BF112,,,,36,63000,SKID# 104,F,,,,2026-07-07 12:04:53,,,,
2026-07-07 12:30:15,UNKNOWN,280,711821,06104725AA,1043,6-175-25-A,,,BF114A/B,,,,34,95200,SKID# 55,F,,,,2026-07-07 12:30:15,,,,
2026-07-07 12:49:37,UNKNOWN,275,712417,11546456,1529,6-183-21-B,,,BF102,,,,36,97200,171,F,,,,2026-07-07 12:49:37,,,,
2026-07-07 13:05:07,UNKNOWN,275,711895,11546456,1674,6-183-30-B,,,MC112,,,,36,97200,SKID# 33,F,,,,2026-07-07 13:05:07,,,,
2026-07-07 13:06:08,UNKNOWN,290,712314,06105049AA,kib,6-182-13-A,,,BF105A,,,,15,12000,4,F,,,,2026-07-07 13:06:08,,,,
2026-07-08 12:15:49,UNKNOWN,290,712314,06105049AA,kib,6-182-13-A,,,BF105A,,,,10,8000,24,F,,,,2026-07-08 12:15:49,,,,
2026-07-07 13:09:47,UNKNOWN,280,711769,W716298-S450,1559,6-182-34-A,,,BF124,,,,36,126000,SKID# 172,F,,,,2026-07-07 13:09:47,,,,
2026-07-07 13:10:51,UNKNOWN,280,711819,06104725AA,1071,6-175-24-A,,,BF114A/B,,,,35,98000,SKID# 184,F,,,,2026-07-07 13:10:51,,,,
2026-07-07 13:14:30,UNKNOWN,280,710999,11549168,178,6-183-36-D,,,BF121,,,,36,36000,SKID# 133,F,,,,2026-07-07 13:14:30,,,,
2026-07-08 11:57:29,UNKNOWN,280,710999,11549168,178,6-183-36-D,,,BF121,,,,10,10000,SKID# 162,F,,,,2026-07-08 11:57:29,,,,
2026-07-07 13:16:07,UNKNOWN,280,712256,11546545,445,6-182-14-B,,,BF123,,,,36,90000,Marieville - Rec#71,F,,,,2026-07-07 13:16:07,,,,
2026-07-07 14:50:11,UNKNOWN,290,712114,11546378-MY-AK,1524,6-187-02-B,,,BF110,,,,36,45000,SKID# 58,F,,,,2026-07-07 14:50:11,,,,
2026-07-07 14:51:23,UNKNOWN,156,712382,NU1405-00,948,6-187-25-A,,,MC026,,,,1,76444,169,F,,,,2026-07-07 14:51:23,,,,
2026-07-07 14:52:36,UNKNOWN,290,711019,11549170,937,6-183-39-B,,,BF109A,,,,36,14400,SKID# 188,F,,,,2026-07-07 14:52:36,,,,
2026-07-07 14:56:26,UNKNOWN,156,712117,11546378-MY-AK,1575,6-187-03-A,,,BF117,,,,36,45000,97,F,,,,2026-07-07 14:56:26,,,,
2026-07-07 15:08:28,UNKNOWN,280,711782,11609411,1303,6-182-35-B,,,BF120,,,,21,63000,SKID# 173,F,,,,2026-07-07 15:08:28,,,,
2026-07-07 15:22:38,UNKNOWN,280,712257,11546545,1073,6-182-15-A,,,BF123,,,,36,90000,SKID# 160,F,,,,2026-07-07 15:22:38,,,,
2026-07-07 16:07:35,UNKNOWN,290,712384,NU1405-00,1352,6-187-26-A,,,BF107A,,,,1,75000,135,F,,,,2026-07-07 16:07:35,,,,
2026-07-07 16:25:23,UNKNOWN,275,711000,11549170,1684,6-182-38-A,,,BF108A,,,,31,12400,128,F,,,,2026-07-07 16:25:23,,,,
2026-07-07 16:32:49,UNKNOWN,275,711882,6101968,409,6-183-32-A,,,BF103A,,,,32,70400,SKID# 68,F,,,,2026-07-07 16:32:49,,,,
2026-07-07 16:34:19,UNKNOWN,156,711439,11549168,1407,6-183-37-A,,,MC019,,,,36,36000,87,F,,,,2026-07-07 16:34:19,,,,
2026-07-07 16:53:10,UNKNOWN,290,712626,6101831,510,6-188-15-D,,,BF109A,,,,36,36000,SKID# 65,F,,,,2026-07-07 16:53:10,,,,
2026-07-08 08:49:43,UNKNOWN,156,711820,06104725AA,721,6-175-24-B,,,MC024,,,,36,100800,230,F,,,,2026-07-08 08:49:43,,,,
2026-07-08 10:53:43,UNKNOWN,156,711820,06104725AA,721,6-175-24-B,,,MC024,,,,3,8400,230,F,,,,2026-07-08 10:53:43,,,,
2026-07-08 08:51:20,UNKNOWN,275,712135,11546545,918,6-182-18-A,,,BF104A,,,,36,90000,8,F,,,,2026-07-08 08:51:20,,,,
2026-07-08 08:54:27,UNKNOWN,275,711762,W711953-S900,397,6-182-32-B,,,BF112,,,,36,63000,6,F,,,,2026-07-08 08:54:27,,,,
2026-07-08 08:54:50,UNKNOWN,275,711762,W711953-S900,397,6-182-32-B,,,BF112,,,,4,7000,6,F,,,,2026-07-08 08:54:50,,,,
2026-07-08 08:56:24,UNKNOWN,156,710994,11549168,847,6-183-35-C,,,MC110,,,,36,36000,100,F,,,,2026-07-08 08:56:24,,,,
2026-07-08 14:38:26,UNKNOWN,156,710994,11549168,847,6-183-35-C,,,MC110,,,,27,27000,136,F,,,,2026-07-08 14:38:26,,,,
2026-07-08 08:57:53,UNKNOWN,156,712116,11546378-MY-AK,1696,6-187-02-D,,,BF117,,,,36,45000,117,F,,,,2026-07-08 08:57:53,,,,
2026-07-08 09:02:55,UNKNOWN,290,712118,11546378-MY-AK,938,6-187-03-B,,,BF110,,,,36,45000,Magnum Skid# 09,F,,,,2026-07-08 09:02:55,,,,
2026-07-08 09:04:53,UNKNOWN,290,712195,11546449,1745,6-187-10-B,,,BF106A,,,,36,90000,Magnum Skid# 07,F,,,,2026-07-08 09:04:53,,,,
2026-07-08 09:06:05,UNKNOWN,290,712115,11546378-MY-AK,258,6-187-02-C,,,MC078,,,,36,45000,Marieville Skid #72,F,,,,2026-07-08 09:06:05,,,,
2026-07-08 09:42:54,UNKNOWN,275,712418,11546456,763,6-183-22-A,,,BF102,,,,19,51300,222,F,,,,2026-07-08 09:42:54,,,,
2026-07-08 09:52:37,UNKNOWN,275,712627,6101831,358,6-188-15-E,,,BF108A,,,,36,36000,SKID# 237,F,,,,2026-07-08 09:52:37,,,,
2026-07-08 10:58:50,UNKNOWN,275,712419,11546456,394,6-183-22-B,,,MC112,,,,17,45900,222,F,,,,2026-07-08 10:58:50,,,,
2026-07-08 11:00:51,UNKNOWN,290,712126,11546378-MY-AK,190,6-187-04-D,,,BF110,,,,36,45000,SKID# 4,F,,,,2026-07-08 11:00:51,,,,
2026-07-08 11:07:55,UNKNOWN,156,712127,11546378-MY-AK,687,6-187-05-A,,,BF117,,,,36,45000,207,F,,,,2026-07-08 11:07:55,,,,
2026-07-08 11:10:17,UNKNOWN,156,711789,11546368-MY-AK,784,6-182-28-A,,,BF116,,,,36,16200,25,F,,,,2026-07-08 11:10:17,,,,
2026-07-08 11:12:37,UNKNOWN,156,712380,NU1405-00,1513,6-187-24-B,,,MC026,,,,1,82000,197,F,,,,2026-07-08 11:12:37,,,,
2026-07-08 11:17:08,UNKNOWN,290,712385,NU1405-00,451,6-187-26-B,,,BF107A,,,,1,75000,50,F,,,,2026-07-08 11:17:08,,,,
2026-07-08 11:42:35,UNKNOWN,275,710990,11549168,418,6-183-35-A,,,BF112,,,,36,36000,SKID# 97,F,,,,2026-07-08 11:42:35,,,,
2026-07-08 11:58:21,UNKNOWN,280,711440,11549168,856,6-183-37-B,,,BF121,,,,26,26000,SKID# 162,F,,,,2026-07-08 11:58:21,,,,
2026-07-09 12:24:21,UNKNOWN,280,711440,11549168,856,6-183-37-B,,,BF121,,,,18,18000,SKID# 114,F,,,,2026-07-09 12:24:21,,,,
2026-07-08 12:13:37,UNKNOWN,280,712255,11546545,1682,6-182-14-B,,,BF123,,,,36,90000,SKID# 249,F,,,,2026-07-08 12:13:37,,,,
2026-07-08 12:15:01,UNKNOWN,280,712426,11546449,839,6-188-17-A,,,BF114A/B,,,,36,90000,SKID# 120,F,,,,2026-07-08 12:15:01,,,,
2026-07-08 12:35:00,UNKNOWN,156,712108,11546367-MY-AK,1520,6-189-01-F,,,BF117,,,,36,25200,SKID #49,F,,,,2026-07-08 12:35:00,,,,
2026-07-08 12:36:15,UNKNOWN,290,712315,06105049AA,kib,6-182-13-B,,,BF105A,,,,20,16000,247,F,,,,2026-07-08 12:36:15,,,,
2026-07-08 12:41:54,UNKNOWN,290,712107,11546367-MY-AK,1528,6-189-01-E,,,BF109A,,,,36,25200,SKID# 220,F,,,,2026-07-08 12:41:54,,,,
2026-07-08 13:09:04,UNKNOWN,275,712310,6101968,826,6-183-27-A,,,BF103A,,,,36,79200,SKID# 56,F,,,,2026-07-08 13:09:04,,,,
2026-07-08 13:10:19,UNKNOWN,156,711576,W520113-S440,27,6-189-06-A,,,MC024,,,,36,37800,133,F,,,,2026-07-08 13:10:19,,,,
2026-07-08 14:10:31,UNKNOWN,290,712125,11546378-MY-AK,481,6-187-04-C,,,mc78,,,,36,45000,77,F,,,,2026-07-08 14:10:31,,,,
2026-07-08 14:31:08,UNKNOWN,156,710998,11549168,396,6-183-36-C,,,MC019,,,,36,36000,238,F,,,,2026-07-08 14:31:08,,,,
2026-07-10 09:51:31,UNKNOWN,156,710998,11549168,396,6-183-36-C,,,MC019,,,,24,24000,85,F,,,,2026-07-10 09:51:31,,,,
2026-07-08 14:33:37,UNKNOWN,156,711794,11546368-MY-AK,1114,6-182-28-D,,,BF116,,,,36,16200,129,F,,,,2026-07-08 14:33:37,,,,
2026-07-08 14:35:33,UNKNOWN,275,711896,11546456,820,6-183-31-A,,,BF102,,,,36,97200,32,F,,,,2026-07-08 14:35:33,,,,
2026-07-08 14:36:48,UNKNOWN,275,712633,6101831,984,6-188-16-D,,,BF108A,,,,36,36000,80,F,,,,2026-07-08 14:36:48,,,,
2026-07-08 14:53:20,UNKNOWN,unknow,712128,11546378-MY-AK,551,6-187-05-B,,,unknown,,,,36,45000,37,F,,,,2026-07-08 14:53:20,,,,
2026-07-08 14:55:02,UNKNOWN,275,712622,6101831,498,6-188-15-A,,,bf108,,,,36,36000,20,F,,,,2026-07-08 14:55:02,,,,
2026-07-09 10:10:12,UNKNOWN,275,712622,6101831,498,6-188-15-A,,,BF108A,,,,10,10000,228,F,,,,2026-07-09 10:10:12,,,,
2026-07-08 14:57:00,UNKNOWN,280,712129,11546545,1346,6-182-17-A,,,bf123,,,,36,90000,93,F,,,,2026-07-08 14:57:00,,,,
2026-07-08 16:14:43,UNKNOWN,280,712129,11546545,1346,6-182-17-A,,,BF123,,,,4,10000,93,F,,,,2026-07-08 16:14:43,,,,
2026-07-08 15:00:05,UNKNOWN,275,711448,11549168,1544,6-183-37-D,,,BF112,,,,36,36000,PACK# 10,F,,,,2026-07-08 15:00:05,,,,
2026-07-09 09:33:04,UNKNOWN,275,711448,11549168,1544,6-183-37-D,,,BF112,,,,4,4000,10,F,,,,2026-07-09 09:33:04,,,,
2026-07-08 15:11:42,UNKNOWN,280,712377,NU1405-00,1079,6-187-23-B,,,BF121,,,,1,75000,PACK# 7,F,,,,2026-07-08 15:11:42,,,,
2026-07-08 15:58:31,UNKNOWN,156,711708,11546366-MY-AK,1710,6-182-20-D,,,BF116,,,,36,36000,-,F,,,,2026-07-08 15:58:31,,,,
2026-07-08 16:01:15,UNKNOWN,156,711708,11546366-MY-AK,1710,6-182-20-D,,,BF116,,,,9,9000,,F,,,,2026-07-08 16:01:15,,,,
2026-07-08 16:04:36,UNKNOWN,290,712381,NU1405-00,41,6-187-24-C,,,BF107A,,,,1,75000,8,F,,,,2026-07-08 16:04:36,,,,
2026-07-08 16:32:31,UNKNOWN,290,712120,11546378-MY-AK,53,6-187-02-E,,,BF110,,,,36,45000,Magnum Skid# 06,F,,,,2026-07-08 16:32:31,,,,
2026-07-08 16:35:55,UNKNOWN,290,712103,11546367-MY-AK,464,6-189-01-A,,,BF109A,,,,36,25200,Marieville Skid #72,F,,,,2026-07-08 16:35:55,,,,
2026-07-09 08:23:01,UNKNOWN,156,712376,NU1405-00,1448,6-187-23-A,,,MC026,,,,1,77900,59,F,,,,2026-07-09 08:23:01,,,,
2026-07-09 08:25:13,UNKNOWN,275,712254,11546545,145,6-182-14-A,,,BF104A,,,,36,90000,Magnum Skid# 09,F,,,,2026-07-09 08:25:13,,,,
2026-07-09 08:30:21,UNKNOWN,156,712104,11546367-MY-AK,373,6-189-01-B,,,BF117,,,,36,25200,1,F,,,,2026-07-09 08:30:21,,,,
2026-07-09 08:37:10,UNKNOWN,156,712700,11546463,466,6-189-13-A,,,BF116,,,,36,16200,9,F,,,,2026-07-09 08:37:10,,,,
2026-07-09 09:03:54,UNKNOWN,290,712321,06509967AA,kib,6-183-34-D,,,BF105A,,,,18,14850,SKID# 111,F,,,,2026-07-09 09:03:54,,,,
2026-07-09 10:09:37,UNKNOWN,275,712623,6101831,312,6-188-15-B,,,BF108A,,,,26,26000,228,F,,,,2026-07-09 10:09:37,,,,
2026-07-09 14:40:45,UNKNOWN,275,712623,6101831,312,6-188-15-B,,,BF108A,,,,15,15000,SKID# 174,F,,,,2026-07-09 14:40:45,,,,
2026-07-09 10:11:52,UNKNOWN,275,712311,6101968,604,6-183-27-B,,,BF103A,,,,32,70400,190,F,,,,2026-07-09 10:11:52,,,,
2026-07-09 10:12:51,UNKNOWN,290,712378,NU1405-00,1344,6-187-23-C,,,BF107A,,,,1,43300,185,F,,,,2026-07-09 10:12:51,,,,
2026-07-09 10:17:13,UNKNOWN,156,712624,6101831,83,6-188-15-C,,,MC110,,,,36,36000,3,F,,,,2026-07-09 10:17:13,,,,
2026-07-09 10:23:13,UNKNOWN,275,712805,W520111-S440,972,6-189-07-A,,,MC112,,,,36,126000,SKID# 4,F,,,,2026-07-09 10:23:13,,,,
2026-07-09 10:24:27,UNKNOWN,275,711800,11546368-MY-AK,209,6-189-32-F,,,BF112,,,,36,16200,SKID# 124,F,,,,2026-07-09 10:24:27,,,,
2026-07-09 10:25:40,UNKNOWN,156,712111,11546367-MY-AK,51,6-189-01-I,,,BF117,,,,36,25200,242,F,,,,2026-07-09 10:25:40,,,,
2026-07-09 11:12:23,UNKNOWN,280,712424,11546449,671,6-188-22-A,,,BF123,,,,36,90000,SKID# 132,F,,,,2026-07-09 11:12:23,,,,
2026-07-09 11:13:54,UNKNOWN,280,712716,11546377,1677,6-189-23-A,,,BF118A/B,,,,27,58050,SKID# 172,F,,,,2026-07-09 11:13:54,,,,
2026-07-09 11:30:59,UNKNOWN,257,708437,11612078,815,6-181-33-C,,,MC074,,,,30,55500,6,F,,,,2026-07-09 11:30:59,,,,
2026-07-09 11:31:54,UNKNOWN,280,712191,11546449,1737,6-187-08-B,,,BF114A/B,,,,36,90000,SKID# 12,F,,,,2026-07-09 11:31:54,,,,
2026-07-09 12:22:30,UNKNOWN,156,712698,11546463,590,6-189-12-A,,,BF116,,,,36,16200,SKID# 257,F,,,,2026-07-09 12:22:30,,,,
2026-07-09 12:23:32,UNKNOWN,280,711770,W716298-S450,387,6-182-34-B,,,BF124,,,,36,126000,SKID# 234,F,,,,2026-07-09 12:23:32,,,,
2026-07-09 12:25:58,UNKNOWN,275,711897,11546456,760,6-183-31-B,,,BF102,,,,17,45900,222,F,,,,2026-07-09 12:25:58,,,,
2026-07-09 12:58:38,UNKNOWN,156,711116,W520113-S440,309,6-189-05-B,,,MC024,,,,36,37800,44,F,,,,2026-07-09 12:58:38,,,,
2026-07-10 12:53:01,UNKNOWN,156,711116,W520113-S440,309,6-189-05-B,,,MC024,,,,11,11550,87,F,,,,2026-07-10 12:53:01,,,,
2026-07-09 13:00:15,UNKNOWN,156,712105,11546367-MY-AK,1323,6-189-01-C,,,BF117,,,,36,25200,11,F,,,,2026-07-09 13:00:15,,,,
2026-07-09 13:59:54,UNKNOWN,290,712292,NU1305-01,482,6-187-19-A,,,BF107A,,,,1,65000,167,F,,,,2026-07-09 13:59:54,,,,
2026-07-09 14:02:02,UNKNOWN,290,712320,06509967AA,kib,6-183-34-C,,,BF105A,,,,18,14850,111,F,,,,2026-07-09 14:02:02,,,,
2026-07-09 14:45:10,UNKNOWN,290,712320,06509967AA,kib,6-183-34-C,,,BF105A,,,,2,1650,111,F,,,,2026-07-09 14:45:10,,,,
2026-07-09 14:02:42,UNKNOWN,156,712383,NU1405-00,252\,6-187-25-B,,,MC026,,,,1,72348,70,F,,,,2026-07-09 14:02:42,,,,
2026-07-09 14:42:35,UNKNOWN,275,712630,6101831,130,6-188-16-B,,,BF108A,,,,21,21000,SKID# 174,F,,,,2026-07-09 14:42:35,,,,
2026-07-10 09:10:33,UNKNOWN,275,712630,6101831,130,6-188-16-B,,,BF108A,,,,21,21000,58,F,,,,2026-07-10 09:10:33,,,,
2026-07-09 14:55:09,UNKNOWN,290,712121,11546378-MY-AK,1621,6-187-04-A,,,BF110,,,,36,45000,51,F,,,,2026-07-09 14:55:09,,,,
2026-07-09 15:49:25,UNKNOWN,156,712702,11546463,1629,6-189-12-C,,,BF116,,,,36,16200,257,F,,,,2026-07-09 15:49:25,,,,
2026-07-09 15:50:56,UNKNOWN,290,712123,11546378-MY-AK,1362,6-187-03-C,,,MC078,,,,36,45000,184,F,,,,2026-07-09 15:50:56,,,,
2026-07-09 16:00:27,UNKNOWN,290,712425,11546449,217,6-188-22-B,,,BF106A,,,,36,90000,SKID# 3,F,,,,2026-07-09 16:00:27,,,,
2026-07-09 16:15:04,UNKNOWN,290,712109,11546367-MY-AK,1076,6-189-01-G,,,BF109A,,,,36,25200,Magnum Skid# 09,F,,,,2026-07-09 16:15:04,,,,
2026-07-09 16:16:28,UNKNOWN,156,712165,11546367-MY-AK,614,6-189-02-A,,,BF117,,,,36,25200,151,F,,,,2026-07-09 16:16:28,,,,
2026-07-09 16:19:36,UNKNOWN,290,713186,NU1305-01,1419,6-188-30-A,,,BF107A,,,,1,65000,Magnum Skid# 07,F,,,,2026-07-09 16:19:36,,,,
2026-07-09 16:42:03,UNKNOWN,275,711798,11546368-MY-AK,1687,6-189-32-D,,,BF112,,,,36,16200,6,F,,,,2026-07-09 16:42:03,,,,
2026-07-09 16:42:49,UNKNOWN,275,711894,11546456,99,6-183-30-A,,,BF102,,,,19,51300,222,F,,,,2026-07-09 16:42:49,,,,
2026-07-10 09:33:34,UNKNOWN,275,711894,11546456,99,6-183-30-A,,,BF102,,,,10,27000,162,F,,,,2026-07-10 09:33:34,,,,
2026-07-10 09:07:06,UNKNOWN,156,712628,6101831,1672,6-188-16-A,,,MC110,,,,36,36000,28,F,,,,2026-07-10 09:07:06,,,,
2026-07-10 09:08:11,UNKNOWN,275,712130,11546545,194,6-182-17-B,,,BF104A,,,,36,90000,71,F,,,,2026-07-10 09:08:11,,,,
2026-07-10 09:09:24,UNKNOWN,280,712168,11546449,1736,6-188-20-A,,,BF123,,,,36,90000,SKID# 30,F,,,,2026-07-10 09:09:24,,,,
2026-07-10 09:11:11,UNKNOWN,275,712632,6101831,1676,6-188-16-C,,,BF108A,,,,15,15000,58,F,,,,2026-07-10 09:11:11,,,,
2026-07-10 14:30:51,UNKNOWN,275,712632,6101831,1676,6-188-16-C,,,BF108A,,,,29,29000,SKID# 169,F,,,,2026-07-10 14:30:51,,,,
2026-07-10 09:28:54,UNKNOWN,156,712112,11546367-MY-AK,764,6-189-01-J,,,BF117,,,,36,25200,PACK# 1,F,,,,2026-07-10 09:28:54,,,,
2026-07-10 09:30:38,UNKNOWN,156,712701,11546463,730,6-189-13-B,,,BF116,,,,27,12150,232,F,,,,2026-07-10 09:30:38,,,,
2026-07-10 09:39:30,UNKNOWN,280,712720,11546377,849,6-189-25-A,,,BF118A/B,,,,24,51600,SKID# 60,F,,,,2026-07-10 09:39:30,,,,
2026-07-10 09:40:42,UNKNOWN,290,711791,11546368-MY-AK,398,6-189-32-A,,,MC078,,,,36,16200,SKID# 255,F,,,,2026-07-10 09:40:42,,,,
2026-07-10 09:42:42,UNKNOWN,275,711278,11546368-MY-AK,274,6-189-31-G,,,BF112,,,,36,16200,SKID# 234,F,,,,2026-07-10 09:42:42,,,,
2026-07-10 09:47:31,UNKNOWN,275,712808,W520111-S440,1730,6-189-08-B,,,MC112,,,,4,14000,SKID# 252,F,,,,2026-07-10 09:47:31,,,,
2026-07-10 09:48:18,UNKNOWN,275,712808,W520111-S440,1730,6-189-08-B,,,MC112,,,,36,126000,SKID# 252,F,,,,2026-07-10 09:48:18,,,,
2026-07-10 09:50:45,UNKNOWN,156,711831,11546389,1585,6-174-34-A,,,BF113,,,,26,117000,112,F,,,,2026-07-10 09:50:45,,,,
2026-07-10 10:17:30,UNKNOWN,156,713244,NU1305-01,1752,6-189-36-A,,,MC026,,,,1,64904,190,F,,,,2026-07-10 10:17:30,,,,
2026-07-10 10:23:41,UNKNOWN,290,713245,NU1305-01,1753,6-189-36-B,,,BF107A,,,,1,65000,31,F,,,,2026-07-10 10:23:41,,,,
2026-07-10 10:35:49,UNKNOWN,280,711577,W520113-S440,983,6-189-06-B,,,BF121,,,,36,37800,SKID# 174,F,,,,2026-07-10 10:35:49,,,,
2026-07-10 11:41:44,UNKNOWN,290,712113,11546378-MY-AK,290,6-187-02-A,,,BF110,,,,30,37500,5,F,,,,2026-07-10 11:41:44,,,,
2026-07-10 11:42:42,UNKNOWN,275,712807,W520111-S440,1645,6-189-08-A,,,MC112,,,,36,126000,SKID# 89,F,,,,2026-07-10 11:42:42,,,,
2026-07-10 11:44:07,UNKNOWN,275,711268,11546368-MY-AK,416,6-189-31-C,,,BF112,,,,36,16200,SKID# 114,F,,,,2026-07-10 11:44:07,,,,
2026-07-10 12:05:18,UNKNOWN,275,712713,11546437-MY-AK,757,6-189-16-B,,,BF102,,,,36,54000,SKID# 120,F,,,,2026-07-10 12:05:18,,,,
2026-07-13 07:24:29,UNKNOWN,275,712713,11546437-MY-AK,757,6-1819-16-B,,,BF102,,,,36,54000,183,F,,,,2026-07-13 07:24:29,,,,
2026-07-10 12:07:00,UNKNOWN,156,712703,11546463,417,6-189-12-D,,,BF116,,,,36,16200,12,F,,,,2026-07-10 12:07:00,,,,
2026-07-10 13:20:04,UNKNOWN,290,711792,11546368-MY-AK,892,6-189-32-B,,,BF109A,,,,36,16200,SKID# 218,F,,,,2026-07-10 13:20:04,,,,
2026-07-10 13:21:18,UNKNOWN,290,713354,NU1305-01,1114,6-190-39-B,,,BF107A,,,,1,65000,29,F,,,,2026-07-10 13:21:18,,,,
2026-07-10 13:58:40,UNKNOWN,156,712110,11546367-MY-AK,514,6-189-01-H,,,BF117,,,,36,25200,195,F,,,,2026-07-10 13:58:40,,,,
2026-07-10 13:59:16,UNKNOWN,156,712110,11546367-MY-AK,514,6-189-01-H,,,BF117,,,,1,700,195,F,,,,2026-07-10 13:59:16,,,,
2026-07-10 14:09:38,UNKNOWN,"293,11",712593,1K2GZ0-00,1428,6-190-32-A,,,tb6,,,,31,139500,202,F,,,,2026-07-10 14:09:38,,,,
2026-07-10 14:11:09,UNKNOWN,285391,713065,11602326,821,6-191-01-B,,,tb2,,,,36,4320,50,F,,,,2026-07-10 14:11:09,,,,
2026-07-10 14:12:34,UNKNOWN,190268,713066,11602326,238,6-191-01-C,,,tb3,,,,36,4320,182,F,,,,2026-07-10 14:12:34,,,,
2026-07-10 14:32:05,UNKNOWN,280,712170,11546449,1727,6-188-21-A,,,BF123,,,,36,90000,PACK# 7,F,,,,2026-07-10 14:32:05,,,,
2026-07-10 14:33:28,UNKNOWN,290,712167,11546449,1750,6-188-19-B,,,BF106A,,,,36,90000,SKID# 197,F,,,,2026-07-10 14:33:28,,,,
2026-07-10 14:34:47,UNKNOWN,257,709055,11612078,553,6-181-37-B,,,MC074,,,,35,64750,112,F,,,,2026-07-10 14:34:47,,,,
2026-07-10 14:37:58,UNKNOWN,280,713183,NU1305-01,1328,6-188-29-A,,,BF124,,,,1,65000,SKID# 59,F,,,,2026-07-10 14:37:58,,,,
2026-07-10 14:38:59,UNKNOWN,275,713184,NU1305-01,384,6-189-35-A,,,BF103A,,,,1,72788,200,F,,,,2026-07-10 14:38:59,,,,
2026-07-10 14:47:38,UNKNOWN,290,711265,11546368-MY-AK,448,6-189-31-B,,,MC078,,,,36,16200,244,F,,,,2026-07-10 14:47:38,,,,
2026-07-10 14:49:16,UNKNOWN,156,712634,6101831,410,6-188-16-E,,,MC110,,,,36,36000,166,F,,,,2026-07-10 14:49:16,,,,
2026-07-10 15:27:47,UNKNOWN,275,711273,11546368-MY-AK,900,6-189-31-F,,,BF112,,,,36,16200,SKID# 54,F,,,,2026-07-10 15:27:47,,,,
2026-07-10 15:30:19,UNKNOWN,290,712240,11549169-MY-AK,1342,6-190-19-A,,,BF110,,,,36,23760,203,F,,,,2026-07-10 15:30:19,,,,
2026-07-10 15:31:53,UNKNOWN,156,712699,11546463,877,6-189-12-B,,,BF116,,,,28,12600,172,F,,,,2026-07-10 15:31:53,,,,
2026-07-10 15:42:15,UNKNOWN,290,711280,11546368-MY-AK,195,6-189-31-I,,,BF109A,,,,36,16200,SKID# 33,F,,,,2026-07-10 15:42:15,,,,
2026-07-10 15:59:46,UNKNOWN,290,711281,11546368-MY-AK,313,6-189-31-J,,,MC078,,,,36,16200,SKID# 11,F,,,,2026-07-10 15:59:46,,,,
2026-07-10 16:00:55,UNKNOWN,290,712241,11549169-MY-AK,525,6-190-19-B,,,BF110,,,,36,23760,SKID# 220,F,,,,2026-07-10 16:00:55,,,,
2026-07-10 16:02:20,UNKNOWN,156,711264,11546368-MY-AK,1036,6-189-31-A,,,BF117,,,,36,16200,135,F,,,,2026-07-10 16:02:20,,,,
2026-07-10 16:02:59,UNKNOWN,156,713353,NU1305-01,1716,6-190-39-A,,,MC026,,,,1,71759,230,F,,,,2026-07-10 16:02:59,,,,
2026-07-10 16:18:42,UNKNOWN,157292,712865,06105102AA,1607,6-191-04-B,,,tb1,,,,32,21440,251,F,,,,2026-07-10 16:18:42,,,,
2026-07-10 16:19:24,UNKNOWN,"293,11",712864,06105102AA,kib,6-191-04-A,,,tb6,,,,19,12730,215,F,,,,2026-07-10 16:19:24,,,,
2026-07-10 16:34:58,UNKNOWN,280,712194,11546449,1744,6-187-10-A,,,BF114A/B,,,,27,67500,SKID #49,F,,,,2026-07-10 16:34:58,,,,
2026-07-10 16:35:32,UNKNOWN,290,712293,NU1305-01,1584,6-187-19-B,,,BF107A,,,,1,58430,SKID# 242,F,,,,2026-07-10 16:35:32,,,,
2026-07-10 16:54:29,UNKNOWN,280,712718,11546377,1549,6-189-24-A,,,BF118A/B,,,,34,73100,SKID# 131,F,,,,2026-07-10 16:54:29,,,,
2026-07-10 17:00:08,UNKNOWN,280,712281,NU1305-01,480,6-183-40-A,,,BF120,,,,1,63500,SKID# 111,F,,,,2026-07-10 17:00:08,,,,
2026-07-13 07:30:28,UNKNOWN,4156,712236,11549169-MY-AK,775,6-190-18-A,,,BF116,,,,36,23760,SKID# 247,F,,,,2026-07-13 07:30:28,,,,
2026-07-13 07:31:41,UNKNOWN,280,711115,W520113-S440,1385,6-189-05-A,,,BF121,,,,36,37800,PACK# 3,F,,,,2026-07-13 07:31:41,,,,
2026-07-13 09:54:07,UNKNOWN,280,711115,W520113-S440,1385,6-189-05-A,,,BF121,,,,4,4200,3,F,,,,2026-07-13 09:54:07,,,,
2026-07-13 09:29:44,UNKNOWN,4,711279,11546368-MY-AK,817,6-189-31-H,,,BF117,,,,22,9900,130,F,,,,2026-07-13 09:29:44,,,,
2026-07-13 09:32:09,UNKNOWN,275,712166,11546449,1749,6-188-19-A,,,BF104A,,,,36,90000,208,F,,,,2026-07-13 09:32:09,,,,
2026-07-13 09:33:22,UNKNOWN,290,712835,6101831,135,6-191-26-E,,,BF107A,,,,36,36000,7,F,,,,2026-07-13 09:33:22,,,,
2026-07-13 09:49:45,UNKNOWN,4156,712143,11546389BR,284,6-180-25-A,,,BF113,,,,26,101400,SKID# 41,F,,,,2026-07-13 09:49:45,,,,
2026-07-13 09:51:18,UNKNOWN,290,711284,11546368-MY-AK,587,6-189-31-K,,,BF109A,,,,36,16200,SKID# 217,F,,,,2026-07-13 09:51:18,,,,
2026-07-13 09:53:01,UNKNOWN,275,712834,6101831,774,6-191-26-D,,,BF108A,,,,36,36000,SKID# 206,F,,,,2026-07-13 09:53:01,,,,
2026-07-13 10:06:46,UNKNOWN,280,712192,11546449,1726,6-187-09-A,,,BF123,,,,30,75000,SKID #49,F,,,,2026-07-13 10:06:46,,,,
2026-07-13 10:12:23,UNKNOWN,280,712704,06104725AA,488,6-191-21-A,,,BF123,,,,36,100800,SKID# 96,F,,,,2026-07-13 10:12:23,,,,
2026-07-13 11:59:42,UNKNOWN,275,711272,11546368-MY-AK,1345,6-189-31-E,,,BF112,,,,36,16200,159,F,,,,2026-07-13 11:59:42,,,,
2026-07-13 12:00:32,UNKNOWN,4156,710532,40173371,825,6-189-21-A,,,MC019,,,,36,63000,71,F,,,,2026-07-13 12:00:32,,,,
2026-07-13 12:01:35,UNKNOWN,290,711799,11546368-MY-AK,55,6-189-32-E,,,MC078,,,,36,16200,256,F,,,,2026-07-13 12:01:35,,,,
2026-07-13 12:03:09,UNKNOWN,156,711269,11546368-MY-AK,1339,6-189-31-D,,,BF117,,,,36,16200,196,F,,,,2026-07-13 12:03:09,,,,
2026-07-13 12:07:10,UNKNOWN,275,712710,11546437-MY-AK,1395,6-189-15-A,,,BF102,,,,36,54000,235,F,,,,2026-07-13 12:07:10,,,,
2026-07-13 12:08:44,UNKNOWN,280,712169,11546449,1741,6-188-20-B,,,BF114A/B,,,,36,90000,SKID# 179,F,,,,2026-07-13 12:08:44,,,,
2026-07-13 12:10:20,UNKNOWN,290,712838,6101831,1697,6-191-27-B,,,BF107A,,,,36,36000,81,F,,,,2026-07-13 12:10:20,,,,
2026-07-13 12:11:56,UNKNOWN,280,712707,06104725AA,1109,6-191-22-B,,,BF114A/B,,,,36,100800,SKID# 178,F,,,,2026-07-13 12:11:56,,,,
2026-07-13 12:13:35,UNKNOWN,275,712679,W520101-S442,18,6-189-38-B,,,BF103A,,,,36,108000,250,F,,,,2026-07-13 12:13:35,,,,
2026-07-13 12:14:25,UNKNOWN,257,710329,11612078,20ctns,6-149-01-A,,,MC074,,,,18,33300,91,F,,,,2026-07-13 12:14:25,,,,
2026-07-13 12:24:25,UNKNOWN,4,712239,11549169-MY-AK,766,6-190-18-C,,,BF116,,,,36,23760,SKID# 156,F,,,,2026-07-13 12:24:25,,,,
2026-07-13 13:57:47,UNKNOWN,4,712239,11549169-MY-AK,766,6-190-18-C,,,BF116,,,,3,1980,156,F,,,,2026-07-13 13:57:47,,,,
2026-07-13 12:48:33,UNKNOWN,275,712829,6101831,1096,6-191-26-A,,,BF108A,,,,36,36000,Marieville Skid #58,F,,,,2026-07-13 12:48:33,,,,
2026-07-13 12:49:42,UNKNOWN,290,712190,11546449,1724,6-187-08-A,,,BF106A,,,,34,85000,Marieville - Rec#71,F,,,,2026-07-13 12:49:42,,,,
2026-07-13 12:50:36,UNKNOWN,290,711285,11546368-MY-AK,1372,6-189-31-L,,,BF109A,,,,31,13950,5,F,,,,2026-07-13 12:50:36,,,,
2026-07-13 12:51:42,UNKNOWN,4,712663,11549171-MY-AK,940,6-191-24-B,,,BF117,,,,36,10080,241,F,,,,2026-07-13 12:51:42,,,,
2026-07-13 13:01:36,UNKNOWN,290,712237,11549169-MY-AK,622,6-190-18-B,,,BF110,,,,36,23760,Magnum Skid# 04,F,,,,2026-07-13 13:01:36,,,,
2026-07-13 14:36:11,UNKNOWN,290,712237,11549169-MY-AK,622,6-190-18-B,,,BF110,,,,2,1320,4,F,,,,2026-07-13 14:36:11,,,,
2026-07-13 13:05:37,UNKNOWN,275,712806,W520111-S440,1512,6-191-18-A,,,MC112,,,,33,115500,SKID# 189,F,,,,2026-07-13 13:05:37,,,,
2026-07-13 14:32:00,UNKNOWN,275,712712,11546437-MY-AK,288,6-189-16-A,,,BF102,,,,36,54000,209,F,,,,2026-07-13 14:32:00,,,,
2026-07-14 12:15:01,UNKNOWN,275,712712,11546437-MY-AK,288,6-189-16-A,,,bf112,,,,36,54000,75,F,,,,2026-07-14 12:15:01,,,,
2026-07-14 12:16:23,UNKNOWN,275,712712,11546437-MY-AK,288,6-189-16-A,,,bf102,,,,36,54000,75,F,,,,2026-07-14 12:16:23,,,,
2026-07-13 14:33:46,UNKNOWN,272,710826,11549168-CA-IN,1380,6-191-15-A,,,MC026,,,,36,36000,10,F,,,,2026-07-13 14:33:46,,,,
2026-07-13 14:34:52,UNKNOWN,280,713003,NU1305-01,1089,6-187-19-C,,,BF124,,,,1,65000,SKID# 149,F,,,,2026-07-13 14:34:52,,,,
2026-07-13 14:43:39,UNKNOWN,290,712837,6101831,1647,6-191-27-A,,,BF107A,,,,36,36000,24,F,,,,2026-07-13 14:43:39,,,,
2026-07-13 14:44:55,UNKNOWN,4,712666,11549171-MY-AK,692,6-191-25-C,,,BF117,,,,36,10080,64,F,,,,2026-07-13 14:44:55,,,,
2026-07-13 14:58:58,UNKNOWN,280,712719,11546377,1035,6-189-24-B,,,BF118A/B,,,,36,77400,SKID# 236,F,,,,2026-07-13 14:58:58,,,,
2026-07-13 15:41:16,UNKNOWN,275,711797,11546368-MY-AK,653,6-189-32-C,,,BF112,,,,24,10800,212,F,,,,2026-07-13 15:41:16,,,,
2026-07-13 15:42:15,UNKNOWN,290,712664,11549171-MY-AK,93,6-191-25-A,,,BF109A,,,,36,10080,234,F,,,,2026-07-13 15:42:15,,,,
2026-07-13 16:15:02,UNKNOWN,290,712833,6101831,1403,6-191-26-C,,,mc78,,,,36,36000,85,F,,,,2026-07-13 16:15:02,,,,
2026-07-13 16:48:22,UNKNOWN,4,712665,11549171-MY-AK,1711,6-191-25-B,,,BF117,,,,36,10080,167,F,,,,2026-07-13 16:48:22,,,,
2026-07-14 08:40:06,UNKNOWN,4,712831,6101831,1731,6-191-26-B,,,MC110,,,,36,36000,120,F,,,,2026-07-14 08:40:06,,,,
2026-07-14 08:42:41,UNKNOWN,190268,712933,06104388AA,810,6-194-25-B,,,tb3,,,,18,11880,169,F,,,,2026-07-14 08:42:41,,,,
2026-07-14 08:44:17,UNKNOWN,190268,712938,06104388AA,1355,6-194-27-A,,,tb3,,,,19,12540,244,F,,,,2026-07-14 08:44:17,,,,
2026-07-14 08:46:11,UNKNOWN,285391,712934,06104388AA,487,6-194-26-A,,,tb2,,,,36,23760,94,F,,,,2026-07-14 08:46:11,,,,
2026-07-14 08:48:04,UNKNOWN,290,712667,11549171-MY-AK,881,6-191-25-D,,,BF109A,,,,36,10080,2,F,,,,2026-07-14 08:48:04,,,,
2026-07-14 08:56:40,UNKNOWN,275,713124,6101831,1364,6-194-28-C,,,BF108A,,,,36,36000,6,F,,,,2026-07-14 08:56:40,,,,
2026-07-14 12:23:25,UNKNOWN,S19281592,713124,6101831,1364,6-194-28-C,,,275,,,,12,12000,bf108,F,,,,2026-07-14 12:23:25,,,,
2026-07-14 08:58:30,UNKNOWN,280292,712706,06104725AA,1704,6-191-22-A,,,BF123,,,,36,100800,Marieville Skid #66,F,,,,2026-07-14 08:58:30,,,,
2026-07-14 09:00:57,UNKNOWN,290,713125,6101831,1067,6-194-28-D,,,BF107A,,,,36,36000,155,F,,,,2026-07-14 09:00:57,,,,
2026-07-14 09:02:47,UNKNOWN,156004,712406,W520414-S440,1661,Q1120,,,BF116,,,,36,40320,123,F,,,,2026-07-14 09:02:47,,,,
2026-07-14 09:04:50,UNKNOWN,156,712684,11546367-MY-AK,517,6-194-13-E,,,BF117,,,,36,25200,227,F,,,,2026-07-14 09:04:50,,,,
2026-07-14 09:05:58,UNKNOWN,290,712853,NU1510-00,908,6-191-29-D,,,BF110,,,,1,35000,6,F,,,,2026-07-14 09:05:58,,,,
2026-07-14 09:24:10,UNKNOWN,11,712932,06104388AA,575,6-194-25-A,,,tb6,,,,34,22440,105,F,,,,2026-07-14 09:24:10,,,,
2026-07-14 09:25:05,UNKNOWN,157,712429,06510997AA,873,6-194-32-B,,,tb1,,,,29,2175,171,F,,,,2026-07-14 09:25:05,,,,
2026-07-14 09:26:07,UNKNOWN,252294,712871,82218,kib,6-194-08-B,,,tb4,,,,36,11520,114,F,,,,2026-07-14 09:26:07,,,,
2026-07-14 09:28:22,UNKNOWN,272,708929,PZ18-7P483-AA,34totes,6-159-33-A,,,tb5,,,,34,6630,166,F,,,,2026-07-14 09:28:22,,,,
2026-07-16 14:58:23,UNKNOWN,272,708929,PZ18-7P483-AA,34totes,6-159-33-A,,,tb5,,,,33,6435,166,F,,,,2026-07-16 14:58:23,,,,
2026-07-14 09:31:25,UNKNOWN,275,712589,W520101-S442,205,6-189-39-A,,,BF103A,,,,36,108000,133,F,,,,2026-07-14 09:31:25,,,,
2026-07-14 12:01:48,UNKNOWN,275,712600,7151143403,713,6-190-40-A,,,MC112,,,,34,59500,34,F,,,,2026-07-14 12:01:48,,,,
2026-07-14 12:04:39,UNKNOWN,290,712685,11546367-MY-AK,1093,6-194-13-F,,,BF109A,,,,36,25200,93,F,,,,2026-07-14 12:04:39,,,,
2026-07-14 12:06:56,UNKNOWN,290,713123,6101831,1305,6-194-28-B,,,BF107A,,,,36,36000,255,F,,,,2026-07-14 12:06:56,,,,
2026-07-14 12:18:13,UNKNOWN,156,712673,11546367-MY-AK,1686,6-194-13-D,,,bf117,,,,36,25200,137,F,,,,2026-07-14 12:18:13,,,,
2026-07-14 12:19:29,UNKNOWN,272-257,708734,11549168-CA-IN,435,6-189-26-A,,,mc2,,,,36,36000,196,F,,,,2026-07-14 12:19:29,,,,
2026-07-14 12:20:39,UNKNOWN,156,713116,6101831,1095,6-194-19-B,,,mc110,,,,36,36000,256,F,,,,2026-07-14 12:20:39,,,,
2026-07-14 12:22:14,UNKNOWN,156,712407,W520414-S440,1056,6-191-18-B,,,bf116,,,,36,40320,179,F,,,,2026-07-14 12:22:14,,,,
2026-07-14 12:25:55,UNKNOWN,275,712955,82244,790,83,,,bf112,,,,36,21600,83,F,,,,2026-07-14 12:25:55,,,,
2026-07-14 12:27:15,UNKNOWN,290,713121,6101831,508,6-194-28-A,,,mv78,,,,36,36000,68,F,,,,2026-07-14 12:27:15,,,,
2026-07-14 12:28:50,UNKNOWN,280=292,712693,11546389,221,6-191-10-B,,,bf120,,,,36,162000,58,F,,,,2026-07-14 12:28:50,,,,
2026-07-14 12:30:02,UNKNOWN,280=292,712721,11546377,735,6-189-25-B,,,bf118,,,,30,64500,6,F,,,,2026-07-14 12:30:02,,,,
2026-07-14 12:31:26,UNKNOWN,292,712705,06104725AA,976,27,,,bf114,,,,36,100800,bf114,F,,,,2026-07-14 12:31:26,,,,
2026-07-14 12:32:36,UNKNOWN,280=292,712852,NU1510-00,426,6-191-29-C,,,bf121,,,,1,37944,24,F,,,,2026-07-14 12:32:36,,,,
2026-07-14 12:33:34,UNKNOWN,275,713120,6101831,248,6-194-19-E,,,bf108,,,,24,24000,159,F,,,,2026-07-14 12:33:34,,,,
2026-07-14 15:00:42,UNKNOWN,275,713120,6101831,248,6-194-19-E,,,BF108A,,,,12,12000,SKID# 18,F,,,,2026-07-14 15:00:42,,,,
2026-07-14 12:38:12,UNKNOWN,275,712193,11546449,1725,6-187-09-B,,,BF104A,,,,34,85000,SKID# 73,F,,,,2026-07-14 12:38:12,,,,
2026-07-14 14:05:45,UNKNOWN,275,712193,11546449,1725,6-187-09-B,,,BF104A,,,,2,5000,73,F,,,,2026-07-14 14:05:45,,,,
2026-07-14 13:20:27,UNKNOWN,156004,712689,11546389,193,6-191-08-B,,,BF113,,,,36,162000,156,F,,,,2026-07-14 13:20:27,,,,
2026-07-14 13:21:39,UNKNOWN,257,710825,11549168-CA-IN,576,6-189-26-C,,,MC026,,,,36,36000,SKID# 187,F,,,,2026-07-14 13:21:39,,,,
2026-07-15 09:54:13,UNKNOWN,257,710825,11549168-CA-IN,576,6-189-26-C,,,MC026,,,,13,13000,23,F,,,,2026-07-15 09:54:13,,,,
2026-07-14 13:22:34,UNKNOWN,156,712682,11546367-MY-AK,589,6-194-14-A,,,BF117,,,,36,25200,208,F,,,,2026-07-14 13:22:34,,,,
2026-07-14 13:23:50,UNKNOWN,290,712672,11546367-MY-AK,142,6-194-13-C,,,BF109A,,,,36,25200,SKID# 236,F,,,,2026-07-14 13:23:50,,,,
2026-07-14 13:25:22,UNKNOWN,275,712711,11546437-MY-AK,1732,6-189-15-B,,,BF102,,,,36,54000,SKID# 175,F,,,,2026-07-14 13:25:22,,,,
2026-07-15 10:19:33,UNKNOWN,275,712711,11546437-MY-AK,1732,6-189-15-B,,,BF102,,,,19,28500,204,F,,,,2026-07-15 10:19:33,,,,
2026-07-14 14:07:00,UNKNOWN,275,712850,NU1510-00,535,6-191-29-A,,,BF110,,,,1,48110,133,F,,,,2026-07-14 14:07:00,,,,
2026-07-14 14:27:24,UNKNOWN,290,713111,6101968,343,6-194-17-A,,,BF107A,,,,36,79200,SKID# 214,F,,,,2026-07-14 14:27:24,,,,
2026-07-14 14:30:33,UNKNOWN,292,712708,06104725AA,1422,6-191-23-A,,,BF123,,,,36,100800,SKID# 119,F,,,,2026-07-14 14:30:33,,,,
2026-07-14 14:32:46,UNKNOWN,252294,712354,11549170,1010,6-190-34-C,,,tb4,,,,11,4400,113,F,,,,2026-07-14 14:32:46,,,,
2026-07-14 14:33:53,UNKNOWN,252294,712875,11611548,kib,6-194-24-B,,,tb4,,,,28,2800,25,F,,,,2026-07-14 14:33:53,,,,
2026-07-14 14:59:07,UNKNOWN,290,713040,11546571,1571,6-190-27-B,,,BF105A,,,,27,41850,SKID# 181,F,,,,2026-07-14 14:59:07,,,,
2026-07-14 15:02:58,UNKNOWN,275,713119,6101831,1006,6-194-19-D,,,BF108A,,,,24,24000,SKID# 18,F,,,,2026-07-14 15:02:58,,,,
2026-07-15 09:55:09,UNKNOWN,292,713119,6101831,1006,6-194-19-D,,,BF108A,,,,16,16000,124,F,,,,2026-07-15 09:55:09,,,,
2026-07-14 15:27:04,UNKNOWN,4,708160,11612078,118,6-181-35-C,,,MC074,,,,36,66600,91,F,,,,2026-07-14 15:27:04,,,,
2026-07-14 15:28:30,UNKNOWN,275,712954,82244,710,6-194-30-A,,,BF112,,,,36,21600,253,F,,,,2026-07-14 15:28:30,,,,
2026-07-14 16:56:24,UNKNOWN,275,712954,82244,710,6-194-30-A,,,BF112,,,,4,2400,253,F,,,,2026-07-14 16:56:24,,,,
2026-07-14 16:30:09,UNKNOWN,275,712215,W520101-S450,966,6-194-02-B,,,mc112,,,,36,108000,unknown,F,,,,2026-07-14 16:30:09,,,,
2026-07-14 17:02:36,UNKNOWN,156,712404,W520414-S440,1577,6-191-17-A,,,BF116,,,,1,1120,124,F,,,,2026-07-14 17:02:36,,,,
2026-07-14 17:03:24,UNKNOWN,156,712404,W520414-S440,1577,6-191-17-A,,,BF116,,,,36,40320,124,F,,,,2026-07-14 17:03:24,,,,
2026-07-14 17:04:14,UNKNOWN,156,712683,11546367-MY-AK,1663,6-194-14-B,,,BF117,,,,36,25200,3,F,,,,2026-07-14 17:04:14,,,,
2026-07-14 17:12:12,UNKNOWN,280,713351,NU1305-01,524,6-191-32-A,,,BF124,,,,1,73128,7,F,,,,2026-07-14 17:12:12,,,,
2026-07-15 09:14:49,UNKNOWN,157292,707151,11516078-CA-IN,1610,6-183-25-B,,,tb1,,,,26,18200,8,F,,,,2026-07-15 09:14:49,,,,
2026-07-15 09:50:32,UNKNOWN,290,712687,11546389,786,6-191-07-B,,,BF106A,,,,36,162000,73,F,,,,2026-07-15 09:50:32,,,,
2026-07-15 09:52:12,UNKNOWN,280,712596,11610091-MY-AK,581,6-190-23-B,,,BF118A/B,,,,36,90000,SKID# 151,F,,,,2026-07-15 09:52:12,,,,
2026-07-15 09:53:04,UNKNOWN,257,710683,11549168-CA-IN,1335,6-189-03-D,,,MC026,,,,23,23000,23,F,,,,2026-07-15 09:53:04,,,,
2026-07-15 14:27:57,UNKNOWN,272,710683,11549168-CA-IN,1335,6-189-03-D,,,MC026,,,,27,27000,136,F,,,,2026-07-15 14:27:57,,,,
2026-07-15 09:56:50,UNKNOWN,292290,712351,11549170,1525,6-190-35-P,,,BF110,,,,36,14400,168,F,,,,2026-07-15 09:56:50,,,,
2026-07-15 09:58:00,UNKNOWN,290,713112,6101968,1021,6-194-17-B,,,BF107A,,,,36,79200,1,F,,,,2026-07-15 09:58:00,,,,
2026-07-15 10:12:44,UNKNOWN,285391,712661,11549171-MY-AK,1742,6-195-33-B,,,tb2,,,,27,7560,217,F,,,,2026-07-15 10:12:44,,,,
2026-07-15 10:14:55,UNKNOWN,275,712677,W520101-S442,1024,6-189-37-B,,,BF103A,,,,36,108000,196,F,,,,2026-07-15 10:14:55,,,,
2026-07-15 11:57:15,UNKNOWN,275,712677,W520101-S442,1024,6-189-37-B,,,BF103A,,,,4,12000,196,F,,,,2026-07-15 11:57:15,,,,
2026-07-15 10:18:01,UNKNOWN,290,713115,6101831,1570,6-194-19-A,,,MC078,,,,36,36000,4,F,,,,2026-07-15 10:18:01,,,,
2026-07-15 10:54:46,UNKNOWN,290,713115,6101831,1570,6-194-19-A,,,MC078,,,,12,12000,97,F,,,,2026-07-15 10:54:46,,,,
2026-07-15 10:21:07,UNKNOWN,156,713117,6101831,169,6-194-19-C,,,MC110,,,,36,36000,22,F,,,,2026-07-15 10:21:07,,,,
2026-07-15 15:36:23,UNKNOWN,156,713117,6101831,169,6-194-19-C,,,MC110,,,,2,2000,22,F,,,,2026-07-15 15:36:23,,,,
2026-07-15 10:29:44,UNKNOWN,156,712101,11546367-MY-AK,917,6-194-13-A,,,BF117,,,,36,25200,192,F,,,,2026-07-15 10:29:44,,,,
2026-07-15 10:43:32,UNKNOWN,292,712363,11549170,958,6-195-12-G,,,BF110,,,,36,14400,27,F,,,,2026-07-15 10:43:32,,,,
2026-07-15 10:44:38,UNKNOWN,292,712362,11549170,411,6-195-12-F,,,BF108A,,,,36,14400,SKID# 53,F,,,,2026-07-15 10:44:38,,,,
2026-07-15 10:53:34,UNKNOWN,280,712709,06104725AA,123,6-191-23-B,,,BF114A/B,,,,36,100800,SKID# 238,F,,,,2026-07-15 10:53:34,,,,
2026-07-15 15:40:40,UNKNOWN,280,712709,06104725AA,123,6-191-23-B,,,BF114A/B,,,,6,16800,PACK# 8,F,,,,2026-07-15 15:40:40,,,,
2026-07-15 10:56:42,UNKNOWN,275,712983,06104384AA,825,6-194-29-B,,,mc004,,,,20,15000,10,F,,,,2026-07-15 10:56:42,,,,
2026-07-15 10:58:19,UNKNOWN,275,712178,11561645,1112,6-190-25-A,,,BF104A,,,,36,144000,32,F,,,,2026-07-15 10:58:19,,,,
2026-07-15 10:58:54,UNKNOWN,280,712851,NU1510-00,1038,6-191-29-B,,,BF121,,,,1,35000,SKID# 64,F,,,,2026-07-15 10:58:54,,,,
2026-07-15 11:00:21,UNKNOWN,290292,712102,11546367-MY-AK,1638,6-194-13-B,,,BF109A,,,,31,21700,91,F,,,,2026-07-15 11:00:21,,,,
2026-07-15 11:01:45,UNKNOWN,156,712356,11549170,1597,6-195-12-B,,,BF117,,,,36,14400,36,F,,,,2026-07-15 11:01:45,,,,
2026-07-15 11:02:29,UNKNOWN,156,712691,11546389,1406,6-191-09-B,,,BF113,,,,12,54000,154,F,,,,2026-07-15 11:02:29,,,,
2026-07-15 11:36:23,UNKNOWN,156004,710533,40173371,422,6-189-21-B,,,MC024,,,,4,7000,218,F,,,,2026-07-15 11:36:23,,,,
2026-07-15 11:37:27,UNKNOWN,156004,710533,40173371,422,6-189-21-B,,,MC024,,,,36,63000,48,F,,,,2026-07-15 11:37:27,,,,
2026-07-15 11:43:27,UNKNOWN,156,711702,11739913,1016,6-194-15-A,,,BF116,,,,36,43200,56,F,,,,2026-07-15 11:43:27,,,,
2026-07-15 11:44:42,UNKNOWN,275,712982,06104384AA,376,6-194-29-A,,,MC004,,,,16,12000,-,F,,,,2026-07-15 11:44:42,,,,
2026-07-16 11:26:29,UNKNOWN,275,712982,06104384AA,376,6-194-29-A,,,MC004,,,,23,17250,44,F,,,,2026-07-16 11:26:29,,,,
2026-07-15 11:47:25,UNKNOWN,275,712558,4519-19,1092,6-194-16-B,,,BF112,,,,36,39600,SKID# 181,F,,,,2026-07-15 11:47:25,,,,
2026-07-15 11:48:53,UNKNOWN,275,712217,W520101-S450,1369,6-194-03-B,,,MC112,,,,36,108000,SKID# 160,F,,,,2026-07-15 11:48:53,,,,
2026-07-15 11:51:01,UNKNOWN,292,712357,11549170,1111,6-195-12-C,,,BF110,,,,36,14400,43,F,,,,2026-07-15 11:51:01,,,,
2026-07-15 14:25:17,UNKNOWN,292,712357,11549170,1111,6-195-12-C,,,BF110,,,,22,8800,226,F,,,,2026-07-15 14:25:17,,,,
2026-07-15 12:24:18,UNKNOWN,280,712595,11610091-MY-AK,912',6-190-23-A,,,BF118A/B,,,,24,60000,SKID# 205,F,,,,2026-07-15 12:24:18,,,,
2026-07-15 13:06:23,UNKNOWN,292,712358,11549170,1103,6-195-12-D,,,BF109A,,,,36,14400,228,F,,,,2026-07-15 13:06:23,,,,
2026-07-15 13:07:32,UNKNOWN,156,711994,11549168,140,6-195-40-A,,,MC019,,,,36,36000,214,F,,,,2026-07-15 13:07:32,,,,
2026-07-15 13:08:59,UNKNOWN,156,712346,11549170,1307,6-195-10-A,,,BF117,,,,36,14400,237,F,,,,2026-07-15 13:08:59,,,,
2026-07-15 13:23:37,UNKNOWN,292,712368,11549170,1430,6-195-12-H,,,BF108A,,,,36,14400,220,F,,,,2026-07-15 13:23:37,,,,
2026-07-15 15:35:53,UNKNOWN,292,712368,11549170,1430,6-195-12-H,,,BF108A,,,,15,6000,47,F,,,,2026-07-15 15:35:53,,,,
2026-07-15 14:28:40,UNKNOWN,292,712403,11549170,350,6-195-12-K,,,BF110,,,,14,5600,226,F,,,,2026-07-15 14:28:40,,,,
2026-07-15 16:29:49,UNKNOWN,292,712403,11549170,350,6-195-12-K,,,BF110,,,,27,10800,151,F,,,,2026-07-15 16:29:49,,,,
2026-07-15 14:33:28,UNKNOWN,290,713113,6101968,75,6-194-18-A,,,BF107A,,,,36,79200,7,F,,,,2026-07-15 14:33:28,,,,
2026-07-15 14:37:47,UNKNOWN,275,712557,4519-19,728,6-194-16-A,,,BF112,,,,36,39600,SKID# 41,F,,,,2026-07-15 14:37:47,,,,
2026-07-15 16:30:36,UNKNOWN,275,712557,4519-19,728,6-194-16-A,,,BF112,,,,4,4400,41,F,,,,2026-07-15 16:30:36,,,,
2026-07-15 14:48:36,UNKNOWN,280,712686,11546389,180,6-191-07-A,,,BF120,,,,16,72000,SKID# 246,F,,,,2026-07-15 14:48:36,,,,
2026-07-15 15:08:20,UNKNOWN,240157,712949,06511847AA,1626,6-196-02-B,,,tb1,,,,36,27000,44,F,,,,2026-07-15 15:08:20,,,,
2026-07-15 15:09:46,UNKNOWN,190268,712948,06511847AA,329,6-196-02-A,,,tb3,,,,36,27000,178,F,,,,2026-07-15 15:09:46,,,,
2026-07-15 15:17:12,UNKNOWN,190268,712946,06511847AA,12,6-196-01-A,,,tb3,,,,34,25500,68,F,,,,2026-07-15 15:17:12,,,,
2026-07-15 15:17:53,UNKNOWN,157240,712947,06511847AA,157,6-196-01-B,,,tb1,,,,26,19500,250,F,,,,2026-07-15 15:17:53,,,,
2026-07-15 15:37:35,UNKNOWN,156,711992,11549170,875,6-195-11-A,,,BF117,,,,36,14400,58,F,,,,2026-07-15 15:37:35,,,,
2026-07-15 15:41:49,UNKNOWN,292,711993,11549170,544,6-195-11-B,,,BF108A,,,,21,8400,47,F,,,,2026-07-15 15:41:49,,,,
2026-07-16 11:25:19,UNKNOWN,292,711993,11549170,544,6-195-11-B,,,BF108A,,,,6,2400,3,F,,,,2026-07-16 11:25:19,,,,
2026-07-15 15:50:48,UNKNOWN,280,712688,11546389,923,6-191-08-A,,,BF123,,,,26,117000,SKID# 118,F,,,,2026-07-15 15:50:48,,,,
2026-07-15 16:00:40,UNKNOWN,292,711997,11549170,1656,6-195-13-F,,,BF109A,,,,36,14400,SKID# 73,F,,,,2026-07-15 16:00:40,,,,
2026-07-16 09:34:25,UNKNOWN,292,711997,11549170,1656,6-195-13-F,,,BF109A,,,,16,6400,34,F,,,,2026-07-16 09:34:25,,,,
2026-07-15 16:28:15,UNKNOWN,156,711703,11739913,1572,6-194-15-B,,,BF116,,,,34,40800,213,F,,,,2026-07-15 16:28:15,,,,
2026-07-15 16:37:57,UNKNOWN,275,712176,11561645,1583,6-190-26-A,,,BF104A,,,,36,144000,SKID# 132,F,,,,2026-07-15 16:37:57,,,,
2026-07-15 16:39:03,UNKNOWN,290,712878,06509967AA,kib,6-194-22-A,,,BF105A,,,,22,18150,SKID# 1,F,,,,2026-07-15 16:39:03,,,,
2026-07-16 08:25:50,UNKNOWN,4,708435,11612078,626,6-181-33-B,,,MC074,,,,36,66600,6,F,,,,2026-07-16 08:25:50,,,,
2026-07-16 08:26:48,UNKNOWN,156,712695,11546389,731,6-191-11-B,,,BF113,,,,24,108000,154,F,,,,2026-07-16 08:26:48,,,,
2026-07-16 09:32:17,UNKNOWN,275,712590,W520101-S442,1522,6-189-39-B,,,BF103A,,,,36,108000,121,F,,,,2026-07-16 09:32:17,,,,
2026-07-16 09:38:33,UNKNOWN,275,712590,W520101-S442,1522,6-189-39-B,,,BF103A,,,,36,108000,121,F,,,,2026-07-16 09:38:33,,,,
2026-07-16 13:06:29,UNKNOWN,275,712590,W520101-S442,1522,6-189-39-B,,,BF103A,,,,12,36000,237,F,,,,2026-07-16 13:06:29,,,,
2026-07-16 09:35:07,UNKNOWN,292,712345,11549170,769,6-190-36-D,,,BF109A,,,,20,8000,34,F,,,,2026-07-16 09:35:07,,,,
2026-07-16 09:36:22,UNKNOWN,275,712218,W520101-S450,368,6-194-04-A,,,MC112,,,,36,108000,53,F,,,,2026-07-16 09:36:22,,,,
2026-07-16 09:39:14,UNKNOWN,290,712879,06509967AA,kib,6-194-22-B,,,BF105A,,,,14,11550,1,F,,,,2026-07-16 09:39:14,,,,
2026-07-16 13:04:25,UNKNOWN,290,712879,06509967AA,kib,6-194-22-B,,,BF105A,,,,11,9075,7,F,,,,2026-07-16 13:04:25,,,,
2026-07-16 09:47:31,UNKNOWN,272,710400,11549168-CA-IN,248,6-189-27-C,,,MC026,,,,36,36000,23,F,,,,2026-07-16 09:47:31,,,,
2026-07-16 09:48:49,UNKNOWN,292,712000,11549170,84,6-190-35-G,,,BF108A,,,,36,14400,6,F,,,,2026-07-16 09:48:49,,,,
2026-07-16 09:50:45,UNKNOWN,156,712898,11546367-MY-AK,490,6-196-04-E,,,MC110,,,,36,25200,167,F,,,,2026-07-16 09:50:45,,,,
2026-07-16 12:37:16,UNKNOWN,156,712898,11546367-MY-AK,490,6-196-04-E,,,MC110,,,,28,19600,167,F,,,,2026-07-16 12:37:16,,,,
2026-07-16 09:53:02,UNKNOWN,292,711001,11549170,645,6-195-12-A,,,BF110,,,,36,14400,3,F,,,,2026-07-16 09:53:02,,,,
2026-07-16 09:55:04,UNKNOWN,156,712896,11546367-MY-AK,699,6-196-04-C,,,BF116,,,,36,25200,145,F,,,,2026-07-16 09:55:04,,,,
2026-07-16 09:56:30,UNKNOWN,156,712659,11546365-MY-AK,4,6-194-10-B,,,MC024,,,,36,68400,193,F,,,,2026-07-16 09:56:30,,,,
2026-07-16 09:57:55,UNKNOWN,156,712344,11549170,94,6-190-36-C,,,BF117,,,,36,14400,119,F,,,,2026-07-16 09:57:55,,,,
2026-07-16 09:59:10,UNKNOWN,290,713114,6101968,1397,6-194-18-B,,,BF107A,,,,26,57200,68,F,,,,2026-07-16 09:59:10,,,,
2026-07-16 10:01:16,UNKNOWN,280,713352,NU1305-01,914,6-191-32-B,,,BF124,,,,1,64240,SKID# 89,F,,,,2026-07-16 10:01:16,,,,
2026-07-16 10:06:23,UNKNOWN,290,712690,11546389,92,6-191-09-A,,,BF106A,,,,20,90000,178,F,,,,2026-07-16 10:06:23,,,,
2026-07-16 11:22:58,UNKNOWN,280,713378,11546449,246,6-196-14-B,,,BF114A/B,,,,36,90000,SKID# 217,F,,,,2026-07-16 11:22:58,,,,
2026-07-16 11:24:51,UNKNOWN,156,711984,11549170,285,6-190-35-A,,,BF117,,,,36,14400,168,F,,,,2026-07-16 11:24:51,,,,
2026-07-16 11:28:21,UNKNOWN,156,711995,11549168,117,6-195-40-B,,,MC019,,,,36,36000,23,F,,,,2026-07-16 11:28:21,,,,
2026-07-17 13:34:19,UNKNOWN,156,711995,11549168,117,6-195-40-B,,,mc19,,,,36,36000,23,F,,,,2026-07-17 13:34:19,,,,
2026-07-17 13:37:03,UNKNOWN,156,711995,11549168,117,6-195-40-B,,,mc19,,,,14,14000,23,F,,,,2026-07-17 13:37:03,,,,
2026-07-16 11:29:36,UNKNOWN,272,709064,11549168-CA-IN,1050,6-189-03-A,,,MC026,,,,36,36000,66,F,,,,2026-07-16 11:29:36,,,,
2026-07-16 16:27:14,UNKNOWN,272,709064,11549168-ca-in,1050,6-189-03-a,,,mc026,,,,13,13000,8,F,,,,2026-07-16 16:27:14,,,,
2026-07-16 11:55:00,UNKNOWN,292,711999,11549170,902,6-190-35-F,,,BF110,,,,36,14400,122,F,,,,2026-07-16 11:55:00,,,,
2026-07-16 11:56:11,UNKNOWN,292,712350,11549170,1331,6-190-35-O,,,BF109A,,,,36,14400,247,F,,,,2026-07-16 11:56:11,,,,
2026-07-16 12:38:39,UNKNOWN,275,710863,W711468-S437,1436,6-194-34-B,,,BF112,,,,36,57600,156,F,,,,2026-07-16 12:38:39,,,,
2026-07-16 13:03:42,UNKNOWN,275,712001,11549170,838,6-190-35-H,,,BF108A,,,,30,12000,3,F,,,,2026-07-16 13:03:42,,,,
2026-07-16 15:38:31,UNKNOWN,292,712001,11549170,838,6-190-35-H,,,bf108,,,,10,4000,121,F,,,,2026-07-16 15:38:31,,,,
2026-07-16 13:05:12,UNKNOWN,275,713033,W520101-S442,814,6-196-17-B,,,BF103A,,,,24,72000,237,F,,,,2026-07-16 13:05:12,,,,
2026-07-17 13:43:38,UNKNOWN,275,713033,W520101-S442,814,6-196-17-B,,,BF103A,,,,12,36000,200,F,,,,2026-07-17 13:43:38,,,,
2026-07-16 13:08:06,UNKNOWN,156,712011,11549170,961,6-190-35-J,,,BF117,,,,36,14400,54,F,,,,2026-07-16 13:08:06,,,,
2026-07-16 13:16:39,UNKNOWN,292,711985,11549170,179,6-190-35-B,,,BF110,,,,36,14400,232,F,,,,2026-07-16 13:16:39,,,,
2026-07-16 14:36:22,UNKNOWN,292,711985,11549170,179,6-190-35-B,,,BF110,,,,10,4000,236,F,,,,2026-07-16 14:36:22,,,,
2026-07-16 13:55:03,UNKNOWN,275,712179,11561645,342,6-190-25-B,,,BF104A,,,,36,144000,257,F,,,,2026-07-16 13:55:03,,,,
2026-07-16 14:07:24,UNKNOWN,292,712012,11549170,1046,6-190-35-k,,,bf109,,,,36,14400,57,F,,,,2026-07-16 14:07:24,,,,
2026-07-16 16:31:10,UNKNOWN,292,712012,11549170,1046,6-190-35-k,,,bf109a,,,,10,4000,4,F,,,,2026-07-16 16:31:10,,,,
2026-07-16 14:19:18,UNKNOWN,290,713085,11546462,249,6-195-35-C,,,MC078,,,,36,23400,85,F,,,,2026-07-16 14:19:18,,,,
2026-07-16 16:33:09,UNKNOWN,290,713085,11546462,249,6-195-35-c,,,mc078,,,,8,5200,6\,F,,,,2026-07-16 16:33:09,,,,
2026-07-16 14:23:39,UNKNOWN,280,713084,11546462,496,6-195-35-B,,,BF121,,,,4,2600,SKID# 214,F,,,,2026-07-16 14:23:39,,,,
2026-07-16 14:24:41,UNKNOWN,280,713084,11546462,496,6-195-35-B,,,BF121,,,,36,23400,SKID# 214,F,,,,2026-07-16 14:24:41,,,,
2026-07-16 14:33:26,UNKNOWN,290,713082,11546462,1110,6-195-34-B,,,MC078,,,,36,23400,55,F,,,,2026-07-16 14:33:26,,,,
2026-07-16 14:35:40,UNKNOWN,290,713086,11546462,1074,6-195-35-D,,,MC078,,,,36,23400,78,F,,,,2026-07-16 14:35:40,,,,
2026-07-16 14:42:45,UNKNOWN,280,713081,11546462,170,6-195-34-A,,,BF121,,,,36,23400,SKID# 52,F,,,,2026-07-16 14:42:45,,,,
2026-07-16 14:48:05,UNKNOWN,280,712692,11546389,691,6-191-10-A,,,BF123,,,,26,117000,SKID# 120,F,,,,2026-07-16 14:48:05,,,,
2026-07-16 14:52:09,UNKNOWN,290,713083,11546462,472,6-195-35-A,,,MC078,,,,36,23400,2,F,,,,2026-07-16 14:52:09,,,,
2026-07-16 14:53:50,UNKNOWN,292,712343,11549170,560,6-190-35-N,,,BF110,,,,26,10400,36,F,,,,2026-07-16 14:53:50,,,,
2026-07-17 09:33:54,UNKNOWN,292,712343,11549170,560,6-190-35-n,,,bf110,,,,21,8400,2,F,,,,2026-07-17 09:33:54,,,,
2026-07-16 15:12:44,UNKNOWN,275,713395,06509967AA,190,6-196-09-A,,,MC004,,,,13,10725,129,F,,,,2026-07-16 15:12:44,,,,
2026-07-16 15:13:27,UNKNOWN,290,713530,NU1405-00,1618,6-196-26-A,,,BF107A,,,,1,75000,58,F,,,,2026-07-16 15:13:27,,,,
2026-07-16 15:17:27,UNKNOWN,156,712348,11549170,369,6-190-36-E,,,BF117,,,,36,14400,221,F,,,,2026-07-16 15:17:27,,,,
2026-07-16 15:39:50,UNKNOWN,292,711998,11549170,675,6-190-35-E,,,BF108,,,,26,10400,121,F,,,,2026-07-16 15:39:50,,,,
2026-07-16 16:26:37,UNKNOWN,272,709535,11549168-ca-in,1366,6-189-03-c,,,mc026,,,,23,23000,8,F,,,,2026-07-16 16:26:37,,,,
2026-07-17 13:11:38,UNKNOWN,272,709535,11549168-ca-in,1366,6-189-03-c,,,MC26,,,,23,23000,65,F,,,,2026-07-17 13:11:38,,,,
2026-07-17 13:14:07,UNKNOWN,272,709535,11549168-ca-in,1366,6-189-03-c,,,MC26,,,,20,20000,65,F,,,,2026-07-17 13:14:07,,,,
2026-07-16 16:32:06,UNKNOWN,292,712340,11549170,558,6-190-36-a,,,bf109a,,,,26,10400,4,F,,,,2026-07-16 16:32:06,,,,
2026-07-17 11:12:47,UNKNOWN,290,712340,11549170,558,6-190-36-a,,,bf109a,,,,16,6400,1,F,,,,2026-07-17 11:12:47,,,,
2026-07-16 16:34:56,UNKNOWN,156,712341,11549170,676,6-190-36-b,,,bf117,,,,36,14400,73,F,,,,2026-07-16 16:34:56,,,,
2026-07-16 16:36:31,UNKNOWN,156,712658,11546365-my-ak,1514,6-194-10-a,,,mc024,,,,22,41800,119,F,,,,2026-07-16 16:36:31,,,,
2026-07-16 16:39:58,UNKNOWN,275,712177,11561645,228,6-190-26-b,,,bf104a,,,,15,60000,130,F,,,,2026-07-16 16:39:58,,,,
2026-07-16 17:08:40,UNKNOWN,280,713372,11546449,357,6-196-11-b,,,bf114a/b,,,,36,90000,skid# 32,F,,,,2026-07-16 17:08:40,,,,
2026-07-17 08:34:27,UNKNOWN,280,712694,11546389,166,6-191-11-a,,,bf120,,,,20,90000,-,F,,,,2026-07-17 08:34:27,,,,
2026-07-17 11:22:10,UNKNOWN,280,712694,11546389,166,6-191-11-a,,,bf120,,,,5,22500,skid# 58,F,,,,2026-07-17 11:22:10,,,,
2026-07-17 08:36:15,UNKNOWN,275,712216,w520101-s450,1374,6-194-03-a,,,mc112,,,,36,108000,146,F,,,,2026-07-17 08:36:15,,,,
2026-07-17 15:13:20,UNKNOWN,275,712216,W520101-S450,1374,6-194-03-A,,,MC112,,,,36,108000,214,F,,,,2026-07-17 15:13:20,,,,
2026-07-17 08:38:16,UNKNOWN,275,710864,w711468-s437,1562,6-194-34-c,,,bf112,,,,36,57600,4,F,,,,2026-07-17 08:38:16,,,,
2026-07-17 09:34:32,UNKNOWN,156,712007,11549170,1601,6-195-13-h,,,bf117,,,,36,14400,72,F,,,,2026-07-17 09:34:32,,,,
2026-07-17 09:54:12,UNKNOWN,156,712162,11546367,347,6-196-04-b,,,bf116,,,,34,23800,47,F,,,,2026-07-17 09:54:12,,,,
2026-07-17 09:58:12,UNKNOWN,280,713531,nu1405-00,1584,6-196-26-b,,,bf124,,,,1,82430,skid# 189,F,,,,2026-07-17 09:58:12,,,,
2026-07-17 10:00:03,UNKNOWN,290,711986,11549170,759,6-195-13-c,,,bf110,,,,15,6000,2,F,,,,2026-07-17 10:00:03,,,,
2026-07-17 13:20:39,UNKNOWN,290,711986,11549170,759,6-195-13-c,,,BF110,,,,27,10800,149,F,,,,2026-07-17 13:20:39,,,,
2026-07-17 10:02:03,UNKNOWN,290,712086,6502979,171,6-196-22-b,,,mc078,,,,24,18000,229,F,,,,2026-07-17 10:02:03,,,,
2026-07-17 10:02:57,UNKNOWN,290,712998,6502979,440,6-195-57-a,,,mc078,,,,12,9000,229,F,,,,2026-07-17 10:02:57,,,,
2026-07-17 13:32:30,UNKNOWN,290,712998,6502979,440,6-195-57-A,,,mc78,,,,28,21000,27,F,,,,2026-07-17 13:32:30,,,,
2026-07-17 10:07:05,UNKNOWN,4,706391,11612078,227,6-181-35-a,,,mc074,,,,36,66600,112,F,,,,2026-07-17 10:07:05,,,,
2026-07-17 10:16:04,UNKNOWN,156,712899,11546367-my-ak,607,6-196-04-f,,,mc110,,,,36,25200,87,F,,,,2026-07-17 10:16:04,,,,
2026-07-17 10:17:00,UNKNOWN,280,713374,11546449,223,6-196-12-b,,,bf123,,,,36,90000,skid# 168,F,,,,2026-07-17 10:17:00,,,,
2026-07-17 10:31:31,UNKNOWN,290,713532,nu1405-00,760,6-196-27-a,,,bf107a,,,,1,61500,230,F,,,,2026-07-17 10:31:31,,,,
2026-07-17 10:35:35,UNKNOWN,275,712369,11549170,1063,6-195-12-i,,,bf108a,,,,36,14400,156,F,,,,2026-07-17 10:35:35,,,,
2026-07-17 11:36:08,UNKNOWN,275,713396,06509967aa,841,6-196-09-b,,,mc004,,,,23,18975,UNKNOWN,F,,,,2026-07-17 11:36:08,,,,
2026-07-17 15:15:35,UNKNOWN,275,713396,06509967AA,841,6-196-09-B,,,MC004,,,,12,9900,224,F,,,,2026-07-17 15:15:35,,,,
2026-07-17 11:53:23,UNKNOWN,280,713377,11546449,1548,6-196-14-a,,,bf114a/b,,,,36,90000,skid# 31,F,,,,2026-07-17 11:53:23,,,,
2026-07-17 13:09:43,UNKNOWN,156,712697,w520412-s442,155,6-195-61-b,,,BF113,,,,36,136800,68,F,,,,2026-07-17 13:09:43,,,,
2026-07-17 13:13:07,UNKNOWN,272,709534,11549168-ca-in,539,6-189-03-b,,,MC26,,,,16,16000,65,F,,,,2026-07-17 13:13:07,,,,
2026-07-18 08:59:25,UNKNOWN,272,709534,11549168-CA-IN,539,6-189-03-B,,,mc 26,,,,25,25000,70,F,,,,2026-07-18 08:59:25,,,,
2026-07-17 13:17:10,UNKNOWN,NA,711987,11549170,1634,6-195-13-d,,,UNKNOWN,,,,9,3600,149,F,,,,2026-07-17 13:17:10,,,,
2026-07-17 14:41:19,UNKNOWN,290,711987,11549170,1634,6-195-13-D,,,BF110,,,,10,4000,221,F,,,,2026-07-17 14:41:19,,,,
2026-07-17 13:21:54,UNKNOWN,156,711983,11549170,942,6-195-13-B,,,bf117,,,,36,14400,110,F,,,,2026-07-17 13:21:54,,,,
2026-07-17 13:25:27,UNKNOWN,156,713373,11546449,1002,6-196-12-A,,,bf116,,,,33,82500,109,F,,,,2026-07-17 13:25:27,,,,
2026-07-17 13:27:52,UNKNOWN,275,712006,11549170,1566,6-195-13-g,,,bf108,,,,36,14400,122,F,,,,2026-07-17 13:27:52,,,,
2026-07-17 13:28:54,UNKNOWN,290,713000,6502979,250,6-195-58-A,,,mc78,,,,8,6000,27,F,,,,2026-07-17 13:28:54,,,,
2026-07-18 12:03:18,UNKNOWN,290,713000,6502979,250,6-195-58-A,,,MC78,,,,33,24750,66,F,,,,2026-07-18 12:03:18,,,,
2026-07-17 13:36:00,UNKNOWN,290,711996,11549170,549,6-195-13-E,,,bf107,,,,36,14400,81,F,,,,2026-07-17 13:36:00,,,,
2026-07-17 13:38:09,UNKNOWN,156,712349,11549170,91,6-190-36-F,,,bf117,,,,36,14400,6,F,,,,2026-07-17 13:38:09,,,,
2026-07-17 13:43:10,UNKNOWN,275,713034,W520101-S442,837,6-196-16-A,,,BF103A,,,,24,72000,200,F,,,,2026-07-17 13:43:10,,,,
2026-07-18 13:44:55,UNKNOWN,275,713034,w520101-s442,837,6-196-16-a,,,BF103,,,,16,48000,7,F,,,,2026-07-18 13:44:55,,,,
2026-07-17 13:44:27,UNKNOWN,275,710862,W711468-S437,339,6-194-34-A,,,BF112,,,,36,57600,71,F,,,,2026-07-17 13:44:27,,,,
2026-07-17 15:12:12,UNKNOWN,275,710862,W711468-S437,339,6-194-34-A,,,BF112,,,,9,14400,145,F,,,,2026-07-17 15:12:12,,,,
2026-07-17 13:58:41,UNKNOWN,290,712347,11549170,696,6-195-10-B,,,BF109A,,,,36,14400,1,F,,,,2026-07-17 13:58:41,,,,
2026-07-17 13:59:33,UNKNOWN,280,713370,11546449,178,6-196-10-B,,,BF123,,,,36,90000,SKID# 55,F,,,,2026-07-17 13:59:33,,,,
2026-07-17 14:10:37,UNKNOWN,280,713370,11546449,178,6-196-10-B,,,bf123,,,,36,90000,70,F,,,,2026-07-17 14:10:37,,,,
2026-07-17 14:12:41,UNKNOWN,156,712897,11546367-MY-AK,291,6-196-04-d,,,bf116,,,,36,25200,208,F,,,,2026-07-17 14:12:41,,,,
2026-07-17 15:16:46,UNKNOWN,290,712342,11549170,931,6-190-35-M,,,BF110,,,,26,10400,221,F,,,,2026-07-17 15:16:46,,,,
2026-07-18 10:30:41,UNKNOWN,290,712342,11549170,931,6-190-35-M,,,bf110,,,,19,7600,p.2,F,,,,2026-07-18 10:30:41,,,,
2026-07-17 15:23:52,UNKNOWN,275,713375,11546449,938,6-196-13-A,,,BF102,,,,36,90000,115,F,,,,2026-07-17 15:23:52,,,,
2026-07-17 15:33:26,UNKNOWN,156,712367,11549170,794,6-190-34-J,,,BF117,,,,36,14400,163,F,,,,2026-07-17 15:33:26,,,,
2026-07-17 15:42:00,UNKNOWN,280,713369,11546449,1007,6-196-10-A,,,BF123,,,,36,90000,SKID# 3,F,,,,2026-07-17 15:42:00,,,,
2026-07-17 15:43:24,UNKNOWN,275,712010,11549170,755,6-190-35-I,,,BF108A,,,,36,14400,SKID# 236,F,,,,2026-07-17 15:43:24,,,,
2026-07-18 12:07:33,UNKNOWN,275,712010,11549170,755,6-190-35-i,,,BF108,,,,17,6800,239,F,,,,2026-07-18 12:07:33,,,,
2026-07-17 15:44:39,UNKNOWN,290,712359,11549170,208,6-195-12-E,,,BF107A,,,,36,14400,156,F,,,,2026-07-17 15:44:39,,,,
2026-07-17 16:41:22,UNKNOWN,275,713035,W520101-S442,1533,6-196-16-b,,,bf104,,,,36,108000,85,F,,,,2026-07-17 16:41:22,,,,
2026-07-17 16:44:04,UNKNOWN,290,712360,11549170,449,6-190-34-e,,,bf109,,,,36,14400,97,F,,,,2026-07-17 16:44:04,,,,
2026-07-18 09:00:05,UNKNOWN,272,709537,11549168-CA-IN,858,6-189-27-B,,,mc 26,,,,11,11000,70,F,,,,2026-07-18 09:00:05,,,,
2026-07-20 08:00:59,UNKNOWN,272,709537,11549168-ca-in,858,6-189-27-b,,,mc026,,,,36,36000,111,F,,,,2026-07-20 08:00:59,,,,
2026-07-18 09:01:12,UNKNOWN,156,712900,11546367-MY-AK,292,6-196-04-G,,,mc110,,,,36,25200,133,F,,,,2026-07-18 09:01:12,,,,
2026-07-18 09:04:46,UNKNOWN,280,713380,11546449,1564,6-196-15-B,,,bf114,,,,36,90000,8,F,,,,2026-07-18 09:04:46,,,,
2026-07-18 09:05:46,UNKNOWN,280,712085,6502979,1334,6-196-22-A,,,bf121,,,,36,27000,187,F,,,,2026-07-18 09:05:46,,,,
2026-07-18 09:28:12,UNKNOWN,280,713533,NU1405-00,51,6-196-27-B,,,bf124,,,,1,68970,51,F,,,,2026-07-18 09:28:12,,,,
2026-07-18 10:22:50,UNKNOWN,290,713371,11546449,980,6-196-11-A,,,bf106,,,,36,90000,p.9,F,,,,2026-07-18 10:22:50,,,,
2026-07-18 10:35:30,UNKNOWN,156,712907,11546367-MY-AK,1005,6-196-04-J,,,bf116,,,,36,25200,118,F,,,,2026-07-18 10:35:30,,,,
2026-07-18 10:38:16,UNKNOWN,275,712338,11516382-MY-AK,1041,6-198-04-A,,,bf112,,,,36,16200,113,F,,,,2026-07-18 10:38:16,,,,
2026-07-18 10:41:19,UNKNOWN,156,712696,W520412-S442,1086,6-195-61-A,,,bf113,,,,28,106400,248,F,,,,2026-07-18 10:41:19,,,,
2026-07-18 10:53:17,UNKNOWN,290,712906,11546367-MY-AK,1700,6-196-04-I,,,bf107,,,,36,25200,189,F,,,,2026-07-18 10:53:17,,,,
2026-07-18 11:58:27,UNKNOWN,280,713603,11546545,591,6-198-28-B,,,bf123,,,,36,90000,251,F,,,,2026-07-18 11:58:27,,,,
2026-07-18 12:01:23,UNKNOWN,290,713156,11549169-MY-AK,306,6-198-26-B,,,bf109,,,,36,23760,100,F,,,,2026-07-18 12:01:23,,,,
2026-07-18 12:10:11,UNKNOWN,280,713376,11546449,935,6-196-13-b,,,BF114,,,,27,67500,228,F,,,,2026-07-18 12:10:11,,,,
2026-07-18 12:12:11,UNKNOWN,156,712891,11516133,595,6-198-14-b,,,BF117,,,,36,18000,162,F,,,,2026-07-18 12:12:11,,,,
2026-07-18 12:14:45,UNKNOWN,156,712657,11546365-my-ak,1636,6-194-09-b,,,MC 24,,,,36,68400,59,F,,,,2026-07-18 12:14:45,,,,
2026-07-18 13:39:53,UNKNOWN,275,712339,11516382-my-ak,235,6-198-04-b,,,BF112,,,,33,14850,190,F,,,,2026-07-18 13:39:53,,,,
2026-07-18 13:42:59,UNKNOWN,275,713032,w520101-s442,378,6-196-17-a,,,BF104,,,,36,108000,168,F,,,,2026-07-18 13:42:59,,,,
2026-07-20 08:51:36,UNKNOWN,275,713032,w520101-s442,378,6-196-17-a,,,bf104a,,,,17,51000,7,F,,,,2026-07-20 08:51:36,,,,
2026-07-18 13:46:23,UNKNOWN,275,712214,w520101-s450,870,6-194-02-a,,,MC112,,,,36,108000,249,F,,,,2026-07-18 13:46:23,,,,
2026-07-18 13:48:01,UNKNOWN,275,712902,11546367-my-ak,729,6-198-23-a,,,BF110,,,,36,25200,244,F,,,,2026-07-18 13:48:01,,,,
2026-07-18 13:50:47,UNKNOWN,156,712905,11546367-my-ak,1084,6-198-23-d,,,BF116,,,,36,25200,136,F,,,,2026-07-18 13:50:47,,,,
2026-07-18 13:53:26,UNKNOWN,275,713379,11546449,358,6-196-15-a,,,BF102,,,,36,90000,198,F,,,,2026-07-18 13:53:26,,,,
2026-07-20 08:06:36,UNKNOWN,280,713601,11546545,274,6-198-11-b,,,bf123,,,,36,90000,skid# 166,F,,,,2026-07-20 08:06:36,,,,
2026-07-20 08:07:45,UNKNOWN,290,712904,11546367-my-ak,928,6-198-23-c,,,bf107a,,,,36,25200,165,F,,,,2026-07-20 08:07:45,,,,
2026-07-20 08:09:20,UNKNOWN,156,712890,11516133,1560,6-198-14-a,,,bf117,,,,25,12500,197,F,,,,2026-07-20 08:09:20,,,,
2026-07-20 08:11:17,UNKNOWN,156,712901,11546367-my-ak,1363,6-196-04-h,,,mc110,,,,36,25200,164,F,,,,2026-07-20 08:11:17,,,,
2026-07-20 08:27:13,UNKNOWN,290,713159,11549169-my-ak,596,6-198-26-c,,,bf109a,,,,36,23760,129,F,,,,2026-07-20 08:27:13,,,,
2026-07-20 08:54:50,UNKNOWN,272,706596,11549168-ca-in,631,6-190-21-a,,,mc026,,,,36,36000,128,F,,,,2026-07-20 08:54:50,,,,
2026-07-20 09:20:27,UNKNOWN,280,713593,11546545,194,6-198-08-B,,,BF114,,,,36,90000,119,F,,,,2026-07-20 09:20:27,,,,
2026-07-20 09:21:32,UNKNOWN,4,708873,11612078,843,6-181-34-d,,,mc074,,,,36,66600,154,F,,,,2026-07-20 09:21:32,,,,
2026-07-20 09:22:33,UNKNOWN,275,713259,6100050,889,6-198-32-c,,,bf108a,,,,36,54000,skid# 117,F,,,,2026-07-20 09:22:33,,,,
2026-07-20 09:23:46,UNKNOWN,156,712656,11546365-my-ak,1105,6-194-09-a,,,mc024,,,,36,68400,227,F,,,,2026-07-20 09:23:46,,,,
2026-07-21 13:03:26,UNKNOWN,156,712656,11546365-MY-AK,1105,6-194-09-A,,,MC024,,,,10,19000,58,F,,,,2026-07-21 13:03:26,,,,
2026-07-20 09:44:41,UNKNOWN,290,713600,11546545,398,6-198-11-a,,,bf106a,,,,36,90000,94,F,,,,2026-07-20 09:44:41,,,,
2026-07-20 09:56:21,UNKNOWN,156,712386,11516133,702,6-198-15-a,,,bf117,,,,36,18000,217,F,,,,2026-07-20 09:56:21,,,,
2026-07-20 10:06:33,UNKNOWN,280,713592,11546545,101,6-198-08-a,,,bf123,,,,36,90000,4,F,,,,2026-07-20 10:06:33,,,,
2026-07-20 11:15:25,UNKNOWN,290,713597,11546545,1649,6-198-09-c,,,MC78,,,,36,90000,73,F,,,,2026-07-20 11:15:25,,,,
2026-07-20 11:20:24,UNKNOWN,156,712903,11546367-my-ak,1526,6-198-23-B,,,MC110,,,,36,25200,171,F,,,,2026-07-20 11:20:24,,,,
2026-07-20 11:24:13,UNKNOWN,290,713171,11546367-my-ak,3,6-198-24-C,,,BF110,,,,30,21000,208,F,,,,2026-07-20 11:24:13,,,,
2026-07-20 11:26:42,UNKNOWN,275,712997,06105051aa,1039,6-198-37-a,,,MC4,,,,19,11780,145,F,,,,2026-07-20 11:26:42,,,,
2026-07-20 11:27:52,UNKNOWN,156,712387,11516133,748,6-198-15-b,,,BF117,,,,26,13000,32,F,,,,2026-07-20 11:27:52,,,,
2026-07-20 12:09:49,UNKNOWN,275,713257,6100050,1434,6-198-32-a,,,bf108a,,,,36,54000,skid# 156,F,,,,2026-07-20 12:09:49,,,,
2026-07-20 16:29:32,UNKNOWN,275,713257,6100050,1434,6-198-32-a,,,bf108,,,,16,24000,10,F,,,,2026-07-20 16:29:32,,,,
2026-07-20 12:17:17,UNKNOWN,280,713511,11546377-ph-ro,1794,6-201-03-b,,,bf118a/b,,,,36,77400,skid# 122,F,,,,2026-07-20 12:17:17,,,,
2026-07-20 12:18:22,UNKNOWN,280,707404,11546364-my-ak,689,6-198-13-a,,,bf124,,,,36,126000,skid# 243,F,,,,2026-07-20 12:18:22,,,,
2026-07-20 17:08:55,UNKNOWN,280,707404,11546364-MY-AK,689,6-198-13-A,,,BF124,,,,7,24500,SKID# 85,F,,,,2026-07-20 17:08:55,,,,
2026-07-20 12:19:46,UNKNOWN,280,712999,6502979,679,6-195-57-b,,,bf121,,,,36,27000,skid# 24,F,,,,2026-07-20 12:19:46,,,,
2026-07-20 13:58:07,UNKNOWN,280,712999,6502979,679,6-195-57-b,,,bf121,,,,1,750,24,F,,,,2026-07-20 13:58:07,,,,
2026-07-20 12:34:36,UNKNOWN,280,713606,11546545,1068,6-198-29-b,,,bf123,,,,36,90000,skid# 174,F,,,,2026-07-20 12:34:36,,,,
2026-07-20 12:36:29,UNKNOWN,275,713599,11546545,697,6-198-10-b,,,bf102,,,,36,90000,57',F,,,,2026-07-20 12:36:29,,,,
2026-07-20 12:38:18,UNKNOWN,275,712213,w520101-s450,1313,6-194-01-b,,,mc112,,,,36,108000,109,F,,,,2026-07-20 12:38:18,,,,
2026-07-20 14:41:57,UNKNOWN,275,712213,w520101-s450,1313,6-194-01-b,,,mc112,,,,2,6000,109,F,,,,2026-07-20 14:41:57,,,,
2026-07-20 12:39:47,UNKNOWN,290,713158,11549169-my-ak,1517,6-198-27-b,,,bf109a,,,,35,23100,27,F,,,,2026-07-20 12:39:47,,,,
2026-07-20 12:41:02,UNKNOWN,272,704503,11549168-ca-in,100,6-190-20-a,,,mc026,,,,36,36000,1,F,,,,2026-07-20 12:41:02,,,,
2026-07-21 09:33:43,UNKNOWN,272,704503,11549168-CA-IN,100,6-190-20-A,,,MC026,,,,14,14000,132,F,,,,2026-07-21 09:33:43,,,,
2026-07-20 12:55:38,UNKNOWN,280,712970,06102398aa,1390,6-195-60-a,,,bf120,,,,25,120000,skid# 55,F,,,,2026-07-20 12:55:38,,,,
2026-07-20 13:17:14,UNKNOWN,280,713596,11546545,750,6-198-09-b,,,bf114a/b,,,,36,90000,skid# 68,F,,,,2026-07-20 13:17:14,,,,
2026-07-20 14:55:07,UNKNOWN,290,712941,06104725aa,222,6-201-11-b,,,bf107a,,,,36,100800,skid# 110,F,,,,2026-07-20 14:55:07,,,,
2026-07-20 14:56:24,UNKNOWN,156,713031,11549171-my-ak,88,6-201-10-b,,,bf117,,,,35,9800,242,F,,,,2026-07-20 14:56:24,,,,
2026-07-20 14:57:31,UNKNOWN,275,712945,06104725aa,424,6-201-13-b,,,bf102,,,,36,100800,skid# 218,F,,,,2026-07-20 14:57:31,,,,
2026-07-20 15:04:44,UNKNOWN,275,713595,11546545,1789,6-198-09-a,,,bf104a,,,,36,90000,29,F,,,,2026-07-20 15:04:44,,,,
2026-07-20 15:05:57,UNKNOWN,156,713169,11546367-my-ak,1409,6-201-29-e,,,bf117,,,,36,25200,skid# 115,F,,,,2026-07-20 15:05:57,,,,
2026-07-20 16:28:30,UNKNOWN,275,713598,11546545,1412,6-198-10-a,,,bf103,,,,36,90000,214,F,,,,2026-07-20 16:28:30,,,,
2026-07-20 16:30:22,UNKNOWN,275,713261,6100050,655,6-198-32-D,,,bf108,,,,20,30000,10,F,,,,2026-07-20 16:30:22,,,,
2026-07-21 11:26:20,UNKNOWN,275,713261,6100050,655,6-198-32-D,,,BF108A,,,,16,24000,114,F,,,,2026-07-21 11:26:20,,,,
2026-07-20 16:33:36,UNKNOWN,290,714072,W705606-S440,kib,6-198-19-a,,,bf110,,,,36,20880,224,F,,,,2026-07-20 16:33:36,,,,
2026-07-20 16:36:27,UNKNOWN,290,713420,06509967AA,kib,6-196-05-b,,,bf105,,,,19,15675,221,F,,,,2026-07-20 16:36:27,,,,
2026-07-20 16:38:06,UNKNOWN,290,713605,11546545,1791,6-198-29-A,,,mc78,,,,36,90000,3,F,,,,2026-07-20 16:38:06,,,,
2026-07-21 08:30:30,UNKNOWN,156,713080,06104725AA,930,6-201-16-B,,,BF116,,,,36,100800,22,F,,,,2026-07-21 08:30:30,,,,
2026-07-21 08:34:03,UNKNOWN,280,713602,11546545,1802,6-198-28-A,,,BF123,,,,36,90000,SKID# 163,F,,,,2026-07-21 08:34:03,,,,
2026-07-21 08:35:34,UNKNOWN,156,713514,11546377-PH-RO,1809,6-201-04-A,,,MC019,,,,36,77400,SKID# 59,F,,,,2026-07-21 08:35:34,,,,
2026-07-21 09:28:10,UNKNOWN,275,712084,06506707AA,1637,6-195-59-B,,,BF112,,,,35,28700,48,F,,,,2026-07-21 09:28:10,,,,
2026-07-21 09:29:34,UNKNOWN,156,713164,11546367-MY-AK,1534,6-201-29-B,,,BF117,,,,36,25200,89,F,,,,2026-07-21 09:29:34,,,,
2026-07-21 09:30:58,UNKNOWN,290,713155,11549169-MY-AK,1511,6-198-26-A,,,BF109A,,,,36,23760,SKID# 65,F,,,,2026-07-21 09:30:58,,,,
2026-07-21 12:03:37,UNKNOWN,290,713155,11549169-MY-AK,1511,6-198-26-A,,,BF109A,,,,5,3300,SKID# 149,F,,,,2026-07-21 12:03:37,,,,
2026-07-21 09:32:12,UNKNOWN,280,713604,11546545,1790,6-198-28-C,,,BF106A,,,,19,47500,SKID# 28,F,,,,2026-07-21 09:32:12,,,,
2026-07-21 09:33:08,UNKNOWN,272,708067,11549168-CA-IN,926,6-190-21-D,,,MC026,,,,22,22000,132,F,,,,2026-07-21 09:33:08,,,,
2026-07-21 15:07:55,UNKNOWN,272,708067,11549168-CA-IN,926,6-190-21-D,,,26,,,,14,14000,71,F,,,,2026-07-21 15:07:55,,,,
2026-07-21 11:01:53,UNKNOWN,290,713419,06509967AA,kib,6-196-05-A,,,BF105A,,,,17,14025,221,F,,,,2026-07-21 11:01:53,,,,
2026-07-21 14:42:09,UNKNOWN,290,713419,06509967AA,kib,6-196-05-A,,,BF105A,,,,11,9075,10,F,,,,2026-07-21 14:42:09,,,,
2026-07-21 11:02:51,UNKNOWN,290,714073,W705606-S440,kib,6-198-19-B,,,BF110,,,,24,13920,93,F,,,,2026-07-21 11:02:51,,,,
2026-07-21 11:03:46,UNKNOWN,290,713594,11546545,1786,6-198-08-C,,,BF106A,,,,33,82500,15,F,,,,2026-07-21 11:03:46,,,,
2026-07-21 11:25:20,UNKNOWN,275,713667,6100050,823,6-198-30-A,,,BF108A,,,,20,30000,114,F,,,,2026-07-21 11:25:20,,,,
2026-07-21 16:09:36,UNKNOWN,275,713667,6100050,823,6-198-30-A,,,BF108A,,,,16,24000,161,F,,,,2026-07-21 16:09:36,,,,
2026-07-21 12:05:48,UNKNOWN,275,712944,06104725AA,486,6-201-13-A,,,MC112,,,,36,100800,SKID# 123,F,,,,2026-07-21 12:05:48,,,,
2026-07-21 12:29:16,UNKNOWN,280,713517,11546377-PH-RO,119,6-201-04-D,,,BF118A/B,,,,20,43000,SKID# 9,F,,,,2026-07-21 12:29:16,,,,
2026-07-21 12:29:50,UNKNOWN,280,713515,11546377-PH-RO,1810,6-201-04-B,,,BF118A/B,,,,16,34400,SKID# 9,F,,,,2026-07-21 12:29:50,,,,
2026-07-22 17:00:11,UNKNOWN,280,713515,11546377-PH-RO,1810,6-201-04-B,,,BF118A/B,,,,13,27950,SKID# 229,F,,,,2026-07-22 17:00:11,,,,
2026-07-21 12:31:26,UNKNOWN,280,713017,11546366-MY-AK,1408,6-201-22-B,,,BF124,,,,36,36000,SKID# 36,F,,,,2026-07-21 12:31:26,,,,
2026-07-21 12:32:40,UNKNOWN,280,713381,11546456,510,6-201-24-A,,,BF114A/B,,,,20,54000,SKID# 42,F,,,,2026-07-21 12:32:40,,,,
2026-07-21 12:33:44,UNKNOWN,280,713382,11546456,1146,6-201-24-B,,,BF114A/B,,,,16,43200,SKID# 42,F,,,,2026-07-21 12:33:44,,,,
2026-07-22 08:28:38,UNKNOWN,280,713382,11546456,1446,6-201-24-B,,,BF114A/B,,,,14,37800,SKID# 140,F,,,,2026-07-22 08:28:38,,,,
2026-07-21 12:36:55,UNKNOWN,290,713433,11502717-TH-TC,722,6-191-28-C,,,BF109A,,,,24,31200,24,F,,,,2026-07-21 12:36:55,,,,
2026-07-21 12:53:03,UNKNOWN,156,713170,11546367-MY-AK,136,6-201-29-F,,,BF117,,,,36,25200,31,F,,,,2026-07-21 12:53:03,,,,
2026-07-21 13:02:53,UNKNOWN,290,712940,06104725AA,173,6-201-11-A,,,BF107A,,,,36,100800,SKID# 159,F,,,,2026-07-21 13:02:53,,,,
2026-07-21 14:03:37,UNKNOWN,275,713719,NU3025-00,1035,6-201-32-A,,,BF112,,,,1,41000,178,F,,,,2026-07-21 14:03:37,,,,
2026-07-21 14:43:34,UNKNOWN,275,713383,11546456,451,6-201-25-A,,,BF103A,,,,36,97200,177,F,,,,2026-07-21 14:43:34,,,,
2026-07-21 14:44:59,UNKNOWN,280,713018,11546366-MY-AK,1516,6-201-23-A,,,BF121,,,,36,36000,SKID# 248,F,,,,2026-07-21 14:44:59,,,,
2026-07-21 14:46:03,UNKNOWN,156,713264,W520111-S440,572,6-198-07-A,,,BF113,,,,36,126000,48,F,,,,2026-07-21 14:46:03,,,,
2026-07-21 15:03:15,UNKNOWN,290,713144,11561645,1766,6-201-44-B,,,bf106,,,,36,144000,243,F,,,,2026-07-21 15:03:15,,,,
2026-07-21 15:04:25,UNKNOWN,275,713607,11546545,764,6-198-29-C,,,bf104,,,,36,90000,209,F,,,,2026-07-21 15:04:25,,,,
2026-07-21 16:13:45,UNKNOWN,275,713607,11546545,764,6-198-29-C,,,BF104A,,,,5,12500,82,F,,,,2026-07-21 16:13:45,,,,
2026-07-21 15:05:32,UNKNOWN,156,713167,11546367-MY-AK,44,6-201-29-C,,,bf117,,,,36,25200,156,F,,,,2026-07-21 15:05:32,,,,
2026-07-21 15:06:52,UNKNOWN,4,709060,11549168-CA-IN,127,6-198-21-A,,,mc74,,,,22,22000,71,F,,,,2026-07-21 15:06:52,,,,
2026-07-22 08:51:03,UNKNOWN,272,709060,11549168-CA-IN,127,6-198-21-A,,,MC026,,,,24,24000,225,F,,,,2026-07-22 08:51:03,,,,
2026-07-21 16:10:03,UNKNOWN,275,713258,6100050,635,6-198-30-A,,,BF108A,,,,16,24000,161,F,,,,2026-07-21 16:10:03,,,,
2026-07-22 10:51:48,UNKNOWN,275,713258,6100050,635,6-198-32-B,,,BF108A,,,,24,36000,163,F,,,,2026-07-22 10:51:48,,,,
2026-07-21 16:11:37,UNKNOWN,4,707322,11612078,1389,6-181-32-A,,,MC074,,,,36,66600,117,F,,,,2026-07-21 16:11:37,,,,
2026-07-21 16:13:02,UNKNOWN,156,712942,06104725AA,405,6-201-12-A,,,BF116,,,,36,100800,229,F,,,,2026-07-21 16:13:02,,,,
2026-07-21 16:40:31,UNKNOWN,290,713611,NU5108-00,1800,6-201-47-B,,,BF110,,,,1,76000,207,F,,,,2026-07-21 16:40:31,,,,
2026-07-21 16:41:51,UNKNOWN,275,713422,06513555AA,kib,6-196-06-B,,,MC004,,,,25,11000,47,F,,,,2026-07-21 16:41:51,,,,
2026-07-22 08:13:59,UNKNOWN,280,713019,11546366-MY-AK,1651,6-201-23-B,,,BF121,,,,36,36000,SKID# 21,F,,,,2026-07-22 08:13:59,,,,
2026-07-22 16:59:06,UNKNOWN,280,713019,11546366-MY-AK,1651,6-201-23-B,,,BF121,,,,20,20000,SKID# 81,F,,,,2026-07-22 16:59:06,,,,
2026-07-22 08:16:39,UNKNOWN,156,713163,11546367-MY-AK,555,6-201-529-A,,,BF117,,,,36,25200,7,F,,,,2026-07-22 08:16:39,,,,
2026-07-22 08:23:12,UNKNOWN,156,707561,11546378,515,6-201-09-A,,,MC110,,,,34,42500,215,F,,,,2026-07-22 08:23:12,,,,
2026-07-22 08:49:10,UNKNOWN,290,713076,06104725AA,431,6-201-14-B,,,BF107A,,,,2,5600,PACK# 1,F,,,,2026-07-22 08:49:10,,,,
2026-07-22 08:50:14,UNKNOWN,290,713076,06104725AA,431,6-201-14-B,,,BF107A,,,,36,100800,PACK# 1,F,,,,2026-07-22 08:50:14,,,,
2026-07-22 09:16:43,UNKNOWN,4,713427,11547176,kib,6-198-18-A,,,MC037,,,,36,30600,18,F,,,,2026-07-22 09:16:43,,,,
2026-07-22 09:48:31,UNKNOWN,275,713075,06104725AA,864,6-201-14-A,,,BF102,,,,36,100800,51,F,,,,2026-07-22 09:48:31,,,,
2026-07-22 10:51:02,UNKNOWN,290,713143,11561645,1778,6-201-44-A,,,BF106A,,,,10,40000,2,F,,,,2026-07-22 10:51:02,,,,
2026-07-22 10:52:53,UNKNOWN,275,713421,06513555AA,kib,6-196-06-A,,,MC004,,,,11,4840,253,F,,,,2026-07-22 10:52:53,,,,
2026-07-22 16:13:47,UNKNOWN,275,713421,06513555AA,kib,6-196-06-A,,,MC004,,,,13,5720,9,F,,,,2026-07-22 16:13:47,,,,
2026-07-22 10:56:38,UNKNOWN,156,713131,06512544AA,1762,6-201-41-A,,,MC024,,,,24,18000,143,F,,,,2026-07-22 10:56:38,,,,
2026-07-22 10:57:35,UNKNOWN,156,713168,11546367-MY-AK,392,6-201-29-D,,,BF117,,,,36,25200,93,F,,,,2026-07-22 10:57:35,,,,
2026-07-22 12:43:49,UNKNOWN,156,713168,11546367-MY-AK,392,6-201-29-D,,,BF117,,,,7,4900,132,F,,,,2026-07-22 12:43:49,,,,
2026-07-22 10:58:07,UNKNOWN,272,707203,11549168-CA-IN,677,6-190-20-B,,,MC026,,,,12,12000,225,F,,,,2026-07-22 10:58:07,,,,
2026-07-22 12:27:44,UNKNOWN,272,707203,11549168-CA-IN,677,6-190-20-B,,,MC026,,,,36,36000,146,F,,,,2026-07-22 12:27:44,,,,
2026-07-22 11:54:11,UNKNOWN,252294,711766,11546703,442,6-201-53-A,,,tb4,,,,36,144000,34,F,,,,2026-07-22 11:54:11,,,,
2026-07-22 11:56:44,UNKNOWN,275,713295,11549170,1303,6-202-17-D,,,BF112,,,,36,14400,PACK# 9,F,,,,2026-07-22 11:56:44,,,,
2026-07-22 11:57:31,UNKNOWN,275,713384,11546456,394,6-201-25-B,,,BF103A,,,,25,67500,SKID# 155,F,,,,2026-07-22 11:57:31,,,,
2026-07-22 11:58:13,UNKNOWN,275,713253,6100050,657,6-198-31-B,,,BF108A,,,,12,18000,163,F,,,,2026-07-22 11:58:13,,,,
2026-07-22 16:29:28,UNKNOWN,275,713253,6100050,657,6-198-31-B,,,BF108A,,,,22,33000,46,F,,,,2026-07-22 16:29:28,,,,
2026-07-22 12:02:28,UNKNOWN,275,713077,06104725AA,1022,6-201-15-A,,,MC112,,,,36,100800,PACK# 5,F,,,,2026-07-22 12:02:28,,,,
2026-07-22 12:05:43,UNKNOWN,280,713016,11546366-MY-AK,1579,6-201-22-A,,,BF124,,,,36,36000,SKID# 213,F,,,,2026-07-22 12:05:43,,,,
2026-07-22 17:05:30,UNKNOWN,280,713016,11546366-MY-AK,1579,6-201-22-A,,,BF124,,,,12,12000,-,F,,,,2026-07-22 17:05:30,,,,
2026-07-22 12:08:25,UNKNOWN,275,713141,11561645,1754,6-201-43-A,,,BF104A,,,,30,120000,111,F,,,,2026-07-22 12:08:25,,,,
2026-07-22 12:09:06,UNKNOWN,290,713078,06104725AA,67,6-201-15-B,,,BF107A,,,,36,100800,181,F,,,,2026-07-22 12:09:06,,,,
2026-07-22 12:09:53,UNKNOWN,280,713771,98055704,475,6-201-36-A,,,BF123,,,,23,66700,SKID# 245,F,,,,2026-07-22 12:09:53,,,,
2026-07-22 12:11:48,UNKNOWN,275,713737,11546449,913,6-203-14-A,,,BF104A,,,,36,90000,SKID# 227,F,,,,2026-07-22 12:11:48,,,,
2026-07-22 12:12:33,UNKNOWN,275,713752,11546449,1426,6-203-15-B,,,BF102,,,,36,90000,SKID# 135,F,,,,2026-07-22 12:12:33,,,,
2026-07-22 12:13:29,UNKNOWN,275,713720,NU3025-00,692,6-201-32-B,,,BF112,,,,1,39000,169,F,,,,2026-07-22 12:13:29,,,,
2026-07-22 12:24:20,UNKNOWN,280,713738,11546449,1663,6-203-14-B,,,BF123,,,,36,90000,SKID# 131,F,,,,2026-07-22 12:24:20,,,,
2026-07-22 12:25:04,UNKNOWN,280,713734,11546449,1714,6-203-13-A,,,BF120,,,,36,90000,SKID# 117,F,,,,2026-07-22 12:25:04,,,,
2026-07-22 12:26:14,UNKNOWN,280,713749,11546449,1501,6-203-12-A,,,BF114A/B,,,,36,90000,SKID# 201,F,,,,2026-07-22 12:26:14,,,,
2026-07-22 12:26:56,UNKNOWN,280,712971,06102398AA,224,6-195-60-B,,,BF120,,,,25,120000,SKID# 196,F,,,,2026-07-22 12:26:56,,,,
2026-07-22 13:10:58,UNKNOWN,156,712943,06104725AA,1061,6-201-12-B,,,BF116,,,,36,100800,15,F,,,,2026-07-22 13:10:58,,,,
2026-07-22 17:03:52,UNKNOWN,156,712943,06104725AA,1061,6-201-112-B,,,BF116,,,,7,19600,8,F,,,,2026-07-22 17:03:52,,,,
2026-07-22 13:11:41,UNKNOWN,156,713292,11549170,1671,6-202-17-A,,,BF117,,,,36,14400,202,F,,,,2026-07-22 13:11:41,,,,
2026-07-22 13:55:57,UNKNOWN,156,713519,11546377-PH-RO,1443,6-201-05-B,,,MC019,,,,27,58050,44,F,,,,2026-07-22 13:55:57,,,,
2026-07-22 14:31:53,UNKNOWN,156,713294,11549170,703,6-202-17-C,,,BF117,,,,36,14400,114,F,,,,2026-07-22 14:31:53,,,,
2026-07-22 14:32:18,UNKNOWN,156,709995,E6267AB,1375,6-198-05-A,,,MC110,,,,1,20000,11,F,,,,2026-07-22 14:32:18,,,,
2026-07-22 17:04:50,UNKNOWN,156,709995,E6267AB,1375,6-198-05-A,,,MC110,,,,6,3150,65,F,,,,2026-07-22 17:04:50,,,,
2026-07-22 14:34:02,UNKNOWN,290,713287,11549170,1598,6-202-15-B,,,BF107A,,,,36,14400,57,F,,,,2026-07-22 14:34:02,,,,
2026-07-22 14:35:33,UNKNOWN,290,713281,11549170,82,6-202-18-J,,,BF109A,,,,36,14400,203,F,,,,2026-07-22 14:35:33,,,,
2026-07-22 14:37:00,UNKNOWN,290,713142,11561645,494,6-201-43-B,,,BF106A,,,,26,104000,2,F,,,,2026-07-22 14:37:00,,,,
2026-07-22 16:10:00,UNKNOWN,290,713142,11561645,494,6-201-43-B,,,BF106A,,,,26,104000,210,F,,,,2026-07-22 16:10:00,,,,
2026-07-22 14:37:27,UNKNOWN,290,713610,NU5108-00,1673,6-201-47-A,,,BF110,,,,1,65000,58,F,,,,2026-07-22 14:37:27,,,,
2026-07-22 15:16:15,UNKNOWN,4,713428,11547176,kib,6-198-18-b,,,37,,,,16,13600,85,F,,,,2026-07-22 15:16:15,,,,
2026-07-22 16:28:47,UNKNOWN,4,708158,11612078,541,6-181-35-B,,,MC074,,,,24,44400,47,F,,,,2026-07-22 16:28:47,,,,
2026-07-22 16:30:08,UNKNOWN,275,711512,W711468-S437,920,6-201-17-A,,,MC112,,,,36,57600,243,F,,,,2026-07-22 16:30:08,,,,
2026-07-22 16:37:38,UNKNOWN,290,713290,11549170,1352,6-202-15-E,,,BF109A,,,,36,14400,255,F,,,,2026-07-22 16:37:38,,,,
2026-07-22 17:00:54,UNKNOWN,280,713518,11546377-PH-RO,834,6-201-05-A,,,BF118A/B,,,,23,49450,SKID# 229,F,,,,2026-07-22 17:00:54,,,,
2026-07-23 12:48:23,UNKNOWN,280,713518,11546377-PH-RO,834,6-201-05-A,,,BF118A/B,,,,7,15050,SKID# 149,F,,,,2026-07-23 12:48:23,,,,
2026-07-23 08:31:50,UNKNOWN,275,713979,11548414,412,6-203-01-H,,,BF108A,,,,36,17460,SKID# 225,F,,,,2026-07-23 08:31:50,,,,
2026-07-23 08:33:38,UNKNOWN,290,713293,11549170,1659,6-202-17-B,,,BF109A,,,,36,14400,2,F,,,,2026-07-23 08:33:38,,,,
2026-07-23 08:34:16,UNKNOWN,156,713286,11549170,379,6-202-15-A,,,BF117,,,,36,14400,104,F,,,,2026-07-23 08:34:16,,,,
2026-07-23 08:35:24,UNKNOWN,156,713271,11549170,374,6-202-18-B,,,BF116,,,,36,14400,3,F,,,,2026-07-23 08:35:24,,,,
2026-07-23 08:37:25,UNKNOWN,272,708064,11549168-CA-IN,1619,6-190-21-C,,,MC026,,,,36,36000,56,F,,,,2026-07-23 08:37:25,,,,
2026-07-23 08:38:20,UNKNOWN,156,713262,W520111-S440,176,6-198-06-A,,,BF113,,,,1,3500,124,F,,,,2026-07-23 08:38:20,,,,
2026-07-23 08:39:02,UNKNOWN,156,713262,W520111-S440,176,6-198-06-A,,,BF113,,,,36,126000,124,F,,,,2026-07-23 08:39:02,,,,
2026-07-23 08:39:47,UNKNOWN,156,713132,06512544AA,1776,6-201-41-B,,,MC024,,,,28,21000,92,F,,,,2026-07-23 08:39:47,,,,
2026-07-23 09:07:15,UNKNOWN,290,713273,11549170,1554,6-202-18-D,,,BF107A,,,,36,14400,9,F,,,,2026-07-23 09:07:15,,,,
2026-07-23 09:33:32,UNKNOWN,290,713612,NU5108-00,545,6-201-48-A,,,MC078,,,,1,65000,105,F,,,,2026-07-23 09:33:32,,,,
2026-07-23 09:38:50,UNKNOWN,275,713288,11549170,34,6-202-15-C,,,BF112,,,,36,14400,155,F,,,,2026-07-23 09:38:50,,,,
2026-07-23 09:41:11,UNKNOWN,290,713280,11549170,945,6-202-18-I,,,BF109A,,,,36,14400,SKID# 24,F,,,,2026-07-23 09:41:11,,,,
2026-07-23 09:42:24,UNKNOWN,285391,713012,11546369-MY-AK,1631,6-203-22-A,,,tb2,,,,36,10800,2,F,,,,2026-07-23 09:42:24,,,,
2026-07-23 09:44:41,UNKNOWN,275,713748,11546449,293,6-203-11-B,,,BF103A,,,,36,90000,51,F,,,,2026-07-23 09:44:41,,,,
2026-07-23 11:31:10,UNKNOWN,252294,713391,06505246AA,918,6-203-08-A,,,tb4,,,,32,30720,163,F,,,,2026-07-23 11:31:10,,,,
2026-07-23 11:31:58,UNKNOWN,285391,713472,11546369-MY-AK,1681,6-203-23-C,,,tb2,,,,36,10800,10,F,,,,2026-07-23 11:31:58,,,,
2026-07-23 11:37:31,UNKNOWN,275,710861,W711468-S437,706,6-201-30-A,,,MC112,,,,36,57600,154,F,,,,2026-07-23 11:37:31,,,,
2026-07-23 11:38:10,UNKNOWN,290,713279,11549170,419,6-202-18-H,,,BF107A,,,,36,14400,6,F,,,,2026-07-23 11:38:10,,,,
2026-07-23 12:46:52,UNKNOWN,290,713279,11549170,419,6-202-18-H,,,BF107A,,,,32,12800,94,F,,,,2026-07-23 12:46:52,,,,
2026-07-23 11:41:19,UNKNOWN,275,713971,11548414,166,6-203-01-B,,,BF108A,,,,36,17460,SKID# 124,F,,,,2026-07-23 11:41:19,,,,
2026-07-23 11:43:26,UNKNOWN,157,713336,11546368-MY-AK,901,6-203-50-J,,,tb1,,,,36,16200,37,F,,,,2026-07-23 11:43:26,,,,
2026-07-23 11:44:51,UNKNOWN,156,713282,11549170,893,6-202-18-K,,,BF116,,,,36,14400,7,F,,,,2026-07-23 11:44:51,,,,
2026-07-23 11:45:59,UNKNOWN,190268,714236,W705606-S440,kib,6-202-12-A,,,tb3,,,,32,18560,45,F,,,,2026-07-23 11:45:59,,,,
2026-07-23 11:47:22,UNKNOWN,190268,714237,W705606-S440,kib,6-202-12-B,,,tb3,,,,36,20880,16,F,,,,2026-07-23 11:47:22,,,,
2026-07-23 11:49:46,UNKNOWN,1JUN243799157019306726,713470,11546369-MY-AK,231,tb2,,,1JUN243799157019306725,,,,24,7200,391-285,F,,,,2026-07-23 11:49:46,,,,
2026-07-23 11:54:33,UNKNOWN,252294,713013,11546369-MY-AK,404,6-203-22-B,,,tb4,,,,30,9000,151,F,,,,2026-07-23 11:54:33,,,,
2026-07-23 11:55:36,UNKNOWN,252294,713471,11546369-MY-AK,543,6-203-23-B,,,tb4,,,,36,10800,112,F,,,,2026-07-23 11:55:36,,,,
2026-07-23 11:56:57,UNKNOWN,156,713276,11549170,542,6-202-18-E,,,BF117,,,,36,14400,14,F,,,,2026-07-23 11:56:57,,,,
2026-07-23 11:57:26,UNKNOWN,290,713609,NU5108-00,587,6-201-46-A,,,BF110,,,,1,65000,10,F,,,,2026-07-23 11:57:26,,,,
2026-07-23 12:34:08,UNKNOWN,156,713270,11549170,21,6-202-18-A,,,BF117,,,,36,14400,240,F,,,,2026-07-23 12:34:08,,,,
2026-07-23 12:45:39,UNKNOWN,275,713272,11549170,1361,6-202-18-C,,,BF112,,,,36,14400,193,F,,,,2026-07-23 12:45:39,,,,
2026-07-23 15:20:49,UNKNOWN,275,713272,11549170,1361,6-202-18-C,,,BF112,,,,7,2800,246,F,,,,2026-07-23 15:20:49,,,,
2026-07-23 12:50:03,UNKNOWN,280,713744,11546449,976,6-203-10-A,,,BF123,,,,36,90000,SKID# 146,F,,,,2026-07-23 12:50:03,,,,
2026-07-23 12:52:08,UNKNOWN,280,713651,6101831,1053,6-203-26-D,,,BF121,,,,36,36000,SKID# 137,F,,,,2026-07-23 12:52:08,,,,
2026-07-23 12:53:34,UNKNOWN,280,713742,11546449,1343,6-203-17-B,,,BF124,,,,36,90000,SKID# 136,F,,,,2026-07-23 12:53:34,,,,
2026-07-23 12:55:30,UNKNOWN,280,713747,11546449,1525,6-203-11-A,,,BF114A/B,,,,36,90000,SKID# 114,F,,,,2026-07-23 12:55:30,,,,
2026-07-23 12:57:23,UNKNOWN,156,713649,6101831,1555,6-203-26-C,,,MC110,,,,36,36000,245,F,,,,2026-07-23 12:57:23,,,,
2026-07-23 12:58:54,UNKNOWN,275,713750,11546449,1040,6-203-12-B,,,BF102,,,,23,57500,44,F,,,,2026-07-23 12:58:54,,,,
2026-07-23 14:05:27,UNKNOWN,275,712573,W711468-S437,1735,6-201-19-A,,,mc112,,,,20,32000,81,F,,,,2026-07-23 14:05:27,,,,
2026-07-23 14:08:09,UNKNOWN,290,713140,06511637AA,1529,6-202-22-b,,,bf107,,,,36,43200,47,F,,,,2026-07-23 14:08:09,,,,
2026-07-23 14:11:22,UNKNOWN,275,713753,11546449,540,6-203-15-c,,,bf102,,,,36,90000,44,F,,,,2026-07-23 14:11:22,,,,
2026-07-23 14:13:26,UNKNOWN,275,713753,11546449,540,6-203-15-c,,,bf102,,,,13,32500,44,F,,,,2026-07-23 14:13:26,,,,
2026-07-24 11:15:07,UNKNOWN,275,713753,11546449,540,6-203-15-C,,,BF102,,,,24,60000,253,F,,,,2026-07-24 11:15:07,,,,
2026-07-23 14:15:04,UNKNOWN,275,713745,11546449,895,6-203-10-b,,,bf104,,,,36,90000,41,F,,,,2026-07-23 14:15:04,,,,
2026-07-23 14:38:54,UNKNOWN,156,713289,11549170,1580,6-202-15-D,,,BF116,,,,24,9600,246,F,,,,2026-07-23 14:38:54,,,,
2026-07-23 14:40:27,UNKNOWN,156,713337,11546368-MY-AK,1684,6-203-50-K,,,BF117,,,,36,16200,167,F,,,,2026-07-23 14:40:27,,,,
2026-07-23 14:42:07,UNKNOWN,290,713334,11546368-MY-AK,1682,6-203-50-H,,,BF109A,,,,36,16200,PACK# 9,F,,,,2026-07-23 14:42:07,,,,
2026-07-23 14:43:15,UNKNOWN,156,713978,11548414,760,6-203-01-G,,,BF116,,,,36,17460,52,F,,,,2026-07-23 14:43:15,,,,
2026-07-23 15:19:08,UNKNOWN,290,713751,11546449,15,6-203-12-C,,,BF106A,,,,36,90000,SKID# 210,F,,,,2026-07-23 15:19:08,,,,
2026-07-23 15:19:56,UNKNOWN,280,713512,11546377-PH-RO,1792,6-201-03-C,,,BF118A/B,,,,23,49450,,F,,,,2026-07-23 15:19:56,,,,
2026-07-23 15:28:25,UNKNOWN,290,712894,40204491,852,6-201-08-A,,,BF110,,,,36,22500,3,F,,,,2026-07-23 15:28:25,,,,
2026-07-23 15:30:03,UNKNOWN,156,713729,H62534A,125,6-203-18-B,,,MC024,,,,26,19500,257,F,,,,2026-07-23 15:30:03,,,,
2026-07-23 15:32:18,UNKNOWN,275,713735,11546449,658,6-203-13-B,,,BF103A,,,,36,90000,226,F,,,,2026-07-23 15:32:18,,,,
2026-07-23 16:24:08,UNKNOWN,275,713975,11548414,170,6-203-01-F,,,BF108A,,,,36,17460,SKID# 221,F,,,,2026-07-23 16:24:08,,,,
2026-07-23 16:43:25,UNKNOWN,280,713740,11546449,1559,6-203-15-A,,,BF114A/B,,,,29,72500,SKID# 132,F,,,,2026-07-23 16:43:25,,,,
2026-07-24 08:10:14,UNKNOWN,190268,712211,W520101-S437,709,6-203-37-B,,,tb3,,,,20,60000,SKID# 257,F,,,,2026-07-24 08:10:14,,,,
2026-07-25 09:13:05,UNKNOWN,280,712211,W520101-S437,709,6-203-37-B,,,BF120,,,,36,108000,SKID# 30,F,,,,2026-07-25 09:13:05,,,,
2026-07-24 08:18:48,UNKNOWN,4,708876,11612078,1015,6-181-37-A,,,MC074,,,,36,66600,92,F,,,,2026-07-24 08:18:48,,,,
2026-07-24 08:19:27,UNKNOWN,275,712576,W711468-S437,1698,6-201-19-B,,,MC112,,,,16,25600,81,F,,,,2026-07-24 08:19:27,,,,
2026-07-24 08:31:45,UNKNOWN,280,713736,11546449,617,6-203-13-C,,,BF123,,,,36,90000,SKID# 10,F,,,,2026-07-24 08:31:45,,,,
2026-07-24 09:47:53,UNKNOWN,190268,712208,W520101-S437,332,6-203-38-A,,,tb3,,,,27,81000,94,F,,,,2026-07-24 09:47:53,,,,
2026-07-24 09:48:50,UNKNOWN,156,710653,11546368-MY-AK,1300,6-203-48-B,,,BF117,,,,36,16200,46,F,,,,2026-07-24 09:48:50,,,,
2026-07-24 09:49:52,UNKNOWN,252294,713872,11602031,1397,6-204-18-A,,,tb4,,,,18,2610,37,F,,,,2026-07-24 09:49:52,,,,
2026-07-24 09:51:08,UNKNOWN,275,713622,06104388AA,1188,6-203-21-A,,,MC004,,,,36,23760,104,F,,,,2026-07-24 09:51:08,,,,
2026-07-24 09:54:29,UNKNOWN,290-292,709233,11546368-MY-AK,1388,6-203-48-A,,,bf109,,,,29,13050,31,F,,,,2026-07-24 09:54:29,,,,
2026-07-24 09:56:46,UNKNOWN,156,713513,11546377-PH-RO,1793,6-201-03-d,,,mc19,,,,10,21500,1mc19,F,,,,2026-07-24 09:56:46,,,,
2026-07-24 09:58:40,UNKNOWN,1561JUN243799157019308920,713516,11546377-PH-RO,1531,6-201-04-c,,,mc19,,,,26,55900,1,F,,,,2026-07-24 09:58:40,,,,
2026-07-24 15:06:05,UNKNOWN,156,713516,11546377-PH-RO,1531,6-201-04-C,,,MC019,,,,8,17200,10,F,,,,2026-07-24 15:06:05,,,,
2026-07-24 10:00:18,UNKNOWN,292-290,713139,06511637AA,522,6-202-22-a,,,bf107,,,,34,40800,16,F,,,,2026-07-24 10:00:18,,,,
2026-07-24 10:01:56,UNKNOWN,190-268,713153,61273,269,6-203-28-c,,,tb3,,,,26,7800,257,F,,,,2026-07-24 10:01:56,,,,
2026-07-24 10:03:17,UNKNOWN,292,713331,11546368-MY-AK,137,6-203-50-E,,,f109,,,,7,3150,31,F,,,,2026-07-24 10:03:17,,,,
2026-07-24 13:14:28,UNKNOWN,292,713331,11546368-MY-AK,137,6-203-50-E,,,BF109A,,,,29,13050,SKID# 172,F,,,,2026-07-24 13:14:28,,,,
2026-07-24 10:04:13,UNKNOWN,272,707999,11549168-CA-IN,513,6-190-21-B,,,mc26,,,,22,22000,7,F,,,,2026-07-24 10:04:13,,,,
2026-07-24 12:55:11,UNKNOWN,272,707999,11549168-CA-IN,513,6-190-21-b,,,mc26,,,,27,27000,71,F,,,,2026-07-24 12:55:11,,,,
2026-07-24 10:05:02,UNKNOWN,272,707997,11549168-CA-IN,848,6-201-02-C,,,mc26,,,,14,14000,7,F,,,,2026-07-24 10:05:02,,,,
2026-07-24 10:06:34,UNKNOWN,156,713405,11546364,396,6-203-24-A,,,bf113,,,,36,126000,233,F,,,,2026-07-24 10:06:34,,,,
2026-07-24 10:08:05,UNKNOWN,290=292,712895,40204491,853,6-201-08-B,,,bf110,,,,36,22500,155,F,,,,2026-07-24 10:08:05,,,,
2026-07-24 11:59:41,UNKNOWN,292,712895,40204491,678,6-201-08-B,,,BF110,,,,1,625,155,F,,,,2026-07-24 11:59:41,,,,
2026-07-24 10:09:36,UNKNOWN,156,713648,6101831,1686,6-203-26-b,,,mc110,,,,36,36000,57,F,,,,2026-07-24 10:09:36,,,,
2026-07-24 10:47:23,UNKNOWN,285391,714093,P3001150,1743,6-204-24-A,,,tb2,,,,31,48825,32,F,,,,2026-07-24 10:47:23,,,,
2026-07-24 11:13:48,UNKNOWN,156,713976,11548414,1398,6-203-16-A,,,BF116,,,,36,17460,34,F,,,,2026-07-24 11:13:48,,,,
2026-07-24 11:15:57,UNKNOWN,285391,713176,94012078,899,6-203-27-D,,,tb2,,,,14,1400,70,F,,,,2026-07-24 11:15:57,,,,
2026-07-24 11:16:58,UNKNOWN,252294,713175,94012078,1603,6-203-27-C,,,tb4,,,,36,3600,54,F,,,,2026-07-24 11:16:58,,,,
2026-07-24 11:25:37,UNKNOWN,252294,713174,94012078,1774,6-203-27-B,,,t4,,,,16,1600,185,F,,,,2026-07-24 11:25:37,,,,
2026-07-24 11:26:32,UNKNOWN,156,713338,11546368-MY-AK,1644,6-203-50-L,,,BF117,,,,36,16200,198,F,,,,2026-07-24 11:26:32,,,,
2026-07-24 11:27:35,UNKNOWN,275,713977,11548414,607,6-203-16-B,,,BF108A,,,,36,17460,SKID# 248,F,,,,2026-07-24 11:27:35,,,,
2026-07-24 11:33:04,UNKNOWN,290292,713715,NU5108-00,1385,6-201-34-A,,,MC078,,,,1,67392,238,F,,,,2026-07-24 11:33:04,,,,
2026-07-24 11:42:40,UNKNOWN,190268,713882,11602031,914,6-204-18-K,,,tb3,,,,31,4495,48,F,,,,2026-07-24 11:42:40,,,,
2026-07-24 11:43:42,UNKNOWN,157,713874,11602031,648,6-204-18-C,,,tb1,,,,30,4350,254,F,,,,2026-07-24 11:43:42,,,,
2026-07-24 11:57:37,UNKNOWN,275,714394,W705606-S440,kib,6-203-46-A,,,BF112,,,,36,20880,SKID# 225,F,,,,2026-07-24 11:57:37,,,,
2026-07-24 11:59:13,UNKNOWN,292,713299,11549168,652,6-202-14-D,,,BF107A,,,,36,36000,SKID# 204,F,,,,2026-07-24 11:59:13,,,,
2026-07-24 12:56:35,UNKNOWN,156,713346,11546368-MY-AK,74,6-203-49-f,,,bf117,,,,36,16200,9,F,,,,2026-07-24 12:56:35,,,,
2026-07-24 12:57:36,UNKNOWN,280,713743,11546449,508,6-203-17-C,,,bf123,,,,23,57500,203,F,,,,2026-07-24 12:57:36,,,,
2026-07-24 12:59:40,UNKNOWN,280,712556,06512851AA,624,6-201-31-B,,,bf124,,,,36,37800,134,F,,,,2026-07-24 12:59:40,,,,
2026-07-24 13:01:21,UNKNOWN,275,712569,W711468-S437,588,6-201-18-a,,,mc112,,,,36,57600,12,F,,,,2026-07-24 13:01:21,,,,
2026-07-24 16:09:31,UNKNOWN,275,712569,W711468-S437,588,6-201-18-A,,,MC112,,,,18,28800,206,F,,,,2026-07-24 16:09:31,,,,
2026-07-24 13:15:53,UNKNOWN,156,713972,11548414,1643,6-203-01-C,,,BF116,,,,36,17460,196,F,,,,2026-07-24 13:15:53,,,,
2026-07-24 13:16:54,UNKNOWN,275,713623,06104388AA,219,6-203-19-C,,,MC004,,,,14,9240,171,F,,,,2026-07-24 13:16:54,,,,
2026-07-24 14:05:45,UNKNOWN,292,713284,11549170,331,6-202-16-C,,,BF110,,,,36,14400,219,F,,,,2026-07-24 14:05:45,,,,
2026-07-24 14:20:12,UNKNOWN,157,713246,82253,439,6-203-40-A,,,tb1,,,,30,40500,235,F,,,,2026-07-24 14:20:12,,,,
2026-07-24 14:21:33,UNKNOWN,285391,707987,11546368-CA-IN,1104,6-203-47-A,,,tb2,,,,36,16200,209,F,,,,2026-07-24 14:21:33,,,,
2026-07-24 14:22:39,UNKNOWN,190268,713248,82253,58,6-203-40-C,,,tb3,,,,23,31050,152,F,,,,2026-07-24 14:22:39,,,,
2026-07-24 14:24:18,UNKNOWN,252294,710612,11546368-CA-IN,432,6-203-47-D,,,tb4,,,,30,13500,250,F,,,,2026-07-24 14:24:18,,,,
2026-07-24 14:25:26,UNKNOWN,292,71398,11549168,1575,6-202-14-C,,,BF107A,,,,36,36000,252,F,,,,2026-07-24 14:25:26,,,,
2026-07-24 14:44:08,UNKNOWN,280,713510,11546377-PH-RO,1795,6-201-03-A,,,BF118A/B,,,,36,77400,SKID# 24,F,,,,2026-07-24 14:44:08,,,,
2026-07-24 14:45:23,UNKNOWN,280,713149,W520413-S450,1772,6-203-36-B,,,BF114A/B,,,,36,68400,SKID# 66,F,,,,2026-07-24 14:45:23,,,,
2026-07-24 14:55:07,UNKNOWN,156,713348,11546368-MY-AK,1540,6-203-49-H,,,BF117,,,,36,16200,35,F,,,,2026-07-24 14:55:07,,,,
2026-07-24 15:05:35,UNKNOWN,280,713647,6101831,393,6-203-26-A,,,BF121,,,,36,36000,SKID# 220,F,,,,2026-07-24 15:05:35,,,,
2026-07-24 16:03:53,UNKNOWN,157,713145,N620483-S2,1775,6-203-42-A,,,tb1,,,,31,18600,224,F,,,,2026-07-24 16:03:53,,,,
2026-07-24 16:04:48,UNKNOWN,280,713641,06511701AA,1014,6-205-08-A,,,BF123,,,,33,75900,PACK# 8,F,,,,2026-07-24 16:04:48,,,,
2026-07-24 16:06:17,UNKNOWN,275,713970,11548414,789,6-203-01-A,,,BF108A,,,,36,17460,SKID# 96,F,,,,2026-07-24 16:06:17,,,,
2026-07-24 16:07:17,UNKNOWN,275,713741,11546449,1306,6-203-17-A,,,BF103A,,,,1,2500,178,F,,,,2026-07-24 16:07:17,,,,
2026-07-24 16:08:42,UNKNOWN,275,713741,11546449,1306,6-203-17-A,,,BF103A,,,,36,90000,178,F,,,,2026-07-24 16:08:42,,,,
2026-07-24 16:11:20,UNKNOWN,156,713728,H62534A,1646,6-203-18-A,,,MC024,,,,33,24750,158,F,,,,2026-07-24 16:11:20,,,,
2026-07-24 16:12:31,UNKNOWN,290292,713739,11546449,1704,6-203-14-C,,,BF116,,,,36,90000,10,F,,,,2026-07-24 16:12:31,,,,
2026-07-24 16:42:45,UNKNOWN,292,713283,11549170,1043,6-202-18-L,,,BF110,,,,36,14400,270,F,,,,2026-07-24 16:42:45,,,,
2026-07-24 16:43:59,UNKNOWN,292,713342,11546368-MY-AK,530,6-203-49-D,,,BF109A,,,,36,16200,131,F,,,,2026-07-24 16:43:59,,,,
2026-07-25 08:09:45,UNKNOWN,292,704521,11546367-MY-AK,1644,6-203-43-A,,,MC078,,,,27,18900,97,F,,,,2026-07-25 08:09:45,,,,
2026-07-25 08:14:54,UNKNOWN,156,713974,11548414,1666,6-203-01-E,,,BF116,,,,36,17460,7,F,,,,2026-07-25 08:14:54,,,,
2026-07-25 08:16:22,UNKNOWN,156,713653,6101831,979,6-203-26-E,,,MC110,,,,36,36000,93,F,,,,2026-07-25 08:16:22,,,,
2026-07-25 08:16:54,UNKNOWN,272,704976,11549168-CA-IN,457,6-201-02-A,,,MC026,,,,9,9000,71,F,,,,2026-07-25 08:16:54,,,,
2026-07-25 08:39:54,UNKNOWN,272,704976,11549168-CA-IN,457,6-201-02-A,,,MC026,,,,36,36000,55,F,,,,2026-07-25 08:39:54,,,,
2026-07-25 09:08:23,UNKNOWN,290,706583,11546367-MY-AK,564,6-203-44-B,,,MC078,,,,9,6300,97,F,,,,2026-07-25 09:08:23,,,,
2026-07-27 08:05:37,UNKNOWN,290,706583,11546367-MY-AK,564,6-203-44-B,,,MC078,,,,22,15400,165,F,,,,2026-07-27 08:05:37,,,,
2026-07-25 09:14:09,UNKNOWN,275,713625,06104388AA,574,6-203-19-E,,,MC004,,,,22,14520,171,F,,,,2026-07-25 09:14:09,,,,
2026-07-25 13:54:54,UNKNOWN,275,713625,06104388AA,574,6-203-19-E,,,MC004,,,,19,12540,221,F,,,,2026-07-25 13:54:54,,,,
2026-07-25 09:32:25,UNKNOWN,290,713275,11549170,1639,6-202-16-B,,,BF110,,,,36,14400,PACK# 9,F,,,,2026-07-25 09:32:25,,,,
2026-07-25 12:37:10,UNKNOWN,290,713275,11549170,1639,6-202-16-B,,,BF110,,,,11,4400,70,F,,,,2026-07-25 12:37:10,,,,
2026-07-25 09:33:51,UNKNOWN,290,712780,11549168,322,6-202-14-B,,,BF107A,,,,36,36000,SKID# 24,F,,,,2026-07-25 09:33:51,,,,
2026-07-25 11:13:12,UNKNOWN,290,712780,11549168,322,6-202-14-B,,,BF107A,,,,21,21000,SKID# 32,F,,,,2026-07-25 11:13:12,,,,
2026-07-25 09:35:55,UNKNOWN,280,712555,06512851AA,375,6-201-31-A,,,BF124,,,,36,37800,SKID# 57,F,,,,2026-07-25 09:35:55,,,,
2026-07-25 11:07:24,UNKNOWN,280,712555,06512851AA,375,6-201-31-A,,,BF124,,,,8,8400,SKID# 123,F,,,,2026-07-25 11:07:24,,,,
2026-07-25 09:36:48,UNKNOWN,275,713481,11546365-MY-AK,387,6-204-20-B,,,BF104A,,,,36,68400,183,F,,,,2026-07-25 09:36:48,,,,
2026-07-25 09:48:56,UNKNOWN,285391,714166,06104384AA,782,6-205-11-A,,,tb2,,,,36,27000,161,F,,,,2026-07-25 09:48:56,,,,
2026-07-25 09:50:13,UNKNOWN,285391,714166,06104384AA,782,6-205-11-A,,,tb2,,,,7,5250,-,F,,,,2026-07-25 09:50:13,,,,
2026-07-25 09:58:32,UNKNOWN,156,713340,11546368-MY-AK,806,6-203-49-B,,,BF117,,,,36,16200,77,F,,,,2026-07-25 09:58:32,,,,
2026-07-25 10:58:42,UNKNOWN,275,713529,47336AE,1806,6-205-03-D,,,BF108A,,,,36,23760,SKID# 209,F,,,,2026-07-25 10:58:42,,,,
2026-07-25 10:59:53,UNKNOWN,275,714395,W705606-S440,kib,6-203-46-B,,,BF112,,,,32,18560,91,F,,,,2026-07-25 10:59:53,,,,
2026-07-25 11:00:53,UNKNOWN,156,713973,11548414,297,6-203-01-D,,,BF116,,,,30,14550,66,F,,,,2026-07-25 11:00:53,,,,
2026-07-25 11:01:59,UNKNOWN,156,712756,11549170,1613,6-203-29-B,,,BF116,,,,36,14400,225,F,,,,2026-07-25 11:01:59,,,,
2026-07-25 11:08:57,UNKNOWN,280,713150,W520413-S450,1757,6-203-36-C,,,BF114A/B,,,,35,66500,SKID# 196,F,,,,2026-07-25 11:08:57,,,,
2026-07-25 11:10:04,UNKNOWN,290,713333,11546368-MY-AK,397,6-203-50-G,,,BF109A,,,,33,14850,SKID# 204,F,,,,2026-07-25 11:10:04,,,,
2026-07-25 11:31:55,UNKNOWN,275,712778,11549168,102,6-203-30-D,,,BF112,,,,36,36000,SKID# 54,F,,,,2026-07-25 11:31:55,,,,
2026-07-25 11:33:58,UNKNOWN,290,711990,11549168,1302,6-203-31-A,,,BF107A,,,,15,15000,32,F,,,,2026-07-25 11:33:58,,,,
2026-07-25 14:11:41,UNKNOWN,290,711990,11549168,1302,6-203-31-A,,,BF107A,,,,16,16000,9,F,,,,2026-07-25 14:11:41,,,,
2026-07-25 11:59:08,UNKNOWN,275,713527,47336AE,1801,6-205-03-B,,,BF108A,,,,36,23760,SKID# 234,F,,,,2026-07-25 11:59:08,,,,
2026-07-25 12:00:24,UNKNOWN,280,713642,06511701AA,1439,6-205-08-B,,,BF123,,,,36,82800,SKID# 203,F,,,,2026-07-25 12:00:24,,,,
2026-07-25 12:02:28,UNKNOWN,156,713347,11546368-MY-AK,1689,6-203-49-G,,,BF117,,,,36,16200,211,F,,,,2026-07-25 12:02:28,,,,
2026-07-25 12:03:57,UNKNOWN,156,713406,11546364,1435,6-203-24-B,,,BF113,,,,36,126000,189,F,,,,2026-07-25 12:03:57,,,,
2026-07-25 12:10:38,UNKNOWN,280,712002,11549168,1536,6-203-32-A,,,BF124,,,,36,36000,SKID# 198,F,,,,2026-07-25 12:10:38,,,,
2026-07-25 12:27:35,UNKNOWN,280,713954,6101831,400,6-205-02-E,,,BF121,,,,4,4000,SKID# 7,F,,,,2026-07-25 12:27:35,,,,
2026-07-25 12:28:21,UNKNOWN,280,713954,6101831,400,6-205-02-E,,,BF121,,,,36,36000,SKID# 7,F,,,,2026-07-25 12:28:21,,,,
2026-07-25 12:55:52,UNKNOWN,275,713408,11546364,1585,6-203-25-B,,,MC112,,,,35,122500,134,F,,,,2026-07-25 12:55:52,,,,
2026-07-25 13:10:10,UNKNOWN,290,713285,11549170,896,6-202-16-D,,,BF110,,,,25,10000,-,F,,,,2026-07-25 13:10:10,,,,
2026-07-27 09:16:16,UNKNOWN,290,713285,11549170,896,6-202-16-D,,,BF110,,,,14,5600,92,F,,,,2026-07-27 09:16:16,,,,
2026-07-27 08:02:25,UNKNOWN,4,707326,11612078,23,6-181-32-D,,,MC074,,,,36,66600,221,F,,,,2026-07-27 08:02:25,,,,
2026-07-27 08:04:23,UNKNOWN,290,713341,11546368-MY-AK,2,6-203-49-C,,,BF109A,,,,36,16200,160,F,,,,2026-07-27 08:04:23,,,,
2026-07-27 08:06:28,UNKNOWN,156,713330,11546368-MY-AK,559,6-203-50-D,,,BF117,,,,36,16200,219,F,,,,2026-07-27 08:06:28,,,,
2026-07-27 08:07:39,UNKNOWN,156,713460,11546378-MY-AK,1687,6-204-21-A,,,MC024,,,,31,38750,82,F,,,,2026-07-27 08:07:39,,,,
2026-07-27 08:26:49,UNKNOWN,156,712768,11549170,109,6-203-29-L,,,BF116,,,,36,14400,248,F,,,,2026-07-27 08:26:49,,,,
2026-07-27 09:09:53,UNKNOWN,272,708066,11549168-CA-IN,1381,6-201-02-D,,,MC026,,,,36,36000,42,F,,,,2026-07-27 09:09:53,,,,
2026-07-27 09:10:55,UNKNOWN,275,713137,W711953-S900,1615,6-201-42-A,,,BF103A,,,,36,63000,41,F,,,,2026-07-27 09:10:55,,,,
2026-07-27 11:21:41,UNKNOWN,275,713137,w711953-s900,1615,6-201-42-a,,,bf103a,,,,9,15750,81,F,,,,2026-07-27 11:21:41,,,,
2026-07-27 09:13:56,UNKNOWN,275,713480,11546365-MY-AK,851,6-204-20-A,,,BF104A,,,,36,68400,229,F,,,,2026-07-27 09:13:56,,,,
2026-07-27 09:14:42,UNKNOWN,290,713477,11546365-MY-AK,688,6-204-19-B,,,BF106A,,,,36,68400,167,F,,,,2026-07-27 09:14:42,,,,
2026-07-27 09:15:40,UNKNOWN,290,712009,11549168,1657,6-203-31-D,,,BF107A,,,,20,20000,9,F,,,,2026-07-27 09:15:40,,,,
2026-07-27 11:21:08,UNKNOWN,290,712009,11549168,1657,6-203-31-d,,,bf107a,,,,24,24000,28,F,,,,2026-07-27 11:21:08,,,,
2026-07-27 09:16:54,UNKNOWN,290,706582,11546367-MY-AK,1678,6-203-44-A,,,MC078,,,,14,9800,165,F,,,,2026-07-27 09:16:54,,,,
2026-07-27 15:10:23,UNKNOWN,290,706582,11546367-my-ak,1678,6-203-44-a,,,mc078,,,,31,21700,155,F,,,,2026-07-27 15:10:23,,,,
2026-07-27 09:35:07,UNKNOWN,275,713526,47336AE,1804,6-205-03-A,,,BF108A,,,,36,23760,SKID# 252,F,,,,2026-07-27 09:35:07,,,,
2026-07-27 09:36:23,UNKNOWN,280,712209,W520101-S437,639,6-203-38-B,,,BF120,,,,36,108000,SKID #49,F,,,,2026-07-27 09:36:23,,,,
2026-07-27 12:16:20,UNKNOWN,280,712209,w520101-s437,639,6-203-38-b,,,bf120,,,,10,30000,skid# 205,F,,,,2026-07-27 12:16:20,,,,
2026-07-27 09:37:45,UNKNOWN,280,712777,11549168,793,6-203-30-C,,,BF123,,,,36,36000,SKID# 36,F,,,,2026-07-27 09:37:45,,,,
2026-07-27 09:44:05,UNKNOWN,156,713952,6101831,903,6-205-02-C,,,MC110,,,,36,36000,257,F,,,,2026-07-27 09:44:05,,,,
2026-07-27 09:45:31,UNKNOWN,280,713746,11546449,1083,6-203-10-C,,,BF114A/B,,,,31,77500,SKID# 34,F,,,,2026-07-27 09:45:31,,,,
2026-07-27 09:48:08,UNKNOWN,145,713339,11546368-MY-AK,395,6-203-49-a,,,BF117,,,,36,16200,250,F,,,,2026-07-27 09:48:08,,,,
2026-07-27 10:41:51,UNKNOWN,290,712766,11549170,951,6-203-29-j,,,bf110,,,,22,8800,92,F,,,,2026-07-27 10:41:51,,,,
2026-07-27 12:50:16,UNKNOWN,290,712766,11549170,951,6-203-29-j,,,bf110,,,,25,10000,196,F,,,,2026-07-27 12:50:16,,,,
2026-07-27 10:48:26,UNKNOWN,272,707995,11549168-ca-in,87,6-201-02-b,,,mc026,,,,36,36000,94,F,,,,2026-07-27 10:48:26,,,,
2026-07-27 11:06:37,UNKNOWN,275,712008,11549168,147,6-203-31-C,,,BF112\,,,,36,36000,163,F,,,,2026-07-27 11:06:37,,,,
2026-07-27 11:10:07,UNKNOWN,290,713345,11546368-my-ak,977,6-203-49-e,,,bf109a,,,,36,16200,skid# 9,F,,,,2026-07-27 11:10:07,,,,
2026-07-27 11:11:11,UNKNOWN,156,712760,11549170,1734,6-203-29-f,,,bf117,,,,36,14400,123,F,,,,2026-07-27 11:11:11,,,,
2026-07-27 11:19:10,UNKNOWN,190.268,711972,11546368-ca-in,795,6-205-13-b,,,TB3,,,,29,13050,230,F,,,,2026-07-27 11:19:10,,,,
2026-07-27 11:22:31,UNKNOWN,275,713229,w520101-s450,1768,6-203-39-b,,,bf102,,,,36,108000,117,F,,,,2026-07-27 11:22:31,,,,
2026-07-27 11:22:52,UNKNOWN,275,713229,w520101-s450,1768,6-203-39-b,,,bf102,,,,4,12000,117,F,,,,2026-07-27 11:22:52,,,,
2026-07-27 11:23:48,UNKNOWN,275,713769,w520412-s442,650,6-205-14-a,,,mc112,,,,36,136800,149,F,,,,2026-07-27 11:23:48,,,,
2026-07-27 14:12:40,UNKNOWN,275,713769,w520412-s442,650,6-205-14-a,,,MC112,,,,13,49400,254,F,,,,2026-07-27 14:12:40,,,,
2026-07-27 11:24:37,UNKNOWN,290,713938,06105048aa,KIB,6-205-06-a,,,bf105a,,,,25,20000,30,F,,,,2026-07-27 11:24:37,,,,
2026-07-27 11:34:26,UNKNOWN,156,713335,11546368-my-ak,8,6-203-50-i,,,bf117,,,,36,16200,83,F,,,,2026-07-27 11:34:26,,,,
2026-07-27 11:35:35,UNKNOWN,156,713908,6101968,1066,6-205-07-a,,,mc019,,,,33,72600,37,F,,,,2026-07-27 11:35:35,,,,
2026-07-27 11:56:37,UNKNOWN,275,713624,06104388aa,1345,6-203-19-d,,,mc004,,,,17,11220,57,F,,,,2026-07-27 11:56:37,,,,
2026-07-27 14:58:36,UNKNOWN,275,713624,06104388aa,1345,6-203-19-d,,,mc004,,,,6,3960,48,F,,,,2026-07-27 14:58:36,,,,
2026-07-27 12:16:53,UNKNOWN,290,711991,11549168,1667,6-203-31-b,,,bf107a,,,,12,12000,28,F,,,,2026-07-27 12:16:53,,,,
2026-07-27 12:20:36,UNKNOWN,290,712765,11549170,1688,6-203-29-i,,,bf110,,,,11,4400,196,F,,,,2026-07-27 12:20:36,,,,
2026-07-27 15:00:57,UNKNOWN,290,712765,11549170,1688,6-203-29-i,,,bf110,,,,25,10000,213,F,,,,2026-07-27 15:00:57,,,,
2026-07-27 14:09:07,UNKNOWN,290,713321,11546368-my-ak,418,6-203-50-a,,,BF109,,,,25,11250,245,F,,,,2026-07-27 14:09:07,,,,
2026-07-27 14:11:39,UNKNOWN,156,713291,11549170,580,6-202-15-F,,,BF116,,,,36,14400,218,F,,,,2026-07-27 14:11:39,,,,
2026-07-27 14:14:03,UNKNOWN,156,713329,11546368-my-ak,1079,6-203-50-c,,,BF117,,,,36,16200,24,F,,,,2026-07-27 14:14:03,,,,
2026-07-27 14:59:41,UNKNOWN,290,713349,11546368-my-ak,950,6-203-50-m,,,bf109a,,,,11,4950,245,F,,,,2026-07-27 14:59:41,,,,
2026-07-27 15:01:37,UNKNOWN,290,712767,11549170,771,6-203-29-k,,,bf110,,,,11,4400,213,F,,,,2026-07-27 15:01:37,,,,
2026-07-27 15:08:59,UNKNOWN,156,713322,11546368-my-ak,784,6-203-50-b,,,bf117,,,,36,16200,31,F,,,,2026-07-27 15:08:59,,,,
2026-07-27 16:02:58,UNKNOWN,156,713462,11546378-my-ak,1362,6-204-22-A,,,MC24,,,,32,40000,46,F,,,,2026-07-27 16:02:58,,,,
2026-07-27 16:04:04,UNKNOWN,156,713407,11546364,381,6-203-25-a,,,bf113,,,,34,119000,81,F,,,,2026-07-27 16:04:04,,,,
2026-07-27 16:35:07,UNKNOWN,275,713528,47336ae,1805,6-205-03-c,,,bf108a,,,,36,23760,skid# 41,F,,,,2026-07-27 16:35:07,,,,
2026-07-27 16:36:21,UNKNOWN,280,713953,6101831,171,6-205-02-d,,,bf121,,,,36,36000,skid# 9,F,,,,2026-07-27 16:36:21,,,,
2026-07-28 08:44:58,UNKNOWN,156,713951,6101831,560,6-205-02-b,,,mc110,,,,36,36000,57,F,,,,2026-07-28 08:44:58,,,,
2026-07-28 08:45:46,UNKNOWN,156,712764,11549170,1747,6-203-29-h,,,bf116,,,,36,14400,55,F,,,,2026-07-28 08:45:46,,,,
2026-07-28 08:46:28,UNKNOWN,275,713476,11546365-my-ak,433,6-204-19-a,,,bf104a,,,,32,60800,37,F,,,,2026-07-28 08:46:28,,,,
2026-07-28 08:47:39,UNKNOWN,275,712763,11549170,846,6-203-29-g,,,bf112,,,,36,14400,94',F,,,,2026-07-28 08:47:39,,,,
2026-07-28 08:48:46,UNKNOWN,275,713955,6101831,1316,6-205-02-f,,,bf108a,,,,36,36000,skid# 229,F,,,,2026-07-28 08:48:46,,,,
2026-07-28 08:49:53,UNKNOWN,156,713327,11546368-my-ak,820,6-205-12-e,,,bf117,,,,27,12150,151,F,,,,2026-07-28 08:49:53,,,,
2026-07-28 09:47:15,UNKNOWN,290292,712757,11549170,38,6-203-29-c,,,bf107a,,,,36,14400,213,F,,,,2026-07-28 09:47:15,,,,
2026-07-28 09:47:58,UNKNOWN,272,711860,11549168-ca-in,198,6-198-22-b,,,mc026,,,,36,36000,172,F,,,,2026-07-28 09:47:58,,,,
2026-07-28 09:48:45,UNKNOWN,252294,712779,11549168,54,6-202-14-a,,,TB4,,,,33,33000,117,F,,,,2026-07-28 09:48:45,,,,
2026-07-28 09:50:57,UNKNOWN,245279,713870,06513554aa,1024,6-208-53-a,,,TB6,,,,36,13680,230,F,,,,2026-07-28 09:50:57,,,,
2026-07-28 10:00:42,UNKNOWN,245279,713870,06513554aa,1024,6-208-53-a,,,TB6,,,,7,2660,49,F,,,,2026-07-28 10:00:42,,,,
2026-07-28 09:52:30,UNKNOWN,285391,711110,40050697,183,6-208-56-a,,,TB2,,,,20,3200,121,F,,,,2026-07-28 09:52:30,,,,
2026-07-28 09:53:58,UNKNOWN,252294,712967,f1302ab,429,6-208-35-D,,,TB4,,,,24,16800,167,F,,,,2026-07-28 09:53:58,,,,
2026-07-28 09:54:38,UNKNOWN,245279,713486,11549171-my-ak,1567,6-208-16-a,,,TB6,,,,2,560,231,F,,,,2026-07-28 09:54:38,,,,
2026-07-28 09:58:43,UNKNOWN,190268,713488,11549171-my-ak,301,6-208-16-c,,,TB3,,,,30,8400,122,F,,,,2026-07-28 09:58:43,,,,
2026-07-28 09:59:39,UNKNOWN,285391,713487,11549171-my-ak,212,6-208-16-b,,,TB2,,,,36,10080,137,F,,,,2026-07-28 09:59:39,,,,
2026-07-28 10:10:45,UNKNOWN,157293,712776,11549168,642,6-203-30-b,,,T1,,,,3,3000,58,F,,,,2026-07-28 10:10:45,,,,
2026-07-28 10:12:22,UNKNOWN,190268,712076,f1302ab,778,6-208-34-B,,,TB3,,,,34,23800,165,F,,,,2026-07-28 10:12:22,,,,
2026-07-28 10:31:12,UNKNOWN,156,713320,w520514-s442,743,6-205-16-d,,,mc019,,,,36,40500,206,F,,,,2026-07-28 10:31:12,,,,
2026-07-28 10:32:23,UNKNOWN,292,713324,11546368-my-ak,566,6-205-12-b,,,bf109a,,,,20,9000,2,F,,,,2026-07-28 10:32:23,,,,
2026-07-28 10:49:51,UNKNOWN,156,712754,11549170,690,6-202-11-c,,,bf116,,,,36,14400,skid# 185,F,,,,2026-07-28 10:49:51,,,,
2026-07-28 10:50:36,UNKNOWN,156,713323,11546368-my-ak,271,6-205-12-a,,,bf117,,,,27,12150,34,F,,,,2026-07-28 10:50:36,,,,
2026-07-28 10:52:21,UNKNOWN,190268,713914,11546566,139,6-208-13-c,,,TB3,,,,36,64800,196,F,,,,2026-07-28 10:52:21,,,,
2026-07-28 11:34:17,UNKNOWN,4,707329,11612078,485,6-181-34-b,,,mc074,,,,36,66600,84,F,,,,2026-07-28 11:34:17,,,,
2026-07-28 11:37:21,UNKNOWN,275,712755,11549170,765,6-203-29-a,,,B112,,,,36,14400,71,F,,,,2026-07-28 11:37:21,,,,
2026-07-28 12:12:59,UNKNOWN,292,712759,11549170,362,6-203-29-e,,,bf110,,,,25,10000,236,F,,,,2026-07-28 12:12:59,,,,
2026-07-28 12:13:47,UNKNOWN,156,713466,11546378-my-ak,1323,6-204-21-c,,,mc024,,,,23,28750,218,F,,,,2026-07-28 12:13:47,,,,
2026-07-28 12:39:23,UNKNOWN,292,712758,11549170,1692,6-203-29-d,,,bf107a,,,,36,14400,31,F,,,,2026-07-28 12:39:23,,,,
2026-07-28 12:55:47,UNKNOWN,290292,713939,06105048aa,KIB,6-205-06-b,,,bf105a,,,,22,17600,160,F,,,,2026-07-28 12:55:47,,,,
2026-07-28 12:56:49,UNKNOWN,156,713325,11546368-my-ak,489,6-205-12-c,,,bf117,,,,36,16200,257,F,,,,2026-07-28 12:56:49,,,,
2026-07-28 12:58:00,UNKNOWN,280,713545,w520113-s440,1672,6-208-08-b,,,bf120,,,,36,37800,30,F,,,,2026-07-28 12:58:00,,,,
2026-07-28 13:04:10,UNKNOWN,280,713865,11610091,1016,6-208-11-b,,,bf118a/b,,,,27,67500,192,F,,,,2026-07-28 13:04:10,,,,
2026-07-28 13:05:20,UNKNOWN,280,713543,w520113-s440,509,6-208-07-b,,,bf124,,,,36,37800,254,F,,,,2026-07-28 13:05:20,,,,
2026-07-28 13:15:56,UNKNOWN,275,713948,6101831,1674,6-205-02-a,,,bf108a,,,,36,36000,skid# 240,F,,,,2026-07-28 13:15:56,,,,
2026-07-28 13:17:08,UNKNOWN,292,712761,11549170,1740,6-202-11-d,,,bf110,,,,11,4400,236,F,,,,2026-07-28 13:17:08,,,,
2026-07-28 15:50:32,UNKNOWN,290,712761,11549170,1740,6-202-11-d,,,BF110,,,,11,4400,13,F,,,,2026-07-28 15:50:32,,,,
2026-07-28 15:53:44,UNKNOWN,290,712761,11549170,1740,6-202-11-D,,,BF110,,,,30,12000,13,F,,,,2026-07-28 15:53:44,,,,
2026-07-28 13:18:45,UNKNOWN,272,710823,11549168-ca-in,370,6-198-22-a,,,mc026,,,,36,36000,227,F,,,,2026-07-28 13:18:45,,,,
2026-07-29 08:31:13,UNKNOWN,272,710823,11549168-ca-in,370,6-198-22-a,,,mc026,,,,16,16000,215,F,,,,2026-07-29 08:31:13,,,,
2026-07-28 13:20:02,UNKNOWN,292,713546,11549169,1549,6-208-20-a,,,bf109a,,,,36,23760,27,F,,,,2026-07-28 13:20:02,,,,
2026-07-28 14:07:12,UNKNOWN,275,713228,w520101-s450,1767,6-203-39-a,,,bf103a,,,,36,108000,216,F,,,,2026-07-28 14:07:12,,,,
2026-07-28 17:01:15,UNKNOWN,275,713228,w520101-s450,1767,6-203-39-a,,,bf103a,,,,6,18000,24,F,,,,2026-07-28 17:01:15,,,,
2026-07-28 14:11:13,UNKNOWN,11,712775,11549168,35,6-203-30-a,,,TB5,,,,36,36000,18,F,,,,2026-07-28 14:11:13,,,,
2026-07-28 14:12:18,UNKNOWN,190268,714054,w715851-s450b,236,6-208-27-a,,,TB3,,,,27,51300,115,F,,,,2026-07-28 14:12:18,,,,
2026-07-28 14:13:18,UNKNOWN,157293,713911,11546566,1628,6-208-13-b,,,TB1,,,,18,32400,77,F,,,,2026-07-28 14:13:18,,,,
2026-07-28 14:13:53,UNKNOWN,157293,714229,11602326,982,6-208-15-l,,,TB1,,,,16,1920,6,F,,,,2026-07-28 14:13:53,,,,
2026-07-28 14:38:22,UNKNOWN,275,713869,w716298-s450,1112,6-208-51-B,,,MC112,,,,34,119000,7,F,,,,2026-07-28 14:38:22,,,,
2026-07-28 14:49:25,UNKNOWN,275,713869,w716298-s450,1112,6-208-51-B,,,MC112,,,,34,119000,7,F,,,,2026-07-28 14:49:25,,,,
2026-07-28 14:40:28,UNKNOWN,275,713909,6101968,45,6-205-07-b,,,BF102,,,,33,72600,114,F,,,,2026-07-28 14:40:28,,,,
2026-07-28 14:42:34,UNKNOWN,156,713332,11546368-my-ak,826,6-203-50-F,,,BF117,,,,27,12150,26,F,,,,2026-07-28 14:42:34,,,,
2026-07-28 14:44:33,UNKNOWN,156,712769,11549170,1695,6-202-11-f,,,BF116,,,,36,14400,10,F,,,,2026-07-28 14:44:33,,,,
2026-07-28 14:46:26,UNKNOWN,290-292,713461,11546378-my-ak,557,6-204-21-B,,,MC78,,,,36,45000,41,F,,,,2026-07-28 14:46:26,,,,
2026-07-28 15:49:17,UNKNOWN,275,712771,11549170,734,6-202-11-h,,,BF112,,,,36,14400,56,F,,,,2026-07-28 15:49:17,,,,
2026-07-28 15:52:31,UNKNOWN,156,714052,06512313aa,1547,6-208-50-A,,,BF113,,,,35,122500,133,F,,,,2026-07-28 15:52:31,,,,
2026-07-28 16:23:53,UNKNOWN,292,713274,11549170,1504,6-202-16-a,,,bf110,,,,6,2400,13,F,,,,2026-07-28 16:23:53,,,,
2026-07-29 10:28:26,UNKNOWN,290,713274,11549170,1504,6-202-16-a,,,bf110,,,,36,14400,13,F,,,,2026-07-29 10:28:26,,,,
2026-07-28 16:25:08,UNKNOWN,280,713864,11610091,1627,6-208-11-a,,,bf114a/b,,,,30,75000,92,F,,,,2026-07-28 16:25:08,,,,
2026-07-28 16:26:12,UNKNOWN,292,712751,11549170,1721,6-202-11-a,,,bf107a,,,,36,14400,57,F,,,,2026-07-28 16:26:12,,,,
2026-07-28 17:02:02,UNKNOWN,280,714049,w711953-s900,261,6-208-29-d,,,bf123,,,,30,52500,197,F,,,,2026-07-28 17:02:02,,,,
2026-07-28 17:03:53,UNKNOWN,156,713326,11546368-my-ak,894,6-205-12-d,,,bf117,,,,36,16200,250,F,,,,2026-07-28 17:03:53,,,,
2026-07-28 17:05:07,UNKNOWN,292,713549,11549169,972,6-208-21-b,,,bf109a,,,,36,23760,252,F,,,,2026-07-28 17:05:07,,,,
2026-07-28 17:17:02,UNKNOWN,275,713963,6101831,902,6-208-18-e,,,bf108a,,,,36,36000,skid# 11,F,,,,2026-07-28 17:17:02,,,,
2026-07-29 08:09:43,UNKNOWN,280,713544,w520113-s440,1328,6-208-08-a,,,bf120,,,,36,37800,35,F,,,,2026-07-29 08:09:43,,,,
2026-07-29 10:33:03,UNKNOWN,280,713544,w520113-s440,1328,6-208-08-a,,,bf120,,,,10,10500,-,F,,,,2026-07-29 10:33:03,,,,
2026-07-29 08:27:59,UNKNOWN,156,713278,11549170,16,6-202-18-g,,,bf116,,,,36,14400,81,F,,,,2026-07-29 08:27:59,,,,
2026-07-29 08:29:55,UNKNOWN,156,713959,6101831,1599,6-208-18-c,,,mc110,,,,36,36000,185,F,,,,2026-07-29 08:29:55,,,,
2026-07-29 08:30:38,UNKNOWN,272,710687,11549168-ca-in,382,6-208-05-c,,,mc026,,,,20,20000,215,F,,,,2026-07-29 08:30:38,,,,
2026-07-29 11:07:12,UNKNOWN,272,710687,11549168-ca-in,382,6-208-05-c,,,mc026,,,,36,36000,66,F,,,,2026-07-29 11:07:12,,,,
2026-07-29 08:36:37,UNKNOWN,275,714046,w711953-s900,1640,6-208-29-a,,,bf104a,,,,36,63000,203,F,,,,2026-07-29 08:36:37,,,,
2026-07-29 08:38:09,UNKNOWN,275,713277,11549170,473,6-202-18-f,,,bf112,,,,36,14400,93,F,,,,2026-07-29 08:38:09,,,,
2026-07-29 11:05:33,UNKNOWN,275,713277,11549170,473,6-202-18-f,,,bf112,,,,12,4800,92,F,,,,2026-07-29 11:05:33,,,,
2026-07-29 09:40:15,UNKNOWN,292290,713861,11561645,619,6-208-12-b,,,bf106a,,,,36,144000,147,F,,,,2026-07-29 09:40:15,,,,
2026-07-29 09:41:15,UNKNOWN,290,712752,11549170,108,6-202-11-b,,,bf107a,,,,36,14400,146,F,,,,2026-07-29 09:41:15,,,,
2026-07-29 10:30:28,UNKNOWN,156,713319,w520514-s442,937,6-205-16-c,,,mc019,,,,36,40500,36,F,,,,2026-07-29 10:30:28,,,,
2026-07-29 10:31:58,UNKNOWN,290,713547,11549169,1428,6-208-20-b,,,bf109a,,,,36,23760,-,F,,,,2026-07-29 10:31:58,,,,
2026-07-29 11:03:07,UNKNOWN,156,713328,11546368-my-ak,317,6-205-12-f,,,bf117,,,,30,13500,201,F,,,,2026-07-29 11:03:07,,,,
2026-07-29 11:04:06,UNKNOWN,275,712772,11549170,1416,6-202-11-i,,,bf112,,,,24,9600,92,F,,,,2026-07-29 11:04:06,,,,
2026-07-29 14:34:13,UNKNOWN,275,712772,11549170,1416,6-202-11-i,,,bf112,,,,17,6800,56,F,,,,2026-07-29 14:34:13,,,,
2026-07-29 11:08:24,UNKNOWN,156,713468,11546378-my-ak,708,6-204-21-d,,,mc024,,,,34,42500,71,F,,,,2026-07-29 11:08:24,,,,
2026-07-29 11:29:55,UNKNOWN,156,712762,11549170,915,6-202-11-e,,,bf116,,,,36,14400,84,F,,,,2026-07-29 11:29:55,,,,
2026-07-29 11:30:39,UNKNOWN,290,713465,11546378-my-ak,1415,6-204-22-d,,,mc078,,,,36,45000,41,F,,,,2026-07-29 11:30:39,,,,
2026-07-29 11:39:24,UNKNOWN,275,713960,6101831,882,6-208-19-a,,,bf108a,,,,36,36000,skid# 15,F,,,,2026-07-29 11:39:24,,,,
2026-07-29 11:56:13,UNKNOWN,275,713868,w716298-s450,1422,6-208-51-a,,,mc112,,,,25,87500,skid# 57,F,,,,2026-07-29 11:56:13,,,,
2026-07-29 11:58:03,UNKNOWN,280,714047,w711953-s900,1410,6-208-29-b,,,bf123,,,,29,50750,85,F,,,,2026-07-29 11:58:03,,,,
2026-07-29 11:59:32,UNKNOWN,290,712770,11549170,1072,6-202-11-g,,,bf110,,,,36,14400,48,F,,,,2026-07-29 11:59:32,,,,
2026-07-29 14:34:50,UNKNOWN,290,712770,11549170,1072,6-202-11-g,,,bf110,,,,12,4800,133,F,,,,2026-07-29 14:34:50,,,,
2026-07-29 12:00:53,UNKNOWN,290,713548,11549169,49,6-208-21-a,,,bf109a,,,,36,23760,154,F,,,,2026-07-29 12:00:53,,,,
2026-07-29 12:21:13,UNKNOWN,280,713654,6101831,1723,6-203-26-f,,,bf121,,,,36,36000,skid# 26,F,,,,2026-07-29 12:21:13,,,,
2026-07-30 08:11:19,UNKNOWN,280,713654,6101831,1723,6-203-26-f,,,bf121,,,,11,11000,226,F,,,,2026-07-30 08:11:19,,,,
2026-07-29 12:35:18,UNKNOWN,156,712158,11546774-my-ak,46,6-208-39-d,,,bf117,,,,20,9000,257,F,,,,2026-07-29 12:35:18,,,,
2026-07-29 14:33:27,UNKNOWN,280,713542,w520113-s440,1036,6-208-07-a,,,bf124,,,,36,37800,65,F,,,,2026-07-29 14:33:27,,,,
2026-07-29 15:27:08,UNKNOWN,280,713542,w520113-s440,1036,6-208-07-a,,,bf124,,,,4,4200,65,F,,,,2026-07-29 15:27:08,,,,
2026-07-29 15:27:56,UNKNOWN,156,712157,11546774-my-ak,276,6-208-39-c,,,bf117,,,,32,14400,10,F,,,,2026-07-29 15:27:56,,,,
2026-07-29 15:51:43,UNKNOWN,280,714316,11546377,515,6-209-17-c,,,bf118a/b,,,,36,77400,124,F,,,,2026-07-29 15:51:43,,,,
2026-07-29 15:52:55,UNKNOWN,156,713958,6101831,1655,6-208-18-b,,,mc110,,,,36,36000,27,F,,,,2026-07-29 15:52:55,,,,
2026-07-30 14:34:09,UNKNOWN,156,713958,6101831,1655,6-208-18-b,,,mc110,,,,25,25000,104,F,,,,2026-07-30 14:34:09,,,,
2026-07-29 15:54:44,UNKNOWN,290,713863,06511637aa,275,6-208-52-b,,,bf107a,,,,36,43200,203,F,,,,2026-07-29 15:54:44,,,,
2026-07-29 16:26:13,UNKNOWN,290,712390,e6267ab,1596,6-209-28-a,,,bf109a,,,,1,20000,96,F,,,,2026-07-29 16:26:13,,,,
2026-07-30 13:08:50,UNKNOWN,391285,712390,e6267ab,1596,6-209-28-a,,,TB2,,,,1,20000,96,F,,,,2026-07-30 13:08:50,,,,
2026-07-29 17:12:13,UNKNOWN,275,713962,6101831,1394,6-208-18-d,,,bf108a,,,,36,36000,155,F,,,,2026-07-29 17:12:13,,,,
2026-07-30 09:19:09,UNKNOWN,275,713962,6101831,1394,6-208-18-d,,,bf108a,,,,16,16000,218,F,,,,2026-07-30 09:19:09,,,,
2026-07-30 08:13:15,UNKNOWN,4,705990,11612078,1620,6-152-60-c,,,mc074,,,,36,66600,7,F,,,,2026-07-30 08:13:15,,,,
2026-07-30 08:25:04,UNKNOWN,275,714312,11546377,525,6-209-16-a,,,bf103a,,,,36,77400,229,F,,,,2026-07-30 08:25:04,,,,
2026-07-30 09:17:51,UNKNOWN,156,714491,11546364-my-ak,389,6-209-24-b,,,bf113,,,,36,126000,11,F,,,,2026-07-30 09:17:51,,,,
2026-07-30 09:21:20,UNKNOWN,156,713317,w520514-s442,984,6-205-16-a,,,mc019,,,,36,40500,206,F,,,,2026-07-30 09:21:20,,,,
2026-07-30 09:22:10,UNKNOWN,272,708068,11549168-ca-in,420,6-198-20-a,,,mc026,,,,36,36000,254,F,,,,2026-07-30 09:22:10,,,,
2026-07-30 09:23:09,UNKNOWN,156,712155,11546774-my-ak,1574,6-208-39-a,,,bf117,,,,27,12150,55,F,,,,2026-07-30 09:23:09,,,,
2026-07-30 09:24:11,UNKNOWN,275,714048,w711953-s900,132,6-208-29-c,,,bf104a,,,,2,3500,84,F,,,,2026-07-30 09:24:11,,,,
2026-07-30 09:24:46,UNKNOWN,275,714048,w711953-s900,132,6-208-29-c,,,bf104a,,,,36,63000,84,F,,,,2026-07-30 09:24:46,,,,
2026-07-30 10:16:55,UNKNOWN,290,713464,11546378-my-ak,578,6-204-22-c,,,mc078,,,,30,37500,58,F,,,,2026-07-30 10:16:55,,,,
2026-07-30 11:29:21,UNKNOWN,290,714068,11516782,445,6-209-20-a,,,bf110,,,,34,17000,133,F,,,,2026-07-30 11:29:21,,,,
2026-07-30 11:30:01,UNKNOWN,290,713862,06511637aa,1690,6-208-52-a,,,bf107a,,,,33,39600,223,F,,,,2026-07-30 11:30:01,,,,
2026-07-30 11:30:54,UNKNOWN,280,714231,06511701aa,363,6-210-05-b,,,bf123,,,,36,82800,257,F,,,,2026-07-30 11:30:54,,,,
2026-07-30 11:31:59,UNKNOWN,280,714318,11546377,1022,6-209-18-b,,,bf118a/b,,,,36,77400,92,F,,,,2026-07-30 11:31:59,,,,
2026-07-30 11:33:22,UNKNOWN,156,713541,w520113-s441,1607,6-210-10-b,,,bf116,,,,36,37800,29,F,,,,2026-07-30 11:33:22,,,,
2026-07-30 11:34:47,UNKNOWN,156,713844,11549170,169,6-209-14-m,,,bf117,,,,36,14400,104,F,,,,2026-07-30 11:34:47,,,,
2026-07-30 11:35:51,UNKNOWN,156,712156,11546774-my-ak,579,6-208-39-b,,,bf117,,,,30,13500,147,F,,,,2026-07-30 11:35:51,,,,
2026-07-30 11:36:47,UNKNOWN,156,713463,11546378-my-ak,1419,6-204-22-b,,,mc024,,,,2,2500,21,F,,,,2026-07-30 11:36:47,,,,
2026-07-30 11:37:22,UNKNOWN,156,713463,11546378-my-ak,1419,6-204-22-b,,,mc024,,,,36,45000,21,F,,,,2026-07-30 11:37:22,,,,
2026-07-30 11:58:20,UNKNOWN,275,714154,06511847aa,1409,6-210-07-c,,,bf112,,,,36,27000,skid# 222,F,,,,2026-07-30 11:58:20,,,,
2026-07-30 12:19:46,UNKNOWN,280,714320,11546377,127,6-209-16-c,,,bf118a/b,,,,36,77400,skid# 56,F,,,,2026-07-30 12:19:46,,,,
2026-07-30 12:21:43,UNKNOWN,280,714494,11546364-my-ak,1501,6-209-26-a,,,bf120,,,,36,126000,skid# 78,F,,,,2026-07-30 12:21:43,,,,
2026-07-30 12:22:57,UNKNOWN,280,713957,6101831,1522,6-208-18-a,,,bf121,,,,36,36000,skid# 233,F,,,,2026-07-30 12:22:57,,,,
2026-07-31 12:38:21,UNKNOWN,280,713957,6101831,1522,6-208-18-a,,,bf121,,,,6,6000,skid# 254,F,,,,2026-07-31 12:38:21,,,,
2026-07-30 12:26:29,UNKNOWN,290,713860,11561645,524,6-208-12-a,,,bf106a,,,,25,100000,68,F,,,,2026-07-30 12:26:29,,,,
2026-07-30 12:35:24,UNKNOWN,275,714493,11546364-my-ak,655,6-209-25-b,,,bf102,,,,36,126000,81,F,,,,2026-07-30 12:35:24,,,,
2026-07-30 12:58:50,UNKNOWN,156,713839,11549170,75,6-209-14-j,,,bf117,,,,36,14400,137,F,,,,2026-07-30 12:58:50,,,,
2026-07-30 13:00:03,UNKNOWN,275,712575,w711468-s437,1539,6-208-42-d,,,bf108a,,,,36,57600,73,F,,,,2026-07-30 13:00:03,,,,
2026-07-30 13:01:56,UNKNOWN,272,709062,11549168-ca-in,662,6-189-27-a,,,mc026,,,,36,36000,216,F,,,,2026-07-30 13:01:56,,,,
2026-07-31 11:25:57,UNKNOWN,272,709062,11549168-ca-in,662,6-189-27-a,,,mc026,,,,16,16000,154,F,,,,2026-07-31 11:25:57,,,,
2026-07-30 13:06:11,UNKNOWN,290,713842,11549170,157,6-209-14-k,,,bf109a,,,,36,14400,skid# 145,F,,,,2026-07-30 13:06:11,,,,
2026-07-30 13:07:38,UNKNOWN,156,713539,w520113-s441,968,q1050,,,bf116,,,,36,37800,143,F,,,,2026-07-30 13:07:38,,,,
2026-07-30 14:07:24,UNKNOWN,290,714153,06511847aa,878,6-210-07-b,,,mc078,,,,36,27000,43,F,,,,2026-07-30 14:07:24,,,,
2026-07-30 14:31:40,UNKNOWN,290,713940,11547176,KIB,6-209-19-a,,,bf105a,,,,36,30600,42,F,,,,2026-07-30 14:31:40,,,,
2026-07-30 14:33:13,UNKNOWN,280,714500,06511701aa,374,6-210-06-a,,,bf114a/b,,,,36,82800,57,F,,,,2026-07-30 14:33:13,,,,
2026-07-30 16:05:04,UNKNOWN,156,713831,11549170,1626,6-209-14-d,,,bf117,,,,36,14400,178,F,,,,2026-07-30 16:05:04,,,,
2026-07-31 09:39:07,UNKNOWN,156,713831,11549170,1626,6-209-14-d,,,bf117,,,,7,2800,248,F,,,,2026-07-31 09:39:07,,,,
2026-07-30 16:05:47,UNKNOWN,275,714017,11516076,584,6-210-08-a,,,mc112,,,,29,63800,40,F,,,,2026-07-30 16:05:47,,,,
2026-07-30 16:08:16,UNKNOWN,245,714495,11546364-my-ak,11038,6-209-26-b,,,bf124,,,,36,126000,12,F,,,,2026-07-30 16:08:16,,,,
2026-07-30 16:09:18,UNKNOWN,156,713318,w520514-s442,1550,6-205-16-b,,,mc019,,,,36,40500,41,F,,,,2026-07-30 16:09:18,,,,
2026-07-31 09:38:27,UNKNOWN,156004,713318,w520514-s442,1550,6-205-16-b,,,mc019,,,,7,7875,230,F,,,,2026-07-31 09:38:27,,,,
2026-07-30 16:10:34,UNKNOWN,290,713847,11549170,1402,6-209-14-p,,,bf109a,,,,36,14400,70,F,,,,2026-07-30 16:10:34,,,,
2026-07-30 16:14:27,UNKNOWN,290,713726,nu5108-00,873,6-208-30-b,,,bf110,,,,1,65000,52,F,,,,2026-07-30 16:14:27,,,,
2026-07-30 16:31:00,UNKNOWN,275,714317,11546377,555,6-209-18-a,,,bf103a,,,,34,73100,234,F,,,,2026-07-30 16:31:00,,,,
2026-07-30 16:32:05,UNKNOWN,280,714501,06511701aa,464,6-210-06-b,,,bf123,,,,36,82800,skid# 118,F,,,,2026-07-30 16:32:05,,,,
2026-07-31 08:44:54,UNKNOWN,275,714083,w520111-s440,1049,6-210-11-b,,,bf104a,,,,36,126000,151,F,,,,2026-07-31 08:44:54,,,,
2026-07-31 08:45:59,UNKNOWN,290,713536,h62324a,1752,6-210-14-a,,,bf107a,,,,33,39600,37,F,,,,2026-07-31 08:45:59,,,,
2026-07-31 09:43:33,UNKNOWN,290,713838,11549170,717,6-209-14-i,,,bf109a,,,,36,14400,290,F,,,,2026-07-31 09:43:33,,,,
2026-07-31 10:16:30,UNKNOWN,290,713838,11549170,717,6-209-14-i,,,bf109a,,,,13,5200,298,F,,,,2026-07-31 10:16:30,,,,
2026-07-31 10:12:09,UNKNOWN,275,712571,w711468-s437,300,6-208-42-a,,,bf108a,,,,27,43200,216,F,,,,2026-07-31 10:12:09,,,,
2026-07-31 10:13:38,UNKNOWN,156,714488,11546364-my-ak,703,6-209-23-a,,,bf113,,,,35,122500,204,F,,,,2026-07-31 10:13:38,,,,
2026-07-31 10:16:56,UNKNOWN,275,714155,06511847aa,1794,6-210-07-d,,,bf112,,,,1,750,57,F,,,,2026-07-31 10:16:56,,,,
2026-07-31 10:17:38,UNKNOWN,275,714155,06511847aa,1794,6-210-07-d,,,bf112,,,,36,27000,57,F,,,,2026-07-31 10:17:38,,,,
2026-07-31 10:18:26,UNKNOWN,290,714152,06511847aa,1305,6-210-07-a,,,bf107a,,,,24,18000,24,F,,,,2026-07-31 10:18:26,,,,
2026-07-31 10:22:13,UNKNOWN,156004,713538,w520113-s441,480,6-210-09-a,,,bf116,,,,36,37800,9,F,,,,2026-07-31 10:22:13,,,,
2026-07-31 11:25:06,UNKNOWN,272,710686,11549168-ca-in,158,6-198-21-b,,,mc026,,,,20,20000,154,F,,,,2026-07-31 11:25:06,,,,
2026-07-31 12:55:09,UNKNOWN,272,710686,11549168-ca-in,158,6-198-21-b,,,mc026,,,,36,36000,250,F,,,,2026-07-31 12:55:09,,,,
2026-07-31 11:26:46,UNKNOWN,290,713716,nu5108-00,1325,6-208-30-a,,,bf106a,,,,1,65000,81,F,,,,2026-07-31 11:26:46,,,,
2026-07-31 11:44:41,UNKNOWN,290,713724,nu5108-00,1048,6-208-31-a,,,bf110,,,,1,44100,119,F,,,,2026-07-31 11:44:41,,,,
2026-07-31 11:57:56,UNKNOWN,240,710211,w20-1028-010,759,1t6-170-16-a,,,TB9,,,,35,50750,244,F,,,,2026-07-31 11:57:56,,,,
2026-07-31 12:39:23,UNKNOWN,4156,714517,6101831,1448,6-211-20-d,,,bf110,,,,36,36000,84,F,,,,2026-07-31 12:39:23,,,,
2026-07-31 12:40:50,UNKNOWN,4,714113,11546367-my-ak,1374,6-211-16-d,,,bf117,,,,36,25200,34,F,,,,2026-07-31 12:40:50,,,,
2026-07-31 12:55:54,UNKNOWN,275,714319,11546377,864,6-209-18-c,,,bf103a,,,,18,38700,85,F,,,,2026-07-31 12:55:54,,,,
2026-07-31 12:56:24,UNKNOWN,290,714465,nu1405-00,1067,6-211-28-b,,,bf107a,,,,1,75000,4,F,,,,2026-07-31 12:56:24,,,,
2026-07-31 13:15:23,UNKNOWN,280,714463,nu1405-00,1761,6-211-27-b,,,bf123,,,,1,75000,skid# 237,F,,,,2026-07-31 13:15:23,,,,
2026-07-31 13:20:44,UNKNOWN,275,714464,nu1405-00,448,6-211-28-a,,,bf112,,,,1,75000,220,F,,,,2026-07-31 13:20:44,,,,
2026-07-31 14:21:56,UNKNOWN,275,714315,11546377,1578,6-209-17-b,,,bf103a,,,,18,38700,58,F,,,,2026-07-31 14:21:56,,,,
2026-07-31 14:23:10,UNKNOWN,280,714230,06511701aa,484,6-210-05-a,,,bf114a/b,,,,33,75900,205,F,,,,2026-07-31 14:23:10,,,,
2026-07-31 14:24:29,UNKNOWN,156,713540,w520113-s441,1031,6-210-10-a,,,bf116,,,,36,37800,11\,F,,,,2026-07-31 14:24:29,,,,
2026-08-03 08:36:20,UNKNOWN,156,713540,w520113-s441,1031,6-210-10-a,,,bf116,,,,17,17850,70,F,,,,2026-08-03 08:36:20,,,,
2026-07-31 14:25:30,UNKNOWN,275,712572,w711468-s437,782,6-208-42-b,,,bf108a,,,,36,57600,66,F,,,,2026-07-31 14:25:30,,,,
2026-07-31 14:27:12,UNKNOWN,156,714109,11546367-my-ak,245,6-211-16-b,,,bf117,,,,36,25200,75,F,,,,2026-07-31 14:27:12,,,,
2026-07-31 14:29:51,UNKNOWN,290,714108,11546367-my-ak,215,6-211-16-a,,,mc078,,,,36,25200,16,F,,,,2026-07-31 14:29:51,,,,
2026-07-31 14:31:41,UNKNOWN,290,713941,11547176,KIB,6-209-49,,,bf105a,,,,17,14450,49,F,,,,2026-07-31 14:31:41,,,,
2026-07-31 14:32:54,UNKNOWN,290,714516,6101831,725,q1000,,,bf110,,,,36,36000,171,F,,,,2026-07-31 14:32:54,,,,
2026-07-31 15:26:13,UNKNOWN,290,714111,11546367-my-ak,581,6-211-17-b,,,bf109a,,,,36,25200,22,F,,,,2026-07-31 15:26:13,,,,
2026-07-31 15:28:25,UNKNOWN,280,714489,11546364-my-ak,1651,6-209-23-b,,,bf120,,,,36,126000,78,F,,,,2026-07-31 15:28:25,,,,
2026-07-31 15:29:58,UNKNOWN,280,714321,11546377,722,6-209-16-d,,,bf118a/b,,,,36,77400,207,F,,,,2026-07-31 15:29:58,,,,
2026-07-31 16:58:42,UNKNOWN,290,714462,nu1405-00,1598,6-211-27-a,,,bf107a,,,,1,74800,181,F,,,,2026-07-31 16:58:42,,,,
2026-07-31 16:59:59,UNKNOWN,280,714490,11546364-my-ak,176,6-209-24-a,,,bf114a/b,,,,36,126000,186,F,,,,2026-07-31 16:59:59,,,,
2026-07-31 17:00:50,UNKNOWN,275,714082,w520111-s440,101,6-210-11-a,,,bf104a,,,,34,119000,118,F,,,,2026-07-31 17:00:50,,,,
2026-08-03 08:09:58,UNKNOWN,275,714082,w520111-s440,101,6-210-11-a,,,bf104a,,,,1,3500,118,F,,,,2026-08-03 08:09:58,,,,
2026-07-31 17:01:42,UNKNOWN,275,714492,11546364-my-ak,341,6-209-25-a,,,bf102,,,,31,108500,195,F,,,,2026-07-31 17:01:42,,,,
2026-08-03 08:14:24,UNKNOWN,4,707323,11612078,1037,6-181-32-b,,,mc074,,,,36,66600,,F,,,,2026-08-03 08:14:24,,,,
2026-08-03 08:16:03,UNKNOWN,275,714150,11546437-my-ak,711,6-212-16-a,,,bf104a,,,,36,54000,skid# 9,F,,,,2026-08-03 08:16:03,,,,
2026-08-04 12:00:58,UNKNOWN,275,714150,11546437-my-ak,711,6-212-16-a,,,bf104a,,,,22,33000,skid# 186,F,,,,2026-08-04 12:00:58,,,,
2026-08-03 08:17:15,UNKNOWN,156,714112,11546367-my-ak,117,6-211-16-c,,,bf117,,,,36,25200,230,F,,,,2026-08-03 08:17:15,,,,
2026-08-03 08:35:04,UNKNOWN,190268,714344,06104388aa,1720,6-212-08-c,,,TB3,,,,33,21780,50,F,,,,2026-08-03 08:35:04,,,,
2026-08-03 08:44:50,UNKNOWN,290,714116,11546367-my-ak,314,6-211-15-e,,,bf109a,,,,36,25200,skid# 178,F,,,,2026-08-03 08:44:50,,,,
2026-08-03 08:45:57,UNKNOWN,280,714514,6101831,1311,6-211-20-a,,,bf121,,,,30,30000,-,F,,,,2026-08-03 08:45:57,,,,
2026-08-04 09:39:25,UNKNOWN,280,714514,6101831,1311,6-211-20-a,,,bf121,,,,13,13000,skid# 112,F,,,,2026-08-04 09:39:25,,,,
2026-08-03 09:14:59,UNKNOWN,275,714469,nu1510-00,798,6-211-26-b,,,bf112,,,,1,38000,40,F,,,,2026-08-03 09:14:59,,,,
2026-08-03 10:11:09,UNKNOWN,156,714114,11546367-my-ak,186,6-211-15-c,,,bf117,,,,36,25200,57,F,,,,2026-08-03 10:11:09,,,,
2026-08-03 10:12:03,UNKNOWN,275,712574,w711468-s437,526,6-208-42-c,,,bf108a,,,,36,57600,73,F,,,,2026-08-03 10:12:03,,,,
2026-08-03 10:13:17,UNKNOWN,156,713692,11549168,284,6-212-30-b,,,bf116,,,,36,36000,41,F,,,,2026-08-03 10:13:17,,,,
2026-08-03 10:14:50,UNKNOWN,290,714508,6101831,1426,6-212-01-b,,,bf110,,,,36,36000,137,F,,,,2026-08-03 10:14:50,,,,
2026-08-03 10:16:57,UNKNOWN,280,714144,11546437-my-ak,1446,6-212-15-a,,,bf123,,,,36,54000,skid# 91,F,,,,2026-08-03 10:16:57,,,,
2026-08-03 11:46:42,UNKNOWN,280,714144,11546437-my-ak,1446,6-212-15-a,,,bf123,,,,14,21000,skid# 11,F,,,,2026-08-03 11:46:42,,,,
2026-08-03 11:23:03,UNKNOWN,280,714149,11546437-my-ak,738,6-212-14-c,,,bf114a/b,,,,36,54000,skid# 55,F,,,,2026-08-03 11:23:03,,,,
2026-08-03 12:21:23,UNKNOWN,280,714149,11546437-my-ak,738,6-212-14-c,,,bf114a/b,,,,21,31500,skid# 31,F,,,,2026-08-03 12:21:23,,,,
2026-08-03 11:44:52,UNKNOWN,4156,714028,11546378-my-ak,875,6-211-19-a,,,mc019,,,,36,45000,27,F,,,,2026-08-03 11:44:52,,,,
2026-08-03 11:45:49,UNKNOWN,156,714511,6101831,1710,6-212-01-d,,,mc110,,,,36,36000,229,F,,,,2026-08-03 11:45:49,,,,
2026-08-03 11:55:20,UNKNOWN,4156,714503,11546377br,913,6-211-18-b,,,bf113,,,,36,72000,206,F,,,,2026-08-03 11:55:20,,,,
2026-08-03 11:56:21,UNKNOWN,280,714147,11546437-my-ak,71,6-212-14-a,,,bf123,,,,22,33000,-,F,,,,2026-08-03 11:56:21,,,,
2026-08-03 12:14:46,UNKNOWN,280,714147,11546437-my-ak,71,6-212-14-a,,,bf123,,,,36,54000,skid #46,F,,,,2026-08-03 12:14:46,,,,
2026-08-03 12:01:03,UNKNOWN,272,711865,11549168-ca-in,318,6-208-17-c,,,mc026,,,,36,36000,143,F,,,,2026-08-03 12:01:03,,,,
2026-08-03 12:02:34,UNKNOWN,290,714115,11546367-my-ak,938,6-211-15-d,,,mc078,,,,36,25200,147,F,,,,2026-08-03 12:02:34,,,,
2026-08-03 12:04:01,UNKNOWN,290,714505,11546440,148,6-212-06-b,,,bf107a,,,,36,55800,132,F,,,,2026-08-03 12:04:01,,,,
2026-08-03 12:05:41,UNKNOWN,290,714142,11546437-my-ak,1591,6-212-13-a,,,bf106a,,,,36,54000,66,F,,,,2026-08-03 12:05:41,,,,
2026-08-04 08:54:50,UNKNOWN,290,714142,11546437-my-ak,1591,6-212-13-a,,,bf106a,,,,21,31500,233,F,,,,2026-08-04 08:54:50,,,,
2026-08-03 12:06:49,UNKNOWN,275,714151,11546437-my-ak,576,6-212-16-b,,,bf102,,,,36,54000,205,F,,,,2026-08-03 12:06:49,,,,
2026-08-04 10:09:13,UNKNOWN,275,714151,11546437-my-ak,576,6-212-16-b,,,bf102,,,,36,54000,70,F,,,,2026-08-04 10:09:13,,,,
2026-08-03 12:20:09,UNKNOWN,275,712570,w711468-s437,459,6-208-41-a,,,bf108a,,,,15,24000,7,F,,,,2026-08-03 12:20:09,,,,
2026-08-03 12:21:55,UNKNOWN,280,714148,11546437-my-ak,1786,6-212-14-b,,,bf114a/b,,,,15,22500,skid# 31,F,,,,2026-08-03 12:21:55,,,,
2026-08-04 10:07:58,UNKNOWN,280,714148,11546437-my-ak,1786,6-212-14-b,,,bf114a/b,,,,36,54000,skid# 111,F,,,,2026-08-04 10:07:58,,,,
2026-08-03 12:58:34,UNKNOWN,290,714107,11546367-my-ak,465,6-211-15-b,,,bf109a,,,,34,23800,skid# 237,F,,,,2026-08-03 12:58:34,,,,
2026-08-03 12:59:25,UNKNOWN,290,714512,6101831,1102,6-212-01-e,,,bf110,,,,36,36000,skid# 234,F,,,,2026-08-03 12:59:25,,,,
2026-08-04 08:57:08,UNKNOWN,290,714512,6101831,1102,6-212-01-e,,,bf110,,,,11,11000,51,F,,,,2026-08-04 08:57:08,,,,
2026-08-03 13:00:26,UNKNOWN,290,714106,11546367-my-ak,167,6-211-15-a,,,mc078,,,,36,25200,skid# 73,F,,,,2026-08-03 13:00:26,,,,
2026-08-03 13:01:43,UNKNOWN,156,714110,11546367-my-ak,1566,6-211-17-a,,,bf117,,,,36,25200,122,F,,,,2026-08-03 13:01:43,,,,
2026-08-04 08:49:49,UNKNOWN,290,714412,06509967aa,KIB,6-212-10-a,,,bf105a,,,,25,20625,123,F,,,,2026-08-04 08:49:49,,,,
2026-08-04 08:51:52,UNKNOWN,272,708738,11549168-ca-in,62,6-189-26-b,,,mc026,,,,36,36000,6,F,,,,2026-08-04 08:51:52,,,,
2026-08-04 08:55:50,UNKNOWN,290,714146,11546437-my-ak,257,6-212-13-c,,,bf106a,,,,15,22500,233,F,,,,2026-08-04 08:55:50,,,,
2026-08-04 16:00:03,UNKNOWN,290,714146,11546437-my-ak,257,6-212-13-c,,,bf106a,,,,36,54000,skid# 223,F,,,,2026-08-04 16:00:03,,,,
2026-08-05 08:57:40,UNKNOWN,290,714146,11546437-my-ak,257,6-212-13-c,,,bf106a,,,,8,12000,52,F,,,,2026-08-05 08:57:40,,,,
2026-08-04 08:57:41,UNKNOWN,156,713727,nu5108-00,604,6-208-30-c,,,mc024,,,,1,67861,93,F,,,,2026-08-04 08:57:41,,,,
2026-08-04 09:06:03,UNKNOWN,290,714509,6101831,545,6-212-01-c,,,bf110,,,,25,25000,123,F,,,,2026-08-04 09:06:03,,,,
2026-08-04 12:40:49,UNKNOWN,290,714509,6101831,545,q1000,,,bf110,,,,14,14000,-,F,,,,2026-08-04 12:40:49,,,,
2026-08-04 09:09:03,UNKNOWN,290,713835,11549170,912,6-209-29-h,,,bf109a,,,,36,14400,skid# 224,F,,,,2026-08-04 09:09:03,,,,
2026-08-04 09:14:19,UNKNOWN,290,714413,06509967aa,KIB,6-212-10-b,,,bf105a,,,,11,9075,-,F,,,,2026-08-04 09:14:19,,,,
2026-08-04 13:17:15,UNKNOWN,290,714413,06509967aa,KIB,6-212-10-b,,,bf105a,,,,12,9900,141,F,,,,2026-08-04 13:17:15,,,,
2026-08-04 09:15:31,UNKNOWN,280,714314,11546377,288,6-209-17-a,,,bf118a/b,,,,16,34400,skid# 131,F,,,,2026-08-04 09:15:31,,,,
2026-08-04 09:36:33,UNKNOWN,4156,714117,11546367-my-ak,759,6-211-15-f,,,bf117,,,,36,25200,134,F,,,,2026-08-04 09:36:33,,,,
2026-08-04 09:41:57,UNKNOWN,4,714117,11546367-my-ak,759,6-211-15-f,,,bf117,,,,2,1400,134,F,,,,2026-08-04 09:41:57,,,,
2026-08-04 09:38:44,UNKNOWN,275,713828,11549170,410,6-209-29-e,,,bf108a,,,,36,14400,skid# 137,F,,,,2026-08-04 09:38:44,,,,
2026-08-04 09:50:47,UNKNOWN,280,714143,11546437-my-ak,1309,6-212-13-b,,,bf123,,,,36,54000,skid# 175,F,,,,2026-08-04 09:50:47,,,,
2026-08-04 13:00:02,UNKNOWN,280,714143,11546437-my-ak,1309,6-212-13-b,,,bf123,,,,22,33000,skid# 226,F,,,,2026-08-04 13:00:02,,,,
2026-08-04 09:52:31,UNKNOWN,290,714504,11546440,834,6-212-06-a,,,bf107a,,,,36,55800,skid# 187,F,,,,2026-08-04 09:52:31,,,,
2026-08-04 09:55:18,UNKNOWN,156004,713691,11549168,1346,6-212-30-a,,,bf116,,,,36,36000,97,F,,,,2026-08-04 09:55:18,,,,
2026-08-04 11:34:46,UNKNOWN,4,713691,11549168,1346,6-212-30-a,,,bf116,,,,12,12000,44,F,,,,2026-08-04 11:34:46,,,,
2026-08-04 09:56:14,UNKNOWN,275,714340,06104388aa,1769,6-212-07-c,,,bf104a,,,,36,23760,35,F,,,,2026-08-04 09:56:14,,,,
2026-08-04 10:16:09,UNKNOWN,275,714313,11546377,394,6-209-16-b,,,bf103a,,,,36,77400,167,F,,,,2026-08-04 10:16:09,,,,
2026-08-04 13:58:38,UNKNOWN,275,714313,11546377,394,6-209-16-b,,,bf103a,,,,8,17200,209,F,,,,2026-08-04 13:58:38,,,,
2026-08-04 10:38:25,UNKNOWN,290,713840,11549170,180,6-209-29-i,,,bf107a,,,,36,14400,skid# 135,F,,,,2026-08-04 10:38:25,,,,
2026-08-04 11:33:01,UNKNOWN,275,714471,nu1510-00,1373,6-211-25-d,,,bf112,,,,1,46500,21,F,,,,2026-08-04 11:33:01,,,,
2026-08-04 11:37:42,UNKNOWN,280,715608,11546389,769,6-212-05-a,,,bf124,,,,29,130500,skid# 24,F,,,,2026-08-04 11:37:42,,,,
2026-08-04 11:38:43,UNKNOWN,280,714023,11546366-my-ak,92,6-212-20-b,,,bf120,,,,36,36000,248,F,,,,2026-08-04 11:38:43,,,,
2026-08-04 11:39:26,UNKNOWN,275,715609,11546389,1801,6-212-05-b,,,mc112,,,,22,99000,164,F,,,,2026-08-04 11:39:26,,,,
2026-08-04 11:58:38,UNKNOWN,290,713841,11549170,472,6-209-29-j,,,bf109a,,,,36,14400,85,F,,,,2026-08-04 11:58:38,,,,
2026-08-04 12:00:12,UNKNOWN,275,713830,11549170,329,6-209-14-c,,,bf108a,,,,36,14400,skid# 178,F,,,,2026-08-04 12:00:12,,,,
2026-08-04 12:13:56,UNKNOWN,4,712774,11549168,1537,6-212-29-b,,,bf116,,,,24,24000,-,F,,,,2026-08-04 12:13:56,,,,
2026-08-04 15:53:50,UNKNOWN,4,712774,11549168,1537,6-212-29-b,,,bf116,,,,21,21000,22,F,,,,2026-08-04 15:53:50,,,,
2026-08-04 12:15:30,UNKNOWN,280,714024,11546366-my-ak,554,6-212-21-a,,,bf124,,,,36,36000,skid# 42,F,,,,2026-08-04 12:15:30,,,,
2026-08-04 12:17:09,UNKNOWN,280,714552,11546367-my-ak,181,6-216-15-d,,,bf121,,,,36,25200,skid# 68,F,,,,2026-08-04 12:17:09,,,,
2026-08-04 12:18:16,UNKNOWN,4,714553,11546367-my-ak,918,6-216-15-e,,,bf117,,,,36,25200,204,F,,,,2026-08-04 12:18:16,,,,
2026-08-04 13:01:13,UNKNOWN,4156,714502,11546377br,427,6-211-18-a,,,bf113,,,,30,60000,104,F,,,,2026-08-04 13:01:13,,,,
2026-08-04 14:01:32,UNKNOWN,4,714548,11546367-my-ak,1808,6-216-14-b,,,bf117,,,,36,25200,238,F,,,,2026-08-04 14:01:32,,,,
2026-08-04 14:02:33,UNKNOWN,275,714145,11546437-my-ak,1611,6-212-15-b,,,bf104a,,,,14,21000,186,F,,,,2026-08-04 14:02:33,,,,
2026-08-05 13:13:32,UNKNOWN,275,714145,11546437-my-ak,1611,6-212-15-b,,,bf104a,,,,25,37500,147,F,,,,2026-08-05 13:13:32,,,,
2026-08-06 10:08:40,UNKNOWN,275,714145,11546437-my-ak,1611,6-212-15-b,,,BF104,,,,24,36000,skid# 32,F,,,,2026-08-06 10:08:40,,,,
2026-08-04 14:04:57,UNKNOWN,156,714029,11546378-my-ak,1656,6-211-19-b,,,mc019,,,,35,43750,83,F,,,,2026-08-04 14:04:57,,,,
2026-08-04 14:06:30,UNKNOWN,290,713829,11549170,917,6-209-29-f,,,bf107a,,,,36,14400,105,F,,,,2026-08-04 14:06:30,,,,
2026-08-04 15:45:07,UNKNOWN,290,713829,11549170,917,6-209-29-f,,,bf107a,,,,8,3200,201,F,,,,2026-08-04 15:45:07,,,,
2026-08-04 14:12:10,UNKNOWN,290,713833,11549170,411,6-209-14-f,,,bf109a,,,,36,14400,225,F,,,,2026-08-04 14:12:10,,,,
2026-08-04 15:51:13,UNKNOWN,290,713833,11549170,411,6-209-14-f,,,bf109a,,,,24,9600,skid# 221,F,,,,2026-08-04 15:51:13,,,,
2026-08-04 14:14:43,UNKNOWN,272,708737,11549168-ca-in,1301,6-208-06-a,,,mc026,,,,36,36000,154,F,,,,2026-08-04 14:14:43,,,,
2026-08-05 09:05:42,UNKNOWN,272,708737,11549168-ca-in,1301,6-208-06-a,,,mc026,,,,10,10000,1,F,,,,2026-08-05 09:05:42,,,,
2026-08-04 14:46:37,UNKNOWN,280,714140,11546437-my-ak,1762,6-212-12-a,,,bf114a/b,,,,36,54000,skid# 211,F,,,,2026-08-04 14:46:37,,,,
2026-08-04 16:49:43,UNKNOWN,280,714140,11546437-my-ak,1762,6-212-12-a,,,bf114a/b,,,,24,36000,skid# 156,F,,,,2026-08-04 16:49:43,,,,
2026-08-04 14:49:13,UNKNOWN,156,714506,6101831,1776,6-212-01-a,,,mc110,,,,36,36000,152,F,,,,2026-08-04 14:49:13,,,,
2026-08-05 08:28:27,UNKNOWN,4,714506,6101831,1776,6-212-01-a,,,mc110,,,,14,14000,143,F,,,,2026-08-05 08:28:27,,,,
2026-08-04 14:50:45,UNKNOWN,4,715616,11546456,795,6-216-07-c,,,mc024,,,,36,97200,96,F,,,,2026-08-04 14:50:45,,,,
2026-08-04 14:56:00,UNKNOWN,275,713845,11549170,478,6-209-14-n,,,bf112,,,,36,14400,216,F,,,,2026-08-04 14:56:00,,,,
2026-08-04 15:13:07,UNKNOWN,275,714141,11546437-my-ak,635,6-212-12-b,,,bf102,,,,36,54000,122,F,,,,2026-08-04 15:13:07,,,,
2026-08-05 08:49:13,UNKNOWN,275,714141,11546437-my-ak,635,6-212-12-b,,,bf102,,,,11,16500,147,F,,,,2026-08-05 08:49:13,,,,
2026-08-04 15:46:35,UNKNOWN,290,713825,11549170,1111,6-209-14-b,,,bf107a,,,,28,11200,29,F,,,,2026-08-04 15:46:35,,,,
2026-08-05 10:15:05,UNKNOWN,290,713825,11549170,1111,6-209-14-b,,,bf107a,,,,11,4400,30,F,,,,2026-08-05 10:15:05,,,,
2026-08-04 15:47:52,UNKNOWN,290,714550,11546367-my-ak,1682,6-216-15-b,,,mc078,,,,36,25200,3,F,,,,2026-08-04 15:47:52,,,,
2026-08-04 15:51:45,UNKNOWN,290,713837,11549170,1647,6-209-14-h,,,bf109a,,,,12,4800,221,F,,,,2026-08-04 15:51:45,,,,
2026-08-05 10:13:54,UNKNOWN,290,713837,11549170,1647,6-209-14-h,,,bf109a,,,,20,8000,64,F,,,,2026-08-05 10:13:54,,,,
2026-08-04 15:53:03,UNKNOWN,290,714543,11546367-my-ak,1632,6-216-13-b,,,bf110,,,,36,25200,skid# 171,F,,,,2026-08-04 15:53:03,,,,
2026-08-04 16:01:15,UNKNOWN,4,714549,11546367-my-ak,15,6-216-15-a,,,bf117,,,,36,25200,256,F,,,,2026-08-04 16:01:15,,,,
2026-08-04 16:04:45,UNKNOWN,280,715618,11546456,793,6-216-10-b,,,bf123,,,,28,75600,skid# 54,F,,,,2026-08-04 16:04:45,,,,
2026-08-04 16:06:52,UNKNOWN,4,712773,11549168,1523,6-212-29-a,,,bf116,,,,15,15000,22,F,,,,2026-08-04 16:06:52,,,,
2026-08-05 11:39:10,UNKNOWN,4292,712773,11549168,1523,6-212-29-a,,,bf116,,,,30,30000,51,F,,,,2026-08-05 11:39:10,,,,
2026-08-05 08:27:23,UNKNOWN,275,715611,11546389br,574,6-212-04-b,,,mc112,,,,21,81900,94,F,,,,2026-08-05 08:27:23,,,,
2026-08-05 08:29:06,UNKNOWN,292,714515,6101831,713,6-211-20-b,,,mc110,,,,22,22000,143,F,,,,2026-08-05 08:29:06,,,,
2026-08-05 16:17:59,UNKNOWN,292,714515,6101831,713,6-211-20-b,,,mc110,,,,15,15000,36,F,,,,2026-08-05 16:17:59,,,,
2026-08-05 08:50:30,UNKNOWN,275,713848,11549170,1595,6-209-30-c,,,bf108a,,,,36,14400,231,F,,,,2026-08-05 08:50:30,,,,
2026-08-05 08:57:06,UNKNOWN,4,706812,11612078,640,6-181-34-a,,,mc074,,,,36,66600,158,F,,,,2026-08-05 08:57:06,,,,
2026-08-05 09:05:06,UNKNOWN,285391,707148,11516078-ca-in,136,6-198-25-c,,,TB2,,,,35,24500,129,F,,,,2026-08-05 09:05:06,,,,
2026-08-05 09:07:00,UNKNOWN,272,710399,11549168-ca-in,597,6-208-05-a,,,mc026,,,,26,26000,1,F,,,,2026-08-05 09:07:00,,,,
2026-08-05 15:00:26,UNKNOWN,272,710399,11549168-ca-in,597,6-208-05-a,,,mc026,,,,15,15000,87,F,,,,2026-08-05 15:00:26,,,,
2026-08-05 09:08:26,UNKNOWN,190268,715748,w20-1028-020sl,485,1t6-216-22-c,,,TB3,,,,20,4300,33,F,,,,2026-08-05 09:08:26,,,,
2026-08-05 09:09:24,UNKNOWN,190268,715747,w20-1028-020sl,1524,1t6-216-22-b,,,TB3,,,,16,3440,195,F,,,,2026-08-05 09:09:24,,,,
2026-08-05 09:10:48,UNKNOWN,280,713896,11546456,1060,6-216-08-a,,,bf114a/b,,,,9,24300,skid# 219,F,,,,2026-08-05 09:10:48,,,,
2026-08-05 10:10:32,UNKNOWN,280,714025,11546366-my-ak,705,6-212-21-b,,,bf120,,,,36,36000,skid# 210,F,,,,2026-08-05 10:10:32,,,,
2026-08-05 15:02:17,UNKNOWN,280,714025,11546366-my-ak,705,6-212-21-b,,,bf120,,,,19,19000,skid# 218,F,,,,2026-08-05 15:02:17,,,,
2026-08-05 10:11:50,UNKNOWN,290,713705,11549170,1669,6-212-19-c,,,bf109a,,,,16,6400,64,F,,,,2026-08-05 10:11:50,,,,
2026-08-05 12:22:48,UNKNOWN,290,713705,11549170,1669,6-212-19-c,,,bf109a,,,,16,6400,109,F,,,,2026-08-05 12:22:48,,,,
2026-08-05 10:17:54,UNKNOWN,290,713707,11549170,879,6-212-19-e,,,bf107a,,,,25,10000,30,F,,,,2026-08-05 10:17:54,,,,
2026-08-05 12:25:05,UNKNOWN,290,713707,11549170,879,6-212-19-e,,,bf107a,,,,16,6400,46,F,,,,2026-08-05 12:25:05,,,,
2026-08-05 10:19:19,UNKNOWN,275,715610,11546389br,1768,6-212-04-a,,,mc112,,,,15,58500,94,F,,,,2026-08-05 10:19:19,,,,
2026-08-05 15:48:44,UNKNOWN,275,715610,11546389br,1768,6-212-04-a,,,mc112,,,,16,62400,5,F,,,,2026-08-05 15:48:44,,,,
2026-08-05 10:21:13,UNKNOWN,280,715620,11546456,677,6-216-09-b,,,bf123,,,,20,54000,-,F,,,,2026-08-05 10:21:13,,,,
2026-08-05 10:41:32,UNKNOWN,11293,712799,bl3w-4320-ba,1004,6-216-19-b,,,TB5,,,,27,5940,28,F,,,,2026-08-05 10:41:32,,,,
2026-08-05 10:42:19,UNKNOWN,190268,715751,w20-1028-020sl,889,1t6-216-22-f,,,TB3,,,,36,7740,195,F,,,,2026-08-05 10:42:19,,,,
2026-08-05 11:26:41,UNKNOWN,190268,715751,w20-1028-020sl,889,1t6-216-22-f,,,TB3,,,,16,3440,236,F,,,,2026-08-05 11:26:41,,,,
2026-08-05 10:49:02,UNKNOWN,292,714557,11546367-my-ak,1525,6-216-15-g,,,bf117,,,,36,25200,193,F,,,,2026-08-05 10:49:02,,,,
2026-08-05 10:50:21,UNKNOWN,285391,715746,w20-1028-020sl,365,1t6-216-22-a,,,TB2,,,,36,7740,192,F,,,,2026-08-05 10:50:21,,,,
2026-08-05 11:27:35,UNKNOWN,285391,715746,w20-1028-020sl,365,1t6-216-22-a,,,TB2,,,,8,1720,197,F,,,,2026-08-05 11:27:35,,,,
2026-08-05 10:52:09,UNKNOWN,285391,715749,w20-1028-020sl,1806,1t6-216-22-d,,,TB2,,,,36,7740,227,F,,,,2026-08-05 10:52:09,,,,
2026-08-05 10:53:36,UNKNOWN,275,714348,06104388aa,740,6-212-08-g,,,mc004,,,,36,23760,242,F,,,,2026-08-05 10:53:36,,,,
2026-08-05 11:19:59,UNKNOWN,290,714546,11546367-my-ak,95,6-216-14-a,,,mc078,,,,36,25200,66,F,,,,2026-08-05 11:19:59,,,,
2026-08-05 11:20:46,UNKNOWN,275,713713,11549170,7,6-212-18-c,,,bf112,,,,36,14400,121,F,,,,2026-08-05 11:20:46,,,,
2026-08-05 11:24:14,UNKNOWN,11293,712798,bl3w-4320-ba,1069,6-216-19-a,,,TB5,,,,27,5940,59,F,,,,2026-08-05 11:24:14,,,,
2026-08-05 11:40:02,UNKNOWN,240,713088,6101736,1655,6-195-37-b,,,TB9,,,,2,6400,188,F,,,,2026-08-05 11:40:02,,,,
2026-08-05 11:40:39,UNKNOWN,240,713088,6101736,1655,6-195-37-b,,,TB9,,,,36,115200,188,F,,,,2026-08-05 11:40:39,,,,
2026-08-05 11:41:39,UNKNOWN,290,714547,11546367-my-ak,1343,6-216-27-a,,,bf110,,,,36,25200,7,F,,,,2026-08-05 11:41:39,,,,
2026-08-05 11:42:23,UNKNOWN,252294,708641,11549168-ca-in,637,6-208-05-d,,,TB4,,,,7,7000,237,F,,,,2026-08-05 11:42:23,,,,
2026-08-05 11:43:38,UNKNOWN,294252,714249,nu3019-00,1541,6-216-20-f,,,TB4,,,,1,4570,84,F,,,,2026-08-05 11:43:38,,,,
2026-08-05 11:44:31,UNKNOWN,11293,712800,bl3w-4320-ba,829,6-216-19-c,,,TB5,,,,19,4180,32,F,,,,2026-08-05 11:44:31,,,,
2026-08-05 11:45:32,UNKNOWN,285391,714244,nu3019-00,1512,6-216-20-a,,,TB2,,,,1,6634,104,F,,,,2026-08-05 11:45:32,,,,
2026-08-05 11:46:40,UNKNOWN,190268,714248,nu3019-00,1379,6-216-20-e,,,T3,,,,1,4980,131,F,,,,2026-08-05 11:46:40,,,,
2026-08-05 12:22:12,UNKNOWN,280,712782,11549168,602,6-212-29-d,,,bf121,,,,36,36000,skid# 112,F,,,,2026-08-05 12:22:12,,,,
2026-08-06 09:14:49,UNKNOWN,280,712782,11549168,602,6-212-29-d,,,BF121,,,,6,6000,219,F,,,,2026-08-06 09:14:49,,,,
2026-08-05 12:24:05,UNKNOWN,290,713699,11549170,775,6-212-17-c,,,bf107a,,,,20,8000,46,F,,,,2026-08-05 12:24:05,,,,
2026-08-05 14:11:12,UNKNOWN,290,713699,11549170,775,6-212-17-c,,,bf107a,,,,21,8400,14,F,,,,2026-08-05 14:11:12,,,,
2026-08-05 12:26:25,UNKNOWN,275,713701,11549170,827,6-212-17-e,,,bf108a,,,,36,14400,6,F,,,,2026-08-05 12:26:25,,,,
2026-08-05 13:12:50,UNKNOWN,290,713706,11549170,839,6-212-19-d,,,bf109a,,,,20,8000,109,F,,,,2026-08-05 13:12:50,,,,
2026-08-05 15:43:58,UNKNOWN,290,713706,11549170,839,6-212-19-d,,,bf109a,,,,20,8000,10,F,,,,2026-08-05 15:43:58,,,,
2026-08-05 13:14:36,UNKNOWN,292,714551,11546367-my-ak,941,6-216-15-c,,,bf117,,,,36,25200,114,F,,,,2026-08-05 13:14:36,,,,
2026-08-05 14:05:58,UNKNOWN,275,715619,11546456,90,6-216-10-c,,,bf103a,,,,36,97200,160,F,,,,2026-08-05 14:05:58,,,,
2026-08-05 14:07:38,UNKNOWN,275,713897,11546456,843,6-216-08-b,,,bf102,,,,36,97200,7,F,,,,2026-08-05 14:07:38,,,,
2026-08-05 14:10:11,UNKNOWN,280,715621,11546456,881,6-216-09-c,,,bf114a/b,,,,27,72900,skid# 198,F,,,,2026-08-05 14:10:11,,,,
2026-08-05 14:12:07,UNKNOWN,290,712004,11549168,1506,6-212-27-a,,,bf110,,,,36,36000,117,F,,,,2026-08-05 14:12:07,,,,
2026-08-05 15:03:02,UNKNOWN,280,715617,11546456,971,6-216-10-a,,,bf123,,,,16,43200,-,F,,,,2026-08-05 15:03:02,,,,
2026-08-05 15:46:14,UNKNOWN,280,715617,11546456,971,6-216-10-a,,,bf123,,,,16,43200,skid# 27,F,,,,2026-08-05 15:46:14,,,,
2026-08-06 10:26:52,UNKNOWN,280,715617,11546456,971,6-216-10-a,,,BF123,,,,3,8100,skid# 143,F,,,,2026-08-06 10:26:52,,,,
2026-08-05 15:06:49,UNKNOWN,275,713821,11549170,12,6-209-29-b,,,bf108a,,,,36,14400,4,F,,,,2026-08-05 15:06:49,,,,
2026-08-05 15:08:44,UNKNOWN,275,713700,11549170,1697,6-212-17-d,,,bf112,,,,36,14400,2,F,,,,2026-08-05 15:08:44,,,,
2026-08-05 15:09:47,UNKNOWN,290,713708,11549170,93,6-212-19-f,,,bf107a,,,,15,6000,14,F,,,,2026-08-05 15:09:47,,,,
2026-08-05 16:58:10,UNKNOWN,290,713708,11549170,93,6-212-19-f,,,bf107a,,,,19,7600,183,F,,,,2026-08-05 16:58:10,,,,
2026-08-05 15:10:35,UNKNOWN,292,713685,11549168,330,6-212-28-e,,,bf116,,,,36,36000,136,F,,,,2026-08-05 15:10:35,,,,
2026-08-05 15:41:50,UNKNOWN,292,714542,11546367-my-ak,821,6-216-13-a,,,bf117,,,,32,22400,23,F,,,,2026-08-05 15:41:50,,,,
2026-08-05 15:44:28,UNKNOWN,290,713851,11549170,1609,6-209-30-f,,,bf109a,,,,16,6400,10,F,,,,2026-08-05 15:44:28,,,,
2026-08-06 10:29:34,UNKNOWN,290,713851,11549170,1609,6-209-30-f,,,BF109,,,,24,9600,6,F,,,,2026-08-06 10:29:34,,,,
2026-08-05 15:48:03,UNKNOWN,290,714556,11546367-my-ak,21,6-216-15-f,,,mc078,,,,32,22400,135,F,,,,2026-08-05 15:48:03,,,,
2026-08-05 16:58:59,UNKNOWN,290,713822,11549170,1307,6-209-29-c,,,bf107a,,,,17,6800,183,F,,,,2026-08-05 16:58:59,,,,
2026-08-06 12:07:43,UNKNOWN,290,713822,11549170,1307,6-209-29-c,,,BF107,,,,18,7200,46,F,,,,2026-08-06 12:07:43,,,,
2026-08-06 09:01:45,UNKNOWN,156,713683,11549168,313,6-212-28-c,,,MC19,,,,36,36000,169,F,,,,2026-08-06 09:01:45,,,,
2026-08-06 09:03:03,UNKNOWN,290,713694,11549168,135,6-212-30-d,,,BF110,,,,36,36000,10,F,,,,2026-08-06 09:03:03,,,,
2026-08-06 09:04:21,UNKNOWN,292,713702,11549170,1342,6-212-17-f,,,BF117,,,,36,14400,228,F,,,,2026-08-06 09:04:21,,,,
2026-08-06 09:10:57,UNKNOWN,275,714345,06104388aa,936,6-212-08-d,,,MC04,,,,36,23760,203,F,,,,2026-08-06 09:10:57,,,,
2026-08-06 09:19:02,UNKNOWN,280,707097,11561645-my-ak,727,6-217-07-a,,,BF123,,,,3,12000,31,F,,,,2026-08-06 09:19:02,,,,
2026-08-06 09:25:10,UNKNOWN,280,714022,11546366-my-ak,213,6-212-20-a,,,BF124,,,,36,36000,41,F,,,,2026-08-06 09:25:10,,,,
2026-08-06 10:19:03,UNKNOWN,280,714022,11546366-my-ak,213,6-212-20-a,,,BF124,,,,8,8000,41,F,,,,2026-08-06 10:19:03,,,,
2026-08-06 10:01:19,UNKNOWN,275,715614,11546456,693,6-216-08-c,,,BF103,,,,17,45900,skid# 188,F,,,,2026-08-06 10:01:19,,,,
2026-08-06 10:12:06,UNKNOWN,275,713827,11549170,251,6-209-30-b,,,BF108,,,,36,14400,85,F,,,,2026-08-06 10:12:06,,,,
2026-08-06 14:23:29,UNKNOWN,275,713827,11549170,251,6-209-30-b,,,BF108,,,,23,9200,25,F,,,,2026-08-06 14:23:29,,,,
2026-08-06 10:13:46,UNKNOWN,275,713849,11549170,1109,6-209-30-d,,,BF112,,,,36,14400,109,F,,,,2026-08-06 10:13:46,,,,
2026-08-06 10:17:25,UNKNOWN,290,713826,11549170,1344,6-209-30-a,,,BF109,,,,12,4800,6,F,,,,2026-08-06 10:17:25,,,,
2026-08-06 13:56:09,UNKNOWN,290,713826,11549170,1344,6-209-30-a,,,BF109,,,,30,12000,220,F,,,,2026-08-06 13:56:09,,,,
2026-08-06 10:23:22,UNKNOWN,292,713696,11549168,195,6-212-28-b,,,BF116,,,,36,36000,111,F,,,,2026-08-06 10:23:22,,,,
2026-08-06 12:16:02,UNKNOWN,292,713696,11549168,195,6-212-28-b,,,BF116,,,,15,15000,240,F,,,,2026-08-06 12:16:02,,,,
2026-08-06 10:32:06,UNKNOWN,280,713895,11546456,1369,6-216-07-b,,,BF114,,,,36,97200,skid# 68,F,,,,2026-08-06 10:32:06,,,,
2026-08-06 12:09:42,UNKNOWN,290,713693,11549168,192,6-212-30-c,,,MC078,,,,36,36000,42,F,,,,2026-08-06 12:09:42,,,,
2026-08-06 12:12:15,UNKNOWN,290,713684,11549168,1645,6-212-28-d,,,BF110,,,,36,36000,69,F,,,,2026-08-06 12:12:15,,,,
2026-08-06 12:14:29,UNKNOWN,272,714133,nu5108-00,305,6-211-29-b,,,MC026,,,,1,65000,1,F,,,,2026-08-06 12:14:29,,,,
2026-08-06 12:18:10,UNKNOWN,292,713824,11549170,1103,6-209-14-a,,,BF117,,,,36,14400,118,F,,,,2026-08-06 12:18:10,,,,
2026-08-06 13:08:30,UNKNOWN,4,708875,11612078,70,6-181-33-d,,,MC 74,,,,36,66600,59,F,,,,2026-08-06 13:08:30,,,,
2026-08-06 13:09:39,UNKNOWN,290,712781,11549168,1077,6-212-29-c,,,MC 78,,,,34,34000,9,F,,,,2026-08-06 13:09:39,,,,
2026-08-06 15:58:25,UNKNOWN,290,712781,11549168,1077,6-212-29-c,,,MC078,,,,2,2000,9,F,,,,2026-08-06 15:58:25,,,,
2026-08-07 09:34:06,UNKNOWN,290,712781,11549168,1077,6-212-29-c,,,MC078,,,,19,19000,205,F,,,,2026-08-07 09:34:06,,,,
2026-08-06 13:53:12,UNKNOWN,290,715859,6101831,1791,6-218-10-a,,,BF107,,,,34,34000,11,F,,,,2026-08-06 13:53:12,,,,
2026-08-06 14:01:30,UNKNOWN,280,713695,11549168,1502,6-212-28-a,,,BF120,,,,36,36000,skid# 237,F,,,,2026-08-06 14:01:30,,,,
2026-08-06 14:19:55,UNKNOWN,292,715615,11546456,187,6-216-09-a,,,MC024,,,,21,56700,82,F,,,,2026-08-06 14:19:55,,,,
2026-08-06 14:21:53,UNKNOWN,292,713843,11549170,1335,6-209-14-l,,,BF117,,,,36,14400,252,F,,,,2026-08-06 14:21:53,,,,
2026-08-06 15:54:32,UNKNOWN,292,713843,11549170,1335,6-209-14-l,,,BF117,,,,2,800,252,F,,,,2026-08-06 15:54:32,,,,
2026-08-06 14:25:22,UNKNOWN,275,714666,11546545,1303,6-218-11-a,,,BF102,,,,36,90000,8,F,,,,2026-08-06 14:25:22,,,,
2026-08-06 14:27:03,UNKNOWN,280,716191,11546545,814,6-218-15-b,,,BF114,,,,20,50000,skid# 78,F,,,,2026-08-06 14:27:03,,,,
2026-08-06 15:45:15,UNKNOWN,275,714667,11546545,920,6-218-11-b,,,BF103,,,,36,90000,129,F,,,,2026-08-06 15:45:15,,,,
2026-08-06 15:47:38,UNKNOWN,280,714673,11546545,396,6-218-13-c,,,BF123,,,,36,90000,skid# 122,F,,,,2026-08-06 15:47:38,,,,
2026-08-06 15:50:01,UNKNOWN,290,714429,11561645,335,6-217-23-b,,,BF106,,,,29,116000,208,F,,,,2026-08-06 15:50:01,,,,
2026-08-06 15:53:23,UNKNOWN,280,712005,11549168,745,6-212-27-b,,,BF121,,,,30,30000,skid# 7,F,,,,2026-08-06 15:53:23,,,,
2026-08-06 17:03:38,UNKNOWN,280,712005,11549168,745,6-212-27-b,,,BF121,,,,15,15000,skid# 34,F,,,,2026-08-06 17:03:38,,,,
2026-08-06 15:56:27,UNKNOWN,275,714424,w716298-s450,1784,6-216-38-a,,,MC112,,,,36,126000,257,F,,,,2026-08-06 15:56:27,,,,
2026-08-06 16:59:02,UNKNOWN,275,714347,06104388aa,603,6-212-08-f,,,MC004,,,,24,15840,203,F,,,,2026-08-06 16:59:02,,,,
2026-08-06 17:15:34,UNKNOWN,292,714426,06511637aa,1708,6-216-35-a,,,BF116,,,,36,43200,254,F,,,,2026-08-06 17:15:34,,,,
2026-08-06 17:18:10,UNKNOWN,290,715835,nu5210-03,523,6-217-22-a,,,BF107,,,,1,39000,6,F,,,,2026-08-06 17:18:10,,,,
2026-08-06 17:19:44,UNKNOWN,292,705253,11549168-in-ba,1557,6-205-10-a,,,MC112,,,,36,36000,114,F,,,,2026-08-06 17:19:44,,,,
2026-08-07 09:35:25,UNKNOWN,292,705253,11549168-in-ba,1557,6-205-10-a,,,MC110,,,,1,1000,114,F,,,,2026-08-07 09:35:25,,,,
2026-08-06 17:42:14,UNKNOWN,011+293,715702,06104725aa,1639,6-218-29-b,,,TBL5,,,,36,100800,7,F,,,,2026-08-06 17:42:14,,,,
2026-08-06 17:43:32,UNKNOWN,11+293,715702,06104725aa,1639,6-218-29-b,,,TBL5,,,,4,11200,7,F,,,,2026-08-06 17:43:32,,,,
2026-08-07 09:32:26,UNKNOWN,290,713583,11546774,469,6-217-29-a,,,BF109,,,,36,16200,49,F,,,,2026-08-07 09:32:26,,,,
2026-08-07 09:37:21,UNKNOWN,292,714588,11561645,1807,6-216-33-a,,,BF113,,,,36,144000,94,F,,,,2026-08-07 09:37:21,,,,
2026-08-07 09:39:01,UNKNOWN,292,713587,11546774,1360,6-217-29-c,,,BF117,,,,36,16200,96,F,,,,2026-08-07 09:39:01,,,,
2026-08-07 09:45:47,UNKNOWN,290,715714,nu1510-00,1592,6-217-25-a,,,bf107a,,,,1,42000,2,F,,,,2026-08-07 09:45:47,,,,
2026-08-07 10:11:47,UNKNOWN,280,716190,11546545,117,6-218-15-a,,,BF114,,,,36,90000,skid# 117,F,,,,2026-08-07 10:11:47,,,,
2026-08-07 10:15:48,UNKNOWN,280,715734,11546377,1738,6-218-06-a,,,BF118,,,,36,77400,skid# 10,F,,,,2026-08-07 10:15:48,,,,
2026-08-07 10:17:58,UNKNOWN,275,714671,11546545,848,6-218-13-a,,,BF104,,,,36,90000,249,F,,,,2026-08-07 10:17:58,,,,
2026-08-07 10:19:05,UNKNOWN,272,714132,nu5108-00,490,6-211-29-a,,,MC26,,,,1,63280,228,F,,,,2026-08-07 10:19:05,,,,
2026-08-07 10:45:35,UNKNOWN,275,714303,11516074,1534,6-218-28-b,,,bf108a,,,,36,25200,206,F,,,,2026-08-07 10:45:35,,,,
2026-08-07 11:32:15,UNKNOWN,280,716189,11546545,499,6-218-14-b,,,bf123,,,,36,90000,skid# 216,F,,,,2026-08-07 11:32:15,,,,
2026-08-07 11:50:44,UNKNOWN,292,715738,11546377,894,6-218-08-a,,,mc019,,,,36,77400,20,F,,,,2026-08-07 11:50:44,,,,
2026-08-07 11:59:16,UNKNOWN,275,713986,6502979,342,6-216-42-a,,,bf112,,,,36,27000,pack# 9,F,,,,2026-08-07 11:59:16,,,,
2026-08-07 12:00:23,UNKNOWN,275,716193,11546545,1371,6-218-16-b,,,bf102,,,,36,90000,skid# 55,F,,,,2026-08-07 12:00:23,,,,
2026-08-07 12:28:04,UNKNOWN,290,713585,11546774,1076,6-217-29-b,,,bf109a,,,,36,16200,170,F,,,,2026-08-07 12:28:04,,,,
2026-08-07 13:01:29,UNKNOWN,290,716192,11546545,222,6-218-16-a,,,bf106a,,,,36,90000,36,F,,,,2026-08-07 13:01:29,,,,
2026-08-07 13:13:38,UNKNOWN,275,714302,11516074,811,6-218-28-a,,,bf108a,,,,19,13300,skid# 57,F,,,,2026-08-07 13:13:38,,,,
2026-08-07 13:14:55,UNKNOWN,275,716188,11546545,678,6-218-14-a,,,bf103a,,,,36,90000,5,F,,,,2026-08-07 13:14:55,,,,
2026-08-07 13:15:24,UNKNOWN,290,715713,nu1510-00,370,6-217-26-b,,,bf107a,,,,1,41000,183,F,,,,2026-08-07 13:15:24,,,,
2026-08-07 13:52:21,UNKNOWN,280,714669,11546545,1397,6-218-12-b,,,bf114a/b,,,,36,90000,skid# 229,F,,,,2026-08-07 13:52:21,,,,
2026-08-07 14:36:36,UNKNOWN,280,714669,11546545,1397,6-218-12-b,,,bf114a/b,,,,9,22500,skid# 41,F,,,,2026-08-07 14:36:36,,,,
2026-08-07 13:54:11,UNKNOWN,292,713589,11546774,27,6-217-29-e,,,bf117,,,,36,16200,202,F,,,,2026-08-07 13:54:11,,,,
2026-08-07 14:37:48,UNKNOWN,290,713591,11546774,351,6-217-28-b,,,bf109a,,,,36,16200,130,F,,,,2026-08-07 14:37:48,,,,
2026-08-07 15:05:59,UNKNOWN,292,714427,06511637aa,587,6-216-35-b,,,bf116,,,,34,40800,87,F,,,,2026-08-07 15:05:59,,,,
2026-08-07 15:25:38,UNKNOWN,280,715735,11546377,376,6-218-06-b,,,bf118a/b,,,,28,60200,skid# 208,F,,,,2026-08-07 15:25:38,,,,
2026-08-07 15:27:03,UNKNOWN,280,713717,11546364-ph-ro,801,6-218-09-b,,,bf124,,,,4,14000,skid# 9,F,,,,2026-08-07 15:27:03,,,,
2026-08-07 15:28:09,UNKNOWN,280,713717,11546364-ph-ro,801,6-218-09-b,,,bf124,,,,36,126000,skid# 9,F,,,,2026-08-07 15:28:09,,,,
2026-08-07 15:29:11,UNKNOWN,275,713987,6502979,674,6-216-42-b,,,bf112,,,,19,14250,220,F,,,,2026-08-07 15:29:11,,,,
2026-08-10 12:06:09,UNKNOWN,275,713987,6502979,674,6-216-42-b,,,bf112,,,,15,11250,220,F,,,,2026-08-10 12:06:09,,,,
2026-08-07 15:30:27,UNKNOWN,275,714562,6502979,289,6-218-42-a,,,bf112,,,,17,12750,220,F,,,,2026-08-07 15:30:27,,,,
2026-08-07 15:31:13,UNKNOWN,292,713590,11546774,290,6-217-28-a,,,bf117,,,,16,7200,251,F,,,,2026-08-07 15:31:13,,,,
2026-08-07 16:00:10,UNKNOWN,290,714467,nu1510-00,1689,6-217-27-b,,,bf107a,,,,1,47820,64,F,,,,2026-08-07 16:00:10,,,,
2026-08-07 16:27:24,UNKNOWN,292,714589,11561645,1787,6-216-33-b,,,bf113,,,,26,104000,32,F,,,,2026-08-07 16:27:24,,,,
2026-08-07 16:28:28,UNKNOWN,275,715710,06104725aa,561,6-218-34-a,,,mc112,,,,36,100800,85,F,,,,2026-08-07 16:28:28,,,,
2026-08-07 16:42:28,UNKNOWN,290,714672,11546545,1773,6-218-13-b,,,mc078,,,,36,90000,skid# 228,F,,,,2026-08-07 16:42:28,,,,
2026-08-10 09:14:22,UNKNOWN,290,714672,11546545,1773,6-218-13-b,,,mc078,,,,5,12500,104,F,,,,2026-08-10 09:14:22,,,,
2026-08-10 08:30:56,UNKNOWN,290,713588,11546774,33,6-217-29-d,,,bf109a,,,,11,4950,3,F,,,,2026-08-10 08:30:56,,,,
2026-08-10 08:32:11,UNKNOWN,292,713989,6502979,675,6-216-43-b,,,mc110,,,,36,27000,268,F,,,,2026-08-10 08:32:11,,,,
2026-08-10 09:13:42,UNKNOWN,275,714668,11546545,1300,6-218-12-a,,,bf102,,,,36,90000,84,F,,,,2026-08-10 09:13:42,,,,
2026-08-10 10:11:11,UNKNOWN,275,714668,11546545,1306,6-218-12-A,,,BF102,,,,4,10000,84,F,,,,2026-08-10 10:11:11,,,,
2026-08-10 09:17:54,UNKNOWN,292,715737,11546377,271,6-218-07-b,,,mc024,,,,36,77400,93,F,,,,2026-08-10 09:17:54,,,,
2026-08-10 10:04:42,UNKNOWN,290,714374,11549170,424,6-219-21-b,,,BF107,,,,36,14400,21,F,,,,2026-08-10 10:04:42,,,,
2026-08-10 10:41:53,UNKNOWN,292,714444,11549171-my-ak,844,6-219-16-A,,,BF117,,,,36,10080,40,F,,,,2026-08-10 10:41:53,,,,
2026-08-10 10:45:32,UNKNOWN,290,714451,11549171-my-ak,1508,6-219-16-d,,,bf109a,,,,36,10080,245,F,,,,2026-08-10 10:45:32,,,,
2026-08-10 10:47:47,UNKNOWN,280,715704,06104725aa,939,6-218-30-b,,,bf114a/b,,,,36,100800,skid# 105,F,,,,2026-08-10 10:47:47,,,,
2026-08-10 11:09:47,UNKNOWN,275,714454,47336ae,1430,6-219-15-a,,,BF108,,,,36,23760,178,F,,,,2026-08-10 11:09:47,,,,
2026-08-10 11:13:46,UNKNOWN,292,715600,06513904aa,149,6-219-12-A,,,BF116,,,,36,10800,73,F,,,,2026-08-10 11:13:46,,,,
2026-08-10 11:34:06,UNKNOWN,280,714563,6502979,47,6-218-42-b,,,bf121,,,,1,750,26,F,,,,2026-08-10 11:34:06,,,,
2026-08-10 11:34:48,UNKNOWN,280,714563,6502979,47,6-218-42-b,,,bf121,,,,36,27000,26,F,,,,2026-08-10 11:34:48,,,,
2026-08-10 11:35:50,UNKNOWN,280,715736,11546377,109,6-218-07-a,,,bf118a/b,,,,36,77400,skid #47,F,,,,2026-08-10 11:35:50,,,,
2026-08-10 11:58:31,UNKNOWN,290,714387,11549170,1587,6-219-20-g,,,bf107a,,,,36,14400,222,F,,,,2026-08-10 11:58:31,,,,
2026-08-10 12:09:25,UNKNOWN,280,710966,11546364-ph-ro,1081,6-218-09-a,,,bf120,,,,36,126000,skid# 37,F,,,,2026-08-10 12:09:25,,,,
2026-08-11 08:47:12,UNKNOWN,280,710966,11546364-ph-ro,1081,6-218-09-a,,,bf1240,,,,14,49000,skid# 197,F,,,,2026-08-11 08:47:12,,,,
2026-08-10 12:22:16,UNKNOWN,292,714450,11549171-my-ak,1443,6-219-16-c,,,bf117,,,,36,10080,173,F,,,,2026-08-10 12:22:16,,,,
2026-08-10 12:22:56,UNKNOWN,292,713988,6502979,1633,6-216-43-a,,,mc110,,,,16,12000,211,F,,,,2026-08-10 12:22:56,,,,
2026-08-10 12:52:45,UNKNOWN,290,714670,11546545,1559,6-218-11-c,,,bf106a,,,,36,90000,94,F,,,,2026-08-10 12:52:45,,,,
2026-08-10 12:54:18,UNKNOWN,290,714452,11549171-my-ak,392,6-219-16-e,,,bf109a,,,,36,10080,skid# 104,F,,,,2026-08-10 12:54:18,,,,
2026-08-10 13:13:09,UNKNOWN,292,714590,11609789-in-mr,976,6-218-36-a,,,bf113,,,,16,48000,232,F,,,,2026-08-10 13:13:09,,,,
2026-08-10 13:14:13,UNKNOWN,275,715683,06509967aa,KIB,6-218-27-b,,,mc004,,,,36,29700,154,F,,,,2026-08-10 13:14:13,,,,
2026-08-10 14:22:46,UNKNOWN,292,714453,11549171-my-ak,475,6-219-16-f,,,bf117,,,,24,6720,114,F,,,,2026-08-10 14:22:46,,,,
2026-08-10 14:23:37,UNKNOWN,290,714378,11549170,1408,6-219-20-d,,,mc078,,,,36,14400,254,F,,,,2026-08-10 14:23:37,,,,
2026-08-10 14:31:24,UNKNOWN,280,715705,06104725aa,1526,6-218-31-a,,,bf114a/b,,,,36,100800,skid# 203,F,,,,2026-08-10 14:31:24,,,,
2026-08-10 14:32:41,UNKNOWN,275,715703,06104725aa,2,6-218-30-a,,,mc112,,,,36,100800,skid# 96,F,,,,2026-08-10 14:32:41,,,,
2026-08-10 14:33:51,UNKNOWN,290,714389,11549170,1593,6-219-20-i,,,bf107a,,,,36,14400,skid #49,F,,,,2026-08-10 14:33:51,,,,
2026-08-10 14:57:07,UNKNOWN,275,713269,w711468-s437,859,6-216-18-b,,,bf103a,,,,36,57600,45,F,,,,2026-08-10 14:57:07,,,,
2026-08-10 15:24:56,UNKNOWN,290,714445,11549171-my-ak,1673,6-219-16-b,,,bf109a,,,,33,9240,skid# 117,F,,,,2026-08-10 15:24:56,,,,
2026-08-10 15:25:58,UNKNOWN,292,715601,06513904aa,343,6-219-12-b,,,bf116,,,,36,10800,146,F,,,,2026-08-10 15:25:58,,,,
2026-08-10 16:07:28,UNKNOWN,275,714455,47336ae,82,6-219-15-b,,,bf108a,,,,36,23760,205,F,,,,2026-08-10 16:07:28,,,,
2026-08-10 16:08:40,UNKNOWN,4,707327,11612078,1442,6-181-33-a,,,mc074,,,,36,66600,192,F,,,,2026-08-10 16:08:40,,,,
2026-08-10 16:36:26,UNKNOWN,245279,716207,40161567,20,6-219-17-f,,,TB1,,,,23,4025,43,F,,,,2026-08-10 16:36:26,,,,
2026-08-10 16:38:21,UNKNOWN,252,716204,40161567,153,6-219-17-c,,,TB4,,,,36,6300,5,F,,,,2026-08-10 16:38:21,,,,
2026-08-10 16:40:16,UNKNOWN,275,714197,11546367-my-ak,48,6-222-15-d,,,bf112,,,,36,25200,149,F,,,,2026-08-10 16:40:16,,,,
2026-08-10 16:41:56,UNKNOWN,190268,715685,06105049aa,KIB,6-222-18-b,,,TB3,,,,23,18400,128,F,,,,2026-08-10 16:41:56,,,,
2026-08-10 16:45:38,UNKNOWN,252294,716169,11548414,1539,6-222-20-d,,,T4,,,,28,13580,145,F,,,,2026-08-10 16:45:38,,,,
2026-08-10 16:47:11,UNKNOWN,245279,716166,11548414,878,6-222-20-a,,,TB1,,,,36,17460,28,F,,,,2026-08-10 16:47:11,,,,
2026-08-10 16:48:02,UNKNOWN,11293,716167,11548414,108,6-222-20-b,,,TB5,,,,4,1940,216,F,,,,2026-08-10 16:48:02,,,,
2026-08-10 16:48:58,UNKNOWN,11293,716167,11548414,108,6-222-20-b,,,TB5,,,,36,17460,216,F,,,,2026-08-10 16:48:58,,,,
2026-08-10 16:50:01,UNKNOWN,11293,715684,06105049aa,KIB,6-222-18-a,,,T5,,,,26,20800,210,F,,,,2026-08-10 16:50:01,,,,
2026-08-10 16:51:58,UNKNOWN,190268,716168,11548414,1409,6-222-20-c,,,TB3,,,,35,16975,16,F,,,,2026-08-10 16:51:58,,,,
2026-08-10 16:54:57,UNKNOWN,290,714377,11549170,173,6-219-20-c,,,bf107a,,,,36,14400,skid# 131,F,,,,2026-08-10 16:54:57,,,,
2026-08-10 16:56:46,UNKNOWN,190268,714709,n620483-s2,851,6-218-44-b,,,TB3,,,,35,21000,92,F,,,,2026-08-10 16:56:46,,,,
2026-08-10 16:57:30,UNKNOWN,280,715990,w520414-s440,1402,6-222-19-a,,,bf124,,,,36,40320,skid# 181,F,,,,2026-08-10 16:57:30,,,,
2026-08-10 16:58:24,UNKNOWN,275,716079,11546437-my-ak,555,6-222-22-c,,,bf102,,,,36,54000,242,F,,,,2026-08-10 16:58:24,,,,
2026-08-11 08:23:57,UNKNOWN,275,716079,11546437-my-ak,555,6-222-22-c,,,bf102,,,,24,36000,119,F,,,,2026-08-11 08:23:57,,,,
2026-08-11 08:24:57,UNKNOWN,292,714375,11549170,177,6-219-20-a,,,bf117,,,,36,14400,81,F,,,,2026-08-11 08:24:57,,,,
2026-08-11 08:40:17,UNKNOWN,275,716076,11546437-my-ak,1038,6-222-21-c,,,bf102,,,,12,18000,119,F,,,,2026-08-11 08:40:17,,,,
2026-08-11 11:40:02,UNKNOWN,275,716076,11546437-my-ak,1038,6-222-21-C,,,BF102,,,,36,54000,199,F,,,,2026-08-11 11:40:02,,,,
2026-08-11 08:44:44,UNKNOWN,292,716184,11546462,798,6-222-10-e,,,mc110,,,,36,23400,227,F,,,,2026-08-11 08:44:44,,,,
2026-08-11 08:46:03,UNKNOWN,292,716171,11546463,584,6-222-16-b,,,bf116,,,,36,16200,195,F,,,,2026-08-11 08:46:03,,,,
2026-08-11 08:53:16,UNKNOWN,290,714381,11549170,310,6-219-20-e,,,mc078,,,,36,14400,97,F,,,,2026-08-11 08:53:16,,,,
2026-08-11 08:53:45,UNKNOWN,290,714381,11549170,310,6-219-20-e,,,mc078,,,,4,1600,97,F,,,,2026-08-11 08:53:45,,,,
2026-08-11 08:54:24,UNKNOWN,290,714382,11549170,926,6-219-20-f,,,bf107a,,,,36,14400,skid# 33,F,,,,2026-08-11 08:54:24,,,,
2026-08-11 08:55:11,UNKNOWN,290,716077,11546437-my-ak,154,6-222-22-a,,,bf106a,,,,36,54000,pack# 1,F,,,,2026-08-11 08:55:11,,,,
2026-08-11 14:30:54,UNKNOWN,290,716077,11546437-my-ak,154,6-222-22-a,,,bf106a,,,,23,34500,96,F,,,,2026-08-11 14:30:54,,,,
2026-08-11 08:56:25,UNKNOWN,290,714390,11549170,1543,6-219-20-j,,,bf109a,,,,36,14400,pack# 2,F,,,,2026-08-11 08:56:25,,,,
2026-08-11 08:58:17,UNKNOWN,290,715858,6101831,227,6-222-05-e,,,bf110,,,,4,4000,skid# 238,F,,,,2026-08-11 08:58:17,,,,
2026-08-11 08:59:47,UNKNOWN,290,715858,6101831,227,6-222-05-e,,,bf110,,,,36,36000,skid# 238,F,,,,2026-08-11 08:59:47,,,,
2026-08-11 09:02:26,UNKNOWN,292,716078,11546437-my-ak,1838,6-222-22-b,,,mc024,,,,36,54000,4,F,,,,2026-08-11 09:02:26,,,,
2026-08-11 14:20:04,UNKNOWN,292,716078,11546437-my-ak,1838,6-222-22-b,,,MC24,,,,20,30000,21,F,,,,2026-08-11 14:20:04,,,,
2026-08-11 09:16:25,UNKNOWN,252294,714634,11549170,899,6-222-31-a,,,TB4,,,,30,12000,50,F,,,,2026-08-11 09:16:25,,,,
2026-08-11 09:24:12,UNKNOWN,11293,714635,11549170,648,6-222-31-b,,,TB5,,,,36,14400,115,F,,,,2026-08-11 09:24:12,,,,
2026-08-11 09:26:09,UNKNOWN,275,715711,06104725aa,398,6-218-34-b,,,bf104a,,,,36,100800,31,F,,,,2026-08-11 09:26:09,,,,
2026-08-11 09:27:17,UNKNOWN,190268,714626,11549170,1306,6-222-30-i,,,T3,,,,36,14400,68,F,,,,2026-08-11 09:27:17,,,,
2026-08-11 09:28:13,UNKNOWN,252294,716706,k1046ab,KIB,6-222-34-b,,,TB4,,,,29,46400,130,F,,,,2026-08-11 09:28:13,,,,
2026-08-11 10:07:34,UNKNOWN,290,714434,11546566,65,6-216-34-a,,,bf105a,,,,31,55800,11,F,,,,2026-08-11 10:07:34,,,,
2026-08-11 10:08:44,UNKNOWN,280,716187,11546462,1578,6-222-11-b,,,bf121,,,,36,23400,skid# 53,F,,,,2026-08-11 10:08:44,,,,
2026-08-11 11:31:30,UNKNOWN,292,716172,11546463,1000,6-222-17-a,,,BF116,,,,36,16200,136,F,,,,2026-08-11 11:31:30,,,,
2026-08-11 11:32:50,UNKNOWN,275,714195,11546367-my-ak,944,6-222-15-b,,,BF112,,,,36,25200,120,F,,,,2026-08-11 11:32:50,,,,
2026-08-11 11:35:17,UNKNOWN,290,714388,11549170,1105,6-219-20-h,,,BF109,,,,36,14400,4,F,,,,2026-08-11 11:35:17,,,,
2026-08-11 11:37:07,UNKNOWN,292,714391,11549170,159,6-219-20-k,,,BF117,,,,36,14400,159,F,,,,2026-08-11 11:37:07,,,,
2026-08-11 11:46:53,UNKNOWN,275,714193,11546367-my-ak,260,6-222-14-b,,,bf108a,,,,36,25200,162,F,,,,2026-08-11 11:46:53,,,,
2026-08-11 11:47:48,UNKNOWN,275,714190,11546367-my-ak,408,6-222-13-a,,,bf112,,,,36,25200,209,F,,,,2026-08-11 11:47:48,,,,
2026-08-11 11:48:47,UNKNOWN,275,716160,11546437-my-ak,1811,6-222-25-a,,,bf104a,,,,36,54000,skid# 246,F,,,,2026-08-11 11:48:47,,,,
2026-08-12 10:09:37,UNKNOWN,275,716160,11546437-my-ak,1811,6-222-25-a,,,bf104a,,,,18,27000,220,F,,,,2026-08-12 10:09:37,,,,
2026-08-11 11:55:17,UNKNOWN,290,714383,11549170,136,6-219-21-e,,,bf107a,,,,4,1600,skid# 84,F,,,,2026-08-11 11:55:17,,,,
2026-08-11 11:56:11,UNKNOWN,290,714383,11549170,136,6-219-21-e,,,bf107a,,,,36,14400,skid# 84,F,,,,2026-08-11 11:56:11,,,,
2026-08-11 11:57:12,UNKNOWN,290,715854,6101831,632,6-222-05-b,,,bf110,,,,36,36000,skid# 194,F,,,,2026-08-11 11:57:12,,,,
2026-08-11 11:57:43,UNKNOWN,290,715854,6101831,632,6-222-05-b,,,bf110,,,,4,4000,skid# 194,F,,,,2026-08-11 11:57:43,,,,
2026-08-11 11:59:07,UNKNOWN,280,715991,w520414-s440,662,6-222-19-b,,,bf124,,,,31,34720,skid# 208,F,,,,2026-08-11 11:59:07,,,,
2026-08-11 12:00:39,UNKNOWN,mc112,715701,06104725aa,580,6-218-29-a,,,275,,,,36,100800,skid# 93,F,,,,2026-08-11 12:00:39,,,,
2026-08-12 08:35:42,UNKNOWN,275,715701,06104725aa,580,6-218-29-a,,,mc112,,,,3,8400,93,F,,,,2026-08-12 08:35:42,,,,
2026-08-11 12:28:10,UNKNOWN,280,716159,11546437-my-ak,1510,6-222-24-b,,,bf114a/b,,,,36,54000,skid #47,F,,,,2026-08-11 12:28:10,,,,
2026-08-11 15:26:26,UNKNOWN,280,716159,11546437-my-ak,1510,6-222-24-b,,,BF114,,,,24,36000,243,F,,,,2026-08-11 15:26:26,,,,
2026-08-11 12:41:25,UNKNOWN,275,713266,w711468-s437,450,6-216-18-a,,,bf103a,,,,32,51200,94,F,,,,2026-08-11 12:41:25,,,,
2026-08-11 13:11:57,UNKNOWN,292,715739,11546377,626,6-218-08-b,,,mc019,,,,25,53750,75,F,,,,2026-08-11 13:11:57,,,,
2026-08-11 13:13:27,UNKNOWN,275,715682,06509967aa,KIB,6-218-27-a,,,mc004,,,,20,16500,80,F,,,,2026-08-11 13:13:27,,,,
2026-08-11 14:01:03,UNKNOWN,275,715682,06509967aa,KIB,6-218-27-a,,,mc004,,,,1,825,80,F,,,,2026-08-11 14:01:03,,,,
2026-08-11 13:15:17,UNKNOWN,292,716186,11546462,830,6-222-11-a,,,mc110,,,,36,23400,254,F,,,,2026-08-11 13:15:17,,,,
2026-08-11 14:00:36,UNKNOWN,292,714384,11549170,199,6-219-21-f,,,bf117,,,,36,14400,58,F,,,,2026-08-11 14:00:36,,,,
2026-08-11 14:01:57,UNKNOWN,292,716170,11546463,233,6-222-16-a,,,bf116,,,,36,16200,133,F,,,,2026-08-11 14:01:57,,,,
2026-08-11 14:17:31,UNKNOWN,290,714373,11549170,1705,6-219-21-a,,,BF109,,,,36,14400,150,F,,,,2026-08-11 14:17:31,,,,
2026-08-11 16:20:13,UNKNOWN,290,714373,11549170,1705,6-219-21-a,,,bf109a,,,,12,4800,43,F,,,,2026-08-11 16:20:13,,,,
2026-08-11 14:19:09,UNKNOWN,290,714392,11549170,1790,6-219-20-l,,,MC78,,,,36,14400,89,F,,,,2026-08-11 14:19:09,,,,
2026-08-11 14:31:36,UNKNOWN,290,716158,11546437-my-ak,873,6-222-24-a,,,bf106a,,,,13,19500,96,F,,,,2026-08-11 14:31:36,,,,
2026-08-12 08:29:18,UNKNOWN,290,716158,11546437-my-ak,873,6-222-24-a,,,bf106a,,,,36,54000,skid# 37,F,,,,2026-08-12 08:29:18,,,,
2026-08-12 14:32:58,UNKNOWN,290,716158,11546437-my-ak,873,6-222-24-a,,,BF106,,,,11,16500,169,F,,,,2026-08-12 14:32:58,,,,
2026-08-11 14:48:50,UNKNOWN,290,711251,e6267ab,89,6-218-05-a,,,bf110,,,,36,18900,224,F,,,,2026-08-11 14:48:50,,,,
2026-08-11 15:00:50,UNKNOWN,290,711251,e6267ab,89,6-218-05-a,,,bf110,,,,36,18900,134,F,,,,2026-08-11 15:00:50,,,,
2026-08-11 14:50:18,UNKNOWN,290,711243,e6267ab,1003,6-218-05-a,,,bf110,,,,36,18900,156,F,,,,2026-08-11 14:50:18,,,,
2026-08-11 14:52:48,UNKNOWN,290,711242,e6267ab,456,6-218-05-a,,,bf110,,,,36,18900,152,F,,,,2026-08-11 14:52:48,,,,
2026-08-11 15:04:07,UNKNOWN,290,711250,e6267ab,723,6-218-05-a,,,bf110,,,,36,18900,68,F,,,,2026-08-11 15:04:07,,,,
2026-08-11 15:08:51,UNKNOWN,290,713552,e6267ab,1556,6-218-05-a,,,bf110,,,,36,18900,27,F,,,,2026-08-11 15:08:51,,,,
2026-08-11 15:14:45,UNKNOWN,290,713552,e6267ab,1556,6-218-05-a,,,bf110,,,,19,9975,27,F,,,,2026-08-11 15:14:45,,,,
2026-08-11 15:10:46,UNKNOWN,285391,716109,06105102aa,KIB,6-222-03-b,,,TB2,,,,19,12730,34,F,,,,2026-08-11 15:10:46,,,,
2026-08-11 15:12:42,UNKNOWN,157279,716116,06105102aa,KIB,6-222-03-g,,,TB1,,,,36,24120,143,F,,,,2026-08-11 15:12:42,,,,
2026-08-11 16:18:50,UNKNOWN,290,714386,11549170,451,6-219-21-h,,,bf109a,,,,24,9600,43,F,,,,2026-08-11 16:18:50,,,,
2026-08-12 10:11:03,UNKNOWN,290,714386,11549170,451,6-219-21-h,,,bf109a,,,,15,6000,200,F,,,,2026-08-12 10:11:03,,,,
2026-08-11 16:27:11,UNKNOWN,292,714376,11549170,1515,6-219-20-b,,,bf117,,,,36,14400,203,F,,,,2026-08-11 16:27:11,,,,
2026-08-11 16:28:20,UNKNOWN,292,716180,11546463,1720,6-222-16-c,,,bf116,,,,36,16200,215,F,,,,2026-08-11 16:28:20,,,,
2026-08-11 16:33:33,UNKNOWN,280,716161,11546437-my-ak,1835,6-222-25-b,,,bf114a/b,,,,36,54000,skid# 172,F,,,,2026-08-11 16:33:33,,,,
2026-08-12 09:37:42,UNKNOWN,280,716161,11546437-my-ak,1835,6-222-25-b,,,bf114a/b,,,,16,24000,-,F,,,,2026-08-12 09:37:42,,,,
2026-08-11 16:34:23,UNKNOWN,290,715855,6101831,1043,6-222-05-c,,,bf110,,,,36,36000,skid# 117,F,,,,2026-08-11 16:34:23,,,,
2026-08-11 16:35:32,UNKNOWN,290,714380,11549170,435,6-219-21-d,,,bf107a,,,,36,14400,skid# 31,F,,,,2026-08-11 16:35:32,,,,
2026-08-11 16:36:41,UNKNOWN,280,716185,11546462,1037,6-222-10-f,,,bf121,,,,30,19500,skid# 65,F,,,,2026-08-11 16:36:41,,,,
2026-08-12 11:38:34,UNKNOWN,4,709056,11612078,704,6-218-35-b,,,mc074,,,,36,66600,211,F,,,,2026-08-12 11:38:34,,,,
2026-08-12 08:24:06,UNKNOWN,272,712287,11549168-ca-in,863,6-216-26-d,,,mc026,,,,36,36000,25,F,,,,2026-08-12 08:24:06,,,,
2026-08-12 14:27:58,UNKNOWN,280,714170,11610091-my-ak,274,6-223-02-a,,,BF118,,,,35,87500,123,F,,,,2026-08-12 14:27:58,,,,
2026-08-12 11:40:07,UNKNOWN,275,714188,11546367-my-ak,980,6-222-12-a,,,bf112,,,,36,25200,skid# 131,F,,,,2026-08-12 11:40:07,,,,
2026-08-12 09:17:28,UNKNOWN,275,714189,11546367-my-ak,121,6-222-12-b,,,bf112,,,,36,25200,skid# 221,F,,,,2026-08-12 09:17:28,,,,
2026-08-12 11:41:23,UNKNOWN,275,714191,11546367-my-ak,931,6-222-13-b,,,bf108a,,,,36,25200,skid# 210,F,,,,2026-08-12 11:41:23,,,,
2026-08-12 09:15:45,UNKNOWN,275,714192,11546367-my-ak,1441,6-222-14-a,,,bf108a,,,,36,25200,skid# 94,F,,,,2026-08-12 09:15:45,,,,
2026-08-12 10:04:52,UNKNOWN,292,714379,11549170,1437,6-219-21-c,,,bf117,,,,36,14400,35,F,,,,2026-08-12 10:04:52,,,,
2026-08-12 12:25:33,UNKNOWN,290,714621,11549170,237,6-222-30-d,,,bf107a,,,,36,14400,51,F,,,,2026-08-12 12:25:33,,,,
2026-08-12 08:30:07,UNKNOWN,290,714622,11549170,624,6-222-30-e,,,mc078,,,,4,1600,skid# 193,F,,,,2026-08-12 08:30:07,,,,
2026-08-12 08:31:47,UNKNOWN,290,714622,11549170,624,6-222-30-e,,,mc078,,,,36,14400,skid# 193,F,,,,2026-08-12 08:31:47,,,,
2026-08-12 10:08:19,UNKNOWN,290,714623,11549170,1664,6-222-30-f,,,bf107a,,,,36,14400,48,F,,,,2026-08-12 10:08:19,,,,
2026-08-12 10:08:48,UNKNOWN,290,714623,11549170,1664,6-222-30-f,,,bf107a,,,,4,1600,48,F,,,,2026-08-12 10:08:48,,,,
2026-08-12 10:11:42,UNKNOWN,290,714624,11549170,240,6-222-30-g,,,bf109a,,,,21,8400,200,F,,,,2026-08-12 10:11:42,,,,
2026-08-12 13:03:04,UNKNOWN,290,714624,11549170,240,6-222-30-g,,,bf109a,,,,18,7200,154,F,,,,2026-08-12 13:03:04,,,,
2026-08-12 14:28:58,UNKNOWN,292,714627,11549170,1015,6-222-30-j,,,BF117,,,,36,14400,40,F,,,,2026-08-12 14:28:58,,,,
2026-08-12 12:15:21,UNKNOWN,292,714636,11549170,1013,6-222-31-c,,,bf117,,,,36,14400,80,F,,,,2026-08-12 12:15:21,,,,
2026-08-12 13:03:39,UNKNOWN,290,714645,11549170,58,6-222-31-j,,,bf109a,,,,18,7200,154,F,,,,2026-08-12 13:03:39,,,,
2026-08-12 15:22:41,UNKNOWN,290,714645,11549170,58,6-222-31-j,,,bf109a,,,,16,6400,23,F,,,,2026-08-12 15:22:41,,,,
2026-08-12 09:07:48,UNKNOWN,290,715680,06509967aa,KIB,6-218-26-a,,,bf105a,,,,20,16500,170,F,,,,2026-08-12 09:07:48,,,,
2026-08-12 14:42:59,UNKNOWN,280,715758,11546449,1674,6-224-19-A,,,BF123,,,,36,90000,214,F,,,,2026-08-12 14:42:59,,,,
2026-08-12 12:10:40,UNKNOWN,280,715836,nu1510-00,193,6-222-38-a,,,bf124,,,,1,40323,skid# 85,F,,,,2026-08-12 12:10:40,,,,
2026-08-12 12:14:33,UNKNOWN,280,715837,nu1510-00,1662,6-222-38-b,,,bf120,,,,1,42380,skid# 192,F,,,,2026-08-12 12:14:33,,,,
2026-08-12 08:32:50,UNKNOWN,290,715857,6101831,709,6-222-05-d,,,bf110,,,,4,4000,skid# 112,F,,,,2026-08-12 08:32:50,,,,
2026-08-12 08:34:56,UNKNOWN,290,715857,6101831,709,6-222-05-d,,,bf110,,,,36,36000,skid# 112,F,,,,2026-08-12 08:34:56,,,,
2026-08-12 15:02:07,UNKNOWN,292,715957,11549169-my-ak,132,6-224-08-b,,,bf116,,,,36,23760,14,F,,,,2026-08-12 15:02:07,,,,
2026-08-12 15:03:09,UNKNOWN,292,716080,6101968,1839,6-222-09-a,,,mc019,,,,36,79200,55,F,,,,2026-08-12 15:03:09,,,,
2026-08-12 09:38:19,UNKNOWN,292,716151,nu1405-00,66,6-222-39-b,,,bf113,,,,1,75000,68,F,,,,2026-08-12 09:38:19,,,,
2026-08-12 10:29:49,UNKNOWN,275,716152,06511701aa,892,6-222-06-a,,,bf103a,,,,36,82800,skid# 205,F,,,,2026-08-12 10:29:49,,,,
2026-08-12 10:26:55,UNKNOWN,280,716153,06511701aa,258,6-222-06-b,,,bf123,,,,36,82800,skid# 150,F,,,,2026-08-12 10:26:55,,,,
2026-08-12 10:13:07,UNKNOWN,275,716156,11546437-my-ak,1305,6-222-23-a,,,bf102,,,,36,54000,75,F,,,,2026-08-12 10:13:07,,,,
2026-08-12 15:24:59,UNKNOWN,275,716156,11546437-my-ak,1305,6-222-23-a,,,bf102,,,,36,54000,178,F,,,,2026-08-12 15:24:59,,,,
2026-08-12 13:02:16,UNKNOWN,292,716177,11546462,837,6-222-10-b,,,mc110,,,,36,23400,20,F,,,,2026-08-12 13:02:16,,,,
2026-08-12 10:03:59,UNKNOWN,292,716178,11546463,318,6-222-17-c,,,bf116,,,,36,16200,134,F,,,,2026-08-12 10:03:59,,,,
2026-08-12 12:24:02,UNKNOWN,292,716179,11546463,148,6-222-17-d,,,bf116,,,,22,9900,46,F,,,,2026-08-12 12:24:02,,,,
2026-08-12 08:36:46,UNKNOWN,292,716182,11546462,100,6-222-10-c,,,mc110,,,,36,23400,173,F,,,,2026-08-12 08:36:46,,,,
2026-08-12 15:18:38,UNKNOWN,280,716183,11546462,1432,6-222-10-d,,,bf121,,,,36,23400,skid# 50,F,,,,2026-08-12 15:18:38,,,,
2026-08-14 15:37:12,UNKNOWN,292,11546368-my-ak,714105,339,6-224-25-D,,,BF117,,,,29,13050,237,F,,,,2026-08-14 15:37:12,,,,
2026-08-27 16:21:27,UNKNOWN,290,716488,e6267ab,93,6-237-16-a,,,bf104a,,,,1,20000,113,F,,,,2026-08-27 16:21:27,,,,
2026-09-02 09:34:19,UNKNOWN,290,717210,11549171-my-ak,1414,6-240-02-a,,,bf109a,,,,36,10080,252,F,,,,2026-09-02 09:34:19,,,,
2026-09-02 10:39:04,UNKNOWN,290,716489,e6267ab,603,6-237-16-a,,,bf110,,,,1,20000,skid# 234,F,,,,2026-09-02 10:39:04,,,,
2026-09-02 12:23:40,UNKNOWN,290,716489,e6267ab,603,6-237-16-a,,,bf110,,,,1,7175,224,F,,,,2026-09-02 12:23:40,,,,
2026-09-16 13:53:15,UNKNOWN,4,718220,11546449,580,6-257-17-C,,,MC024,,,,36,90000,181,F,,,,2026-09-16 13:53:15,,,,
2026-09-16 14:31:29,UNKNOWN,275,718952,11546449,198,6-258-29-A,,,BF104A,,,,14,35000,159,F,,,,2026-09-16 14:31:29,,,,
