po,partNo,traveler,pot,description,box,quantity,invDate,ps,notes
190921,11612078-B,707323,1037,"4 MC 74 S/P CERT, VCI BAGS",36,66600,2026-08-03 18:00:00,29932,
191398,11549168-CA-IN,710686,158,272 MC 26 S/P,56,56000,2026-08-03 18:00:00,29932,
192696,11546377,714321,722,280 BF 118 S/P,36,77400,2026-08-03 18:00:00,29932,
192696,11546364-MY-AK,714490,176,280 BF 124 S/P,36,126000,2026-08-03 18:00:00,29932,
192696,11546377,714319,864,275 BF 103 S/P,18,38700,2026-08-03 18:00:00,29932,
192696,11546377,714315,1578,275 BF 103 S/P,18,38700,2026-08-03 18:00:00,29932,
192701,W520111-S440,714082,101,275 BF 104 S/P,35,122500,2026-08-03 18:00:00,29932,
192701,W520113-S441,713540,1031,156 BF 116 S/P,36,37800,2026-08-03 18:00:00,29932,
192708,HL3W-4320-AA,713050,377,285+391 TBL 2 S/P IN RETURNABLES,31,6200,2026-08-03 18:00:00,29932,
192737,11546367-MY-AK,714116,814,290 BF 109 S/P,36,25200,2026-08-03 18:00:00,29932,
192737,11546367-MY-AK,714112,117,156 BF 117 S/P,36,25200,2026-08-03 18:00:00,29932,
192745,W711468-S437,712574,526,275 BF 108 S/P,36,57600,2026-08-03 18:00:00,29932,
192761,M1482AC,714417,KIB,11+292 TBL 5 S/P BOLTS,21,4200,2026-08-03 18:00:00,29932,
192761,M1482AC,714414,KIB,157+279 TBL 2 S/P BOLTS,15,3000,2026-08-03 18:00:00,29932,
192761,06101831-A,714508,1426,290 BF 110 S/P,36,36000,2026-08-03 18:00:00,29932,
192796,06509967AA,713926,KIB,245+279 TBL 6 S/P BOLTS,33,27225,2026-08-03 18:00:00,29932,
192796,06509967AA,713928,KIB,252+294 TBL 4 S/P BOLTS,30,24750,2026-08-03 18:00:00,29932,
192796,06509967AA,713927,KIB,285+391 TBL 2 S/P,23,18975,2026-08-03 18:00:00,29932,
192796,06513555AA,714164,100,285+391 TBL 2 S/P BOLTS,30,13200,2026-08-03 18:00:00,29932,
192796,06509967AA,713929,KIB,190+268 TBL 3 S/P BOLTS,19,15675,2026-08-03 18:00:00,29932,
192796,06513555AA,714165,326,245+279 TBL 6 S/P BOLTS,19,8360,2026-08-03 18:00:00,29932,
192804,F1302AB,712964,164,190+268 TBL 3 S/P BOLTS,36,25200,2026-08-03 18:00:00,29932,
192804,F1302AB,712966,868,157+293 TBL 1 S/P BOLTS,30,21000,2026-08-03 18:00:00,29932,
192629,11549168-CA-IN,711865,318,272 MC 26 S/P CERT,36,36000,2026-08-03 18:00:00,29934,
192681,91054,711591,981,285+391 TBL 2 S/P CERT,35,59500,2026-08-03 18:00:00,29934,
192696,11546377,714314,288,280 BF 118 S/P,16,34400,2026-08-04 18:00:00,29934,
192696,11546364-MY-AK,714492,341,275 BF 102 S/P,31,108500,2026-08-03 18:00:00,29934,
192708,HL3W-4320-AA,713046,523,285+391 TBL 2 S/P IN RETURNABLES,30,6000,2026-08-03 18:00:00,29934,
192737,11546367-MY-AK,714117,759,4+156 BF 117 S/P,38,26600,2026-08-04 18:00:00,29934,
192737,11546367-MY-AK,714107,465,290 BF 109 S/P,34,23800,2026-08-03 18:00:00,29934,
192737,11546367-MY-AK,714110,1566,156 BF 117 S/P,36,25200,2026-08-03 18:00:00,29934,
192737,11546367-MY-AK,714115,938,290 MC 78 S/P,36,25200,2026-08-03 18:00:00,29934,
192745,E6267AB,709995,1PC,285+391 TBL 2 S/P IN PINK CONTAINERS,1,20000,2026-08-04 18:00:00,29934,
192761,06509967AA,714412,KIB,290 BF 105 S/P BOLTS,25,20625,2026-08-04 18:00:00,29934,
192796,06105048AA,714406,KIB,190+268 TBL 3 S/P BOLTS,23,18400,2026-08-03 18:00:00,29934,
192796,06105048AA,714407,KIB,157+293 TBL 1 S/P BOLTS,26,20800,2026-08-03 18:00:00,29934,
191126,11549168-CA-IN,708738,62,272 MC 26 S/P CERT,36,36000,2026-08-04 18:00:00,29936,
191305,06101736-A,713386,1696,11+292 TBL 3 S/P CERT,37,118400,2026-08-04 18:00:00,29936,
192681,91054,711580,799,245+279 TBL 6 S/P CERT,37,62900,2026-08-04 18:00:00,29936,
192737,11546378-MY-AK,714029,1656,156 MC 19 S/P,35,43750,2026-08-04 18:00:00,29936,
192737,11546377BR,714502,427,4+156 BF 113 S/P,30,60000,2026-08-04 18:00:00,29936,
192737,06101831-A,714514,1311,290 BF 121 S/P,43,43000,2026-08-04 18:00:00,29936,
192737,11546367-MY-AK,714106,167,290 MC 78 S/P,36,25200,2026-08-04 18:00:00,29936,
192745,W711468-S437,712570,459,275 BF 108 S/P,15,24000,2026-08-03 18:00:00,29936,
192761,06101831-A,714509,545,290 BF 110 S/P,39,39000,2026-08-04 18:00:00,29936,
192761,06101831-A,714512,1102,290 BF 110 S/P,47,47000,2026-08-04 18:00:00,29936,
192761,11546437-MY-AK,714147,71,280 BF 123 S/P,58,87000,2026-08-04 18:00:00,29936,
191398,11516078-CA-IN,707148,1367,285+391 TBL 2 S/P CERT,35,24500,2026-08-05 18:00:00,29939,
192696,11546377,714313,394,275 BF 103 S/P,44,94600,2026-08-04 18:00:00,29939,
192737,11546378-MY-AK,714028,875,4+156 MC 19 S/P,36,45000,2026-08-03 18:00:00,29939,
192737,11546367-MY-AK,714114,186,156 BF 117 S/P,36,25200,2026-08-03 18:00:00,29939,
192761,06509967AA,714413,KIB,290 BF 105 S/P BOLTS,23,18975,2026-08-04 18:00:00,29939,
192761,11546437-MY-AK,714144,1446,280 BF 123 S/P,50,75000,2026-08-03 18:00:00,29939,
192761,06104388AA,714338,1603,252+294 TBL 4 S/P BOLTS,39,25740,2026-08-03 18:00:00,29939,
192796,11546366-MY-AK,714023,92,280 BF 120 S/P,36,36000,2026-08-04 18:00:00,29939,
192796,06509967AA,713925,KIB,11+292 TBL 5 S/P BOLTS,18,14850,2026-08-03 18:00:00,29939,
192796,06509967AA,713924,KIB,11+292 TBL 1 S/P BOLTS,20,16500,2026-08-03 18:00:00,29939,
192796,06105102AA,714404,KIB,285+391 TBL 2 S/P BOLTS,31,20770,2026-08-03 18:00:00,29939,
192796,06105102AA,714405,KIB,157+293 TBL 1 S/P BOLTS,28,18760,2026-08-03 18:00:00,29939,
192796,06104388AA,714346,1432,245+279 TBL 6 S/P BOLTS,28,18480,2026-08-03 18:00:00,29939,
192796,06104388AA,714344,1720,190+268 TBL 3 S/P BOLTS,33,21780,2026-08-03 18:00:00,29939,
192831,11546367-MY-AK,714543,1632,290 BF 110 S/P,36,25200,2026-08-05 18:00:00,29939,
192831,11546367-MY-AK,714550,1682,290 MC 78 S/P,36,25200,2026-08-04 18:00:00,29939,
192831,11546367-MY-AK,714548,1808,4 BF 117 S/P,36,25200,2026-08-04 18:00:00,29939,
192831,11549204,714271,833,285+391 TBL 2 S/P,19,3990,2026-08-04 18:00:00,29939,
190921,11612078-B,706812,640,"4 MC 74 S/P CERT, VCI BAGS",36,66600,2026-08-05 18:00:00,29941,
191012,11516078-CA-IN,707150,310,11+293 TBL 5 S/P CERT,35,24500,2026-08-05 18:00:00,29941,
191288,06101736-A,713088,1655,240 TBL 9 S/P CERT,38,121600,2026-08-05 18:00:00,29941,
192613,11549168-CA-IN,705485,1057,157+245 TBL 1 S/P CERT,63,63000,2026-08-05 18:00:00,29941,
192613,11549168-CA-IN,708737,1301,272 MC 26 S/P CERT,46,46000,2026-08-05 18:00:00,29941,
192613,11549168-CA-IN,708641,637,252+294 TBL 4 S/P CERT,26,26000,2026-08-05 18:00:00,29941,
192761,11546437-MY-AK,714141,635,275 BF 102 S/P,47,70500,2026-08-05 18:00:00,29941,
192761,06101831-A,714506,1776,292+156+4 MC 110 S/P,50,50000,2026-08-05 18:00:00,29941,
192761,11546389BR,715611,574,275 MC 112 S/P,21,81900,2026-08-05 18:00:00,29941,
192761,11546437-MY-AK,714146,257,290+280 BF 106 S/P,59,88500,2026-08-05 18:00:00,29941,
192761,11546437-MY-AK,714140,1762,290+280 BF 114 S/P,60,90000,2026-08-05 18:00:00,29941,
192761,11546437-MY-AK,714148,1786,280 BF 114 S/P,51,76500,2026-08-04 18:00:00,29941,
192761,11546437-MY-AK,714149,738,280 BF 114 S/P,57,85500,2026-08-04 18:00:00,29941,
192796,06104388AA,714348,740,275 MC 04 S/P BOLTS,36,23760,2026-08-05 18:00:00,29941,
192796,11546366-MY-AK,714024,554,280 BF 124 S/P,36,36000,2026-08-05 18:00:00,29941,
192796,06104388AA,714349,499,157+293 TBL 1 S/P BOLTS,17,11220,2026-08-04 18:00:00,29941,
192831,11546367-MY-AK,714546,95,290 MC 78 S/P,36,25200,2026-08-05 18:00:00,29941,
192831,11546367-MY-AK,714551,941,292 BF 117 S/P,36,25200,2026-08-05 18:00:00,29941,
192831,11546367-MY-AK,714547,1343,290 BF 110 S/P,36,25200,2026-08-05 18:00:00,29941,
192831,11546367-MY-AK,714557,1525,292 BF 117 S/P,36,25200,2026-08-05 18:00:00,29941,
192831,11546367-MY-AK,714552,181,280 BF 121 S/P,36,25200,2026-08-05 18:00:00,29941,
192845,11549204,714661,657,252+294 TBL 4 S/P,36,7560,2026-08-05 18:00:00,29941,
192845,11549204,714664,543,190+268 TBL 3 S/P,40,8400,2026-08-05 18:00:00,29941,
192852,BL3W-4320-BA,712800,829,11+293 TBL 5 S/P,19,4180,2026-08-05 18:00:00,29941,
192852,BL3W-4320-BA,712798,1069,11+293 TBL 5 S/P,27,5940,2026-08-05 18:00:00,29941,
192852,BL3W-4320-BA,712799,1004,11+293 TBL 5 S/P,27,5940,2026-08-05 18:00:00,29941,
192888,E6267AB,713553,514,285+391 TBL 2 S/P IN PINK CONTAINER,1,20000,2026-08-06 18:00:00,29943,
192613,11549168-CA-IN,710399,597,272 MC 26 S/P CERT,41,41000,2026-08-06 18:00:00,29946,
192629,06101831-A,713957,1522,280 BF 121 S/P,42,42000,2026-08-03 18:00:00,29946,
192737,06101831-A,714515,713,292 MC 110 S/P,37,37000,2026-08-06 18:00:00,29946,
192737,11546377BR,714503,913,4+156 BF 113 S/P,36,72000,2026-08-03 18:00:00,29946,
192761,11546389BR,715610,1768,275 MC 112 S/P,31,120900,2026-08-06 18:00:00,29946,
192761,06101831-A,714511,1710,4 MC 110 S/P,36,36000,2026-08-03 18:00:00,29946,
192796,06104388AA,714345,936,275 MC 04 S/P BOLTS,36,23760,2026-08-06 18:00:00,29946,
192831,11546456,713895,1369,280 BF 114 S/P,36,97200,2026-08-06 18:00:00,29946,
192831,11546456,713894,946,290 BF 106 S/P,33,89100,2026-08-05 18:00:00,29946,
192831,11546456,715616,795,4+292 MC 24 S/P,36,97200,2026-08-05 18:00:00,29946,
192845,11549204,714663,34,11+293 TBL 5 S/P,26,5460,2026-08-05 18:00:00,29946,
192845,11549204,714659,231,285+391 TBL 2 S/P,43,9030,2026-08-05 18:00:00,29946,
192845,40161567,715830,590,285+391 TBL 2 S/P,26,4550,2026-08-05 18:00:00,29946,
192887,06512834AA,714561,1619,285+391 TBL 2 S/P,36,10440,2026-08-06 18:00:00,29946,
192887,06514720AA,714587,1388,11+293 TBL 5 S/P BOLTS,30,37500,2026-08-06 18:00:00,29946,
192887,06514720AA,714014,1594,157+245 TBL 1 S/P BOLTS,36,45000,2026-08-06 18:00:00,29946,
192887,92468,714430,238,11+293 TBL 5 S/P BOLTS,24,24000,2026-08-06 18:00:00,29946,
192887,11561645-MY-AK,707097,727,280 BF 123 S/P,3,12000,2026-08-06 18:00:00,29946,
192887,11546566,714437,832,279 TBL 6 S/P BOLTS,27,48600,2026-08-06 18:00:00,29946,
192887,PZ18-7P483-AA,716404,1083,RETURN TO INFASCO NUT,,0,2026-08-06 18:00:00,29946,
192887,PZ18-7P483-AA,716412,799,RETURN TO INFASCO NUT,,0,2026-08-06 18:00:00,29946,
192887,06502979-A,713989,496,RETURN TO INFASCO NUT,,0,2026-08-06 18:00:00,29946,
190921,11612078-B,708875,70,"4 MC 74 S/P CERT, VCI BAGS",36,66600,2026-08-06 18:00:00,29948,
192761,11546437-MY-AK,714145,1611,275 BF 104 S/P,63,94500,2026-08-06 18:00:00,29948,
192796,11546366-MY-AK,714025,705,280 BF 120 S/P,55,55000,2026-08-06 18:00:00,29948,
192796,11546366-MY-AK,714022,213,280 BF 124 S/P,44,44000,2026-08-06 18:00:00,29948,
192831,11546456,715614,693,275+280 BF 103 S/P,17,45900,2026-08-06 18:00:00,29948,
192831,11546456,715617,971,275+280 BF 123 S/P,35,94500,2026-08-06 18:00:00,29948,
192831,11546367-MY-AK,714542,821,292 BF 117 S/P,32,22400,2026-08-06 18:00:00,29948,
192831,11546456,713896,1060,280 BF 114 S/P,9,24300,2026-08-05 18:00:00,29948,
192831,11546456,715621,1795,280 BF 114 S/P,27,72900,2026-08-05 18:00:00,29948,
192831,11546456,713897,845,275 BF 102 S/P,36,97200,2026-08-05 18:00:00,29948,
192831,11546456,715619,90,275 BF 103 S/P,36,97200,2026-08-05 18:00:00,29948,
192845,11549204,714658,1355,11+293 TBL 5 S/P,36,7560,2026-08-05 18:00:00,29948,
192845,40161567,715831,1649,252+294 TBL 4 S/P,31,5425,2026-08-05 18:00:00,29948,
192887,W716298-S450,714424,1784,275 MC 112 S/P,36,126000,2026-08-06 18:00:00,29948,
192887,11561645,714429,335,290 BF 106 S/P,29,116000,2026-08-06 18:00:00,29948,
192887,92468,714431,314,285+391 TBL 2 S/P BOLTS,25,25000,2026-08-06 18:00:00,29948,
192887,11546566,714435,1333,157+245 TBL 1 S/P BOLTS,24,43200,2026-08-06 18:00:00,29948,
192887,06514720AA,714015,1562,252+294 TBL 4 S/P BOLTS,25,31250,2026-08-06 18:00:00,29948,
192887,06101447-A,713982,246,285+391 TBL 2 S/P TUMBLE,34,102000,2026-08-06 18:00:00,29948,
192887,06514720AA,714584,1698,157+245 TBL 1 S/P BOLTS,27,33750,2026-08-06 18:00:00,29948,
192887,06514720AA,714585,1398,11+293 TBL 5 S/P BOLTS,37,46250,2026-08-06 18:00:00,29948,
192887,06514720AA,714583,332,252+294 TBL 4 S/P BOLTS,36,45000,2026-08-06 18:00:00,29948,
192887,06512834AA,713985,1433,391+285 TBL 2 S/P,8,2320,2026-08-06 18:00:00,29948,
192887,06101447-A,713983,961,294+252 TBL 4 S/P TUMBLE,32,96000,2026-08-06 18:00:00,29948,
192887,55364498AA,714003,651,157+245 TBL 1 S/P BOLTS,47,24440,2026-08-06 18:00:00,29948,
192887,06512834AA,714560,404,11+293 TBL 5 S/P,30,8700,2026-08-06 18:00:00,29948,
192887,06512834AA,713984,255,11+293 TBL 5 S/P,36,10440,2026-08-06 18:00:00,29948,
192887,06511672AA,711771,239,252+294 TBL 4 S/P,38,53200,2026-08-06 18:00:00,29948,
192899,06513734AA,716200,581,157+268+245 TBL 1 S/P,31,89900,2026-08-06 18:00:00,29948,
192708,NU5108-00,713727,604,156 MC 24 S/P,1,67861,2026-08-04 18:00:00,29949,
192745,NU5108-00,714133,305,272 MC 26 S/P CERT,1,65000,2026-08-06 18:00:00,29949,
192745,NU1510-00,714471,1373,275 BF 112 S/P,1,46500,2026-08-04 18:00:00,29949,
192745,NU1510-00,714469,798,275 BF 112 S/P,1,38000,2026-08-03 18:00:00,29949,
192745,NU5108-00,714132,490,272 MC 26 S/P CERT,1,63280,2026-08-07 18:00:00,29949,
192845,W20-1028-020SL,715749,1806,285+391 TBL 2 S/P,36,7740,2026-08-05 18:00:00,29949,
192845,W20-1028-020SL,715750,174,11+293 TBL 5 S/P,39,8385,2026-08-05 18:00:00,29949,
192845,W20-1028-020SL,715751,889,190+268 TBL 3 S/P,52,11180,2026-08-05 18:00:00,29949,
192845,W20-1028-020SL,715746,365,190+268 TBL 2 S/P,44,9460,2026-08-05 18:00:00,29949,
192845,W20-1028-020SL,715748,485,190+268 TBL 3 S/P,20,4300,2026-08-05 18:00:00,29949,
192845,W20-1028-020SL,715747,1524,190+268 TBL 3 S/P,16,3440,2026-08-05 18:00:00,29949,
192852,NU5210-03,715834,526,190+268 TBL 3 S/P,1,40000,2026-08-05 18:00:00,29949,
192852,NU3034-02,716258,KIB,190+268 TBL 3 S/P,1,40400,2026-08-05 18:00:00,29949,
192852,NU3019-00,714248,1379,190+268 TBL 3 S/P,1,4980,2026-08-05 18:00:00,29949,
192852,NU3019-00,714249,1541,252+294 TBL 4 S/P,1,4570,2026-08-05 18:00:00,29949,
192852,NU3019-00,714244,1512,285+391 TBL 2 S/P,1,6634,2026-08-05 18:00:00,29949,
192852,NU3019-00,714245,200,294+252 TBL 4 S/P,1,4270,2026-08-05 18:00:00,29949,
192852,NU3019-00,714247,1029,190+268 TBL 3 S/P,1,4700,2026-08-05 18:00:00,29949,
192852,NU3019-00,714246,1025,285+391 TBL 2 S/P,1,4700,2026-08-05 18:00:00,29949,
192852,11612078-B,712880,751,390 TBL 7 S/P BTB-->POT#1359,1,72000,2026-08-07 18:00:00,29949,
192852,11612078-B,714061,28,390 TBL 7 S/P BTB-->POT#751,1,76000,2026-08-07 18:00:00,29949,
192887,NU5210-03,715835,523,290 BF 107 S/P,1,39000,2026-08-06 18:00:00,29949,
192887,11612078-B,714057,1448,390 TBL 7 S/P BTB-->POT#723,1,70000,2026-08-07 18:00:00,29949,
192899,NU1510-00,715665,953,157+245 TBL 1 S/P,1,36230,2026-08-06 18:00:00,29949,
192899,NU1510-00,715666,73,285+391 TBL 2 S/P,1,35000,2026-08-06 18:00:00,29949,
192899,NU1510-00,715712,1449,190+268 TBL 3 S/P,1,42900,2026-08-06 18:00:00,29949,
192899,NU1510-00,715715,1804,11+293 TBL 5 S/P,1,43735,2026-08-03 18:00:00,29949,
192899,11612078,712883,1359,390 TBL 7 S/P BTB-->POT#1448,1,70000,2026-08-07 18:00:00,29949,
192899,NU1510-00,714466,1381,285+391 TBL 2 S/P,1,51361,2026-08-07 18:00:00,29949,
192899,NU1510-00,715714,1592,157+293 TBL 1 S/P,1,42000,2026-08-07 18:00:00,29949,
192899,NU1510-00,715838,49,11+245 TBL 1 S/P,1,34800,2026-08-07 18:00:00,29949,
192899,11602292,715795,1710,285+391 TBL 2 S/P BOLTS,25,25000,2026-08-07 18:00:00,29952,
192899,11602292,715794,513,252+294 TBL 4 S/P BOLTS,28,28000,2026-08-07 18:00:00,29952,
191611,11549168-IN-BA,705253,1557,292 MC 112 S/P,37,37000,2026-08-07 18:00:00,29954,
192613,11549168-CA-IN,705484,491,252+294 TBL 4 S/P CERT,36,36000,2026-08-07 18:00:00,29954,
192796,06104388AA,714347,603,245 MC 04 S/P BOLTS,24,15840,2026-08-07 18:00:00,29954,
192831,11546456,715617,971,280 BF 123 S/P,16,43200,2026-08-05 18:00:00,29954,
192831,11546456,715620,677,280 BF 123 S/P,20,54000,2026-08-05 18:00:00,29954,
192845,11549204,714654,105,252+294 TBL 4 S/P,22,4620,2026-08-05 18:00:00,29954,
192845,11549204,714660,532,11+293 TBL 5 S/P,61,12810,2026-08-05 18:00:00,29954,
192845,11549204,714665,895,252+294 TBL 4 S/P,36,7560,2026-08-05 18:00:00,29954,
192845,11549204,714655,419,285+391 TBL 2 S/P,36,7560,2026-08-05 18:00:00,29954,
192845,11549204,714662,945,11+293 TBL 5 S/P,36,7560,2026-08-05 18:00:00,29954,
192852,W520203-S440,716082,KIB,252+294 TBL 4 S/P,21,20160,2026-08-05 18:00:00,29954,
192852,W520203-S440,716083,KIB,285+391 TBL 2 S/P,41,39360,2026-08-05 18:00:00,29954,
192887,11561645,714588,1807,292 BF 113 S/P,36,144000,2026-08-07 18:00:00,29954,
192887,11610091-CA-IN,703943,1503,279 TBL 6 S/P CERT,34,85000,2026-08-07 18:00:00,29954,
192887,06511637AA,714426,1708,292 BF 116 S/P,36,43200,2026-08-07 18:00:00,29954,
192888,11546545,716189,499,280 BF 123 S/P,36,90000,2026-08-07 18:00:00,29954,
192888,11546545,716190,117,280 BF 114 S/P,36,90000,2026-08-07 18:00:00,29954,
192888,06101831-A,715862,1540,190+268 TBL 3 S/P,8,8000,2026-08-06 18:00:00,29954,
192899,11546703,712581,161,279 TBL 6 S/P SCREWS,30,120000,2026-08-07 18:00:00,29954,
192899,11546774,713587,1360,292 BF 117 S/P,36,16200,2026-08-07 18:00:00,29954,
192899,11546774,713583,469,290 BF 109 S/P,36,16200,2026-08-07 18:00:00,29954,
192899,11611122,713559,970,11+293 TBL 5 S/P BOLTS,40,74000,2026-08-07 18:00:00,29954,
192908,11516074,714303,1534,275 BF 108 S/P,36,25200,2026-08-07 18:00:00,29954,
192933,61273,715674,896,285+391 TBL 2 S/P BOLTS,26,7800,2026-08-07 18:00:00,29954,
192933,06508711AA,714000,496,190+268 TBL 3 S/P BOLTS,36,20700,2026-08-07 18:00:00,29954,
192933,11548535,712840,757,285+391 TBL 2 S/P,36,5400,2026-08-05 18:00:00,29954,
191457,11546456,713383,451,275 BF 103 S/P,36,97200,2026-08-07 18:00:00,29956,
192629,11549168-CA-IN,711869,1001,252+294 TBL 4 S/P CERT,41,41000,2026-08-07 18:00:00,29956,
192761,11546437-MY-AK,714150,711,275 BF 104 S/P,58,87000,2026-08-06 18:00:00,29956,
192831,11546456,715615,187,292 MC 24 S/P,21,56700,2026-08-07 18:00:00,29956,
192831,11549204,714270,442,252+294 TBL 4 S/P,33,6930,2026-08-06 18:00:00,29956,
192887,06514720AA,714582,81,157+245 TBL 1 S/P BOLTS,32,40000,2026-08-06 18:00:00,29956,
192887,06514720AA,714586,1108,190+268 TBL 3 S/P BOLTS,30,37500,2026-08-06 18:00:00,29956,
192888,11546545,716188,678,275 BF 103 S/P,36,90000,2026-08-07 18:00:00,29956,
192888,11546545,716193,1371,275 BF 102 S/P,36,90000,2026-08-07 18:00:00,29956,
192888,11546545,716192,222,290 BF 106 S/P,36,90000,2026-08-07 18:00:00,29956,
192888,11546545,714671,848,275 BF 104 S/P,36,90000,2026-08-07 18:00:00,29956,
192888,11546377,715734,1738,280 BF 118 S/P,36,77400,2026-08-07 18:00:00,29956,
192888,06101831-A,715861,1093,11+293 TBL 5 S/P,4,4000,2026-08-06 18:00:00,29956,
192888,06101831-A,715863,1575,11+293 TBL 5 S/P,27,27000,2026-08-06 18:00:00,29956,
192899,11546774,713589,27,292 BF 117 S/P,36,16200,2026-08-07 18:00:00,29956,
192899,11546774,713585,1076,290 BF 109 S/P,36,16200,2026-08-07 18:00:00,29956,
192899,06502979-A,713986,342,275 BF 112 S/P,36,27000,2026-08-07 18:00:00,29956,
192908,11516074,714302,811,275 BF 108 S/P,19,13300,2026-08-07 18:00:00,29956,
192933,06503825-A,714565,763,157+245 TBL 1 S/P TUMBLE,36,54000,2026-08-07 18:00:00,29956,
192933,06503825-A,713990,680,285+391 TBL 2 S/P TUMBLE,36,54000,2026-08-07 18:00:00,29956,
192933,11610376,714200,1718,11+293 TBL 5 S/P CERT,40,36000,2026-08-07 18:00:00,29956,
192933,11610376,714280,99,157+245 TBL 1 S/P CERT,8,7200,2026-08-07 18:00:00,29956,
192933,11610376,714203,1760,190+268 TBL 3 S/P CERT,25,22500,2026-08-07 18:00:00,29956,
192933,06509494AA,714558,1106,285+391 TBL 2 S/P BOLTS,37,27750,2026-08-07 18:00:00,29956,
192933,06503825-A,714567,1580,157+245 TBL 1 S/P TUMBLE,36,54000,2026-08-07 18:00:00,29956,
192933,06105051AA,714010,84,279 TBL 6 S/P BOLTS,23,14260,2026-08-07 18:00:00,29956,
192933,06503825-A,714566,901,285+391 TBL 2 S/P TUMBLE,21,31500,2026-08-07 18:00:00,29956,
192933,61273,715675,418,157+245 TBL 1 S/P BOLTS,23,6900,2026-08-07 18:00:00,29956,
192933,11548535,712839,610,157+245 TBL 1 S/P,36,5400,2026-08-07 18:00:00,29956,
192761,11546389,715608,769,280 BF 124 S/P,29,130500,2026-08-10 18:00:00,29957,
192761,11546389,715609,1801,275 MC 112 S/P,22,99000,2026-08-10 18:00:00,29957,
192831,11588714,715677,KIB,252+294 TBL 4 S/P BOLTS,25,35000,2026-08-10 18:00:00,29957,
192831,11588714,715679,KIB,285+391 TBL 2 S/P BOLTS,36,50400,2026-08-10 18:00:00,29957,
192629,11549168-CA-IN,710688,516,190+268 TBL 3 S/P CERT,43,43000,2026-08-06 18:00:00,29961,
192761,11546440,714504,834,290 BF 107 S/P,36,55800,2026-08-04 18:00:00,29961,
192761,11546440,714505,148,290 BF 107 S/P,36,55800,2026-08-04 18:00:00,29961,
192888,06101831-A,715859,1791,290 BF 107 S/P,34,34000,2026-08-06 18:00:00,29961,
192899,11548535,713506,856,252+294 TBL 4 S/P,36,5400,2026-08-10 18:00:00,29961,
192899,11546703,712585,159,190+268 TBL 3 S/P SCREWS,26,104000,2026-08-10 18:00:00,29961,
192899,11546774,713590,290,292 BF 117 S/P,16,7200,2026-08-07 18:00:00,29961,
192899,11546774,713591,351,290 BF 109 S/P,36,16200,2026-08-07 18:00:00,29961,
192899,11611121,713557,948,285+391 TBL 2 S/P BOLTS,29,26100,2026-08-06 18:00:00,29961,
192899,11548535,713509,1783,11+293 TBL 5 S/P,37,5550,2026-08-10 18:00:00,29961,
192908,06104725AA,715710,561,275 MC 112 S/P,36,100800,2026-08-07 18:00:00,29961,
192908,11548147,714399,KIB,157+245 TBL 1 S/P BOLTS,25,6250,2026-08-07 18:00:00,29961,
192908,06104725AA,715702,1639,11+293 TBL 5 S/P,40,112000,2026-08-06 18:00:00,29961,
192908,11548147,714397,KIB,157+245 TBL 1 S/P BOLTS,36,9000,2026-08-06 18:00:00,29961,
192908,11548147,714396,KIB,157+245 TBL 1 S/P BOLTS,9,2250,2026-08-06 18:00:00,29961,
192933,06512349AA,714570,210,252+294 TBL 4 S/P BOLTS,21,8400,2026-08-10 18:00:00,29961,
192933,06502979-A,713989,675,292 MC 110 S/P,36,27000,2026-08-10 18:00:00,29961,
192933,55364498AA,714573,1053,245+279 TBL 1 S/P BOLTS,23,11960,2026-08-10 18:00:00,29961,
192933,11610376,714202,813,190+268 TBL 3 S/P CERT,26,23400,2026-08-07 18:00:00,29961,
192933,06503825-A,713994,565,252+294 TBL 4 S/P TUMBLE,36,54000,2026-08-07 18:00:00,29961,
192933,55364498AA,714572,170,252+294 TBL 4 S/P BOLTS,24,12480,2026-08-07 18:00:00,29961,
192933,06502979-A,714562,289,275 BF 112 S/P,17,12750,2026-08-10 18:00:00,29961,
192954,F1302AB,714074,932,11+293 TBL 5 S/P BOLTS,38,26600,2026-08-10 18:00:00,29961,
192954,06514720AA,714012,436,190+268 TBL 3 S/P BOLTS,28,35000,2026-08-10 18:00:00,29961,
192954,F1302AB,714009,1618,285+391 TBL 2 S/P BOLTS,34,23800,2026-08-10 18:00:00,29961,
190796,91058,710241,592,RETURN BIN FOR RE-WORK,,0,2026-08-10 18:00:00,29964,
192831,15047163,714214,3,252+294 TBL 4 S/P,33,66000,2026-08-04 18:00:00,29964,
192831,15047163,714217,748,190+268 TBL 3 S/P,29,58000,2026-08-04 18:00:00,29964,
192887,11561645,714589,1787,292 BF 113 S/P,26,104000,2026-08-10 18:00:00,29964,
192887,06511637AA,714427,587,292 BF 116 S/P,34,40800,2026-08-07 18:00:00,29964,
192888,11546545,714670,1559,290 BF 106 S/P,36,90000,2026-08-10 18:00:00,29964,
192888,11546377,715736,109,280 BF 118 S/P,36,77400,2026-08-10 18:00:00,29964,
192888,11546377,715737,271,292 MC 24 S/P,36,77400,2026-08-10 18:00:00,29964,
192888,11546545,714668,1300,275 BF 102 S/P,40,100000,2026-08-10 18:00:00,29964,
192888,11546377,715735,376,280 BF 118 S/P,28,60200,2026-08-07 18:00:00,29964,
192888,11546545,714673,396,280 BF 123 S/P,36,90000,2026-08-06 18:00:00,29964,
192888,11546545,714667,920,275 BF 103 S/P,36,90000,2026-08-06 18:00:00,29964,
192888,11546545,714666,1303,275 BF 102 S/P,36,90000,2026-08-06 18:00:00,29964,
192888,11546545,716191,814,280 BF 114 S/P,20,50000,2026-08-06 18:00:00,29964,
192899,11548535,713507,384,285+391 TBL 2 S/P,34,5100,2026-08-10 18:00:00,29964,
192899,11611121,713556,577,190+268 TBL 3 S/P BOLTS,29,26100,2026-08-10 18:00:00,29964,
192899,06502979-A,713987,674,275 BF 112 S/P,34,25500,2026-08-10 18:00:00,29964,
192899,11546774,713588,33,290 BF 109 S/P,11,4950,2026-08-10 18:00:00,29964,
192908,11548147,714398,KIB,190+268 TBL 3 S/P BOLTS,28,7000,2026-08-07 18:00:00,29964,
192908,06104725AA,715709,629,190+268 TBL 3 S/P,36,100800,2026-08-06 18:00:00,29964,
192908,06104725AA,715706,38,157+245 TBL 1 S/P,34,95200,2026-08-06 18:00:00,29964,
192908,06104725AA,715703,2,275 MC 112 S/P,36,100800,2026-08-10 18:00:00,29964,
192908,06104725AA,715705,1526,280 BF 114 S/P,36,100800,2026-08-10 18:00:00,29964,
192933,11610376,714281,1075,11+293 TBL 5 S/P CERT,29,26100,2026-08-10 18:00:00,29964,
192933,06512349AA,714571,1676,245+279 TBL 1 S/P BOLTS,27,10800,2026-08-10 18:00:00,29964,
192933,06503825-A,714564,1447,279 TBL 6 S/P TUMBLE,52,78000,2026-08-10 18:00:00,29964,
192933,06503825-A,713991,319,279 TBL 5 S/P TUMBLE,55,82500,2026-08-10 18:00:00,29964,
192933,06105051AA,714011,1110,252+294 TBL 4 S/P BOLTS,28,17360,2026-08-10 18:00:00,29964,
192933,06502979-A,714563,47,280 BF 121 S/P,37,27750,2026-08-10 18:00:00,29964,
192950,40161567,716202,186,245+279 TBL 1 S/P,27,4725,2026-08-10 18:00:00,29964,
192950,40161567,716203,938,252+294 TBL 4 S/P,29,5075,2026-08-10 18:00:00,29964,
192954,06514720AA,714013,673,245+279 TBL 1 S/P BOLTS,35,43750,2026-08-10 18:00:00,29964,
192954,06502979-A,713988,1633,292 MC 110 S/P,16,12000,2026-08-10 18:00:00,29964,
192954,W711468-S437,713269,859,275 BF 103 S/P,36,57600,2026-08-10 18:00:00,29964,
192954,11609789-IN-MR,714590,976,292 BF 113 S/P,16,48000,2026-08-10 18:00:00,29964,
192950,40161567,716205,1603,285+391 TBL 2 S/P,29,5075,2026-08-11 18:00:00,29965,
192950,40161567,716204,153,252+294 TBL 4 S/P,36,6300,2026-08-11 18:00:00,29965,
192950,40161567,716206,1653,252+294 TBL 4 S/P,26,4550,2026-08-11 18:00:00,29965,
192950,40161567,716207,20,245+279 TBL 1 S/P,23,4025,2026-08-11 18:00:00,29965,
190921,11612078-B,707327,1442,"4 MC 74 S/P CERT, VCI BAGS",36,66600,2026-08-11 18:00:00,29967,
192888,11546377,715738,894,292 MC 19 S/P,36,77400,2026-08-10 18:00:00,29967,
192908,06509967AA,715683,KIB,275 MC 04 S/P BOLTS,36,29700,2026-08-10 18:00:00,29967,
192908,06104725AA,715711,398,275 BF 104 S/P,36,100800,2026-08-11 18:00:00,29967,
192933,06503825-A,713993,731,285+391 TBL 2 S/P TUMBLING,61,91500,2026-08-10 18:00:00,29967,
192950,11549171-MY-AK,714445,1673,290 BF 109 S/P,33,9240,2026-08-10 18:00:00,29967,
192950,06510997AA,715840,1763,11+293 TBL 5 S/P BOLTS,33,2475,2026-08-10 18:00:00,29967,
192950,06510997AA,715845,1695,190+268 TBL 3 S/P BOLTS,35,2625,2026-08-10 18:00:00,29967,
192950,06510997AA,715844,1547,285+391 TBL 2 S/P BOLTS,33,2475,2026-08-10 18:00:00,29967,
192950,06510997AA,715841,658,252+294 TBL 4 S/P BOLTS,30,2250,2026-08-10 18:00:00,29967,
192950,06510997AA,715842,874,157+245 TBL 1 S/P BOLTS,9,675,2026-08-10 18:00:00,29967,
192950,11549171-MY-AK,714450,1443,292 BF 117 S/P,36,10080,2026-08-10 18:00:00,29967,
192950,11549204,715879,1558,285+391 TBL 2 S/P,36,7560,2026-08-10 18:00:00,29967,
192950,11549171-MY-AK,714444,844,292 BF 117 S/P,36,10080,2026-08-10 18:00:00,29967,
192950,11549204,715885,969,245+279 TBL 1 S/P,36,7560,2026-08-10 18:00:00,29967,
192950,11549204,715875,445,245+279 TBL 1 S/P,36,7560,2026-08-10 18:00:00,29967,
192950,11549204,715878,687,285+391 TBL 2 S/P,20,4200,2026-08-10 18:00:00,29967,
192950,11549204,715872,1764,285+391 TBL 2 S/P,20,4200,2026-08-10 18:00:00,29967,
192950,11549171-MY-AK,714451,1508,290 BF 109 S/P,36,10080,2026-08-10 18:00:00,29967,
192950,11549204,715881,1834,252+294 TBL 4 S/P,39,8190,2026-08-10 18:00:00,29967,
192950,11549204,715877,421,285+391 TBL 2 S/P,36,7560,2026-08-10 18:00:00,29967,
192954,N620483-S2,714708,1687,11+293 TBL 5 S/P,38,22800,2026-08-11 18:00:00,29967,
192989,1420503001,716704,KIB,252+294 TBL 4 S/P BOLTS,16,24000,2026-08-11 18:00:00,29967,
192989,1420503001,716703,KIB,190+268 TBL 3 S/P BOLTS,15,22500,2026-08-11 18:00:00,29967,
192989,K1046AB,716706,KIB,252+294 TBL 4 S/P VCI BAGS,29,46400,2026-08-11 18:00:00,29967,
192989,W705606-S440,716699,KIB,252+294 TBL 4 S/P,31,17980,2026-08-11 18:00:00,29967,
192989,W705606-S440,716700,KIB,11+293 TBL 5 S/P,37,21460,2026-08-11 18:00:00,29967,
192989,K1046AB,716705,KIB,190+268 TBL 3 S/P VCI BAGS,28,44800,2026-08-11 18:00:00,29967,
192989,61525,716710,KIB,252+294 TBL 4 S/P,12,36000,2026-08-11 18:00:00,29967,
192989,61525,716709,KIB,252+294 TBL 4 S/P,16,48000,2026-08-11 18:00:00,29967,
192887,11546566,714434,65,290 BF 105 S/P BOLTS,31,55800,2026-08-11 18:00:00,29970,
192888,E6267AB,711250,723,290 BF 110 S/P- PLEASE RETURN TO AVP FOR RE-SORT,36,18900,2026-08-11 18:00:00,29970,
192888,11546377,715739,626,292 MC 19 S/P,25,53750,2026-08-11 18:00:00,29970,
192888,E6267AB,711242,456,290 BF 110 S/P- PLEASE RETURN TO AVP FOR RE-SORT,36,18900,2026-08-11 18:00:00,29970,
192908,06509967AA,715682,KIB,275 MC 04 S/P BOLTS,21,17325,2026-08-11 18:00:00,29970,
192933,06511799AA,712976,37CTNS,285+391 TBL 2 S/P CERT,33,59400,2026-08-11 18:00:00,29970,
192933,11610376,714201,141,157+279 TBL 1 S/P CERT,39,35100,2026-08-11 18:00:00,29970,
192950,06513904AA,715601,343,292 BF 116 S/P,36,10800,2026-08-10 18:00:00,29970,
192950,11549204,715874,1551,157+279 TBL 1 S/P,50,10500,2026-08-10 18:00:00,29970,
192950,11549204,715884,1577,11+293 TBL 5 S/P,42,8820,2026-08-10 18:00:00,29970,
192950,11549204,715882,1827,190+268 TBL 3 S/P,36,7560,2026-08-10 18:00:00,29970,
192950,06513904AA,715600,149,292 BF 116 S/P,36,10800,2026-08-10 18:00:00,29970,
192950,47336AE,714454,1430,275 BF 108 S/P,36,23760,2026-08-10 18:00:00,29970,
192950,47336AE,714455,82,275 BF 108 S/P,36,23760,2026-08-11 18:00:00,29970,
192954,W711468-S437,713266,450,275 BF 103 S/P,32,51200,2026-08-11 18:00:00,29970,
192954,N620483-S2,714709,851,190+268 TBL 3 S/P,35,21000,2026-08-11 18:00:00,29970,
192978,06105049AA,715684,KIB,11+293 TBL 5 S/P BOLTS,26,20800,2026-08-11 18:00:00,29970,
192981,06105102AA,716117,KIB,252+294 TBL 4 S/P BOLTS,26,17420,2026-08-11 18:00:00,29970,
192981,06105102AA,716108,KIB,11+293 TBL 5 S/P BOLTS,32,21440,2026-08-11 18:00:00,29970,
192981,06105102AA,716118,KIB,157+279 TBL 1 S/P BOLTS,36,24120,2026-08-11 18:00:00,29970,
192981,06105102AA,716119,KIB,285+391 TBL 2 S/P BOLTS,36,24120,2026-08-11 18:00:00,29970,
192981,11548147,716100,KIB,285+391 TBL 2 S/P BOLTS,36,9000,2026-08-11 18:00:00,29970,
192981,06105102AA,716109,KIB,285+391 TBL 2 S/P BOLTS,19,12730,2026-08-11 18:00:00,29970,
192981,06105102AA,716116,KIB,157+279 TBL 1 S/P BOLTS,36,24120,2026-08-11 18:00:00,29970,
192981,11548147,716101,KIB,285+391 TBL 2 S/P BOLTS,13,3250,2026-08-11 18:00:00,29970,
192989,K1046AB,716708,KIB,190+268 TBL 3 S/P VCI BAGS,19,30400,2026-08-11 18:00:00,29970,
192989,K1046AB,716707,KIB,190+268 TBL 3 S/P VCI BAGS,20,32000,2026-08-11 18:00:00,29970,
192989,W705606-S440,716702,KIB,252+294 TBL 4 S/P,33,19140,2026-08-11 18:00:00,29970,
192989,W705606-S440,716701,KIB,11+293 TBL 5 S/P,36,20880,2026-08-11 18:00:00,29970,
192888,11546364-PH-RO,710966,1081,280 BF 120 S/P,50,175000,2026-08-11 18:00:00,29972,
192888,11546545,714669,1397,280+290 BF 114 S/P,45,112500,2026-08-10 18:00:00,29972,
192888,11546545,714672,1773,280+290 MC 78 S/P,41,102500,2026-08-10 18:00:00,29972,
192888,E6267AB,711243,1003,157+245 TBL 1+BF110 S/P CERT,47,24675,2026-08-12 18:00:00,29972,
192888,E6267AB,711242,456,"285+391 TBL 2+BF 110 S/P IN PINK CONTAINER, CERT",1,20000,2026-08-12 18:00:00,29972,
192888,E6267AB,711251,89,"157+245 TBL 1+BF110 S/P IN PINK CONTAINER, CERT",2,40000,2026-08-12 18:00:00,29972,
192888,E6267AB,713552,1556,"285+391 TBL 2+BF 110 S/P IN PINK CONTAINER, CERT",1PC +36 CTNS,38900,2026-08-12 18:00:00,29972,
192908,06104725AA,715704,939,280 BF 114 S/P,36,100800,2026-08-10 18:00:00,29972,
192950,11549171-MY-AK,714453,475,292 BF 117 S/P,24,6720,2026-08-10 18:00:00,29972,
192950,11549171-MY-AK,714452,392,290 BF 109 S/P,36,10080,2026-08-10 18:00:00,29972,
192950,11549204,715880,1833,252+294 TBL 4 S/P,36,7560,2026-08-10 18:00:00,29972,
192950,11549204,715883,1828,190+268 TBL 3 S/P,36,7560,2026-08-10 18:00:00,29972,
192954,91058,713300,262,190+268 TBL 3 S/P CERT,29,34800,2026-08-11 18:00:00,29972,
192978,W520414-S440,715991,662,280 BF 124 S/P,31,34720,2026-08-11 18:00:00,29972,
192978,11546367-MY-AK,714195,944,275 BF 112 S/P,36,25200,2026-08-11 18:00:00,29972,
192978,11546462,716187,1578,280 BF 121 S/P,36,23400,2026-08-11 18:00:00,29972,
192978,11546462,716184,798,292 MC 110 S/P,36,23400,2026-08-11 18:00:00,29972,
192978,11548414,716169,1539,252+294 TBL 4 S/P,28,13580,2026-08-10 18:00:00,29972,
192978,11548414,716166,878,245+279 TBL 1 S/P,36,17460,2026-08-10 18:00:00,29972,
192978,W520414-S440,715990,1402,280 BF 124 S/P,36,40320,2026-08-10 18:00:00,29972,
192978,11548414,716167,108,11+293 TBL 5 S/P,40,19400,2026-08-10 18:00:00,29972,
192981,06101831-A,715854,632,290 BF 110 S/P,40,40000,2026-08-11 18:00:00,29972,
192981,06101831-A,715858,227,290 BF 110 S/P,40,40000,2026-08-11 18:00:00,29972,
193047,11546703,713857,1552,252+294 TBL 4 S/P SCREWS,33,132000,2026-08-12 18:00:00,29972,
192908,06104725AA,715701,586,275 MC 112 S/P,39,109200,2026-08-12 18:00:00,29974,
192908,06509967AA,715680,KIB,290 BF 105 S/P BOLTS,20,16500,2026-08-12 18:00:00,29974,
192954,91058,713301,304,252+294 TBL 4 S/P CERT,31,37200,2026-08-12 18:00:00,29974,
192978,11546462,716185,1037,280 BF 121 S/P,30,19500,2026-08-12 18:00:00,29974,
192978,06105049AA,715685,KIB,190+268 TBL 3 S/P BOLTS,23,18400,2026-08-10 18:00:00,29974,
192978,11546367-MY-AK,714197,48,275 BF 112 S/P,36,25200,2026-08-10 18:00:00,29974,
192981,06101831-A,715857,709,290 BF 110 S/P,40,40000,2026-08-12 18:00:00,29974,
192981,11546462,716183,1432,280 BF 121 S/P,36,23400,2026-08-12 18:00:00,29974,
192981,11546367-MY-AK,714192,1441,275 BF 108 S/P,36,25200,2026-08-12 18:00:00,29974,
192981,11546367-MY-AK,714189,121,275 BF 112 S/P,36,25200,2026-08-12 18:00:00,29974,
192981,06101831-A,715855,1043,290 BF 110 S/P,36,36000,2026-08-12 18:00:00,29974,
192981,06105102AA,716110,KIB,157 TBL 1 S/P BOLTS,39,26130,2026-08-12 18:00:00,29974,
192981,06105102AA,716114,KIB,157+279 TBL 1 S/P BOLTS,36,24120,2026-08-11 18:00:00,29974,
192981,11546367-MY-AK,714193,260,275 BF 108 S/P,36,25200,2026-08-11 18:00:00,29974,
192981,11546367-MY-AK,714190,408,275 BF 112 S/P,36,25200,2026-08-11 18:00:00,29974,
192981,06101968-A,716080,1839,292 MC 19 S/P,36,79200,2026-08-12 18:00:00,29974,
192981,11546367-MY-AK,714191,931,275 BF 108 S/P,36,25200,2026-08-12 18:00:00,29974,
193047,11610091-MY-AK,714170,274,280 BF 118 S/P,35,87500,2026-08-12 18:00:00,29974,
193047,11546703,713205,1308,157+245 TBL 1 S/P SCREWS,30,120000,2026-08-12 18:00:00,29974,
193047,11546703,713204,1777,190+268 TBL 3 S/P SCREWS,28,112000,2026-08-12 18:00:00,29974,
193047,11546703,713199,56,279 TBL 6 S/P SCREWS,36,144000,2026-08-12 18:00:00,29974,
193047,94012078,714723,1667,252+294 TBL 4 S/P BOLTS,25,2500,2026-08-12 18:00:00,29974,
193047,06511672AA,710142,519,157+245 TBL 1 S/P,29,40600,2026-08-12 18:00:00,29974,
193047,06511672AA,713866,444,252+294 TBL 4 S/P,26,36400,2026-08-12 18:00:00,29974,
193047,11546703,713203,1771,11+293 TBL 5 S/P SCREWS,28,112000,2026-08-12 18:00:00,29974,
193047,06511672AA,711772,919,252+294 TBL 4 S/P,36,50400,2026-08-12 18:00:00,29974,
193047,11546703,714421,1411,11+293 TBL 5 S/P SCREWS,36,144000,2026-08-12 18:00:00,29974,
193047,11546703,712586,1530,190+268 TBL 3 S/P SCREWS,27,108000,2026-08-12 18:00:00,29974,
193047,11546703,713198,455,279 TBL 6 S/P SCREWS,16,64000,2026-08-12 18:00:00,29974,
#N/A,#N/A,711665,#N/A,290 BF 106 S/P,33,#N/A,2026-07-01 18:00:00,29974,
#N/A,#N/A,713066,#N/A,190+268 TBL 3 S/P,36,#N/A,2026-07-10 18:00:00,29974,
#N/A,#N/A,712407,#N/A,156 BF 116 S/P,36,#N/A,2026-07-14 18:00:00,29974,
193079,11546571,716001,1074,285+391 TBL 2 S/P SCREWS,29,44950,2026-08-13 18:00:00,29977,
192613,11549168-CA-IN,704978,742,285+391 TBL 2 S/P CERT,42,42000,2026-08-13 18:00:00,29979,
192845,11549168-CA-IN,710830,1028,272 MC 26 S/P,52,52000,2026-08-13 18:00:00,29979,
192845,11549168-CA-IN,711863,966,157+245 TBL 1 S/P CERT,42,42000,2026-08-13 18:00:00,29979,
192978,11546367-MY-AK,714198,458,275 BF 112 S/P,36,25200,2026-08-13 18:00:00,29979,
192978,11546367-MY-AK,714199,897,275 BF 108 S/P,36,25200,2026-08-13 18:00:00,29979,
192978,11546437-MY-AK,716156,1305,275 BF 102 S/P,36,54000,2026-08-12 18:00:00,29979,
192978,11546437-MY-AK,716158,873,290 BF 106 S/P,47,70500,2026-08-12 18:00:00,29979,
192978,11546463,716173,42,11+293 TBL 5 S/P,34,15300,2026-08-11 18:00:00,29979,
192978,11546462,716186,830,292 MC 110 S/P,36,23400,2026-08-11 18:00:00,29979,
192978,11546463,716172,1000,292 BF 116 S/P,36,16200,2026-08-11 18:00:00,29979,
192978,11546437-MY-AK,716079,555,275 BF 102 S/P,60,90000,2026-08-11 18:00:00,29979,
192978,11546463,716171,584,292 BF 116 S/P,36,16200,2026-08-11 18:00:00,29979,
192981,06104388AA,715864,1765,275 MC 04 S/P BOLTS,13,8580,2026-08-13 18:00:00,29979,
192981,06104388AA,715867,29,275 MC 04 S/P BOLTS,23,15180,2026-08-13 18:00:00,29979,
192981,06511701AA,716152,892,275 BF 103 S/P,36,82800,2026-08-12 18:00:00,29979,
192981,06511701AA,716153,258,280 BF 123 S/P,36,82800,2026-08-12 18:00:00,29979,
192981,11546463,716178,318,292 BF 116 S/P,36,16200,2026-08-12 18:00:00,29979,
193047,11610091-MY-AK,714169,755,275 MC 112 S/P,32,80000,2026-08-13 18:00:00,29979,
193047,11546703,713202,1770,252 TBL 4 S/P SCREWS,30,120000,2026-08-12 18:00:00,29979,
193047,11546703,712587,234,190+268 TBL 3 S/P SCREWS,33,132000,2026-08-12 18:00:00,29979,
193047,11546703,713201,1758,279 TBL 6 S/P SCREWS,36,144000,2026-08-12 18:00:00,29979,
193065,11546449,715760,619,280 BF 123 S/P,36,90000,2026-08-13 18:00:00,29979,
193065,11546449,715761,241,280 BF 124 S/P,25,62500,2026-08-13 18:00:00,29979,
193065,11546545,716267,224,290 BF 106 S/P,36,90000,2026-08-13 18:00:00,29979,
193065,11546545,716264,1659,275 BF 103 S/P,36,90000,2026-08-13 18:00:00,29979,
193065,11547369,714135,911,11+293 TBL 5 S/P,61,15250,2026-08-12 18:00:00,29979,
191424,NU5108-00,713725,1058,"272 MC 26 S/P BTB-->POT# 047, CERT",1,70000,2026-08-14 18:00:00,29980,ngày lấy từ dòng khác cùng PS
192745,NU5108-00,714235,235,"272 MC 26 S/P BTB-->POT# 953, CERT",1,75000,2026-08-14 18:00:00,29980,ngày lấy từ dòng khác cùng PS
192899,NU1510-00,715713,370,290 BF 107 S/P,1,41000,2026-08-14 18:00:00,29980,ngày lấy từ dòng khác cùng PS
192899,NU1510-00,714467,1689,290 BF 107 S/P,1,47820,2026-08-14 18:00:00,29980,ngày lấy từ dòng khác cùng PS
192933,11612078-B,712889,15,390 TBL 7 S/P BTB-->POT#228,1,75000,2026-08-14 18:00:00,29980,ngày lấy từ dòng khác cùng PS
192989,NU1510-00,715837,1662,280 BF 120 S/P,1,42380,2026-08-14 18:00:00,29980,ngày lấy từ dòng khác cùng PS
192989,NU1510-00,715836,193,280 BF 124 S/P,1,40323,2026-08-14 18:00:00,29980,ngày lấy từ dòng khác cùng PS
192989,NU1405-00,716151,66,292 BF 113 S/P,1,75000,2026-08-14 18:00:00,29980,ngày lấy từ dòng khác cùng PS
192989,NU1405-00,716150,788,292 BF 113 S/P,1,74586,2026-08-14 18:00:00,29980,ngày lấy từ dòng khác cùng PS
193047,NU3019-00,715980,1049,190+268 TBL 3 S/P,1,4950,2026-08-14 18:00:00,29980,ngày lấy từ dòng khác cùng PS
193047,NU3019-00,715971,1374,294+252 TBL 4 S/P,1,4990,2026-08-14 18:00:00,29980,ngày lấy từ dòng khác cùng PS
193047,NU3019-00,715970,1325,157+245 TBL 1 S/P,1,5883,2026-08-14 18:00:00,29980,ngày lấy từ dòng khác cùng PS
193047,NU3019-00,715975,197,11+293 TBL 5 S/P,1,4770,2026-08-14 18:00:00,29980,ngày lấy từ dòng khác cùng PS
193047,NU3019-00,715977,1604,252+294 TBL 4 S/P,1,4990,2026-08-14 18:00:00,29980,ngày lấy từ dòng khác cùng PS
193047,NU3019-00,715972,507,293+11 TBL 5 S/P,1,5250,2026-08-14 18:00:00,29980,ngày lấy từ dòng khác cùng PS
193047,NU3019-00,715981,198,157+245 TBL 1 S/P,1,4700,2026-08-14 18:00:00,29980,ngày lấy từ dòng khác cùng PS
193047,NU3019-00,715979,1626,190+268 TBL 3 S/P,1,5340,2026-08-14 18:00:00,29980,ngày lấy từ dòng khác cùng PS
193047,NU3019-00,715974,560,157+245 TBL 1 S/P,1,4700,2026-08-14 18:00:00,29980,ngày lấy từ dòng khác cùng PS
193047,NU3019-00,715978,578,252+294 TBL 4 S/P,1,4700,2026-08-14 18:00:00,29980,ngày lấy từ dòng khác cùng PS
193047,11612078-B,710176,1697,390 TBL 7 S/P BTB-->POT#1582,1,75000,2026-08-14 18:00:00,29980,ngày lấy từ dòng khác cùng PS
193047,NU3019-00,715976,1584,190+268 TBL 3 S/P,1,4950,2026-08-14 18:00:00,29980,ngày lấy từ dòng khác cùng PS
193079,11612078-B,710150,239,390 TBL 7 S/P BTB-->POT#1566,1,72000,2026-08-14 18:00:00,29980,ngày lấy từ dòng khác cùng PS
193079,11612078-B,712884,228,390 TBL 7 S/P BTB-->POT#239,1,72000,2026-08-14 18:00:00,29980,ngày lấy từ dòng khác cùng PS
193079,06511799AA,712206,37CTNS,252+294 TBL 4 S/P CERT,31,55800,2026-08-14 18:00:00,29980,ngày lấy từ dòng khác cùng PS
193079,06511799AA,712977,39CTNS,11+293 TBL 5 S/P CERT,35,63000,2026-08-14 18:00:00,29980,ngày lấy từ dòng khác cùng PS
193079,06511799AA,712205,35 CTNS,190+268 TBL 3 S/P CERT,32,57600,2026-08-14 18:00:00,29980,ngày lấy từ dòng khác cùng PS
193122,NU3516-00,713305,806,190+268 TBL 3 S/P,1,11000,2026-08-14 18:00:00,29980,
193122,NU3516-00,713310,297,11+293 TBL 5 S/P,1,15695,2026-08-14 18:00:00,29980,
193122,NU3516-00,713304,54,11+293 TBL 5 S/P,1,11000,2026-08-14 18:00:00,29980,
193122,NU3516-00,713790,375,285+391 TBL  2 S/P,1,11000,2026-08-14 18:00:00,29980,
193122,11609746,714016,739,252+294 TBL 4 S/P,29,63800,2026-08-14 18:00:00,29980,
193122,NU3516-00,713311,72,11+293 TBL 5 S/P,1,11000,2026-08-14 18:00:00,29980,
193122,NU3516-00,713306,915,285+391 TBL 2 S/P,1,11000,2026-08-14 18:00:00,29980,
193122,NU3516-00,713309,1366,190+268 TBL 3 S/P,2,25295,2026-08-14 18:00:00,29980,
192613,11549168-CA-IN,707998,533,272 MC 26 S/P CERT,56,56000,2026-08-16 18:00:00,29987,ngày ƯỚC TÍNH (theo số PS)
192845,11549168-CA-IN,712288,1010,272 MC 26 S/P CERT,36,36000,2026-08-16 18:00:00,29987,ngày ƯỚC TÍNH (theo số PS)
192845,11549168-CA-IN,712287,863,272 MC 26 S/P CERT,36,36000,2026-08-16 18:00:00,29987,ngày ƯỚC TÍNH (theo số PS)
192933,06511799AA,712204,36 CTNS,11+293 TBL 5 S/P CERT,33,59400,2026-08-16 18:00:00,29987,ngày ƯỚC TÍNH (theo số PS)
192978,11546367-MY-AK,714196,295,275 BF 112 S/P,33,23100,2026-08-16 18:00:00,29987,ngày ƯỚC TÍNH (theo số PS)
192981,11546462,716177,837,292 MC 110 S/P,36,23400,2026-08-16 18:00:00,29987,ngày ƯỚC TÍNH (theo số PS)
192981,11546367-MY-AK,714188,980,275 BF 112 S/P,36,25200,2026-08-16 18:00:00,29987,ngày ƯỚC TÍNH (theo số PS)
192981,06105102AA,716111,KIB,157+279 TBL 1 S/P BOLTS,16,10720,2026-08-16 18:00:00,29987,ngày ƯỚC TÍNH (theo số PS)
192981,06105102AA,716115,KIB,157+279 TBL 1 S/P BOLTS,20,13400,2026-08-16 18:00:00,29987,ngày ƯỚC TÍNH (theo số PS)
192981,11546462,716182,100,292 MC 110 S/P,36,23400,2026-08-16 18:00:00,29987,ngày ƯỚC TÍNH (theo số PS)
193047,94012078,714722,1423,11+293 TBL 5 S/P BOLTS,25,2500,2026-08-16 18:00:00,29987,ngày ƯỚC TÍNH (theo số PS)
193047,11546703,712579,518,252+294 TBL 4 S/P SCREWS,28,112000,2026-08-16 18:00:00,29987,ngày ƯỚC TÍNH (theo số PS)
193047,11546703,713200,1759,190+268 TBL 3 S/P SCREWS,30,120000,2026-08-16 18:00:00,29987,ngày ƯỚC TÍNH (theo số PS)
193065,11546545,716261,829,290 BF 106 S/P,36,90000,2026-08-16 18:00:00,29987,ngày ƯỚC TÍNH (theo số PS)
193065,11546545,716266,854,275 BF 104 S/P,36,90000,2026-08-16 18:00:00,29987,ngày ƯỚC TÍNH (theo số PS)
193065,06105049AA,716099,223,190+268 TBL 3 S/P BOLTS,14,11200,2026-08-16 18:00:00,29987,ngày ƯỚC TÍNH (theo số PS)
193065,06105049AA,716096,178,285+391 TBL 2 S/P BOLTS,26,20800,2026-08-16 18:00:00,29987,ngày ƯỚC TÍNH (theo số PS)
193065,11546545,716268,913,275 BF 103 S/P,36,90000,2026-08-16 18:00:00,29987,ngày ƯỚC TÍNH (theo số PS)
193065,06105049AA,716097,1602,157+245 TBL 1 S/P BOLTS,34,27200,2026-08-16 18:00:00,29987,ngày ƯỚC TÍNH (theo số PS)
193065,06105049AA,716098,735,190+268 TBL 3 S/P BOLTS,25,20000,2026-08-16 18:00:00,29987,ngày ƯỚC TÍNH (theo số PS)
193065,11549169-MY-AK,715960,139,292 BF 116 S/P,36,23760,2026-08-16 18:00:00,29987,ngày ƯỚC TÍNH (theo số PS)
193065,11549169-MY-AK,715961,1582,290 BF 110 S/P,36,23760,2026-08-16 18:00:00,29987,ngày ƯỚC TÍNH (theo số PS)
193065,11549169-MY-AK,715958,1429,290 BF 110 S/P,36,23760,2026-08-16 18:00:00,29987,ngày ƯỚC TÍNH (theo số PS)
193079,1K2GZ0-00,715799,1545,285+391 TBL 2 S/P,22,99000,2026-08-16 18:00:00,29987,ngày ƯỚC TÍNH (theo số PS)
193079,W711953-S900,715792,605,157+245 TBL 1 S/P,10,17500,2026-08-16 18:00:00,29987,ngày ƯỚC TÍNH (theo số PS)
193122,W715851-S450B,715801,1599,190+268 TBL 3 S/P,36,68400,2026-08-16 18:00:00,29987,ngày ƯỚC TÍNH (theo số PS)
192761,06513514AA,714162,930,"190, 268 TB3 S/P",31,11160,2026-08-16 18:00:00,29988,ngày ƯỚC TÍNH (theo số PS)
192761,11546437-MY-AK,714143,1390,280 BF123 S/P,58,87000,2026-08-16 18:00:00,29988,ngày ƯỚC TÍNH (theo số PS)
192761,11546437-MY-AK,714151,576,275 BF102 S/P,72,108000,2026-08-16 18:00:00,29988,ngày ƯỚC TÍNH (theo số PS)
192761,06104388AA,714340,1769,275 MC004 S/P,36,23760,2026-08-16 18:00:00,29988,ngày ƯỚC TÍNH (theo số PS)
192761,11546437-MY-AK,714142,1591,290 BF106 S/P,57,85500,2026-08-16 18:00:00,29988,ngày ƯỚC TÍNH (theo số PS)
192831,06511834AA,715605,593,285&391 TB2 S/P,36,3600,2026-08-16 18:00:00,29988,ngày ƯỚC TÍNH (theo số PS)
192831,06512106AA,715613,694,190&268 TB3 S/P,29,5800,2026-08-16 18:00:00,29988,ngày ƯỚC TÍNH (theo số PS)
192845,11549168-CA-IN,710829,666,279 TB6 S/P CERT,27,27000,2026-08-16 18:00:00,29988,ngày ƯỚC TÍNH (theo số PS)
192933,11612078-B,709056,1614,"04, MC074 S/P CERT IN VCI BAG",36,66600,2026-08-16 18:00:00,29988,ngày ƯỚC TÍNH (theo số PS)
192978,11546437-MY-AK,716160,1811,275 BF 104 S/P,54,81000,2026-08-16 18:00:00,29988,ngày ƯỚC TÍNH (theo số PS)
192978,11546437-MY-AK,716077,154,290 BF 106 S/P,59,88500,2026-08-16 18:00:00,29988,ngày ƯỚC TÍNH (theo số PS)
192981,11546463,716179,148,"292, BF116 S/P",22,9900,2026-08-16 18:00:00,29988,ngày ƯỚC TÍNH (theo số PS)
192981,11546463,716180,1720,292. BF116 S/P,36,16200,2026-08-16 18:00:00,29988,ngày ƯỚC TÍNH (theo số PS)
193065,11549169-MY-AK,715957,132,"292, BF116, S/P CERT",36,23760,2026-08-16 18:00:00,29988,ngày ƯỚC TÍNH (theo số PS)
193065,11546449,715758,1674,"280, BF123 S/P",36,90000,2026-08-16 18:00:00,29988,ngày ƯỚC TÍNH (theo số PS)
193065,11546545,716271,284,275 BF102 S/P,36,90000,2026-08-16 18:00:00,29988,ngày ƯỚC TÍNH (theo số PS)
193079,W711468-S437,713268,546,292 MC024 S/P,28,44800,2026-08-16 18:00:00,29988,ngày ƯỚC TÍNH (theo số PS)
193122,11546566,715791,515,252&294 TBB4 S/P,27,48600,2026-08-16 18:00:00,29988,ngày ƯỚC TÍNH (theo số PS)
193122,11610126,715789,382,285&391 TB2 S/P BOLTS,30,36000,2026-08-16 18:00:00,29988,ngày ƯỚC TÍNH (theo số PS)
193122,W715851-S450B,715800,282,11/293 TB5 S/P,30,57000,2026-08-16 18:00:00,29988,ngày ƯỚC TÍNH (theo số PS)
192629,11549168-CA-IN,712370,63,272 MC 26 S/P CERT,36,36000,2026-08-17 18:00:00,29991,ngày lấy từ dòng khác cùng PS
192708,11612078-B,710173,785,"4 MC 74 S/P CERT, BOLTS",36,66600,2026-08-17 18:00:00,29991,ngày lấy từ dòng khác cùng PS
192888,11546364-PH-RO,713717,801,280 BF 124 S/P,40,140000,2026-08-17 18:00:00,29991,ngày lấy từ dòng khác cùng PS
192978,11546437-MY-AK,716078,1838,292 MC 24 S/P,56,84000,2026-08-17 18:00:00,29991,ngày lấy từ dòng khác cùng PS
192978,11548414,716168,1409,190+268 TBL 3 S/P,35,16975,2026-08-17 18:00:00,29991,ngày lấy từ dòng khác cùng PS
193065,11546545,716269,541,280 BF 124 S/P,36,90000,2026-08-17 18:00:00,29991,ngày lấy từ dòng khác cùng PS
193065,11546449,715757,1711,280 BF 120 S/P,36,90000,2026-08-17 18:00:00,29991,ngày lấy từ dòng khác cùng PS
193065,11546545,716262,200,275 BF 103 S/P,36,90000,2026-08-17 18:00:00,29991,ngày lấy từ dòng khác cùng PS
193079,7151143403,715804,276,275 MC 112 S/P,34,59500,2026-08-17 18:00:00,29991,ngày lấy từ dòng khác cùng PS
193079,94012038,716084,388,292 BF 113 S/P,12,48000,2026-08-17 18:00:00,29991,ngày lấy từ dòng khác cùng PS
193092,11546449,716283,3,280 BF 123 S/P,31,77500,2026-08-17 18:00:00,29991,ngày lấy từ dòng khác cùng PS
193092,11546449,715753,1328,190+268 TBL 3 S/P,37,92500,2026-08-17 18:00:00,29991,ngày lấy từ dòng khác cùng PS
193092,11546449,715755,194,157+245 TBL 1 S/P,37,92500,2026-08-17 18:00:00,29991,ngày lấy từ dòng khác cùng PS
193092,11546449,715756,683,157+245 TBL 1 S/P,35,87500,2026-08-17 18:00:00,29991,ngày lấy từ dòng khác cùng PS
193092,06104384AA,715846,530,157+245 TBL 1 S/P BOLTS,36,27000,2026-08-17 18:00:00,29991,ngày lấy từ dòng khác cùng PS
193122,11547059,714710,400,"11+293 TBL 5 S/P IN RETURNABLES, BOLTS",48,26400,2026-08-17 18:00:00,29991,ngày lấy từ dòng khác cùng PS
193122,11547059,714713,1336,"157+245 TBL 1 S/P IN BOLTS, BOLTS",48,26400,2026-08-17 18:00:00,29991,ngày lấy từ dòng khác cùng PS
193122,11610126,715788,1036,252+294 TBL 4 S/P BOLTS,27,32400,2026-08-17 18:00:00,29991,ngày lấy từ dòng khác cùng PS
193143,11546370-MY-AK,714680,1319,279 TBL 6 S/P,36,7920,2026-08-17 18:00:00,29991,ngày lấy từ dòng khác cùng PS
193143,11546370-MY-AK,714683,1785,11+293 TBL 5 S/P,38,8360,2026-08-17 18:00:00,29991,ngày lấy từ dòng khác cùng PS
193167,W520101-S437,714701,303,285+391 TBL 2 S/P,36,108000,2026-08-17 18:00:00,29991,
193167,W520101-S437,714699,1507,285+391 TBL 2 S/P,47,141000,2026-08-17 18:00:00,29991,
192613,11549168-CA-IN,710402,797,272 MC 26 S/P CERT,47,47000,2026-08-18 18:00:00,29994,ngày ƯỚC TÍNH (theo số PS)
192629,11549168-CA-IN,710691,883,157 TBL 1 S/P CERT,36,36000,2026-08-18 18:00:00,29994,ngày ƯỚC TÍNH (theo số PS)
192831,11546367-MY-AK,714556,21,290 MC 78 S/P,32,22400,2026-08-18 18:00:00,29994,ngày ƯỚC TÍNH (theo số PS)
192845,11549168-CA-IN,708736,9,157+245 TBL 1 S/P CERT,44,44000,2026-08-18 18:00:00,29994,ngày ƯỚC TÍNH (theo số PS)
192845,11549168-CA-IN,705483,900,11+293 TBL 5 S/P CERT,40,40000,2026-08-18 18:00:00,29994,ngày ƯỚC TÍNH (theo số PS)
192978,11546437-MY-AK,716159,1510,280 BF 114 S/P,60,90000,2026-08-18 18:00:00,29994,ngày ƯỚC TÍNH (theo số PS)
192978,11546437-MY-AK,716161,1835,280 BF 114 S/P,52,78000,2026-08-18 18:00:00,29994,ngày ƯỚC TÍNH (theo số PS)
192981,06104388AA,715866,843,275 MC 4 S/P BOLTS,63,41580,2026-08-18 18:00:00,29994,ngày ƯỚC TÍNH (theo số PS)
193065,11546545,716263,1069,290 BF 106 S/P,39,97500,2026-08-18 18:00:00,29994,ngày ƯỚC TÍNH (theo số PS)
193065,11546545,716265,831,275 BF 102 S/P,30,75000,2026-08-18 18:00:00,29994,ngày ƯỚC TÍNH (theo số PS)
193065,11546545,716260,1541,275 BF 104 S/P,36,90000,2026-08-18 18:00:00,29994,ngày ƯỚC TÍNH (theo số PS)
193065,11546545,716270,1566,275 BF 102 S/P,36,90000,2026-08-18 18:00:00,29994,ngày ƯỚC TÍNH (theo số PS)
193065,11549169-MY-AK,715956,293,290 BF 110 S/P,36,23760,2026-08-18 18:00:00,29994,ngày ƯỚC TÍNH (theo số PS)
193065,11549169-MY-AK,715959,1574,292 BF 116 S/P,36,23760,2026-08-18 18:00:00,29994,ngày ƯỚC TÍNH (theo số PS)
193092,11546449,716281,1786,280 BF 120 S/P,38,95000,2026-08-18 18:00:00,29994,ngày ƯỚC TÍNH (theo số PS)
193092,06104384AA,715847,789,285+391 TBL 2 S/P BOLTS,30,22500,2026-08-18 18:00:00,29994,ngày ƯỚC TÍNH (theo số PS)
193143,11546370-MY-AK,714681,482,252+294 TBL 4 S/P,35,7700,2026-08-18 18:00:00,29994,ngày ƯỚC TÍNH (theo số PS)
193167,W520111-S450B,714707,443,190+268 TBL 3 S/P,36,126000,2026-08-18 18:00:00,29994,ngày ƯỚC TÍNH (theo số PS)
193167,W520111-S450B,714705,1357,190+268 TBL 3 S/P,36,126000,2026-08-18 18:00:00,29994,ngày ƯỚC TÍNH (theo số PS)
193167,W520111-S450B,714704,1417,190+268 TBL 3 S/P,36,126000,2026-08-18 18:00:00,29994,ngày ƯỚC TÍNH (theo số PS)
193167,W520101-S437,714700,1011,285+391 TBL 2 S/P,41,123000,2026-08-18 18:00:00,29994,ngày ƯỚC TÍNH (theo số PS)
193203,06104388AAMOD,716496,1651,272+11 TBL 5 S/P BOLTS,7,4620,2026-08-18 18:00:00,29994,ngày ƯỚC TÍNH (theo số PS)
192981,06101968-A,716081,1840,292 MC 19 S/P,36,79200,2026-08-18 18:00:00,29996,ngày lấy từ dòng khác cùng PS
193079,11561645,714428,1071,275 MC 112 S/P,32,128000,2026-08-18 18:00:00,29996,ngày lấy từ dòng khác cùng PS
193092,06101968-A,715606,1329,292 MC 19 S/P,26,57200,2026-08-18 18:00:00,29996,ngày lấy từ dòng khác cùng PS
193092,11546449,716278,180,280 FB 123 S/P,36,90000,2026-08-18 18:00:00,29996,ngày lấy từ dòng khác cùng PS
193092,11546449,716280,411,280 BF 123 S/P,36,90000,2026-08-18 18:00:00,29996,ngày lấy từ dòng khác cùng PS
193092,11546449,715754,734,11+293 TBL 5 S/P,25,62500,2026-08-18 18:00:00,29996,ngày lấy từ dòng khác cùng PS
193122,W520413-S450L,714703,1318,292 BF 113 S/P,36,68400,2026-08-18 18:00:00,29996,ngày lấy từ dòng khác cùng PS
193143,06105048AA,716103,KIB,290 BF 105 S/P BOLTS,25,20000,2026-08-18 18:00:00,29996,ngày lấy từ dòng khác cùng PS
193143,11546370-MY-AK,714685,60,285+391 TBL 2 S/P,21,4620,2026-08-18 18:00:00,29996,ngày lấy từ dòng khác cùng PS
193143,82246,716667,KIB,252 TBL 4 S/P BOLTS,31,7750,2026-08-18 18:00:00,29996,ngày lấy từ dòng khác cùng PS
193143,82246,716665,KIB,157+245 TBL 1 S/P BOLTS,27,6750,2026-08-18 18:00:00,29996,ngày lấy từ dòng khác cùng PS
193143,11546370-MY-AK,714687,337,190+268 TBL 3 S/P,27,5940,2026-08-18 18:00:00,29996,ngày lấy từ dòng khác cùng PS
193143,82246,716668,KIB,285+391 TBL 2 S/P BOLTS,29,7250,2026-08-18 18:00:00,29996,ngày lấy từ dòng khác cùng PS
193143,82246,716666,KIB,190+268 TBL 3 S/P BOLTS,31,7750,2026-08-18 18:00:00,29996,ngày lấy từ dòng khác cùng PS
193143,11546370-MY-AK,714684,743,157+245 TBL 1 S/P,33,7260,2026-08-18 18:00:00,29996,ngày lấy từ dòng khác cùng PS
193143,11546370-MY-AK,714686,815,11+293 TBL 5 S/P,36,7920,2026-08-18 18:00:00,29996,ngày lấy từ dòng khác cùng PS
193143,11546370-MY-AK,714688,397,190+268 TBL 3 S/P,36,7920,2026-08-18 18:00:00,29996,ngày lấy từ dòng khác cùng PS
193203,40110160,714076,1444,190+268 TBL 3 S/P,31,6200,2026-08-18 18:00:00,29996,ngày lấy từ dòng khác cùng PS
193203,40110160,714077,254,11+293 TBL 5 S/P,33,6600,2026-08-18 18:00:00,29996,ngày lấy từ dòng khác cùng PS
193203,40110160,714078,1039,190+268 TBL 3 S/P,26,5200,2026-08-18 18:00:00,29996,ngày lấy từ dòng khác cùng PS
193229,06513404AA,716088,1826,157+245 TBL 1 S/P,36,4320,2026-08-18 18:00:00,29996,ngày lấy từ dòng khác cùng PS
193229,06513404AA,716093,1825,11+293 TBL 5 S/P,39,4680,2026-08-18 18:00:00,29996,ngày lấy từ dòng khác cùng PS
193229,06513404AA,716089,1832,252+294 TBL 4 S/P,37,4440,2026-08-18 18:00:00,29996,
193229,06513404AA,716092,1824,11+293 TBL 5 S/P,40,4800,2026-08-18 18:00:00,29996,
193229,06513404AA,716094,1849,157+245 TBL 1 S/P,36,4320,2026-08-18 18:00:00,29996,
193229,61525,717229,KIB,190+268 TBL 3 S/P,23,69000,2026-08-14 18:00:00,29996,
193229,06513404AA,716090,1816,157+245 TBL 1 S/P,37,4440,2026-08-18 18:00:00,29996,
192978,11546437-MY-AK,716074,794,280 BF 114 S/P,59,88500,2026-08-18 18:00:00,29998,ngày lấy từ dòng khác cùng PS
192981,06104388AA,715865,1571,275 MC 04 S/P BOLTS,21,13860,2026-08-18 18:00:00,29998,ngày lấy từ dòng khác cùng PS
193092,11546449,716277,1776,280 BF 123 S/P,36,90000,2026-08-18 18:00:00,29998,ngày lấy từ dòng khác cùng PS
193092,11546449,716274,465,280 BF 123 S/P,36,90000,2026-08-18 18:00:00,29998,ngày lấy từ dòng khác cùng PS
193092,11546449,716273,748,275 BF 102 S/P,36,90000,2026-08-18 18:00:00,29998,ngày lấy từ dòng khác cùng PS
193092,11549169-MY-AK,714520,1365,292 BF 116 S/P,36,23760,2026-08-18 18:00:00,29998,ngày lấy từ dòng khác cùng PS
193092,11549169-MY-AK,714521,1800,290 BF 110 S/P,36,23760,2026-08-18 18:00:00,29998,ngày lấy từ dòng khác cùng PS
193092,11549169-MY-AK,715955,925,292 BF 116 S/P,22,14520,2026-08-18 18:00:00,29998,ngày lấy từ dòng khác cùng PS
193122,11547059,714712,83,"11+293 TBL 5 S/P IN RETURNABLES, BOLTS",34,18700,2026-08-18 18:00:00,29998,ngày lấy từ dòng khác cùng PS
193122,11547059,714711,1312,"157+245 TBL 1 S/P IN RETURNABLES, BOLTS",32,17600,2026-08-18 18:00:00,29998,ngày lấy từ dòng khác cùng PS
193143,11546367-MY-AK,715725,142,292 BF 116 S/P,36,25200,2026-08-18 18:00:00,29998,ngày lấy từ dòng khác cùng PS
193143,11546377,716613,1559,280 BF 118 S/P,36,77400,2026-08-18 18:00:00,29998,ngày lấy từ dòng khác cùng PS
193143,11546367-MY-AK,715728,928,292 BF 116 S/P,36,25200,2026-08-18 18:00:00,29998,ngày lấy từ dòng khác cùng PS
193167,W520413-S450L,714702,243,292 BF 113 S/P,34,64600,2026-08-18 18:00:00,29998,ngày lấy từ dòng khác cùng PS
193167,W520101-S450,714690,774,275 BF 103 S/P,36,108000,2026-08-18 18:00:00,29998,ngày lấy từ dòng khác cùng PS
193188,11546365-MY-AK,714539,1529,275 MC 112 S/P,36,68400,2026-08-18 18:00:00,29998,ngày lấy từ dòng khác cùng PS
193188,11546367-CA-IN,713922,405,157+245 TBL 1 S/P CERT,34,23800,2026-08-18 18:00:00,29998,ngày lấy từ dòng khác cùng PS
193188,11546367-CA-IN,713920,1588,252+294 TBL 4 S/P CERT,37,25900,2026-08-18 18:00:00,29998,ngày lấy từ dòng khác cùng PS
193203,11547059,711043,37CTNS,"285+391 TBL 2 RE-PACK IN RETURNABLES, BOLTS",36,19800,2026-08-18 18:00:00,29998,ngày lấy từ dòng khác cùng PS
193203,11547059,717248,15CTNS,"285+391 TBL 2 RE-PACK IN RETURNABLES, BOLTS",15,8250,2026-08-18 18:00:00,29998,ngày lấy từ dòng khác cùng PS
193205,11602031,716716,288,"190+268 TBL 3 S/P BOLTS, CERT",27,3915,2026-08-18 18:00:00,29998,ngày lấy từ dòng khác cùng PS
193205,11602031,716717,306,"157+245 TBL 1 S/P BOLTS, CERT",36,5220,2026-08-18 18:00:00,29998,ngày lấy từ dòng khác cùng PS
193205,06105048AA,716671,KIB,285+391 TBL 2 S/P BOLTS,34,27200,2026-08-18 18:00:00,29998,ngày lấy từ dòng khác cùng PS
193205,06105048AA,716672,KIB,"157+245 TBL 1 S/P BOLTS, CERT",36,28800,2026-08-18 18:00:00,29998,ngày lấy từ dòng khác cùng PS
193205,06105048AA,716669,KIB,294+252 TBL 4 S/P BOLTS,14,11200,2026-08-18 18:00:00,29998,ngày lấy từ dòng khác cùng PS
193205,06105048AA,716670,KIB,294+252 TBL 3 S/P BOLTS,13,10400,2026-08-18 18:00:00,29998,ngày lấy từ dòng khác cùng PS
193205,11546366-MY-AK,714531,1082,292 MC 26 S/P,36,36000,2026-08-18 18:00:00,29998,ngày lấy từ dòng khác cùng PS
193205,11602031,716712,1569,"285+391 TBL 2 S/P BOLTS, CERT",17,2465,2026-08-18 18:00:00,29998,
193205,11602031,716718,1845,"252+294 TBL 4 S/P BOLTS, CERT",36,5220,2026-08-18 18:00:00,29998,
193252,11517665-A,716867,1306,157+245 TBL 1 S/P,9,27000,2026-08-18 18:00:00,29998,
193092,11546449,715764,32,290 BF 106 S/P,37,92500,2026-08-19 18:00:00,30004,ngày ƯỚC TÍNH (theo số PS)
193092,11546449,715763,702,280 BF 123 S/P,36,90000,2026-08-19 18:00:00,30004,ngày ƯỚC TÍNH (theo số PS)
193092,11546449,716282,363,275 BF 104 S/P,36,90000,2026-08-19 18:00:00,30004,ngày ƯỚC TÍNH (theo số PS)
193092,11546449,716276,1632,290 BF 106 S/P,17,42500,2026-08-19 18:00:00,30004,ngày ƯỚC TÍNH (theo số PS)
193143,06105048AA,716102,KIB,290 BF 105 S/P BOLTS,24,19200,2026-08-19 18:00:00,30004,ngày ƯỚC TÍNH (theo số PS)
193143,11546367-MY-AK,715731,322,280 BF 121 S/P,36,25200,2026-08-19 18:00:00,30004,ngày ƯỚC TÍNH (theo số PS)
193188,11546367-CA-IN,713921,521,252+294 TBL 4 S/P CERT,32,22400,2026-08-19 18:00:00,30004,ngày ƯỚC TÍNH (theo số PS)
193188,11546367-CA-IN,713918,910,11+293 TBL 5 S/P CERT,37,25900,2026-08-19 18:00:00,30004,ngày ƯỚC TÍNH (theo số PS)
193203,HL3W-4320-AA,714257,1702,285+391 TBL 2 S/P IN RETURNABLES,24,4800,2026-08-19 18:00:00,30004,ngày ƯỚC TÍNH (theo số PS)
193203,HL3W-4320-AA,713049,69,285+391 TBL 2 S/P IN RETURNABLES,24,4800,2026-08-19 18:00:00,30004,ngày ƯỚC TÍNH (theo số PS)
193203,11547059,711038,33CTNS,"285+391 TBL 2 S/P IN RETURNABLES, BOLTS",33,18150,2026-08-19 18:00:00,30004,ngày ƯỚC TÍNH (theo số PS)
193203,HL3W-4320-AA,714256,1679,285+391 TBL 2 S/P IN RETURNABLES,48,9600,2026-08-19 18:00:00,30004,ngày ƯỚC TÍNH (theo số PS)
193203,HL3W-4320-AA,713052,660,285+391 TBL 2 S/P IN RETURNABLES,20,4000,2026-08-19 18:00:00,30004,ngày ƯỚC TÍNH (theo số PS)
193205,11547369,714476,467,190+268 TBL 3 S/P,50,12500,2026-08-19 18:00:00,30004,ngày ƯỚC TÍNH (theo số PS)
193205,11547369,714474,1431,293+272 TBL 5 S/P,45,11250,2026-08-19 18:00:00,30004,ngày ƯỚC TÍNH (theo số PS)
193205,11546366-MY-AK,714530,1101,292 MC 19 S/P,36,36000,2026-08-19 18:00:00,30004,ngày ƯỚC TÍNH (theo số PS)
193229,W711468-S437,714086,679,292 MC 26 S/P,20,32000,2026-08-19 18:00:00,30004,ngày ƯỚC TÍNH (theo số PS)
193229,06513404AA,716091,1815,285+391 TBL 2 S/P,36,4320,2026-08-19 18:00:00,30004,ngày ƯỚC TÍNH (theo số PS)
193229,61525,717228,KIB,157+245 TBL 1 S/P,35,105000,2026-08-19 18:00:00,30004,ngày ƯỚC TÍNH (theo số PS)
193229,06513404AA,716095,1850,285+391 TBL 2 S/P,36,4320,2026-08-19 18:00:00,30004,ngày ƯỚC TÍNH (theo số PS)
193252,06101831-A,716504,501,290 BF 110 S/P,40,40000,2026-08-19 18:00:00,30004,ngày ƯỚC TÍNH (theo số PS)
193262,06511777AA,714614,784,157+245 TBL 1 S/P BOLTS,48,19680,2026-08-19 18:00:00,30004,ngày ƯỚC TÍNH (theo số PS)
193262,06511777AA,713045,1320,252+294 TBL 4 S/P BOLTS,30,12300,2026-08-19 18:00:00,30004,ngày ƯỚC TÍNH (theo số PS)
193262,11602659,714714,1585,157+245 TBL 1 S/P BOLTS,31,17050,2026-08-19 18:00:00,30004,ngày ƯỚC TÍNH (theo số PS)
193262,06511777AA,713044,1386,190+268 TBL 3 S/P BOLTS,39,15990,2026-08-19 18:00:00,30004,ngày ƯỚC TÍNH (theo số PS)
193262,11602659,714718,1518,252+294 TBL 4 S/P BOLTS,32,17600,2026-08-19 18:00:00,30004,ngày ƯỚC TÍNH (theo số PS)
193262,11602659,714715,230,190+268 TBL 3 S/P BOLTS,33,18150,2026-08-19 18:00:00,30004,ngày ƯỚC TÍNH (theo số PS)
192933,06503825-A,713995,1331,157+245 TBL 1 S/P TUMBLING,30,45000,2026-08-19 18:00:00,30006,ngày lấy từ dòng khác cùng PS
192950,11549204,715873,387,252+294 TBL 4 S/P,42,8820,2026-08-19 18:00:00,30006,ngày lấy từ dòng khác cùng PS
192950,11549204,715876,333,190+268 TBL 3 S/P,28,5880,2026-08-19 18:00:00,30006,ngày lấy từ dòng khác cùng PS
192981,11546463,716181,1446,190+268 TBL 3 S/P,30,13500,2026-08-19 18:00:00,30006,ngày lấy từ dòng khác cùng PS
193092,11546449,716275,1652,275 BF 104 S/P,36,90000,2026-08-19 18:00:00,30006,ngày lấy từ dòng khác cùng PS
193092,11546449,716272,545,275 BF 102 S/P,36,90000,2026-08-19 18:00:00,30006,ngày lấy từ dòng khác cùng PS
193122,W716298-S450,714425,487,292 BF 113 S/P,36,126000,2026-08-19 18:00:00,30006,ngày lấy từ dòng khác cùng PS
193143,W520113-S440,714526,617,157+245 TBL 1 S/P,36,37800,2026-08-19 18:00:00,30006,ngày lấy từ dòng khác cùng PS
193143,11546367-MY-AK,715722,350,280 BF 121 S/P,36,25200,2026-08-19 18:00:00,30006,ngày lấy từ dòng khác cùng PS
193143,11546367-MY-AK,715729,212,280 BF 121 S/P,36,25200,2026-08-19 18:00:00,30006,ngày lấy từ dòng khác cùng PS
193143,W520113-S440,714528,1555,11+293 TBL 5 S/P,42,44100,2026-08-19 18:00:00,30006,ngày lấy từ dòng khác cùng PS
193143,W520113-S440,714529,760,157+245 TBL 1 S/P,44,46200,2026-08-19 18:00:00,30006,ngày lấy từ dòng khác cùng PS
193167,W520101-S450,714697,933,"275 BF 103 S/P, 16 IN RETURNABLES",52,156000,2026-08-19 18:00:00,30006,ngày lấy từ dòng khác cùng PS
193188,06105102AA,716691,KIB,157+245 TBL 1 S/P BOLTS,36,24120,2026-08-19 18:00:00,30006,ngày lấy từ dòng khác cùng PS
193188,06105102AA,716687,KIB,190+268 TBL 3 S/P BOLTS,36,24120,2026-08-19 18:00:00,30006,ngày lấy từ dòng khác cùng PS
193188,06105102AA,716698,KIB,190+268 TBL 3 S/P BOLTS,36,24120,2026-08-19 18:00:00,30006,ngày lấy từ dòng khác cùng PS
193188,06105102AA,716688,KIB,157+245 TBL 1 S/P BOLTS,33,22110,2026-08-19 18:00:00,30006,ngày lấy từ dòng khác cùng PS
193188,06105102AA,716693,KIB,285+391 TBL 2 S/P BOLTS,30,20100,2026-08-19 18:00:00,30006,ngày lấy từ dòng khác cùng PS
193188,06105102AA,716697,KIB,285+391 TBL 2 S/P BOLTS,23,15410,2026-08-19 18:00:00,30006,ngày lấy từ dòng khác cùng PS
193205,11546449,716526,95,280 BF 123 S/P,36,90000,2026-08-19 18:00:00,30006,ngày lấy từ dòng khác cùng PS
193205,11546449,716519,1807,280 BF 123 S/P,36,90000,2026-08-19 18:00:00,30006,ngày lấy từ dòng khác cùng PS
193205,11546449,716521,581,280 BF 114 S/P,35,87500,2026-08-19 18:00:00,30006,ngày lấy từ dòng khác cùng PS
193252,06101831-A,716503,34,290 BF 110 S/P,21,21000,2026-08-19 18:00:00,30006,ngày lấy từ dòng khác cùng PS
193262,11546774-MY-AK,714274,753,252+294 TBL 4 S/P,27,12150,2026-08-19 18:00:00,30006,ngày lấy từ dòng khác cùng PS
193262,11562515,713213,1610,252+294 TBL 4 S/P BOLTS,23,43700,2026-08-19 18:00:00,30006,ngày lấy từ dòng khác cùng PS
193262,11546774-MY-AK,714649,331,252+294 TBL 4 S/P,17,7650,2026-08-19 18:00:00,30006,ngày lấy từ dòng khác cùng PS
193262,11562515,713212,1008,285+391 TBL 2 S/P BOLTS,13,24700,2026-08-19 18:00:00,30006,ngày lấy từ dòng khác cùng PS
193262,11562515,713210,608,190+268 TBL 3 S/P BOLTS,20,38000,2026-08-19 18:00:00,30006,
193262,11562515,713211,1505,285+391 TBL 2 S/P BOLTS,36,68400,2026-08-19 18:00:00,30006,
193262,55718-S2,660087,1098,190+268 TBL 3 S/P,37,33300,2026-08-19 18:00:00,30006,
193262,11546774-MY-AK,714651,706,252+294 TBL 4 S/P,25,11250,2026-08-19 18:00:00,30006,
193262,24576407-B,714393,263,252+294 TBL 4 S/P,5,8500,2026-08-19 18:00:00,30006,
193262,11546774-MY-AK,714277,721,285+391 TBL 2 S/P,28,12600,2026-08-19 18:00:00,30006,
192681,11612078-B,709057,386,"4 MC 74 S/P CERT, VCI BAGS",34,62900,2026-08-20 18:00:00,30008,ngày lấy từ dòng khác cùng PS
193092,11546449,715762,268,290 BF 106 S/P,34,85000,2026-08-20 18:00:00,30008,ngày lấy từ dòng khác cùng PS
193092,11549169-MY-AK,714519,494,290 BF 110 S/P,52,34320,2026-08-20 18:00:00,30008,ngày lấy từ dòng khác cùng PS
193092,11546463,716594,99,292 BF 116 S/P,26,11700,2026-08-20 18:00:00,30008,ngày lấy từ dòng khác cùng PS
193092,11546463,716593,1410,275 BF 108 S/P,36,16200,2026-08-20 18:00:00,30008,ngày lấy từ dòng khác cùng PS
193092,11546463,716596,801,275 BF 108 S/P,36,16200,2026-08-20 18:00:00,30008,ngày lấy từ dòng khác cùng PS
193143,11546367-MY-AK,715723,564,290 MC 78 S/P,36,25200,2026-08-20 18:00:00,30008,ngày lấy từ dòng khác cùng PS
193143,11547176,716682,KIB,275 MC 04 S/P BOLTS,36,30600,2026-08-20 18:00:00,30008,ngày lấy từ dòng khác cùng PS
193143,11546463,716598,1350,275 BF 108 S/P,9,4050,2026-08-20 18:00:00,30008,ngày lấy từ dòng khác cùng PS
193143,11546463,716600,1760,275 BF 108 S/P,27,12150,2026-08-20 18:00:00,30008,ngày lấy từ dòng khác cùng PS
193143,11547176,716681,KIB,275 MC 04 S/P BOLTS,16,13600,2026-08-20 18:00:00,30008,ngày lấy từ dòng khác cùng PS
193167,W520111-S450B,714706,1737,190+268 TBL 3 S/P,36,126000,2026-08-20 18:00:00,30008,ngày lấy từ dòng khác cùng PS
193188,06105102AA,716694,KIB,11+293 TBL 5 S/P BOLTS,28,18760,2026-08-20 18:00:00,30008,ngày lấy từ dòng khác cùng PS
193188,06105102AA,716696,KIB,190+268 TBL 3 S/P BOLTS,16,10720,2026-08-20 18:00:00,30008,ngày lấy từ dòng khác cùng PS
193188,06105102AA,716695,KIB,157+245 TBL 1 S/P BOLTS,22,14740,2026-08-20 18:00:00,30008,ngày lấy từ dòng khác cùng PS
193188,06105102AA,716692,KIB,190+268 TBL 3 S/P BOLTS,36,24120,2026-08-20 18:00:00,30008,ngày lấy từ dòng khác cùng PS
193188,11546365-MY-AK,714540,125,275 MC 112 S/P,36,68400,2026-08-20 18:00:00,30008,ngày lấy từ dòng khác cùng PS
193188,06105102AA,716689,KIB,190+268 TBL 3 S/P BOLTS,33,22110,2026-08-20 18:00:00,30008,ngày lấy từ dòng khác cùng PS
193188,06105102AA,716690,KIB,252+294 TBL 4 S/P BOLTS,24,16080,2026-08-20 18:00:00,30008,ngày lấy từ dòng khác cùng PS
193205,11546449,716523,1639,280 BF 114 S/P,19,47500,2026-08-20 18:00:00,30008,ngày lấy từ dòng khác cùng PS
193205,07336-54-D01,716341,602,11+293 TBL 5 S/P,38,51300,2026-08-20 18:00:00,30008,ngày lấy từ dòng khác cùng PS
193229,W711468-S437,714087,631,280 BF 120 S/P,37,59200,2026-08-20 18:00:00,30008,ngày lấy từ dòng khác cùng PS
193252,06104388AA,716291,90,157+245 TBL 1 S/P BOLTS,27,17820,2026-08-20 18:00:00,30008,ngày lấy từ dòng khác cùng PS
193252,06101831-A,716505,124,290 BF 110 S/P,36,36000,2026-08-20 18:00:00,30008,ngày lấy từ dòng khác cùng PS
193252,06104388AA,716288,958,190+268 TBL 3 S/P BOLTS,22,14520,2026-08-20 18:00:00,30008,ngày lấy từ dòng khác cùng PS
193252,06104388AA,716290,1390,252+294 TBL 4 S/P BOLTS,34,22440,2026-08-20 18:00:00,30008,ngày lấy từ dòng khác cùng PS
193252,06104388AA,716289,917,157+245 TBL 1 S/P BOLTS,36,23760,2026-08-20 18:00:00,30008,ngày lấy từ dòng khác cùng PS
193252,06513514AA,716772,127,11+293 TBL 5 S/P BOLTS,28,10080,2026-08-20 18:00:00,30008,ngày lấy từ dòng khác cùng PS
193252,06513514AA,716771,1794,157+245 TBL 1 S/P BOLTS,27,9720,2026-08-20 18:00:00,30008,ngày lấy từ dòng khác cùng PS
193252,06101831-A,716508,936,290 BF 110 S/P,30,30000,2026-08-20 18:00:00,30008,ngày lấy từ dòng khác cùng PS
193262,11602659,714719,529,190+268 TBL 3 S/P BOLTS,32,17600,2026-08-20 18:00:00,30008,ngày lấy từ dòng khác cùng PS
193262,55718-S2,660088,1713,11+293 TBL 5 S/P,43,38700,2026-08-20 18:00:00,30008,ngày lấy từ dòng khác cùng PS
193262,11546774-MY-AK,714648,1078,292 BF 117 S/P,15,6750,2026-08-20 18:00:00,30008,ngày lấy từ dòng khác cùng PS
193267,06503825-A,716007,1501,11+293 TBL 5 S/P TUMBLING,20,30000,2026-08-20 18:00:00,30008,
193267,06503825-A,716006,495,11+293 TBL 5 S/P TUMBLING,18,27000,2026-08-20 18:00:00,30008,
193267,11548535,713508,1798,252+294 TBL 4 S/P,37,5550,2026-08-19 18:00:00,30008,
193143,11546463,716597,1748,275 BF 108 S/P,42,18900,2026-08-21 18:00:00,30010,ngày ƯỚC TÍNH (theo số PS)
193143,11546463,716599,901,292 BF 116 S/P,37,16650,2026-08-21 18:00:00,30010,ngày ƯỚC TÍNH (theo số PS)
193167,W520101-S450,714692,792,275 BF 103 S/P,36,108000,2026-08-21 18:00:00,30010,ngày ƯỚC TÍNH (theo số PS)
193188,11546365-MY-AK,714538,1714,275 MC 112 S/P,44,83600,2026-08-21 18:00:00,30010,ngày ƯỚC TÍNH (theo số PS)
193188,06105049AA,716677,KIB,290 BF 105 S/P BOLTS,32,25600,2026-08-21 18:00:00,30010,ngày ƯỚC TÍNH (theo số PS)
193188,11546365-MY-AK,714536,698,292 MC 24 S/P,37,70300,2026-08-21 18:00:00,30010,ngày ƯỚC TÍNH (theo số PS)
193205,11546449,716528,1708,275 BF 104 S/P,36,90000,2026-08-21 18:00:00,30010,ngày ƯỚC TÍNH (theo số PS)
193205,11546449,716525,1449,280 BF 114 S/P,36,90000,2026-08-21 18:00:00,30010,ngày ƯỚC TÍNH (theo số PS)
193205,11546449,716520,28,280 BF 123 S/P,36,90000,2026-08-21 18:00:00,30010,ngày ƯỚC TÍNH (theo số PS)
193205,11546449,716522,497,275 BF 106 S/P,37,92500,2026-08-21 18:00:00,30010,ngày ƯỚC TÍNH (theo số PS)
193229,11546703,713853,960,"285+391 TBL 2 S/P SCREWS, CERT",35,140000,2026-08-21 18:00:00,30010,ngày ƯỚC TÍNH (theo số PS)
193252,11516782,716768,633,290 BF 110 S/P,36,18000,2026-08-21 18:00:00,30010,ngày ƯỚC TÍNH (theo số PS)
193252,06101831-A,716507,255,290 BF 110 S/P,17,17000,2026-08-21 18:00:00,30010,ngày ƯỚC TÍNH (theo số PS)
193262,11610091,716454,1623,292 MC 26 S/P,30,75000,2026-08-21 18:00:00,30010,ngày ƯỚC TÍNH (theo số PS)
193262,11546774-MY-AK,714275,1513,292 BF 117 S/P,31,13950,2026-08-21 18:00:00,30010,ngày ƯỚC TÍNH (theo số PS)
193262,11610091,716450,1060,292 BF 116 S/P,36,90000,2026-08-21 18:00:00,30010,ngày ƯỚC TÍNH (theo số PS)
193263,06513399AA,716752,1763,252+294 TBL 4 S/P,35,8050,2026-08-21 18:00:00,30010,ngày ƯỚC TÍNH (theo số PS)
193263,06513399AA,716309,172,190+268 TBL 3 S/P,36,8280,2026-08-21 18:00:00,30010,ngày ƯỚC TÍNH (theo số PS)
193263,06513399AA,716310,1072,285+391 TBL 2 S/P,35,8050,2026-08-21 18:00:00,30010,ngày ƯỚC TÍNH (theo số PS)
193267,11546571,716002,87,190+268 TBL 3 S/P SCREWS,36,55800,2026-08-21 18:00:00,30010,ngày ƯỚC TÍNH (theo số PS)
193267,11610128,715797,670,11+293 TBL 5 S/P BOLTS,29,32625,2026-08-21 18:00:00,30010,ngày ƯỚC TÍNH (theo số PS)
193267,06105051AA,716021,1002,252+294 TBL 4 S/P BOLTS,32,19840,2026-08-21 18:00:00,30010,ngày ƯỚC TÍNH (theo số PS)
193267,06512834AA,716010,1504,285+391 TBL 2 S/P,32,9280,2026-08-21 18:00:00,30010,ngày ƯỚC TÍNH (theo số PS)
193267,55364498AA,716023,1648,252+294 TBL 4 S/P BOLTS,40,20800,2026-08-21 18:00:00,30010,ngày ƯỚC TÍNH (theo số PS)
193267,11546774,713582,865,290 MC 78 S/P,36,16200,2026-08-21 18:00:00,30010,ngày ƯỚC TÍNH (theo số PS)
193267,55364498AA,716022,984,190+268 TBL 3 S/P BOLTS,7,3640,2026-08-21 18:00:00,30010,ngày ƯỚC TÍNH (theo số PS)
193122,11612078-B,714056,332,15 TBL 7 S/P BTB-->POT#262,1,70000,2026-08-21 18:00:00,30011,ngày lấy từ dòng khác cùng PS
193122,11612078-B,712888,262,15 TBL 7 S/P BTB-->POT#422,1,72000,2026-08-21 18:00:00,30011,ngày lấy từ dòng khác cùng PS
193167,NU3014-02,716247,552,245+293 TBL 6 S/P,1,10092,2026-08-21 18:00:00,30011,ngày lấy từ dòng khác cùng PS
193167,NU3014-02,716246,68,294+252 TBL 4 S/P,1,10000,2026-08-21 18:00:00,30011,ngày lấy từ dòng khác cùng PS
193167,NU3014-02,716249,766,245+293 TBL 6 S/P,1,9875,2026-08-21 18:00:00,30011,ngày lấy từ dòng khác cùng PS
193167,NU3014-02,716248,593,190+268 TBL 3 S/P,1,9980,2026-08-21 18:00:00,30011,ngày lấy từ dòng khác cùng PS
193167,NU3014-02,716250,1710,285+391 TBL 2 S/P,1,10154,2026-08-21 18:00:00,30011,ngày lấy từ dòng khác cùng PS
193167,NU3014-02,716253,1591,252+294 TBL 4 S/P,1,9250,2026-08-21 18:00:00,30011,ngày lấy từ dòng khác cùng PS
193167,11612078-B,712887,100,15 TBL 7 S/P BTB-->POT#226,1,72000,2026-08-21 18:00:00,30011,ngày lấy từ dòng khác cùng PS
193229,NU5210-03,717106,411,280 MC 78 S/P,1,37210,2026-08-21 18:00:00,30011,ngày lấy từ dòng khác cùng PS
193229,11612078-B,714062,806,15 TBL 7 S/P BTB-->POT#100,1,75000,2026-08-21 18:00:00,30011,ngày lấy từ dòng khác cùng PS
193263,11548535,716969,241,285+391 TBL 2 S/P BTB-->POT#1330,1,5710,2026-08-21 18:00:00,30011,ngày lấy từ dòng khác cùng PS
193263,11548535,716970,588,285+391 TBL 2 S/P BTB-->POT#1763,1,5500,2026-08-21 18:00:00,30011,ngày lấy từ dòng khác cùng PS
193267,NU3014-02,716252,604,11+293 TBL 5 S/P,1,10737,2026-08-21 18:00:00,30011,ngày lấy từ dòng khác cùng PS
193267,NU3014-02,716251,167,157+245 TBL 1 S/P,1,9980,2026-08-21 18:00:00,30011,ngày lấy từ dòng khác cùng PS
193267,11612078-B,714058,226,15 TBL 7 S/P BTB-->POT#322,1,82000,2026-08-21 18:00:00,30011,ngày lấy từ dòng khác cùng PS
193322,W20-1028-020SL,716851,1664,157+245 TBL 1 S/P,27,5805,2026-08-21 18:00:00,30011,ngày lấy từ dòng khác cùng PS
193322,W20-1028-020SL,716850,1411,285+391 TBL 2 S/P,25,5375,2026-08-21 18:00:00,30011,ngày lấy từ dòng khác cùng PS
193322,W20-1028-020SL,716852,638,190+268 TBL 3 S/P,36,7740,2026-08-21 18:00:00,30011,ngày lấy từ dòng khác cùng PS
193322,W20-1028-020SL,716849,193,157+245 TBL 1 S/P,35,7525,2026-08-21 18:00:00,30011,ngày lấy từ dòng khác cùng PS
193336,NU1237,716808,408,252+294 TBL 4 S/P,1,22000,2026-08-21 18:00:00,30011,ngày lấy từ dòng khác cùng PS
193336,NU1237,716807,1446,11+293 TBL 5 S/P,1,20000,2026-08-21 18:00:00,30011,ngày lấy từ dòng khác cùng PS
193336,NU1237,716809,1038,11+293 TBL 5 S/P,1,27460,2026-08-21 18:00:00,30011,ngày lấy từ dòng khác cùng PS
193336,NU1405-00,717281,1712,190+268 TBL 3 S/P,1,69900,2026-08-21 18:00:00,30011,ngày lấy từ dòng khác cùng PS
193336,NU1237,716810,1510,252+294 TBL 4 S/P,1,26500,2026-08-21 18:00:00,30011,ngày lấy từ dòng khác cùng PS
193336,NU1405-00,717279,1632,157+245 TBL 1 S/P,1,72000,2026-08-21 18:00:00,30011,ngày lấy từ dòng khác cùng PS
193336,11588293,717555,KIB,285+391 TBL 2 S/P,34,39100,2026-08-21 18:00:00,30011,
193336,NA1055-02,716815,260,11+293 TBL 5 S/P,28,12600,2026-08-21 18:00:00,30011,
192933,11612078-B,708874,767,"4  MC 74 S/P CERT, VCI BAGS",36,66600,2026-08-21 18:00:00,30013,ngày lấy từ dòng khác cùng PS
193143,11546367-MY-AK,715730,1757,292 BF 116 S/P,36,25200,2026-08-21 18:00:00,30013,ngày lấy từ dòng khác cùng PS
193188,06511847AA,716163,427,290 MC 78 S/P,36,27000,2026-08-21 18:00:00,30013,ngày lấy từ dòng khác cùng PS
193188,06511834AA,715602,23,245+293 TBL 6 S/P BOLTS,23,2300,2026-08-21 18:00:00,30013,ngày lấy từ dòng khác cùng PS
193188,06511834AA,716328,889,157 TBL 1 S/P BOLTS,32,3200,2026-08-21 18:00:00,30013,ngày lấy từ dòng khác cùng PS
193188,06511834AA,715603,688,245+293 TBL 6 S/P BOLTS,36,3600,2026-08-21 18:00:00,30013,ngày lấy từ dòng khác cùng PS
193188,06511834AA,716327,26,285+391 TBL 2 S/P BOLTS,21,2100,2026-08-21 18:00:00,30013,ngày lấy từ dòng khác cùng PS
193188,11546367-CA-IN,714352,1302,11+272 TBL 5 S/P CERT,35,24500,2026-08-21 18:00:00,30013,ngày lấy từ dòng khác cùng PS
193188,11546367-CA-IN,714350,908,252+294 TBL 5 S/P CERT,25,17500,2026-08-21 18:00:00,30013,ngày lấy từ dòng khác cùng PS
193188,11547369,714479,279,252+294 TBL 4 S/P,51,12750,2026-08-21 18:00:00,30013,ngày lấy từ dòng khác cùng PS
193188,11547369,714482,252,245+293 TBL 6 S/P,45,11250,2026-08-21 18:00:00,30013,ngày lấy từ dòng khác cùng PS
193205,11546449,716514,48,275 BF 102 S/P,36,90000,2026-08-21 18:00:00,30013,ngày lấy từ dòng khác cùng PS
193205,11546449,716518,174,280 BF 114 S/P,36,90000,2026-08-21 18:00:00,30013,ngày lấy từ dòng khác cùng PS
193205,11602031,716711,1841,"190+268 TBL 3 S/P BOLTS, CERT",31,4495,2026-08-21 18:00:00,30013,ngày lấy từ dòng khác cùng PS
193252,11546364-MY-AK,716333,1301,292 BF 113 S/P,43,150500,2026-08-21 18:00:00,30013,ngày lấy từ dòng khác cùng PS
193252,11516782,716767,598,290 BF 110 S/P,34,17000,2026-08-21 18:00:00,30013,ngày lấy từ dòng khác cùng PS
193262,11546774-MY-AK,714650,818,292 BF 117 S/P,26,11700,2026-08-21 18:00:00,30013,ngày lấy từ dòng khác cùng PS
193262,11546774-MY-AK,714276,943,292 BF 117 S/P,29,13050,2026-08-21 18:00:00,30013,ngày lấy từ dòng khác cùng PS
193262,11610091,716451,301,292 BF 116 S/P,22,55000,2026-08-21 18:00:00,30013,ngày lấy từ dòng khác cùng PS
193263,06513399AA,716753,349,285+391 TBL 2 S/P,35,8050,2026-08-21 18:00:00,30013,ngày lấy từ dòng khác cùng PS
193267,W520101-S442,714695,498,275 MC 112 S/P,36,108000,2026-08-21 18:00:00,30013,ngày lấy từ dòng khác cùng PS
193267,11546703,713858,422,11+293 TBL 5 S/P SCREWS,31,124000,2026-08-21 18:00:00,30013,ngày lấy từ dòng khác cùng PS
193267,06105051AA,716020,292,190+268 TBL 3 S/P BOLTS,20,12400,2026-08-21 18:00:00,30013,ngày lấy từ dòng khác cùng PS
193267,11546703,713859,55,391+285 TBL 2 S/P SCREWS,34,136000,2026-08-21 18:00:00,30013,ngày lấy từ dòng khác cùng PS
193267,W711468-S437,714085,620,280 BF 120 S/P,30,48000,2026-08-21 18:00:00,30013,ngày lấy từ dòng khác cùng PS
193267,11546703,714420,1324,190+268 TBL 3 S/P SCREWS,34,136000,2026-08-21 18:00:00,30013,ngày lấy từ dòng khác cùng PS
193267,11546703,714422,542,252+294 TBL 4 S/P SCREWS,29,116000,2026-08-21 18:00:00,30013,ngày lấy từ dòng khác cùng PS
193267,06512834AA,716011,1016,285+391 TBL 2 S/P,29,8410,2026-08-21 18:00:00,30013,ngày lấy từ dòng khác cùng PS
193267,06512732AA,716029,1596,11+293 TBL 5 S/P BOLTS,15,11250,2026-08-20 18:00:00,30013,
193295,11546774-MY-AK,714656,1099,292 BF 117 S/P,36,16200,2026-08-20 18:00:00,30013,
193295,06503825-A,716009,672,11+293 TBL 5 S/P TUMBLING,53,79500,2026-08-20 18:00:00,30013,
193336,11588293,717556,KIB,190+268 TBL 3 S/P,26,29900,2026-08-21 18:00:00,30013,
193336,NA1055-02,716816,233,294+252 TBL 4 S/P,40,18000,2026-08-21 18:00:00,30013,
193336,06514720AA,716661,135,11+293 TBL 5 S/P BOLTS,36,45000,2026-08-21 18:00:00,30013,
193336,NU1405-00,717280,820,285+391 TBL 2 S/P,1,77696,2026-08-21 18:00:00,30013,
190436,11612078-B,706811,1026,04 MC074 S/P IN VCI,26,48100,2026-08-22 18:00:00,30018,ngày ƯỚC TÍNH (theo số PS)
193092,11546449,715765,951,280 BF114 S/P,36,90000,2026-08-22 18:00:00,30018,ngày ƯỚC TÍNH (theo số PS)
193092,11549169-MY-AK,714518,369,292 BF116 S/P CERT,39,25740,2026-08-22 18:00:00,30018,ngày ƯỚC TÍNH (theo số PS)
193092,11546463,716595,1106,275 BF108 S/P,36,16200,2026-08-22 18:00:00,30018,ngày ƯỚC TÍNH (theo số PS)
193143,11546367-MY-AK,715724,1613,292 BF116 S/P CERT,36,25200,2026-08-22 18:00:00,30018,ngày ƯỚC TÍNH (theo số PS)
193143,11546377,716616,440,292 MC024 S/P,19,40850,2026-08-22 18:00:00,30018,ngày ƯỚC TÍNH (theo số PS)
193167,W520101-S450,714696,881,275 BF103 S/P,36,108000,2026-08-22 18:00:00,30018,ngày ƯỚC TÍNH (theo số PS)
193188,06105049AA,716678,KIB,290 BF105 S/P BOLTS,36,28800,2026-08-22 18:00:00,30018,ngày ƯỚC TÍNH (theo số PS)
193188,11546367-CA-IN,713919,1809,285/391 TB2 S/P CERTS,39,27300,2026-08-22 18:00:00,30018,ngày ƯỚC TÍNH (theo số PS)
193188,11546367-CA-IN,714351,1712,245/293 TB6 S/P CERTS,39,27300,2026-08-22 18:00:00,30018,ngày ƯỚC TÍNH (theo số PS)
193188,11547369,714480,1339,285/391 TB2 S/P,44,11000,2026-08-22 18:00:00,30018,ngày ƯỚC TÍNH (theo số PS)
193205,11602031,716713,770,252/294 TB4 S/P,32,4640,2026-08-22 18:00:00,30018,ngày ƯỚC TÍNH (theo số PS)
193205,11602031,716714,1068,252 TB4 S/P BOLTS,27,3915,2026-08-22 18:00:00,30018,ngày ƯỚC TÍNH (theo số PS)
193205,11602031,716715,250,157/245 TB1 S/P,22,3190,2026-08-22 18:00:00,30018,ngày ƯỚC TÍNH (theo số PS)
193205,11547369,714472,399,190/268 TB3 S/P,36,9000,2026-08-22 18:00:00,30018,ngày ƯỚC TÍNH (theo số PS)
193205,11547369,714300,1005,190/268 TB3 S/P,36,9000,2026-08-22 18:00:00,30018,ngày ƯỚC TÍNH (theo số PS)
193205,11547369,714475,820,285/391 TB2 S/P,28,7000,2026-08-22 18:00:00,30018,ngày ƯỚC TÍNH (theo số PS)
193205,11546369-MY-AK,713473,1629,252 TB4 S/P CERTS,35,10500,2026-08-22 18:00:00,30018,ngày ƯỚC TÍNH (theo số PS)
193229,W711468-S437,714084,378,292 MC019 S/P,32,51200,2026-08-22 18:00:00,30018,ngày ƯỚC TÍNH (theo số PS)
193229,W711468-S437,714261,809,292 MC26 S/P,39,62400,2026-08-22 18:00:00,30018,ngày ƯỚC TÍNH (theo số PS)
193262,11610091,716448,1549,292 MC026 S/P,31,77500,2026-08-22 18:00:00,30018,ngày ƯỚC TÍNH (theo số PS)
193263,11588714,717113,KIB,285/391 TB2 S/P BOLTS,36,50400,2026-08-22 18:00:00,30018,ngày ƯỚC TÍNH (theo số PS)
193267,W520101-S442,714694,650,275 MC112 S/P,36,108000,2026-08-22 18:00:00,30018,ngày ƯỚC TÍNH (theo số PS)
193336,06514720AA,716664,195,195 TB5 S/P,21,26250,2026-08-22 18:00:00,30018,ngày ƯỚC TÍNH (theo số PS)
193336,F1302AB,714580,522,157/245 TB1 S/P BOLTS,28,19600,2026-08-22 18:00:00,30018,ngày ƯỚC TÍNH (theo số PS)
193336,F1302AB,714581,116,11/293 TB5 S/P BOLTS,30,21000,2026-08-22 18:00:00,30018,ngày ƯỚC TÍNH (theo số PS)
193336,06514720AA,716663,305,285/391 TB2 S/P BOLTS,35,43750,2026-08-22 18:00:00,30018,ngày ƯỚC TÍNH (theo số PS)
192933,11612078-B,709059,1440,"4 MC 74 S/P CERT, VCI BAGS",36,66600,2026-08-24 18:00:00,30024,ngày lấy từ dòng khác cùng PS
193188,06105049AA,716680,KIB,290 BF 105 S/P BOLTS,19,15200,2026-08-24 18:00:00,30024,ngày lấy từ dòng khác cùng PS
193188,06105049AA,716679,KIB,290 BF 105 S/P BOLTS,11,8800,2026-08-24 18:00:00,30024,ngày lấy từ dòng khác cùng PS
193229,11546703,714423,307,"157+245 TBL 1 S/P SCREWS, CERT",27,108000,2026-08-24 18:00:00,30024,ngày lấy từ dòng khác cùng PS
193229,11546703,713854,1406,"252+272 TBL 4 S/P SCREWS, CERT",32,128000,2026-08-24 18:00:00,30024,ngày lấy từ dòng khác cùng PS
193252,11546364-MY-AK,716335,1769,280 BF 124 S/P,21,73500,2026-08-24 18:00:00,30024,ngày lấy từ dòng khác cùng PS
193252,06101831-A,716506,601,280 BF 121 S/P,34,34000,2026-08-24 18:00:00,30024,ngày lấy từ dòng khác cùng PS
193252,11546437,716759,757,275 BF 104 S/P,48,72000,2026-08-24 18:00:00,30024,ngày lấy từ dòng khác cùng PS
193262,91054,714018,244,157+245 TBL 1 S/P CERT,38,64600,2026-08-24 18:00:00,30024,ngày lấy từ dòng khác cùng PS
193262,91054,714019,309,285+391 TBL 2 S/P CERT,39,66300,2026-08-24 18:00:00,30024,ngày lấy từ dòng khác cùng PS
193262,91054,714021,569,11 TBL 5 S/P CERT,23,39100,2026-08-24 18:00:00,30024,ngày lấy từ dòng khác cùng PS
193262,91054,714020,1378,190+268 TBL 3 S/P CERT,45,76500,2026-08-24 18:00:00,30024,ngày lấy từ dòng khác cùng PS
193267,W711468-S437,713267,298,280 BF 120 S/P,27,43200,2026-08-24 18:00:00,30024,ngày lấy từ dòng khác cùng PS
193267,W520101-S450,714691,585,275 BF 103 S/P,39,117000,2026-08-24 18:00:00,30024,ngày lấy từ dòng khác cùng PS
193295,11604000,717443,KIB,157+245 TBL 1 S/P BOLTS,24,14040,2026-08-24 18:00:00,30024,ngày lấy từ dòng khác cùng PS
193322,11546367-MY-AK,716133,722,280 BF 121 S/P,28,19600,2026-08-24 18:00:00,30024,ngày lấy từ dòng khác cùng PS
193322,11546367-MY-AK,716134,1031,290 MC 78 S/P,39,27300,2026-08-24 18:00:00,30024,ngày lấy từ dòng khác cùng PS
193322,11546367-MY-AK,716382,365,280 BF 121 S/P,36,25200,2026-08-24 18:00:00,30024,ngày lấy từ dòng khác cùng PS
193336,11588293,717554,KIB,190+268 TBL 3 S/P,24,27600,2026-08-24 18:00:00,30024,ngày lấy từ dòng khác cùng PS
193336,06514720AA,716662,883,294+252 TBL 4 S/P BOLTS,34,42500,2026-08-24 18:00:00,30024,ngày lấy từ dòng khác cùng PS
193378,06512834AA,716547,795,285+391 TBL 2 S/P,24,6960,2026-08-24 18:00:00,30024,ngày lấy từ dòng khác cùng PS
193378,06512834AA,716548,814,252+294 TBL 4 S/P,23,6670,2026-08-24 18:00:00,30024,ngày lấy từ dòng khác cùng PS
193378,06506707AA,716530,1594,252+294 TBL 4 S/P,34,27880,2026-08-24 18:00:00,30024,ngày lấy từ dòng khác cùng PS
193378,06514720AA,716660,1095,252+294 TBL 4 S/P BOLTS,32,40000,2026-08-24 18:00:00,30024,ngày lấy từ dòng khác cùng PS
193378,11546774,713586,18,157+245 TBL 1 S/P,21,9450,2026-08-24 18:00:00,30024,ngày lấy từ dòng khác cùng PS
193378,90280051,716540,456,11 TBL 5 S/P BOLTS,24,96000,2026-08-24 18:00:00,30024,ngày lấy từ dòng khác cùng PS
193378,06503825-A,716542,680,157+245 TBL 1 S/P TUMBLING,36,54000,2026-08-24 18:00:00,30024,ngày lấy từ dòng khác cùng PS
193378,06506707AA,716529,1791,279 TBL 5 S/P,25,20500,2026-08-24 18:00:00,30024,
193378,85158B,716579,813,252+294 TBL 4 S/P BOLTS,33,19800,2026-08-24 18:00:00,30024,
193378,06514720AA,716659,267,285+391 TBL 2 S/P BOLTS,34,42500,2026-08-24 18:00:00,30024,
193092,11546449,716279,1102,280 BF 123 S/P,36,90000,2026-08-24 18:00:00,30026,ngày lấy từ dòng khác cùng PS
193167,W520101-S450,714696,881,275 BF 103 S/P,47,141000,2026-08-24 18:00:00,30026,ngày lấy từ dòng khác cùng PS
193188,06511834AA,716326,97,285+391 TBL 2 S/P BOLTS,36,3600,2026-08-24 18:00:00,30026,ngày lấy từ dòng khác cùng PS
193203,HL3W-4320-AA,714604,1678,285+391 TBL 2 S/P IN RETURNABLES,24,4800,2026-08-24 18:00:00,30026,ngày lấy từ dòng khác cùng PS
193203,HL3W-4320-AA,714606,175,285+391 TBL 2 S/P IN RETURNABLES,24,4800,2026-08-24 18:00:00,30026,ngày lấy từ dòng khác cùng PS
193203,HL3W-4320-AA,713053,548,285+391 TBL 2 S/P IN RETURNABLES,42,8400,2026-08-24 18:00:00,30026,ngày lấy từ dòng khác cùng PS
193205,11546449,716527,1381,275 BF 102 S/P,36,90000,2026-08-24 18:00:00,30026,ngày lấy từ dòng khác cùng PS
193205,11546449,716524,73,280 BF 123 S/P,36,90000,2026-08-24 18:00:00,30026,ngày lấy từ dòng khác cùng PS
193205,11546366-MY-AK,714531,1082,292 MC 19 S/P,49,49000,2026-08-24 18:00:00,30026,ngày lấy từ dòng khác cùng PS
193252,11546364-MY-AK,716334,478,280 BF 124 S/P,36,126000,2026-08-24 18:00:00,30026,ngày lấy từ dòng khác cùng PS
193262,06511777AA,714617,486,190+268 TBL 3 S/P BOLTS,38,15580,2026-08-24 18:00:00,30026,ngày lấy từ dòng khác cùng PS
193263,06513399AA,716756,686,190+268 TBL 3 S/P,7,1610,2026-08-24 18:00:00,30026,ngày lấy từ dòng khác cùng PS
193263,06513399AA,716751,445,157+245 TBL 1 S/P,32,7360,2026-08-24 18:00:00,30026,ngày lấy từ dòng khác cùng PS
193263,06513399AA,716754,358,252+294 TBL 4 S/P,34,7820,2026-08-24 18:00:00,30026,ngày lấy từ dòng khác cùng PS
193263,06513399AA,716308,655,157+245 TBL 1 S/P,36,8280,2026-08-24 18:00:00,30026,ngày lấy từ dòng khác cùng PS
193263,11588714,717116,KIB,190+268 TBL3 S/P BOLTS,24,33600,2026-08-24 18:00:00,30026,ngày lấy từ dòng khác cùng PS
193263,06513399AA,716307,703,157+245 TBL 1 S/P,36,8280,2026-08-24 18:00:00,30026,ngày lấy từ dòng khác cùng PS
193263,11588714,717086,KIB,252+294 TBL 4 S/P BOLTS,22,30800,2026-08-24 18:00:00,30026,ngày lấy từ dòng khác cùng PS
193263,11588714,717115,KIB,285+391 TBL 2 S/P BOLTS,15,21000,2026-08-24 18:00:00,30026,ngày lấy từ dòng khác cùng PS
193263,11588714,717084,KIB,252 TBL 4 S/P BOLTS,27,37800,2026-08-24 18:00:00,30026,ngày lấy từ dòng khác cùng PS
193263,11588714,717085,KIB,157+245 TBL 1 S/P BOLTS,22,30800,2026-08-24 18:00:00,30026,ngày lấy từ dòng khác cùng PS
193263,11588714,717083,KIB,11+293 TBL 5 S/P BOLTS,15,21000,2026-08-24 18:00:00,30026,ngày lấy từ dòng khác cùng PS
193267,11546774-MY-AK,714653,152,157+245 TBL 1 S/P,23,10350,2026-08-24 18:00:00,30026,ngày lấy từ dòng khác cùng PS
193267,11610128,715796,1330,252+294 TBL 4 S/P BOLTS,27,30375,2026-08-24 18:00:00,30026,ngày lấy từ dòng khác cùng PS
193322,11546367-MY-AK,716132,158,292 MC 110 S/P,36,25200,2026-08-24 18:00:00,30026,ngày lấy từ dòng khác cùng PS
193378,55364498AA,716578,290,190+268 TBL 3 S/P BOLTS,22,11440,2026-08-24 18:00:00,30026,ngày lấy từ dòng khác cùng PS
193378,06503825-A,716541,565,11 TBL 5 S/P TUMBLING,33,49500,2026-08-24 18:00:00,30026,ngày lấy từ dòng khác cùng PS
193378,06503825-A,716543,12,190+268 TBL 3 S/P TUMBLING,43,64500,2026-08-24 18:00:00,30026,ngày lấy từ dòng khác cùng PS
193378,06503825-A,716544,404,157+245 TBL 1 S/P TUMBLING,58,87000,2026-08-24 18:00:00,30026,ngày lấy từ dòng khác cùng PS
193378,55364498AA,716577,561,252+294 TBL 4 S/P BOLTS,25,13000,2026-08-24 18:00:00,30026,ngày lấy từ dòng khác cùng PS
193378,06105051AA,716534,418,285+391 TBL 2 S/P BOLTS,34,21080,2026-08-24 18:00:00,30026,
193378,06105051AA,716533,1076,285+391 TBL 2 S/P BOLTS,19,11780,2026-08-24 18:00:00,30026,
193378,06514720AA,716657,105,11 TBL 5 S/P BOLTS,37,46250,2026-08-24 18:00:00,30026,
193443,94012078,717474,1426,285/391 TB2 S/P,23,2300,2026-08-25 18:00:00,30030,ngày ƯỚC TÍNH (theo số PS)
193443,F1302AB,714006,934,190/268 TB3 S/P BOLTS,39,27300,2026-08-25 18:00:00,30030,ngày ƯỚC TÍNH (theo số PS)
193407,06101968-A,716862,208,275 BF103 S/P,36,79200,2026-08-25 18:00:00,30030,ngày ƯỚC TÍNH (theo số PS)
193443,92468,716445,967,157 TB1 S/P BOLTS,29,29000,2026-08-25 18:00:00,30030,ngày ƯỚC TÍNH (theo số PS)
193443,61273,716243,1801,252 TB4 S/P BOLTS,25,7500,2026-08-25 18:00:00,30030,ngày ƯỚC TÍNH (theo số PS)
193443,61273,716240,281,11 TB5 S/P BOLTS,23,6900,2026-08-25 18:00:00,30030,ngày ƯỚC TÍNH (theo số PS)
193398,H62534A,716774,687,275 BF112 S/P,23,17250,2026-08-25 18:00:00,30030,ngày ƯỚC TÍNH (theo số PS)
193252,11549168-CA-IN,710824,1061,272 MC026 S/P CERTS,36,36000,2026-08-25 18:00:00,30030,ngày ƯỚC TÍNH (theo số PS)
193443,06514720AA,716658,182,190/268 TB3 S/P,24,30000,2026-08-25 18:00:00,30030,ngày ƯỚC TÍNH (theo số PS)
193371,06101831-A,716890,1568,290 BF110 S/P,36,36000,2026-08-25 18:00:00,30030,ngày ƯỚC TÍNH (theo số PS)
193443,11602023,715810,882,011 TB5 S/P BOLTS,28,37800,2026-08-25 18:00:00,30030,ngày ƯỚC TÍNH (theo số PS)
193339,06104725AA,716793,1687,280 BF114 S/P,36,100800,2026-08-25 18:00:00,30030,ngày ƯỚC TÍNH (theo số PS)
193443,F1302AB,714005,1055,252 TB4 S/P BOLTS,28,19600,2026-08-25 18:00:00,30030,ngày ƯỚC TÍNH (theo số PS)
193252,11546437,716758,1700,290 BF106 S/P,57,85500,2026-08-25 18:00:00,30030,ngày ƯỚC TÍNH (theo số PS)
193339,11548414,717056,120,290 BF109 S/P,3,1455,2026-08-25 18:00:00,30030,ngày ƯỚC TÍNH (theo số PS)
193339,11548414,717054,913,290 BF109 S/P,36,17460,2026-08-25 18:00:00,30030,ngày ƯỚC TÍNH (theo số PS)
193322,11546367-MY-AK,716138,101,004 BF110 S/P CERTS,36,25200,2026-08-25 18:00:00,30030,ngày ƯỚC TÍNH (theo số PS)
193371,11546378-MY-AK,716466,396,290 BF107 S/P CERTS,36,45000,2026-08-25 18:00:00,30030,ngày ƯỚC TÍNH (theo số PS)
193339,06104725AA,716794,1775,280 BF123 S/P,36,100800,2026-08-25 18:00:00,30030,ngày ƯỚC TÍNH (theo số PS)
193371,11546366-MY-AK,715949,51,290 BF110 S/P CERTS,65,65000,2026-08-25 18:00:00,30030,ngày ƯỚC TÍNH (theo số PS)
193371,11546365-MY-AK,715966,808,280 BF124 S/P,40,76000,2026-08-25 18:00:00,30030,ngày ƯỚC TÍNH (theo số PS)
193378,11502717-TH-TC,717541,655,285/391 S/P  IN RETURNABLE,24,31200,2026-08-25 18:00:00,30030,ngày ƯỚC TÍNH (theo số PS)
193336,11547059,716254,738,252 TB4 S/P IN RETURNABLE,24,13200,2026-08-25 18:00:00,30030,ngày ƯỚC TÍNH (theo số PS)
193378,11502717-TH-TC,717542,604,285/391 TB2 S/P IN RETURNABLE,19,24700,2026-08-25 18:00:00,30030,ngày ƯỚC TÍNH (theo số PS)
193398,11547369-BR-HA,716040,1821,252/294 TB4 S/P CERTS,38,9500,2026-08-25 18:00:00,30030,ngày ƯỚC TÍNH (theo số PS)
193371,11546365-MY-AK,715969,860,280 BF124 S/P CERTS,36,68400,2026-08-25 18:00:00,30030,ngày ƯỚC TÍNH (theo số PS)
193443,06503825-A,716005,1548,285/391 TB2 S/P TUMBLE,50,75000,2026-08-25 18:00:00,30030,ngày ƯỚC TÍNH (theo số PS)
193371,06101831-A,716887,1659,290 BF110 S/P,36,36000,2026-08-25 18:00:00,30030,ngày ƯỚC TÍNH (theo số PS)
192831,06512106AA,715612,102,252 TB4 S/P,30,6000,2026-08-25 18:00:00,30030,ngày ƯỚC TÍNH (theo số PS)
193443,F1302AB,714576,847,157/245 TB1 S/P,17,11900,2026-08-25 18:00:00,30030,ngày ƯỚC TÍNH (theo số PS)
193378,W705606-S440,717755,KIB,292 BF117 S/P,36,20880,2026-08-25 18:00:00,30030,ngày ƯỚC TÍNH (theo số PS)
193407,W520217-S440,715989,1550,252 TB4 S/P,36,4860,2026-08-25 18:00:00,30030,ngày ƯỚC TÍNH (theo số PS)
193378,W705606-S440,717753,KIB,290 BF107 S/P,36,20880,2026-08-25 18:00:00,30030,ngày ƯỚC TÍNH (theo số PS)
193252,11546437,716763,91,290 BF106 S/P,51,76500,2026-08-26 18:00:00,30031,ngày ƯỚC TÍNH (theo số PS); nâng lên ngày sản xuất cuối
193252,11546437,716757,1842,275 BF102 S/P,54,81000,2026-08-26 18:00:00,30031,ngày ƯỚC TÍNH (theo số PS); nâng lên ngày sản xuất cuối
193252,11546437,716762,1387,275 BF104 S/P,54,81000,2026-08-25 18:00:00,30031,ngày ƯỚC TÍNH (theo số PS)
193267,W520101-S437,714698,188,280 BF120 S/P,44,132000,2026-08-25 18:00:00,30031,ngày ƯỚC TÍNH (theo số PS)
193322,11546449,716878,150,275 BF102 S/P,32,80000,2026-08-25 18:00:00,30031,ngày ƯỚC TÍNH (theo số PS)
193322,11546449,716872,559,290 BF106 S/P,36,90000,2026-08-25 18:00:00,30031,ngày ƯỚC TÍNH (theo số PS)
193322,11546449,716868,1028,280 BF114 S/P,36,90000,2026-08-25 18:00:00,30031,ngày ƯỚC TÍNH (theo số PS)
193322,11546378-MY-AK,715964,712,290 BF107 S/P,36,45000,2026-08-25 18:00:00,30031,ngày ƯỚC TÍNH (theo số PS)
193322,11546367-MY-AK,716378,1512,290 BF110 S/P,36,25200,2026-08-25 18:00:00,30031,ngày ƯỚC TÍNH (theo số PS)
193336,11547059,716254,738,252/294 TB4 S/P,48,26400,2026-08-25 18:00:00,30031,ngày ƯỚC TÍNH (theo số PS)
193339,06104725AA,716795,1539,275 MC112 S/P,36,100800,2026-08-25 18:00:00,30031,ngày ƯỚC TÍNH (theo số PS)
193339,11548414,717050,1409,004 BF117 S/P,44,21340,2026-08-25 18:00:00,30031,ngày ƯỚC TÍNH (theo số PS)
193339,06104388AA,716803,373,252 TB4 S/P,31,20460,2026-08-25 18:00:00,30031,ngày ƯỚC TÍNH (theo số PS)
193339,06104388AA,716801,1603,157/245 TB1 S/P BOLTS,36,23760,2026-08-25 18:00:00,30031,ngày ƯỚC TÍNH (theo số PS)
193339,06104384AA,716769,577,252/294 TB4 S/P,30,22500,2026-08-25 18:00:00,30031,ngày ƯỚC TÍNH (theo số PS)
193339,06104384AA,716770,1522,252/294 TB4 S/P,36,27000,2026-08-25 18:00:00,30031,ngày ƯỚC TÍNH (theo số PS)
193371,06101831-A,716889,304,290 BF109 S/P,36,36000,2026-08-25 18:00:00,30031,ngày ƯỚC TÍNH (theo số PS)
193371,06509967AA,716989,KIB,290 BF105 S/P BOLTS,29,23925,2026-08-25 18:00:00,30031,ngày ƯỚC TÍNH (theo số PS)
193371,11546462,717079,1382,275 BF108 S/P,30,19500,2026-08-25 18:00:00,30031,ngày ƯỚC TÍNH (theo số PS)
193371,11546378-MY-AK,716468,462,292 BF107 S/P,36,45000,2026-08-25 18:00:00,30031,ngày ƯỚC TÍNH (theo số PS)
193378,06102398AA,716536,610,004 BF113 S/P,25,120000,2026-08-25 18:00:00,30031,ngày ƯỚC TÍNH (theo số PS)
193378,W705606-S440,717754,KIB,004 BF117 S/P,33,19140,2026-08-26 18:00:00,30031,ngày ƯỚC TÍNH (theo số PS); nâng lên ngày sản xuất cuối
193378,06502979-A,716538,1376,4 BF116 S/P,22,16500,2026-08-25 18:00:00,30031,ngày ƯỚC TÍNH (theo số PS)
193378,06502979-A,716545,335,4 BF116 S/P,34,25500,2026-08-25 18:00:00,30031,ngày ƯỚC TÍNH (theo số PS)
193398,06101831-A,716897,1544,290 BF110 S/P,36,36000,2026-08-26 18:00:00,30031,ngày ƯỚC TÍNH (theo số PS); nâng lên ngày sản xuất cuối
193398,06509967AA,716992,KIB,290 BF105 S/P BOLTS,19,15675,2026-08-25 18:00:00,30031,ngày ƯỚC TÍNH (theo số PS)
193407,11602031-IN-PN,717129,1661,011 TB5 S/P BOLTS CERTS,28,4060,2026-08-26 18:00:00,30031,ngày ƯỚC TÍNH (theo số PS); nâng lên ngày sản xuất cuối
193407,W520217-S440,715984,16,190/268 TB3 S/P,37,4995,2026-08-26 18:00:00,30031,ngày ƯỚC TÍNH (theo số PS); nâng lên ngày sản xuất cuối
193407,11602031-IN-PN,717183,829,157/190/268 TB1 S/P BOLTS CERTS,6,870,2026-08-25 18:00:00,30031,ngày ƯỚC TÍNH (theo số PS)
193407,11602031-IN-PN,717184,1799,157/190/268 TB3 S/P BOLTS CERTS,19,2755,2026-08-25 18:00:00,30031,ngày ƯỚC TÍNH (theo số PS)
193407,W520217-S440,715982,300,190/268 TB3 S/P,36,4860,2026-08-25 18:00:00,30031,ngày ƯỚC TÍNH (theo số PS)
193407,W520217-S440,715988,710,157/197 TB1 S/P,38,5130,2026-08-25 18:00:00,30031,ngày ƯỚC TÍNH (theo số PS)
193407,W520217-S440,715983,1706,190/268 TB3 S/P,36,4860,2026-08-25 18:00:00,30031,ngày ƯỚC TÍNH (theo số PS)
193443,F1302AB,714577,1554,11 TB5 S/P BOLTS,27,18900,2026-08-25 18:00:00,30031,ngày ƯỚC TÍNH (theo số PS)
193443,61273,716241,574,252 TB4 S/P,26,7800,2026-08-25 18:00:00,30031,ngày ƯỚC TÍNH (theo số PS)
193443,06503825-A,716004,575,190/268 TB3 S/P,30,45000,2026-08-25 18:00:00,30031,ngày ƯỚC TÍNH (theo số PS)
193480,11561114,716434,238,190/268 TB3 S/P,26,10400,2026-08-26 18:00:00,30031,ngày ƯỚC TÍNH (theo số PS); nâng lên ngày sản xuất cuối
193480,11561114,716433,1103,197 TB5 S/P,23,9200,2026-08-26 18:00:00,30031,ngày ƯỚC TÍNH (theo số PS); nâng lên ngày sản xuất cuối
193407,L0668498AA02,714263,929,285/391 TB2 S/P,36,144000,2026-08-26 18:00:00,30037,ngày ƯỚC TÍNH (theo số PS)
193398,06509967AA,716991,KIB,290 BF105 S/P BOLTS,29,23925,2026-08-26 18:00:00,30037,ngày ƯỚC TÍNH (theo số PS)
193480,22800396-IN-PN,716954,274,11/252 TB4 S/P,24,#N/A,2026-08-26 18:00:00,30037,ngày ƯỚC TÍNH (theo số PS)
193480,82253,716244,940,157/297 TB1 S/P,28,37800,2026-08-26 18:00:00,30037,ngày ƯỚC TÍNH (theo số PS)
193443,06502979-A,716012,473,292/4 BF116 S/P,23,17250,2026-08-26 18:00:00,30037,ngày ƯỚC TÍNH (theo số PS)
193398,11546367-MY-AK,716370,21,290 BF121 S/P,36,25200,2026-08-26 18:00:00,30037,ngày ƯỚC TÍNH (theo số PS)
193470,11546367-MY-AK,717041,619,290 BF107 S/P,36,25200,2026-08-26 18:00:00,30037,ngày ƯỚC TÍNH (theo số PS)
193407,06101968-A,716863,648,275 BF103 S/P,32,70400,2026-08-26 18:00:00,30037,ngày ƯỚC TÍNH (theo số PS)
193480,22800396-IN-PN,716438,1611,11/252 TB4 S/P CERTS,24,31200,2026-08-26 18:00:00,30037,ngày ƯỚC TÍNH (theo số PS)
193443,F1302AB,714574,269,252 TB4 S/P BOLTS,36,25200,2026-08-26 18:00:00,30037,ngày ƯỚC TÍNH (theo số PS)
193371,11546462,717081,171,275 BF108 S/P,36,23400,2026-08-26 18:00:00,30037,ngày ƯỚC TÍNH (theo số PS)
193378,06502979-A,716546,1557,4/292 BF116 S/P,24,18000,2026-08-26 18:00:00,30037,ngày ƯỚC TÍNH (theo số PS)
193339,11548414,717053,1366,290 BF109 S/P,36,17460,2026-08-26 18:00:00,30037,ngày ƯỚC TÍNH (theo số PS)
193443,N620483-S2,716238,1682,11 TB5 S/P,36,21600,2026-08-26 18:00:00,30037,ngày ƯỚC TÍNH (theo số PS)
193443,94012078,717472,211,190/268 TB3 S/P BOLTS,23,2300,2026-08-26 18:00:00,30037,ngày ƯỚC TÍNH (theo số PS)
193371,11546365-MY-AK,715967,57,292 MC024 S/P,43,81700,2026-08-26 18:00:00,30037,ngày ƯỚC TÍNH (theo số PS)
193398,11547369-BR-HA,716038,291,285/391 TB2 S/P,41,10250,2026-08-26 18:00:00,30037,ngày ƯỚC TÍNH (theo số PS)
193407,W520217-S440,715985,782,190/268 TB3 S/P BOLTS,36,4860,2026-08-26 18:00:00,30037,ngày ƯỚC TÍNH (theo số PS)
193497,11546377-PH-RO,717695,1056,285/391 TB2 S/P,36,77400,2026-08-26 18:00:00,30037,ngày ƯỚC TÍNH (theo số PS)
193470,11549171-MY-AK,716641,1443,290 BF109 S/P,36,10080,2026-08-26 18:00:00,30037,ngày ƯỚC TÍNH (theo số PS)
193443,61273,716242,833,285/391 S/P BOLTS,24,7200,2026-08-26 18:00:00,30037,ngày ƯỚC TÍNH (theo số PS)
193398,11546367-MY-AK,716383,1343,4 MC110 S/P CERTS,36,25200,2026-08-26 18:00:00,30037,ngày ƯỚC TÍNH (theo số PS)
193443,92468,716446,981,285/391 S/P BOLTS,29,29000,2026-08-26 18:00:00,30037,ngày ƯỚC TÍNH (theo số PS)
193443,F1302AB,714578,1572,157 TB1 S/P BOLTS,32,22400,2026-08-26 18:00:00,30037,ngày ƯỚC TÍNH (theo số PS)
193497,11546377-PH-RO,717629,73,190/268 TB3 S/P,35,75250,2026-08-26 18:00:00,30037,ngày ƯỚC TÍNH (theo số PS)
193262,11610091,716447,902,292 MC26 S/P,27,67500,2026-08-26 18:00:00,30037,ngày ƯỚC TÍNH (theo số PS)
193407,06101968-A,716860,949,292 MC19 S/P,35,77000,2026-08-26 18:00:00,30037,ngày ƯỚC TÍNH (theo số PS)
193371,11546463,717059,39,190/268 TB3 S/P,38,17100,2026-08-26 18:00:00,30037,ngày ƯỚC TÍNH (theo số PS)
193143,W520113-S440,714527,44,11/293 TB5 S/P,35,36750,2026-08-26 18:00:00,30037,ngày ƯỚC TÍNH (theo số PS)
193267,11546774,713584,1045,290 MC78 S/P,12,5400,2026-08-26 18:00:00,30037,ngày ƯỚC TÍNH (theo số PS)
193371,11546463,717060,562,11/293 TB5 S/P,17,7650,2026-08-26 18:00:00,30037,ngày ƯỚC TÍNH (theo số PS)
193322,11546367-MY-AK,716376,637,290 BF110 S/P,36,25200,2026-08-26 18:00:00,30037,ngày ƯỚC TÍNH (theo số PS)
193262,11610091,716453,509,292 BF116 S/P,29,72500,2026-08-26 18:00:00,30037,ngày ƯỚC TÍNH (theo số PS)
193267,11546774-MY-AK,714657,652,157/245 TB1 S/P,36,16200,2026-08-26 18:00:00,30037,ngày ƯỚC TÍNH (theo số PS)
193322,11546367-MY-AK,716375,1595,290 BF110 S/P,36,25200,2026-08-26 18:00:00,30037,ngày ƯỚC TÍNH (theo số PS)
193322,11546449-TH-TC,717141,63,190/268 TB3 S/P,36,90000,2026-08-26 18:00:00,30037,ngày ƯỚC TÍNH (theo số PS)
193205,11546449,716515,1503,280 BF123 S/P,36,90000,2026-08-26 18:00:00,30037,ngày ƯỚC TÍNH (theo số PS)
193371,11546366-MY-AK,715951,1428,290 BF110 S/P,36,36000,2026-08-26 18:00:00,30037,ngày ƯỚC TÍNH (theo số PS)
193371,11546365-MY-AK,715968,1696,290 BF124 S/P,23,43700,2026-08-26 18:00:00,30037,ngày ƯỚC TÍNH (theo số PS)
193497,11546377-PH-RO,717636,1714,190/268 tb3 S/P,29,62350,2026-08-27 18:00:00,30039,ngày ƯỚC TÍNH (theo số PS)
193480,06100050-A,717268,1812,275 BF108 S/P,36,54000,2026-08-27 18:00:00,30039,ngày ƯỚC TÍNH (theo số PS)
193470,11549171-MY-AK,716642,1587,290 BF109 S/P,36,10080,2026-08-27 18:00:00,30039,ngày ƯỚC TÍNH (theo số PS)
193378,06102398AA,716535,222,4/292 BF113 S/P,27,129600,2026-08-27 18:00:00,30039,ngày ƯỚC TÍNH (theo số PS)
190436,11612078-B,705986,134,4 MC074 S/P IN VCI (CERTS),20,37000,2026-08-27 18:00:00,30039,ngày ƯỚC TÍNH (theo số PS)
193480,40179994,716025,625,190/268 tb3 S/P,21,3570,2026-08-27 18:00:00,30039,ngày ƯỚC TÍNH (theo số PS)
193143,11546377,716614,1764,190/268 tb3 S/P,35,75250,2026-08-27 18:00:00,30039,ngày ƯỚC TÍNH (theo số PS)
193497,11546377-PH-RO,717698,1411,285/391 TB2 S/P CERT,29,62350,2026-08-27 18:00:00,30039,ngày ƯỚC TÍNH (theo số PS)
192845,11549168-CA-IN,710690,615,272 MC26 S/P CERT,52,52000,2026-08-27 18:00:00,30039,ngày ƯỚC TÍNH (theo số PS)
193263,11549168-CA-IN,710832,1564,272 MC26 S/P CERT,56,56000,2026-08-27 18:00:00,30039,ngày ƯỚC TÍNH (theo số PS)
193480,40179994,716024,1383,11/252 TB4 S/P,38,6460,2026-08-27 18:00:00,30039,ngày ƯỚC TÍNH (theo số PS)
193480,82253,716744,186,190/268 TB3 S/P,35,47250,2026-08-27 18:00:00,30039,ngày ƯỚC TÍNH (theo số PS)
193480,82253,716743,1526,285/391 TB2 S/P,36,48600,2026-08-27 18:00:00,30039,ngày ƯỚC TÍNH (theo số PS)
193398,11546448,716857,519,280 BF123 S/P,22,72600,2026-08-27 18:00:00,30039,ngày ƯỚC TÍNH (theo số PS)
193143,11546377,716615,1805,292 MC024 S/P,34,73100,2026-08-27 18:00:00,30039,ngày ƯỚC TÍNH (theo số PS)
193443,11602292,716435,693,285/391 TB2 S/P,10,10000,2026-08-27 18:00:00,30039,ngày ƯỚC TÍNH (theo số PS)
193443,94012078,717473,543,190/268 TB3 S/P BOLTS,25,2500,2026-08-27 18:00:00,30039,ngày ƯỚC TÍNH (theo số PS)
193371,11546366-MY-AK,715948,525,290 BF110 S/P,36,36000,2026-08-27 18:00:00,30039,ngày ƯỚC TÍNH (theo số PS)
193229,11546703,713856,346,11/272 TB4 S/P BOLTS,31,124000,2026-08-27 18:00:00,30039,ngày ƯỚC TÍNH (theo số PS)
193336,11588293,717553,KIB,190/268 TB3 S/P BOLTS,36,41400,2026-08-27 18:00:00,30039,ngày ƯỚC TÍNH (theo số PS)
193322,11546378-MY-AK,715963,1033,290 BF107 S/P,36,45000,2026-08-27 18:00:00,30039,ngày ƯỚC TÍNH (theo số PS)
193295,94012039,716087,1048,292 BF113 S/P,24,48000,2026-08-27 18:00:00,30039,ngày ƯỚC TÍNH (theo số PS)
193398,11546367-MY-AK,716380,677,290 BF107 S/P,36,25200,2026-08-27 18:00:00,30039,ngày ƯỚC TÍNH (theo số PS)
193322,11546449-TH-TC,717143,922,157/245 TB1 S/P,34,85000,2026-08-27 18:00:00,30039,ngày ƯỚC TÍNH (theo số PS)
193336,11588293,717557,KIB,285/391 TB1 S/P BOLTS,35,40250,2026-08-27 18:00:00,30039,ngày ƯỚC TÍNH (theo số PS)
193322,11546449,716871,1819,280 BF123 S/P,26,65000,2026-08-27 18:00:00,30039,ngày ƯỚC TÍNH (theo số PS)
193339,06104388AA,716804,798,11/293 TB5 S/P BOLTS,36,23760,2026-08-27 18:00:00,30039,ngày ƯỚC TÍNH (theo số PS)
193339,06104388AA,716799,48,285/391 TB2 S/P BOLTS,36,23760,2026-08-27 18:00:00,30039,ngày ƯỚC TÍNH (theo số PS)
193398,06101831-A,716892,750,290 BF110 S/P,36,36000,2026-08-27 18:00:00,30039,ngày ƯỚC TÍNH (theo số PS)
193443,06502979-A,716013,1114,292 BF116 S/P,32,24000,2026-08-27 18:00:00,30039,ngày ƯỚC TÍNH (theo số PS)
193480,W719080-S450,716443,941,285/391 TB2 S/P,24,25200,2026-08-27 18:00:00,30039,ngày ƯỚC TÍNH (theo số PS)
193480,06511637AA,716899,873,275 BF112 S/P,36,43200,2026-08-27 18:00:00,30039,ngày ƯỚC TÍNH (theo số PS)
193480,7151143403,716905,1305,292 BF113 S/P,34,59500,2026-08-27 18:00:00,30039,ngày ƯỚC TÍNH (theo số PS)
192933,11612078-B,708877,1668,004 MC74 S/P IN VCI BAGS,34,62900,2026-08-27 18:00:00,30040,ngày ƯỚC TÍNH (theo số PS)
193263,11549168-CA-IN,710831,822,292 MC026 S/P CERTS,28,28000,2026-08-27 18:00:00,30040,ngày ƯỚC TÍNH (theo số PS)
193371,06101831-A,716886,1017,290 BF110 S/P,16,16000,2026-08-27 18:00:00,30040,ngày ƯỚC TÍNH (theo số PS)
193371,06101831-A,716888,1314,290 BF110S/P,14,14000,2026-08-27 18:00:00,30040,ngày ƯỚC TÍNH (theo số PS)
193378,4200818SHJ5A00Z,714600,1688,157/297 TB1 S/P CERTS X3,36,36000,2026-08-27 18:00:00,30040,ngày ƯỚC TÍNH (theo số PS)
193378,4200818SHJ5A00Z,714599,639,252/294 TB4 S/P CERTS X3,48,48000,2026-08-27 18:00:00,30040,ngày ƯỚC TÍNH (theo số PS)
193398,11546367-MY-AK,716372,231,290 MC78 S/P,36,25200,2026-08-27 18:00:00,30040,ngày ƯỚC TÍNH (theo số PS)
193398,11546367-MY-AK,716379,640,280 BF121 S/P,36,25200,2026-08-27 18:00:00,30040,ngày ƯỚC TÍNH (theo số PS)
193398,11546448,716856,148,280 BF124 S/P,28,92400,2026-08-27 18:00:00,30040,ngày ƯỚC TÍNH (theo số PS)
193398,06101831-A,716895,1823,290 BF110 S/P,40,40000,2026-08-27 18:00:00,30040,ngày ƯỚC TÍNH (theo số PS)
193398,06101831-A,716896,106,290 BF109 S/P,36,36000,2026-08-27 18:00:00,30040,ngày ƯỚC TÍNH (theo số PS)
193398,11546448,716854,227,290 BF123 S/P,34,112200,2026-08-27 18:00:00,30040,ngày ƯỚC TÍNH (theo số PS)
193407,11546456,717073,724,280 BF124 S/P,32,86400,2026-08-27 18:00:00,30040,ngày ƯỚC TÍNH (theo số PS)
193407,06101968-A,716861,1517,275 BF103 S/P,32,70400,2026-08-27 18:00:00,30040,ngày ƯỚC TÍNH (theo số PS)
193407,11546456,717072,1780,280 BF114 S/P,33,89100,2026-08-27 18:00:00,30040,ngày ƯỚC TÍNH (theo số PS)
193407,11546456,717074,1059,280 BF123 S/P,33,89100,2026-08-27 18:00:00,30040,ngày ƯỚC TÍNH (theo số PS)
193407,11546456,717078,716,280 BF114 S/P,36,97200,2026-08-27 18:00:00,30040,ngày ƯỚC TÍNH (theo số PS)
193443,W719080-S450,716444,1089,285/391 TB2 S/P,45,47250,2026-08-27 18:00:00,30040,ngày ƯỚC TÍNH (theo số PS)
193470,11549171-MY-AK,716640,771,290 BF109 S/P,47,13160,2026-08-27 18:00:00,30040,ngày ƯỚC TÍNH (theo số PS)
193470,11546367-MY-AK,717038,15,292 BF116 S/P,36,25200,2026-08-27 18:00:00,30040,ngày ƯỚC TÍNH (theo số PS)
193470,11546367-MY-AK,717032,1035,290 BF107 S/P,36,25200,2026-08-27 18:00:00,30040,ngày ƯỚC TÍNH (theo số PS)
193470,11546367-MY-AK,717035,458,292 BF117 S/P,36,25200,2026-08-27 18:00:00,30040,ngày ƯỚC TÍNH (theo số PS)
193470,11546367-MY-AK,717039,1765,290 BF107 S/P,36,25200,2026-08-27 18:00:00,30040,ngày ƯỚC TÍNH (theo số PS)
193470,11546367-MY-AK,717044,388,290 BF117 S/P,36,25200,2026-08-27 18:00:00,30040,ngày ƯỚC TÍNH (theo số PS)
193470,11549171-MY-AK,716647,1695,285/391 TB2 S/P,35,9800,2026-08-27 18:00:00,30040,ngày ƯỚC TÍNH (theo số PS)
193470,11546367-MY-AK,717042,1680,292 MC110 S/P,48,33600,2026-08-27 18:00:00,30040,ngày ƯỚC TÍNH (theo số PS)
193480,W520101-S437,716234,202,275 MC112 S/P,36,108000,2026-08-27 18:00:00,30040,ngày ƯỚC TÍNH (theo số PS)
193480,82253,716245,1087,285/391 TB2 S/P,28,37800,2026-08-27 18:00:00,30040,ngày ƯỚC TÍNH (theo số PS)
193480,11610128,717046,1802,197 TB5 S/P BOLTS,21,23625,2026-08-27 18:00:00,30040,ngày ƯỚC TÍNH (theo số PS)
193480,11610128,717045,1358,197 TB5 S/P BOLTS,36,40500,2026-08-27 18:00:00,30040,ngày ƯỚC TÍNH (theo số PS)
193480,06511637AA,716898,1584,275 BF112 S/P,33,39600,2026-08-27 18:00:00,30040,ngày ƯỚC TÍNH (theo số PS)
193497,11546377-PH-RO,717631,92,285/391 TB2 S/P,21,45150,2026-08-27 18:00:00,30040,ngày ƯỚC TÍNH (theo số PS)
193497,11546377-PH-RO,717700,542,280 BF118 S/P,18,38700,2026-08-27 18:00:00,30040,ngày ƯỚC TÍNH (theo số PS)
193497,11546377-PH-RO,717699,638,275 BF104 S/P,36,77400,2026-08-27 18:00:00,30040,ngày ƯỚC TÍNH (theo số PS)
193512,F1302AB,716531,1371,190/268 TB3 S/P BOLTS,36,25200,2026-08-27 18:00:00,30040,ngày ƯỚC TÍNH (theo số PS)
193512,11604000,717981,KIB,190/268 TB3 S/P,24,14040,2026-08-27 18:00:00,30040,ngày ƯỚC TÍNH (theo số PS)
193512,11604000,717983,KIB,190/268 TB3 S/P,36,21060,2026-08-27 18:00:00,30040,ngày ƯỚC TÍNH (theo số PS)
193512,11604000,717982,KIB,190/268 TB3 S/P BOLTS,36,21060,2026-08-27 18:00:00,30040,ngày ƯỚC TÍNH (theo số PS)
193512,06514094AA,716903,1308,285/391 TB2 S/P,18,5940,2026-08-27 18:00:00,30040,ngày ƯỚC TÍNH (theo số PS)
193512,F1302AB,716532,1535,190/268 TB3 S/P BOTS,21,14700,2026-08-27 18:00:00,30040,ngày ƯỚC TÍNH (theo số PS)
193322,11546378-MY-AK,715962,1056,290 BF107 S.P,36,45000,2026-08-28 18:00:00,30042,ngày ƯỚC TÍNH (theo số PS)
193336,NU1405-00,717283,1011,292 BF113 S.P IN GAYLORD,1,71095,2026-08-28 18:00:00,30042,ngày ƯỚC TÍNH (theo số PS)
193336,NU1405-00,717282,261,292 BF113 S.P IN GAYLORD,1,75000,2026-08-28 18:00:00,30042,ngày ƯỚC TÍNH (theo số PS)
193336,NU1405-00,717284,457,292 BF113 S.P IN GAYLORD,1,75000,2026-08-28 18:00:00,30042,ngày ƯỚC TÍNH (theo số PS)
193336,NU5210-03,717105,282,280 BF124 S.P IN GAYLORD,1,40520,2026-08-28 18:00:00,30042,ngày ƯỚC TÍNH (theo số PS)
193497,06511834AA,717414,1585,11/252 TB4 S.P,31,3100,2026-08-28 18:00:00,30042,ngày ƯỚC TÍNH (theo số PS)
193512,NU1136-01,716493,1436,11/252 TB4 S.P IN GAYLORD,1,10000,2026-08-28 18:00:00,30042,ngày ƯỚC TÍNH (theo số PS)
193512,NU1136-01,716495,169,197/297 TB1 S.P IN GAYLORD,1,10000,2026-08-28 18:00:00,30042,ngày ƯỚC TÍNH (theo số PS)
193512,NU1136-01,716491,1316,285/391 TB2 S.P IN GAYLORD,1,10000,2026-08-28 18:00:00,30042,ngày ƯỚC TÍNH (theo số PS)
193512,NU1136-01,716494,156,190/268 TB3 S.P IN GAYLORD,1,9500,2026-08-28 18:00:00,30042,ngày ƯỚC TÍNH (theo số PS)
193512,NU1136-01,716492,191,11/252 TB4 S.P IN GAYLORD,1,10000,2026-08-28 18:00:00,30042,ngày ƯỚC TÍNH (theo số PS)
193512,NU1136-01,716490,6,197/297 TB1 S.P IN GAYLORD,1,10000,2026-08-28 18:00:00,30042,ngày ƯỚC TÍNH (theo số PS)
193512,NU3019-00,716723,1828,190/268 TB3 S.P IN GAYLORD,1,5320,2026-08-28 18:00:00,30042,ngày ƯỚC TÍNH (theo số PS)
193512,NU3019-00,716735,731,285/391 TB2 S.P IN GAYLORD,1,4832,2026-08-28 18:00:00,30042,ngày ƯỚC TÍNH (theo số PS)
193512,NU3019-00,716728,1783,285/391 TB2 S.P IN GAYLORD,1,5244,2026-08-28 18:00:00,30042,ngày ƯỚC TÍNH (theo số PS)
193512,NU3019-00,716732,844,190/268 TB3 S.P IN GAYLORD,1,5100,2026-08-28 18:00:00,30042,ngày ƯỚC TÍNH (theo số PS)
193512,NU3019-00,716734,1833,285/391 TB2 S.P IN GAYLORD,1,4700,2026-08-28 18:00:00,30042,ngày ƯỚC TÍNH (theo số PS)
193512,NU3019-00,716729,894,285/391 TB2 S.P IN GAYLORD,1,4700,2026-08-28 18:00:00,30042,ngày ƯỚC TÍNH (theo số PS)
193512,NU1136-01,717239,1439,197/297 TB1 S.P IN GAYLORD,1,10000,2026-08-28 18:00:00,30042,ngày ƯỚC TÍNH (theo số PS)
193512,NU1136-01,717237,26,190/268 TB3 S.P IN GAYLORD,1,10000,2026-08-28 18:00:00,30042,ngày ƯỚC TÍNH (theo số PS)
193512,NU1136-01,717240,797,285/391 TB2 S.P IN GAYLORD,1,10000,2026-08-28 18:00:00,30042,ngày ƯỚC TÍNH (theo số PS)
193512,NU1136-01,717243,900,11/252 TB4 S.P IN GAYLORD,1,7620,2026-08-28 18:00:00,30042,ngày ƯỚC TÍNH (theo số PS)
193512,NU1136-01,717241,1651,190/268 TB3 S.P IN GAYLORD,1,7480,2026-08-28 18:00:00,30042,ngày ƯỚC TÍNH (theo số PS)
193512,NU1136-01,717236,1005,197/297 TB1 S.P IN GAYLORD,1,7790,2026-08-28 18:00:00,30042,ngày ƯỚC TÍNH (theo số PS)
193512,NU1136-01,717242,979,285/391 TB2 S.P IN GAYLORD,1,0,2026-08-28 18:00:00,30042,ngày ƯỚC TÍNH (theo số PS)
193512,NU3019-00,716730,758,11/252 TB4 S.P IN GAYLORD,1,4700,2026-08-28 18:00:00,30042,ngày ƯỚC TÍNH (theo số PS)
193512,NU3019-00,716725,1053,190/268 TB3 S.P IN GAYLORD,1,4780,2026-08-28 18:00:00,30042,ngày ƯỚC TÍNH (theo số PS)
193252,11546437,716764,1063,275 BF102 S.P,66,99000,2026-08-28 18:00:00,30046,ngày ƯỚC TÍNH (theo số PS)
193252,11546437,716765,283,275 BF104 S.P,68,102000,2026-08-28 18:00:00,30046,ngày ƯỚC TÍNH (theo số PS)
193336,PZ18-7P483-AA,716410,33TOTES,197 TB5 S.P IN RETURNABLE CERTS 3X,17,3740,2026-08-28 18:00:00,30046,ngày ƯỚC TÍNH (theo số PS)
193371,06101831-A,716891,130,290 MC78 S.P,36,36000,2026-08-28 18:00:00,30046,ngày ƯỚC TÍNH (theo số PS)
193378,4200818SHJ5A00Z,714597,1362,240/391 TB2 S.P CERTS 3X,25,25000,2026-08-28 18:00:00,30046,ngày ƯỚC TÍNH (theo số PS)
193398,11546367-MY-AK,716384,1379,290 BF107 S.P,36,25200,2026-08-28 18:00:00,30046,ngày ƯỚC TÍNH (theo số PS)
193398,11546367-MY-AK,716369,821,290 MC78 S.P,36,25200,2026-08-28 18:00:00,30046,ngày ƯỚC TÍNH (theo số PS)
193407,11546456,717076,1711,280 BF114 S.P,14,37800,2026-08-28 18:00:00,30046,ngày ƯỚC TÍNH (theo số PS)
193407,11546456,717071,1528,280 BF1123 S.P,13,35100,2026-08-28 18:00:00,30046,ngày ƯỚC TÍNH (theo số PS)
193407,11546463-TH-TC,717146,200,285/391 TBS S.P,34,15300,2026-08-28 18:00:00,30046,ngày ƯỚC TÍNH (theo số PS)
193470,11549171-MY-AK,716645,1551,11/252 TB4 S.P,36,10080,2026-08-28 18:00:00,30046,ngày ƯỚC TÍNH (theo số PS)
193470,11546367-MY-AK,717040,533,280 BF121 S.P,42,29400,2026-08-28 18:00:00,30046,ngày ƯỚC TÍNH (theo số PS)
193480,W716298-S450-A,716900,896,292 BF113 S.P,37,129500,2026-08-28 18:00:00,30046,ngày ƯỚC TÍNH (theo số PS)
193497,11546377-PH-RO,717630,520,292 MC19 S/P CERTS,29,62350,2026-08-28 18:00:00,30046,ngày ƯỚC TÍNH (theo số PS)
193497,11546377-PH-RO,717632,698,190/268 TB3 S.P CERTS,30,64500,2026-08-28 18:00:00,30046,ngày ƯỚC TÍNH (theo số PS)
193512,06514094AA,716902,1667,11/252 TB4 S.P BOLTS,26,8580,2026-08-28 18:00:00,30046,ngày ƯỚC TÍNH (theo số PS)
193530,06513404AA,716324,576,157/297 TB1 S.P,36,4320,2026-08-28 18:00:00,30046,ngày ƯỚC TÍNH (theo số PS)
193530,06513404AA,716321,832,11/252 TB4 S.P,39,4680,2026-08-28 18:00:00,30046,ngày ƯỚC TÍNH (theo số PS)
193530,06513404AA,716323,834,11/252 TB4 S.P,37,4440,2026-08-28 18:00:00,30046,ngày ƯỚC TÍNH (theo số PS)
193530,06100050-A,717267,1344,275 BF116 S.P,36,54000,2026-08-28 18:00:00,30046,ngày ƯỚC TÍNH (theo số PS)
193530,06513404AA,716319,1369,11/252 TB4 S.P,36,4320,2026-08-28 18:00:00,30046,ngày ƯỚC TÍNH (theo số PS)
193378,W705606-S440,717752,KIB,290 BF107 S.P,32,18560,2026-08-29 18:00:00,30049,ngày ƯỚC TÍNH (theo số PS)
193378,4200818SHJ5A00Z,714598,470,285/391 TB2 S.P CERTS,32,32000,2026-08-29 18:00:00,30049,ngày ƯỚC TÍNH (theo số PS)
193407,06101736-A,716775,1827,280 BF120 S.P,30,96000,2026-08-29 18:00:00,30049,ngày ƯỚC TÍNH (theo số PS)
193407,11546463-TH-TC,717145,1760,11 TB5 CRT,31,13950,2026-08-29 18:00:00,30049,ngày ƯỚC TÍNH (theo số PS)
193470,11546367-MY-AK,717037,1693,290 BF109 CRT,30,21000,2026-08-29 18:00:00,30049,ngày ƯỚC TÍNH (theo số PS)
193470,11546367-MY-AK,717031,837,290 BF107 CRT,36,25200,2026-08-29 18:00:00,30049,ngày ƯỚC TÍNH (theo số PS)
193470,11549171-MY-AK,716646,1556,197 TB5 CRT,31,8680,2026-08-29 18:00:00,30049,ngày ƯỚC TÍNH (theo số PS)
193470,11516077BR-MY-AK,716305,589,190/268 TB3 S.P,32,38400,2026-08-31 18:00:00,30049,ngày ƯỚC TÍNH (theo số PS); nâng lên ngày sản xuất cuối
193480,11561645,716906,1674,275 BF102 S.P,34,136000,2026-08-29 18:00:00,30049,ngày ƯỚC TÍNH (theo số PS)
193480,06100050-A,717262,1793,275 BF108 S.P,36,54000,2026-08-29 18:00:00,30049,ngày ƯỚC TÍNH (theo số PS)
193497,11546377-PH-RO,717696,1664,292 MC24 CRT,36,77400,2026-08-31 18:00:00,30049,ngày ƯỚC TÍNH (theo số PS); nâng lên ngày sản xuất cuối
193497,11546377-PH-RO,717634,631,280 BF118 CRT,25,53750,2026-08-29 18:00:00,30049,ngày ƯỚC TÍNH (theo số PS)
193497,11546377-PH-RO,717633,325,275 BF104 CRT,30,64500,2026-08-29 18:00:00,30049,ngày ƯỚC TÍNH (theo số PS)
193512,11604000,717984,KIB,285/391 TB2 S.P BOLTS,26,15210,2026-08-29 18:00:00,30049,ngày ƯỚC TÍNH (theo số PS)
193530,06100050-A,717263,348,275 BF108 S.P,36,54000,2026-08-29 18:00:00,30049,ngày ƯỚC TÍNH (theo số PS)
193530,06511672AA,714523,321,57/297/11/252 TB1 S.P,30,42000,2026-08-29 18:00:00,30049,ngày ƯỚC TÍNH (theo số PS)
193530,11546391,715798,614,290 BF106 S.P,21,94500,2026-08-29 18:00:00,30049,ngày ƯỚC TÍNH (theo số PS)
193530,W711468-S437,714260,636,275 MC112 S.P,36,57600,2026-08-29 18:00:00,30049,ngày ƯỚC TÍNH (theo số PS)
193584,11546571,716747,109,285/391 TB2 S.P BOLTS,36,55800,2026-08-31 18:00:00,30049,ngày ƯỚC TÍNH (theo số PS); nâng lên ngày sản xuất cuối
193584,06503825-A,716999,485,57/297/11/252 TB1 S.P,52,78000,2026-08-31 18:00:00,30049,ngày ƯỚC TÍNH (theo số PS); nâng lên ngày sản xuất cuối
193584,06503825-A,717000,1579,57/297/11/252 TB4 S.P,50,75000,2026-08-31 18:00:00,30049,ngày ƯỚC TÍNH (theo số PS); nâng lên ngày sản xuất cuối
193584,06503825-A,717004,296,285/391 TB2 S.P,36,54000,2026-08-31 18:00:00,30049,ngày ƯỚC TÍNH (theo số PS); nâng lên ngày sản xuất cuối
193584,42068967,717203,1403,157/297 TB1 S.P IN VCI,28,8960,2026-08-29 18:00:00,30049,ngày ƯỚC TÍNH (theo số PS)
193584,42068967,717205,72,157/297 TB1 S.P IN VCI,36,11520,2026-08-29 18:00:00,30049,ngày ƯỚC TÍNH (theo số PS)
193584,42068967,717206,297,11/252 TB4 S.P IN VCI,36,11520,2026-08-29 18:00:00,30049,ngày ƯỚC TÍNH (theo số PS)
193586,11549171-MY-AK,717208,1691,290 BF109 S.P,36,10080,2026-08-31 18:00:00,30049,ngày ƯỚC TÍNH (theo số PS); nâng lên ngày sản xuất cuối
193570,11546389,717701,1038,190/268 TB3 S.P,36,162000,2026-08-30 18:00:00,30052,ngày ƯỚC TÍNH (theo số PS)
193570,11546389,717705,358,190/268 TB3 S.P,19,85500,2026-08-30 18:00:00,30052,ngày ƯỚC TÍNH (theo số PS)
193584,42068967,717202,435,11/252 TB4 S.P IN VCI BAG,27,8640,2026-08-30 18:00:00,30052,ngày ƯỚC TÍNH (theo số PS)
193584,42068967,717201,1375,11/252 TB4 S.P IN VCI BAG,27,8640,2026-08-30 18:00:00,30052,ngày ƯỚC TÍNH (theo số PS)
193584,42068967,717204,1716,190/268 TB3 S.P IN VCI BAG,30,9600,2026-08-30 18:00:00,30052,ngày ƯỚC TÍNH (theo số PS)
193570,11546389,717703,943,290 BF113 S.P,26,117000,2026-08-31 18:00:00,30052,ngày ƯỚC TÍNH (theo số PS); nâng lên ngày sản xuất cuối
193188,11546365-MY-AK,714541,1663,292 MC24 S.P,36,68400,2026-08-30 18:00:00,30054,ngày ƯỚC TÍNH (theo số PS)
193188,06511834AA,716325,97,190/268 TB3 S.P,31,3100,2026-08-30 18:00:00,30054,ngày ƯỚC TÍNH (theo số PS)
193188,11547369,714481,979,252/294 TB4 S.P,36,9000,2026-08-30 18:00:00,30054,ngày ƯỚC TÍNH (theo số PS)
193205,11546449,716517,879,290 BF106 S.P,37,92500,2026-08-30 18:00:00,30054,ngày ƯỚC TÍNH (theo số PS)
193322,11546449,716874,1395,280 BF114 S.P,22,55000,2026-08-30 18:00:00,30054,ngày ƯỚC TÍNH (theo số PS)
193378,4200818SHJ5A00Z,714596,817,285/391 TB2 S.P  CERTS,36,36000,2026-08-30 18:00:00,30054,ngày ƯỚC TÍNH (theo số PS)
193407,11546456,717077,921,280 BF123 S.P,30,81000,2026-08-30 18:00:00,30054,ngày ƯỚC TÍNH (theo số PS)
193407,L0668498AA02,714081,1363,157/197/297 TB1 S.P,36,144000,2026-08-30 18:00:00,30054,ngày ƯỚC TÍNH (theo số PS)
193443,06512732AA,716028,676,285/391 S.P BOLTS,24,18000,2026-08-30 18:00:00,30054,ngày ƯỚC TÍNH (theo số PS)
193470,E6267AB,716488,93,290 BF110 S.P IN RETURNABLE,1,20000,2026-08-30 18:00:00,30054,ngày ƯỚC TÍNH (theo số PS)
193480,W716298-S450-A,716901,1777,280 BF124 S.P,34,119000,2026-08-30 18:00:00,30054,ngày ƯỚC TÍNH (theo số PS)
193480,W520412-S442,715998,1067,275 BF103 S.P,42,159600,2026-08-30 18:00:00,30054,ngày ƯỚC TÍNH (theo số PS)
193497,11546377-PH-RO,717635,917,4 MC024 S.P,17,36550,2026-08-31 18:00:00,30054,ngày ƯỚC TÍNH (theo số PS); nâng lên ngày sản xuất cuối
193497,11546377-PH-RO,717697,806,280 BF118 S.P CERTS,36,77400,2026-08-30 18:00:00,30054,ngày ƯỚC TÍNH (theo số PS)
193530,W711468-S437,714258,664,275 MC112 S.P,27,43200,2026-08-30 18:00:00,30054,ngày ƯỚC TÍNH (theo số PS)
193584,11546571,717163,1328,157/297 TB1 S.P BOLTS,33,51150,2026-08-31 18:00:00,30054,ngày ƯỚC TÍNH (theo số PS); nâng lên ngày sản xuất cuối
193584,11546571,716748,1834,272/391 TB2 S.P BOLTS,26,40300,2026-08-31 18:00:00,30054,ngày ƯỚC TÍNH (theo số PS); nâng lên ngày sản xuất cuối
193584,06503825-A,717003,1817,157/197 TB1 S.P,36,54000,2026-08-31 18:00:00,30054,ngày ƯỚC TÍNH (theo số PS); nâng lên ngày sản xuất cuối
193584,55364498AA,717009,1616,157/197 TB1 S.P,11,5720,2026-08-31 18:00:00,30054,ngày ƯỚC TÍNH (theo số PS); nâng lên ngày sản xuất cuối
#N/A,11546377-PH-RO,716638,176,275 BF104 S.P,18,38700,2026-08-30 18:00:00,30054,ngày ƯỚC TÍNH (theo số PS)
#N/A,11546389-PH-RO,717640,588,252/294 TB4 S.P,36,162000,2026-08-31 18:00:00,30054,ngày ƯỚC TÍNH (theo số PS); nâng lên ngày sản xuất cuối
193611,11546370-MY-AK,716630,424,190/268 TB3 S.P,36,7920,2026-09-01 18:00:00,30057,ngày ƯỚC TÍNH (theo số PS); nâng lên ngày sản xuất cuối
193611,11546370-MY-AK,716632,1508,279/391 TB2 CERT,36,7920,2026-09-01 18:00:00,30057,ngày ƯỚC TÍNH (theo số PS); nâng lên ngày sản xuất cuối
192899,11612078-B,707328,800,4 MC74 S.P,36,66600,2026-09-01 18:00:00,30057,ngày ƯỚC TÍNH (theo số PS); nâng lên ngày sản xuất cuối
193611,11546370-MY-AK,717166,983,285/391 TB2 CERT,37,8140,2026-09-01 18:00:00,30057,ngày ƯỚC TÍNH (theo số PS); nâng lên ngày sản xuất cuối
193611,40073474,717904,1560,190/268 TB3 S.P,25,3750,2026-09-01 18:00:00,30057,ngày ƯỚC TÍNH (theo số PS); nâng lên ngày sản xuất cuối
193611,40073474,717907,662,157/297 TB1 S.P,36,5400,2026-09-01 18:00:00,30057,ngày ƯỚC TÍNH (theo số PS); nâng lên ngày sản xuất cuối
193611,40073474,717905,682,190/268 TB3 S.P,36,5400,2026-09-01 18:00:00,30057,ngày ƯỚC TÍNH (theo số PS); nâng lên ngày sản xuất cuối
193586,06509967AA,717451,KIB,11/252 TB4 S.P,26,21450,2026-09-01 18:00:00,30057,ngày ƯỚC TÍNH (theo số PS); nâng lên ngày sản xuất cuối
193611,40073474,717906,1543,279/391 TB2 S.P,32,4800,2026-09-01 18:00:00,30057,ngày ƯỚC TÍNH (theo số PS); nâng lên ngày sản xuất cuối
193586,11546545,717326,1809,280 BF123 S.P,36,90000,2026-09-01 18:00:00,30057,ngày ƯỚC TÍNH (theo số PS); nâng lên ngày sản xuất cuối
193586,06105102AA,717465,KIB,11/252 TB4 BOLTS S.P,36,24120,2026-09-01 18:00:00,30057,ngày ƯỚC TÍNH (theo số PS); nâng lên ngày sản xuất cuối
193595,06104388AA,717625,99,157/297 TB1 BOLTS S.P,19,12540,2026-08-31 18:00:00,30057,ngày ƯỚC TÍNH (theo số PS)
193586,11546545,717321,1832,280 BF114 S.P,34,85000,2026-08-31 18:00:00,30057,ngày ƯỚC TÍNH (theo số PS)
193586,11546545,717325,1444,280 BF123 S.P,37,92500,2026-08-31 18:00:00,30057,ngày ƯỚC TÍNH (theo số PS)
193480,11561645,714524,1073,280 BF124 S.P,37,148000,2026-08-31 18:00:00,30057,ngày ƯỚC TÍNH (theo số PS)
193586,06105049AA,717449,KIB,190/268 TB3 S.P,13,10400,2026-08-31 18:00:00,30057,ngày ƯỚC TÍNH (theo số PS)
193570,11549171-MY-AK,717212,801,290 BF109 CERT,36,10080,2026-08-31 18:00:00,30057,ngày ƯỚC TÍNH (theo số PS)
193595,11602031,717899,981,11/252 TB4 S.P,21,3045,2026-08-31 18:00:00,30057,ngày ƯỚC TÍNH (theo số PS)
193586,11546545,717327,688,275 BF102 S.P,36,90000,2026-08-31 18:00:00,30057,ngày ƯỚC TÍNH (theo số PS)
193586,06105102AA,717469,KIB,272/285/391 TB2 S.P BOLTS,20,13400,2026-08-31 18:00:00,30057,ngày ƯỚC TÍNH (theo số PS)
193570,11546545-TH-TC,717137,284,280 BF114 CERT,28,70000,2026-08-31 18:00:00,30057,ngày ƯỚC TÍNH (theo số PS)
193586,06105102AA,717470,KIB,190/268 TB3 S.P BOLTS,38,25460,2026-08-31 18:00:00,30057,ngày ƯỚC TÍNH (theo số PS)
193627,11546703,715817,1521,157/297 TB1 S.P,36,144000,2026-09-01 18:00:00,30057,ngày ƯỚC TÍNH (theo số PS); nâng lên ngày sản xuất cuối
193584,55364498AA,717010,67,157/297 TB1 BOLTS S.P,36,18720,2026-08-31 18:00:00,30057,ngày ƯỚC TÍNH (theo số PS)
193586,11546545,717331,1588,275 BF102 S.P,36,90000,2026-08-31 18:00:00,30057,ngày ƯỚC TÍNH (theo số PS)
193586,11546545,717328,465,280 BF123 S.P,36,90000,2026-08-31 18:00:00,30057,ngày ƯỚC TÍNH (theo số PS)
193586,06105102AA,717464,KIB,11/252 TB2 S.P BOLTS,36,24120,2026-08-31 18:00:00,30057,ngày ƯỚC TÍNH (theo số PS)
193570,11546389,717654,1072,190/268 TB3 CERT,26,117000,2026-08-31 18:00:00,30057,ngày ƯỚC TÍNH (theo số PS)
193586,06105102AA,717466,KIB,11/252 TB4 S.P BOLTS,22,14740,2026-08-31 18:00:00,30057,ngày ƯỚC TÍNH (theo số PS)
193586,11546545,717329,914,280 BF123 S.P,36,90000,2026-08-31 18:00:00,30057,ngày ƯỚC TÍNH (theo số PS)
193586,06509967AA,717452,KIB,157/297 TB1 S.P,21,17325,2026-09-01 18:00:00,30057,ngày ƯỚC TÍNH (theo số PS); nâng lên ngày sản xuất cuối
193371,11546366-MY-AK,715950,1631,290 BF110 S.P,36,36000,2026-08-31 18:00:00,30059,ngày ƯỚC TÍNH (theo số PS)
193378,4200818SHJ5A00Z,714596,817,279/391 TB2 S.P CERTS X3,42,42000,2026-08-31 18:00:00,30059,ngày ƯỚC TÍNH (theo số PS)
193398,11609280,715993,1112,157/245 TB1 S.P,17,34000,2026-08-31 18:00:00,30059,ngày ƯỚC TÍNH (theo số PS)
193398,11609280,716740,210,285/391 TB2 S.P,27,54000,2026-08-31 18:00:00,30059,ngày ƯỚC TÍNH (theo số PS)
193398,11609280,716739,1773,190/268 TB3 S.P,22,44000,2026-08-31 18:00:00,30059,ngày ƯỚC TÍNH (theo số PS)
193398,11609280,715992,115,11/252 TB4 S.P,33,66000,2026-08-31 18:00:00,30059,ngày ƯỚC TÍNH (theo số PS)
193497,11546377-PH-RO,717637,1360,280 BF118 S.P,27,58050,2026-08-31 18:00:00,30059,ngày ƯỚC TÍNH (theo số PS)
193530,06100050-A,717266,81,275 BF108 S.P,51,76500,2026-09-01 18:00:00,30059,ngày ƯỚC TÍNH (theo số PS); nâng lên ngày sản xuất cuối
193530,06100050-A,717264,1707,275 BF108 S.P,36,54000,2026-08-31 18:00:00,30059,ngày ƯỚC TÍNH (theo số PS)
193570,11549171-MY-AK,717215,60,290 BF109 S.P,,#VALUE!,2026-09-01 18:00:00,30059,ngày ƯỚC TÍNH (theo số PS); nâng lên ngày sản xuất cuối
193570,11549171-MY-AK,717218,974,290 BF109 S.P,36,10080,2026-09-01 18:00:00,30059,ngày ƯỚC TÍNH (theo số PS); nâng lên ngày sản xuất cuối
193570,11546366-MY-AK,714532,737,190/268 TB3 S.P,36,36000,2026-08-31 18:00:00,30059,ngày ƯỚC TÍNH (theo số PS)
193570,11549171-MY-AK,717213,180,157/297 TB1 S.P,35,9800,2026-08-31 18:00:00,30059,ngày ƯỚC TÍNH (theo số PS)
193570,06513555AA,717423,95,190/268 TB3 S.P,36,15840,2026-08-31 18:00:00,30059,ngày ƯỚC TÍNH (theo số PS)
193570,11546389,717704,1657,292BF113 S.P,26,117000,2026-09-01 18:00:00,30059,ngày ƯỚC TÍNH (theo số PS); nâng lên ngày sản xuất cuối
193584,11546571,717164,493,11/252 TB4 S.P SCREWS,31,48050,2026-08-31 18:00:00,30059,ngày ƯỚC TÍNH (theo số PS)
193586,06105049AA,717450,KIB,11/252 TB4 S.P,36,28800,2026-08-31 18:00:00,30059,ngày ƯỚC TÍNH (theo số PS)
193595,11546367-MY-AK,717509,581,290 BF107 S.P,36,25200,2026-09-01 18:00:00,30059,ngày ƯỚC TÍNH (theo số PS); nâng lên ngày sản xuất cuối
193595,11546370-MY-AK,717174,1410,190/298 TB3 S.P,20,4400,2026-08-31 18:00:00,30059,ngày ƯỚC TÍNH (theo số PS)
193595,06104388AA,717628,958,157/297 TB1 S.P,36,23760,2026-08-31 18:00:00,30059,ngày ƯỚC TÍNH (theo số PS)
193595,11546370-MY-AK,717173,1354,190/268 TB3 S.P,36,7920,2026-08-31 18:00:00,30059,ngày ƯỚC TÍNH (theo số PS)
193595,11546370-MY-AK,717171,1599,11/252 TB4 S.P,36,7920,2026-08-31 18:00:00,30059,ngày ƯỚC TÍNH (theo số PS)
193611,11546370-MY-AK,716631,1618,11/252 TB4 S.P,37,8140,2026-09-01 18:00:00,30059,ngày ƯỚC TÍNH (theo số PS); nâng lên ngày sản xuất cuối
193611,11546370-MY-AK,716629,673,11/252 TB4 S.P,37,8140,2026-09-01 18:00:00,30059,ngày ƯỚC TÍNH (theo số PS); nâng lên ngày sản xuất cuối
193627,11546465,715687,752,157/297 TB1 S.P,34,37400,2026-09-01 18:00:00,30059,ngày ƯỚC TÍNH (theo số PS); nâng lên ngày sản xuất cuối
193627,11546703,715808,1666,190/268 TB3 S.P BOLTS,36,144000,2026-09-01 18:00:00,30059,ngày ƯỚC TÍNH (theo số PS); nâng lên ngày sản xuất cuối
193627,11546465,715849,1646,11/252 TB4 S.P,34,37400,2026-09-01 18:00:00,30059,ngày ƯỚC TÍNH (theo số PS); nâng lên ngày sản xuất cuối
193627,11546703,715816,275,157/297 TB1 S.P BOLTS,23,92000,2026-09-01 18:00:00,30059,ngày ƯỚC TÍNH (theo số PS); nâng lên ngày sản xuất cuối
193627,11546465,715848,232,279/391 TB2 S.P,35,38500,2026-09-01 18:00:00,30059,ngày ƯỚC TÍNH (theo số PS); nâng lên ngày sản xuất cuối
193627,06509787AA,716348,1506,11/252 TB4 S.P,42,28140,2026-09-01 18:00:00,30059,ngày ƯỚC TÍNH (theo số PS); nâng lên ngày sản xuất cuối
193627,11546703,715807,46,190/298 TB3 S.P BOLTS,19,76000,2026-09-01 18:00:00,30059,ngày ƯỚC TÍNH (theo số PS); nâng lên ngày sản xuất cuối
193627,11546465,715686,1096,157/297 TB1 S.P,34,37400,2026-09-01 18:00:00,30059,ngày ƯỚC TÍNH (theo số PS); nâng lên ngày sản xuất cuối
192978,11548414,716167,108,190/268/ TB3 S/P,9,4365,2026-09-01 18:00:00,30061,ngày ƯỚC TÍNH (theo số PS)
193336,PZ18-7P483-AA,716404,33TOTES,197 TB5 S.P IN RETURNABLE CERTS 3X,38,7410,2026-09-01 18:00:00,30061,ngày ƯỚC TÍNH (theo số PS)
193371,06105102AA,716987,KIB,285/391 TB2 S.P BOLTS,23,15410,2026-09-01 18:00:00,30061,ngày ƯỚC TÍNH (theo số PS)
193371,11546378-MY-AK,716464,1575,290 BF107 S.P,36,45000,2026-09-01 18:00:00,30061,ngày ƯỚC TÍNH (theo số PS)
193371,11547369-BR-HA,716042,1822,285/391 TB2 S.P,40,10000,2026-09-01 18:00:00,30061,ngày ƯỚC TÍNH (theo số PS)
193371,11546463,717057,217,157/245 TB1 S.P,37,16650,2026-09-01 18:00:00,30061,ngày ƯỚC TÍNH (theo số PS)
193371,11547369-BR-HA,716034,1752,285/391 TB2 S.P,36,9000,2026-09-01 18:00:00,30061,ngày ƯỚC TÍNH (theo số PS)
193407,06101736-A,716776,1676,280 BF120 S.P,31,99200,2026-09-01 18:00:00,30061,ngày ƯỚC TÍNH (theo số PS)
193530,06100050-A,717265,1342,275 BF108 S.P,57,85500,2026-09-01 18:00:00,30061,ngày ƯỚC TÍNH (theo số PS)
193570,11549171-MY-AK,717217,954,290 BF109 S.P,36,10080,2026-09-01 18:00:00,30061,ngày ƯỚC TÍNH (theo số PS)
193570,82248,717420,1794,275 BF112 S.P,36,37800,2026-09-01 18:00:00,30061,ngày ƯỚC TÍNH (theo số PS)
193570,11546545-TH-TC,717138,546,280 BF114 S.P,33,82500,2026-09-01 18:00:00,30061,ngày ƯỚC TÍNH (theo số PS)
193570,11546389,717653,45,190/268/ TB3 S/P CERT,36,162000,2026-09-01 18:00:00,30061,ngày ƯỚC TÍNH (theo số PS)
193595,11546378-MY-AK,717176,355,292 MC26 S.P,36,45000,2026-09-01 18:00:00,30061,ngày ƯỚC TÍNH (theo số PS)
193611,11546370-MY-AK,717165,868,190/268 TB3 S.P,36,7920,2026-09-01 18:00:00,30061,ngày ƯỚC TÍNH (theo số PS)
193611,11546370-MY-AK,716625,856,279/391 TB2 S.P,36,7920,2026-09-01 18:00:00,30061,ngày ƯỚC TÍNH (theo số PS)
193611,11546370-MY-AK,716628,948,190/268 TB3 S.P,36,7920,2026-09-01 18:00:00,30061,ngày ƯỚC TÍNH (theo số PS)
193611,11546370-MY-AK,716636,384,278/391 TB2 S.P,36,7920,2026-09-01 18:00:00,30061,ngày ƯỚC TÍNH (theo số PS)
193611,11546370-MY-AK,716627,136,157/297 TB1 S.P,36,7920,2026-09-01 18:00:00,30061,ngày ƯỚC TÍNH (theo số PS)
193611,11546370-MY-AK,716633,313,190/268 TB3 S.P,36,7920,2026-09-01 18:00:00,30061,ngày ƯỚC TÍNH (theo số PS)
193611,11546370-MY-AK,716635,932,157/297 TB2 S.P,36,7920,2026-09-01 18:00:00,30061,ngày ƯỚC TÍNH (theo số PS)
193611,11546370-MY-AK,716626,1110,190/268 TB3 S.P,36,7920,2026-09-01 18:00:00,30061,ngày ƯỚC TÍNH (theo số PS)
193611,11546370-MY-AK,716624,319,11/25 TB4 S.P,36,7920,2026-09-01 18:00:00,30061,ngày ƯỚC TÍNH (theo số PS)
193611,11546370-MY-AK,717169,449,11/25 TB4 S.P,36,7920,2026-09-01 18:00:00,30061,ngày ƯỚC TÍNH (theo số PS)
193611,11546370-MY-AK,716634,727,157/245 TB1 S.P,28,6160,2026-09-01 18:00:00,30061,ngày ƯỚC TÍNH (theo số PS)
193627,11610091-MY-AK,717564,1367,280 BF118 S.P,30,75000,2026-09-01 18:00:00,30061,ngày ƯỚC TÍNH (theo số PS)
193627,11610091-MY-AK,717565,759,275 VF103 S.P,31,77500,2026-09-01 18:00:00,30061,ngày ƯỚC TÍNH (theo số PS)
193627,11546703,715809,1755,279/391 TB2 S/P BOLTS,36,144000,2026-09-01 18:00:00,30061,ngày ƯỚC TÍNH (theo số PS)
193627,11546703,715813,1589,279/391 TB2 S.P,20,80000,2026-09-01 18:00:00,30061,ngày ƯỚC TÍNH (theo số PS)
193586,11546545,717323,405,290 BF106 S.P,37,92500,2026-09-01 18:00:00,30061,ngày ƯỚC TÍNH (theo số PS)
193586,11546545,717322,1026,275 BF102 S.P,34,85000,2026-09-01 18:00:00,30061,ngày ƯỚC TÍNH (theo số PS)
193586,06105102AA,717467,KIB,279/391 TB2 S.P BOLTS,36,24120,2026-09-01 18:00:00,30061,ngày ƯỚC TÍNH (theo số PS)
192831,11546456,715618,793,280 BF123 S.P,28,75600,2026-09-02 18:00:00,30065,ngày ƯỚC TÍNH (theo số PS)
193322,11546449,716873,580,280 BF123 S.P,40,100000,2026-09-02 18:00:00,30065,ngày ƯỚC TÍNH (theo số PS)
193322,11546449,716869,704,280 BF114 S.P,36,90000,2026-09-02 18:00:00,30065,ngày ƯỚC TÍNH (theo số PS)
193339,06104725AA,716797,108,280 BF114 S.P,36,100800,2026-09-02 18:00:00,30065,ngày ƯỚC TÍNH (theo số PS)
193371,06105102AA,716986,KIB,11/252 TB4 S.P BOLTS,33,22110,2026-09-02 18:00:00,30065,ngày ƯỚC TÍNH (theo số PS)
193371,06105102AA,716985,KIB,11 TB5 S.P BOLTS,31,20770,2026-09-02 18:00:00,30065,ngày ƯỚC TÍNH (theo số PS)
193371,06105102AA,716988,KIB,157/245 TB1 S.P BOLTS,31,20770,2026-09-02 18:00:00,30065,ngày ƯỚC TÍNH (theo số PS)
193371,11546463,717058,1336,11/252 TB4 S.P,40,18000,2026-09-02 18:00:00,30065,ngày ƯỚC TÍNH (theo số PS)
193480,11561645,714525,1630,280 BF124 S.P,22,88000,2026-09-02 18:00:00,30065,ngày ƯỚC TÍNH (theo số PS)
193530,W705606-S440,717980,KIB,157/297 TB1 S.P,27,15660,2026-09-02 18:00:00,30065,ngày ƯỚC TÍNH (theo số PS)
193530,W705606-S440,717978,KIB,11/252 TB3 S.P,37,21460,2026-09-02 18:00:00,30065,ngày ƯỚC TÍNH (theo số PS)
193530,W705606-S440,717979,KIB,157/297 TB1 S.P,33,19140,2026-09-02 18:00:00,30065,ngày ƯỚC TÍNH (theo số PS)
193530,W705606-S440,717977,KIB,11/252 TB4 S.P,22,12760,2026-09-02 18:00:00,30065,ngày ƯỚC TÍNH (theo số PS)
193570,11549171-MY-AK,717210,1414,290 BF109 S.P,36,10080,2026-09-02 18:00:00,30065,ngày ƯỚC TÍNH (theo số PS)
193570,06101831-A,717405,1101,275 BF112 S.P,36,36000,2026-09-02 18:00:00,30065,ngày ƯỚC TÍNH (theo số PS)
193570,11546366-MY-AK,714533,1115,11/252 TB4 S.P,49,49000,2026-09-02 18:00:00,30065,ngày ƯỚC TÍNH (theo số PS)
193595,11602031,717901,927,11/252 TB3 S.P BOLTS,31,4495,2026-09-02 18:00:00,30065,ngày ƯỚC TÍNH (theo số PS)
193595,11546367-MY-AK-L,717507,1713,280 BF121 S.P,36,25200,2026-09-02 18:00:00,30065,ngày ƯỚC TÍNH (theo số PS)
193595,11546367-MY-AK-L,717029,966,290 BF107 S.P,36,25200,2026-09-02 18:00:00,30065,ngày ƯỚC TÍNH (theo số PS)
193595,11546367-MY-AK-L,717497,608,290 BF107 S.P,36,25200,2026-09-02 18:00:00,30065,ngày ƯỚC TÍNH (theo số PS)
193595,11546449-A,717691,620,290 BF106 S.P,16,40000,2026-09-02 18:00:00,30065,ngày ƯỚC TÍNH (theo số PS)
193611,11546370-MY-AK,717168,1600,279/391 TB2 S.P,34,7480,2026-09-02 18:00:00,30065,ngày ƯỚC TÍNH (theo số PS)
193627,11546703,715812,708,190/268 TB3 S.P BOLTS,34,136000,2026-09-02 18:00:00,30065,ngày ƯỚC TÍNH (theo số PS)
193627,11546703,715806,1415,190/268 TB3 S.P BOLTS,31,124000,2026-09-02 18:00:00,30065,ngày ƯỚC TÍNH (theo số PS)
193627,11610091-MY-AK,717288,145,280 BF118 S.P,29,72500,2026-09-02 18:00:00,30065,ngày ƯỚC TÍNH (theo số PS)
193665,117546774-MY-AK,716286,62,279/391 TB2 S.P,19,8550,2026-09-02 18:00:00,30065,ngày ƯỚC TÍNH (theo số PS)
193665,117546774-MY-AK,716165,71,279/391 TB2 S.P,20,9000,2026-09-02 18:00:00,30065,ngày ƯỚC TÍNH (theo số PS)
193665,117546774-MY-AK,716285,918,157/297 TB1 S.P,36,16200,2026-09-02 18:00:00,30065,ngày ƯỚC TÍNH (theo số PS)
193665,117546774-MY-AK,716164,1311,11/252 TB4 S.P,36,16200,2026-09-02 18:00:00,30065,ngày ƯỚC TÍNH (theo số PS)
193665,117546774-MY-AK,716287,1346,11/252 TB4 S.P,36,16200,2026-09-02 18:00:00,30065,ngày ƯỚC TÍNH (theo số PS)
193665,117546774-MY-AK,716175,102,157/297 TB1 S.P,22,9900,2026-09-02 18:00:00,30065,ngày ƯỚC TÍNH (theo số PS)
193665,117546774-MY-AK,716284,1656,11/252 TB4 S.P,22,9900,2026-09-02 18:00:00,30065,ngày ƯỚC TÍNH (theo số PS)
193665,22800396-IN-PN,716955,1771,11/252 TB4 S.P,16,20800,2026-09-02 18:00:00,30065,ngày ƯỚC TÍNH (theo số PS)
193470,E6267AB,716489,603,292 BF110 S.P,1,20000,2026-09-02 18:00:00,30067,ngày ƯỚC TÍNH (theo số PS)
193470,11516077BR-MY-AK,716306,257,190/268 TB3 S.P,35,39600,2026-09-02 18:00:00,30067,ngày ƯỚC TÍNH (theo số PS)
193530,06100050-A,717259,286,275 BF108 S.P,36,54000,2026-09-02 18:00:00,30067,ngày ƯỚC TÍNH (theo số PS)
193551,11546571,717162,915,290 BF105 S.P,28,43400,2026-09-02 18:00:00,30067,ngày ƯỚC TÍNH (theo số PS)
193570,06101831-A,717406,784,275 BF112 S.P,36,36000,2026-09-02 18:00:00,30067,ngày ƯỚC TÍNH (theo số PS)
193570,11546365-MY-AK,716818,1570,4 MC019 S.P,34,64600,2026-09-02 18:00:00,30067,ngày ƯỚC TÍNH (theo số PS)
193570,11546365-MY-AK,716820,1838,275 MC112 S.P,36,68400,2026-09-02 18:00:00,30067,ngày ƯỚC TÍNH (theo số PS)
193570,11546545-TH-TC,717139,511,280 BF114 S.P,36,90000,2026-09-02 18:00:00,30067,ngày ƯỚC TÍNH (theo số PS)
193570,11549171-MY-AK,717216,849,292 BF109 S.P,22,6160,2026-09-02 18:00:00,30067,ngày ƯỚC TÍNH (theo số PS)
193595,11546378-MY-AK,717178,696,292 MC026 S.P,36,45000,2026-09-02 18:00:00,30067,ngày ƯỚC TÍNH (theo số PS)
193595,11546370-MY-AK,717170,1312,11/252 TB5 S.P,38,8360,2026-09-02 18:00:00,30067,ngày ƯỚC TÍNH (theo số PS)
193595,11546367-MY-AK,717030,742,290 BF107 S.P,33,23100,2026-09-02 18:00:00,30067,ngày ƯỚC TÍNH (theo số PS)
193595,11546367-MY-AK,717508,331,280 BF121 S.P,32,22400,2026-09-02 18:00:00,30067,ngày ƯỚC TÍNH (theo số PS)
193595,11546449,717692,1503,275 BF104 S.P,36,90000,2026-09-02 18:00:00,30067,ngày ƯỚC TÍNH (theo số PS)
193611,11546389-PH-RO,717649,1381,280 BF123 S.P,32,144000,2026-09-02 18:00:00,30067,ngày ƯỚC TÍNH (theo số PS)
193611,11546389-PH-RO,717644,1501,275 BMC112 S.P,36,162000,2026-09-02 18:00:00,30067,ngày ƯỚC TÍNH (theo số PS)
193611,11546379,716825,1424,157/297 TB1 S.P,39,27300,2026-09-02 18:00:00,30067,ngày ƯỚC TÍNH (theo số PS)
193627,11610091-MY-AK,717291,1302,280 BF118 S.P,30,75000,2026-09-02 18:00:00,30067,ngày ƯỚC TÍNH (theo số PS)
193627,11610091-MY-AK,717180,743,275 BF103 S.P,36,90000,2026-09-02 18:00:00,30067,ngày ƯỚC TÍNH (theo số PS)
193665,11548535,716969,1330,157/297 TB1 S.P,36,5400,2026-09-02 18:00:00,30067,ngày ƯỚC TÍNH (theo số PS)
193665,11604820,716429,671,279/391 TB2 S.P BOLTS,14,4620,2026-09-02 18:00:00,30067,ngày ƯỚC TÍNH (theo số PS)
193665,7150-1710-03,717567,1621,190/268 TB3 S.P BOLTS,27,29700,2026-09-02 18:00:00,30067,ngày ƯỚC TÍNH (theo số PS)
193708,11502717-TN-TC,717543,1635,279/391 TB2 S.P,37,48100,2026-09-02 18:00:00,30067,ngày ƯỚC TÍNH (theo số PS)
193586,11546545,717330,317,290 BF106 S.P,23,57500,2026-09-02 18:00:00,30067,ngày ƯỚC TÍNH (theo số PS)
192831,06511834AA,715604,1083,285/391 TB2 .SP,23,2300,2026-09-03 18:00:00,30069,ngày ƯỚC TÍNH (theo số PS)
193092,11549169-MY-AK,715954,217,290 BF110 S.P,36,23760,2026-09-03 18:00:00,30069,ngày ƯỚC TÍNH (theo số PS)
193188,06105102AA,716694,KIB,280 BF114 S.P,36,24120,2026-09-03 18:00:00,30069,ngày ƯỚC TÍNH (theo số PS)
193252,11546367-MY-AK,716136,245,290 MC78 S.P,36,25200,2026-09-03 18:00:00,30069,ngày ƯỚC TÍNH (theo số PS)
193252,11546367-MY-AK,716130,1583,292 BF116 S.P,29,20300,2026-09-03 18:00:00,30069,ngày ƯỚC TÍNH (theo số PS)
193322,11546367-MY-AK,716377,7,290 BF110 S.P,28,19600,2026-09-03 18:00:00,30069,ngày ƯỚC TÍNH (theo số PS)
193339,06104388AA,716802,878,157/245 TB1 S.P BOLTS,16,10560,2026-09-03 18:00:00,30069,ngày ƯỚC TÍNH (theo số PS)
193339,06104388AA,716800,82,285/391 TB2 .SP BOLTS,24,15840,2026-09-03 18:00:00,30069,ngày ƯỚC TÍNH (theo số PS)
193398,11546367-MY-AK,716371,526,280 BF121 S.P,36,25200,2026-09-03 18:00:00,30069,ngày ƯỚC TÍNH (theo số PS)
193407,11546456,717075,605,275 MC112 S.P,29,78300,2026-09-03 18:00:00,30069,ngày ƯỚC TÍNH (theo số PS)
193407,11546463,717063,1106,275 BF112 S.P,37,16650,2026-09-03 18:00:00,30069,ngày ƯỚC TÍNH (theo số PS)
193407,11546463,717062,223,275 BF108 S.P,24,10800,2026-09-03 18:00:00,30069,ngày ƯỚC TÍNH (theo số PS)
193497,06511834AA,717411,840,157/297 TB2 S.P,36,3600,2026-09-03 18:00:00,30069,ngày ƯỚC TÍNH (theo số PS)
193497,40109770,717417,770,11/252 TB4 S.P,36,9000,2026-09-03 18:00:00,30069,ngày ƯỚC TÍNH (theo số PS)
193497,40109770,717418,1702,285/391 TB2 .SP,35,8750,2026-09-03 18:00:00,30069,ngày ƯỚC TÍNH (theo số PS)
193497,06511834AA,717412,617,190/268 TB3 S.P,35,3500,2026-09-03 18:00:00,30069,ngày ƯỚC TÍNH (theo số PS)
193497,06512106AA,716622,490,11/252 TB4 S.P,30,6000,2026-09-03 18:00:00,30069,ngày ƯỚC TÍNH (theo số PS)
193497,40109770,717416,350,11/252 TB4 S.P,30,7500,2026-09-03 18:00:00,30069,ngày ƯỚC TÍNH (theo số PS)
193497,40109770,717415,125,190/268 TB3 S.P,33,8250,2026-09-03 18:00:00,30069,ngày ƯỚC TÍNH (theo số PS)
193530,06513404AA,716318,213,157/297 TB2 S.P,39,4680,2026-09-03 18:00:00,30069,ngày ƯỚC TÍNH (theo số PS)
193530,06513404AA,716317,240,157/297 TB2 S.P,36,4320,2026-09-03 18:00:00,30069,ngày ƯỚC TÍNH (theo số PS)
193530,06513404AA,716319,1369,290 MC078 S.P,36,4320,2026-09-03 18:00:00,30069,ngày ƯỚC TÍNH (theo số PS)
193570,06101831-A,717407,1639,275 BF112 S.P,36,36000,2026-09-03 18:00:00,30069,ngày ƯỚC TÍNH (theo số PS)
193570,11546365-MY-AK,716822,1756,292 MC019 S.P,29,55100,2026-09-03 18:00:00,30069,ngày ƯỚC TÍNH (theo số PS)
193570,82248,717419,1068,275 BF112 S.P,36,37800,2026-09-03 18:00:00,30069,ngày ƯỚC TÍNH (theo số PS)
193570,11546365-MY-AK,716817,1516,275 BF112 S.P,18,34200,2026-09-03 18:00:00,30069,ngày ƯỚC TÍNH (theo số PS)
193595,1154389-PH-RO,717641,936,11/252 TB4 S.P,15,67500,2026-09-03 18:00:00,30069,ngày ƯỚC TÍNH (theo số PS)
193595,11546449,717693,49,280 BF123 S.P,35,87500,2026-09-03 18:00:00,30069,ngày ƯỚC TÍNH (theo số PS)
193595,11546389-PH-RO,717639,977,11/252 TB4 S.P,36,162000,2026-09-03 18:00:00,30069,ngày ƯỚC TÍNH (theo số PS)
193595,11546370-MY-AK,717172,194,190/268 TB3 S.P,36,7920,2026-09-03 18:00:00,30069,ngày ƯỚC TÍNH (theo số PS)
193611,11546389-PH-RO,717646,703,280 BF123 S.P,36,162000,2026-09-03 18:00:00,30069,ngày ƯỚC TÍNH (theo số PS)
193611,11546379,716826,450,190/268 TB3 S.P,32,22400,2026-09-03 18:00:00,30069,ngày ƯỚC TÍNH (theo số PS)
193627,06511799AA,714568,16 CTNS,11/252 TB4 S.P CERTS,14,25200,2026-09-03 18:00:00,30069,ngày ƯỚC TÍNH (theo số PS)
193586,W20-1028-012,716827,899,157/297 TB1 S.P,26,24440,2026-09-03 18:00:00,30069,ngày ƯỚC TÍNH (theo số PS)
193586,W20-1028-012,716829,618,11/252 TB4 S.P,42,39480,2026-09-03 18:00:00,30069,ngày ƯỚC TÍNH (theo số PS)
193586,06105102AA,717461,KIB,279/391 TB2 S.P BOLTS,14,9380,2026-09-03 18:00:00,30069,ngày ƯỚC TÍNH (theo số PS)
193586,W20-1028-012,716828,1720,285/391 TB2 .SP,35,32900,2026-09-03 18:00:00,30069,ngày ƯỚC TÍNH (theo số PS)
193586,11549171-MY-AK,717209,815,290 BF109 S.P,37,10360,2026-09-03 18:00:00,30069,ngày ƯỚC TÍNH (theo số PS)
193339,06102612AA,716971,181,292 MC19 S.P,41,73800,2026-09-03 18:00:00,30072,ngày ƯỚC TÍNH (theo số PS)
193371,11546462,717082,1421,275 BF108 S.P,36,23400,2026-09-03 18:00:00,30072,ngày ƯỚC TÍNH (theo số PS)
193443,11612078-B,703121,1665,4 MC74 S.P IN VCI CERT,36,66600,2026-09-03 18:00:00,30072,ngày ƯỚC TÍNH (theo số PS)
193530,06100050-A,717261,370,275 BF108 S.P,25,37500,2026-09-03 18:00:00,30072,ngày ƯỚC TÍNH (theo số PS)
193570,11546389,717702,879,290 BF106 S.P,26,117000,2026-09-03 18:00:00,30072,ngày ƯỚC TÍNH (theo số PS)
193595,11546367-MY-AK,717498,809,280 BF121 S.P,38,26600,2026-09-03 18:00:00,30072,ngày ƯỚC TÍNH (theo số PS)
193595,11546389-PH-RO,717643,1390,275 MC112 S.P,36,162000,2026-09-03 18:00:00,30072,ngày ƯỚC TÍNH (theo số PS)
193595,11546378-MY-AK,717177,1602,292 MC26 S.P,32,40000,2026-09-03 18:00:00,30072,ngày ƯỚC TÍNH (theo số PS)
193595,11546449,717690,1016,275 BF102 S.P,32,80000,2026-09-03 18:00:00,30072,ngày ƯỚC TÍNH (theo số PS)
193595,06104388AA,717626,910,190/268 TB3 S.P BOLTS,34,22440,2026-09-03 18:00:00,30072,ngày ƯỚC TÍNH (theo số PS)
193595,06104388AA,717627,1798,279/391 TB2 S.P BOLTS,30,19800,2026-09-03 18:00:00,30072,ngày ƯỚC TÍNH (theo số PS)
193595,11546389-PH-RO,717642,1134,292 BF113 S.P,8,36000,2026-09-03 18:00:00,30072,ngày ƯỚC TÍNH (theo số PS)
193611,11546389-PH-RO,717645,529,292 BF113 S.P,36,162000,2026-09-03 18:00:00,30072,ngày ƯỚC TÍNH (theo số PS)
193611,11546389-PH-RO,717647,1060,275 BF102 S.P,16,72000,2026-09-03 18:00:00,30072,ngày ƯỚC TÍNH (theo số PS)
193611,11546389-PH-RO,717648,245,275 BF102 S.P,12,54000,2026-09-03 18:00:00,30072,ngày ƯỚC TÍNH (theo số PS)
193611,11546389-PH-RO,717651,1513,290 BF106 S.P,3,13500,2026-09-03 18:00:00,30072,ngày ƯỚC TÍNH (theo số PS)
193611,11546370-MY-AK,717167,83,190/268 TB3 S.P,9,1980,2026-09-03 18:00:00,30072,ngày ƯỚC TÍNH (theo số PS)
193627,11610091-MY-AK,717289,908,275 BF103 S.P,21,52500,2026-09-03 18:00:00,30072,ngày ƯỚC TÍNH (theo số PS)
193627,11610091-MY-AK,717292,889,282 BF118 S.P,28,70000,2026-09-03 18:00:00,30072,ngày ƯỚC TÍNH (theo số PS)
193665,06512313AA,717535,251,280 BF124 S.P,36,126000,2026-09-03 18:00:00,30072,ngày ƯỚC TÍNH (theo số PS)
193696,06101831-A,717395,1837,290 BF110 S.P,36,36000,2026-09-03 18:00:00,30072,ngày ƯỚC TÍNH (theo số PS)
193696,06101831-A,717915,568,275 BF112 S.P,36,36000,2026-09-03 18:00:00,30072,ngày ƯỚC TÍNH (theo số PS)
193696,06101831-A,717396,1062,290 BF110 S.P,36,36000,2026-09-03 18:00:00,30072,ngày ƯỚC TÍNH (theo số PS)
193696,82246,717453,KIB,157/297 TB1 S.P BOLTS,32,8000,2026-09-03 18:00:00,30072,ngày ƯỚC TÍNH (theo số PS)
193709,06514720AA,717109,1685,190/268 TB3 S.P,31,38750,2026-09-03 18:00:00,30072,ngày ƯỚC TÍNH (theo số PS)
193709,06512278AA,717534,551,11/252 TB4 S.P,23,44850,2026-09-03 18:00:00,30072,ngày ƯỚC TÍNH (theo số PS)
193709,06105051AA,717006,747,11/252 TB4 S.P BOLTS,33,20460,2026-09-03 18:00:00,30072,ngày ƯỚC TÍNH (theo số PS)
193709,06514085AA,716858,919,157/297 TB1 S.P BOLTS,36,11880,2026-09-03 18:00:00,30072,ngày ƯỚC TÍNH (theo số PS)
193709,06514720AA,717107,1627,11/252 TB4 S.P,29,36250,2026-09-03 18:00:00,30072,ngày ƯỚC TÍNH (theo số PS)
193709,06512834AA,716996,788,157/297 TB1 S.P,36,10440,2026-09-03 18:00:00,30072,ngày ƯỚC TÍNH (theo số PS)
193709,11518428,717987,KIB,11/252 TB4 S.P,27,32400,2026-09-03 18:00:00,30072,ngày ƯỚC TÍNH (theo số PS)
193709,W520203-S450B,717986,KIB,11/252 TB4 S.P,24,23040,2026-09-03 18:00:00,30072,ngày ƯỚC TÍNH (theo số PS)
193709,P7241950-IN-PN,711385,133,279/391 TB2 S.P,18,3240,2026-09-03 18:00:00,30072,ngày ƯỚC TÍNH (theo số PS)
193709,06105051AA,717005,1345,190/268 TB3 S.P,19,11780,2026-09-03 18:00:00,30072,ngày ƯỚC TÍNH (theo số PS)
193709,11611122-BR-HA,716052,942,190/268 TB3 S.P,5,9250,2026-09-03 18:00:00,30072,ngày ƯỚC TÍNH (theo số PS)
193709,W520203-S450B,717985,KIB,190/268 TB3 S.P,29,27840,2026-09-03 18:00:00,30072,ngày ƯỚC TÍNH (theo số PS)
193586,11549171-MY-AK,717181,1010,290 BF109 S.P,28,7840,2026-09-03 18:00:00,30072,ngày ƯỚC TÍNH (theo số PS)
193586,11549171-MY-AK,717207,112,290 BF109 S.P,45,12600,2026-09-03 18:00:00,30072,ngày ƯỚC TÍNH (theo số PS)
193229,11546364-PH-RO,713721,692,TB6 S.P CERTS BIN 692 TO BIN 060,1,117349,2026-09-04 18:00:00,30074,ngày ƯỚC TÍNH (theo số PS)
193336,11612078-B,712886,555,TB9 S.P BIN TO BIN,1,68000,2026-09-04 18:00:00,30074,ngày ƯỚC TÍNH (theo số PS)
193336,11612078-B,712882,1350,TB9 S.P BIN TO BIN,1,78000,2026-09-04 18:00:00,30074,ngày ƯỚC TÍNH (theo số PS)
193339,W20-1028-020SL,716884,1813,11/293 TB5 S.P,37,7955,2026-09-04 18:00:00,30074,ngày ƯỚC TÍNH (theo số PS)
193339,W20-1028-020SL,716883,1811,157/245 TB1 S.P,30,6450,2026-09-04 18:00:00,30074,ngày ƯỚC TÍNH (theo số PS)
193339,W20-1028-020SL,716880,19,11/293 TB5 S.P,37,7955,2026-09-04 18:00:00,30074,ngày ƯỚC TÍNH (theo số PS)
193339,W20-1028-020SL,716882,1437,285/391 TB2 S.P,26,5590,2026-09-04 18:00:00,30074,ngày ƯỚC TÍNH (theo số PS)
193339,W20-1028-020SL,716881,653,391/285 TB2 S.P,36,7740,2026-09-04 18:00:00,30074,ngày ƯỚC TÍNH (theo số PS)
193339,W20-1028-020SL,716885,209,190/268 TB3 S.P,40,8600,2026-09-04 18:00:00,30074,ngày ƯỚC TÍNH (theo số PS)
193480,11612078-B,717379,1395,TB9 S.P BIN TO BIN,1,65000,2026-09-04 18:00:00,30074,ngày ƯỚC TÍNH (theo số PS)
193551,NU1510-00,717104,1429,275 BF112 S.P IN GAYLORD,1,43000,2026-09-04 18:00:00,30074,ngày ƯỚC TÍNH (theo số PS)
193551,NU1510-00,717103,755,275 BF112 S.P,1,35000,2026-09-04 18:00:00,30074,ngày ƯỚC TÍNH (theo số PS)
193627,NU5108-00,717969,7,279/391 TB2 S.P IN GAYLORD,1,64403,2026-09-04 18:00:00,30074,ngày ƯỚC TÍNH (theo số PS)
193627,NU5108-00,717970,51,190/268 TB3 S.P IN GAYLORD,1,64200,2026-09-04 18:00:00,30074,ngày ƯỚC TÍNH (theo số PS)
193627,NU1405-00,718100,928,11/252 TB4 S.P IN GAYLORD,1,79050,2026-09-04 18:00:00,30074,ngày ƯỚC TÍNH (theo số PS)
193627,NU1405-00,718097,1411,190/268 TB3 S.P IN GAYLORD,1,74100,2026-09-04 18:00:00,30074,ngày ƯỚC TÍNH (theo số PS)
193627,NU1405-00,718098,1000,157/297 TB1 S.P IN GAYLORD,1,74919,2026-09-04 18:00:00,30074,ngày ƯỚC TÍNH (theo số PS)
193627,NU1405-00,718101,626,11/252 TB4 S.P IN GAYLORD,1,75000,2026-09-04 18:00:00,30074,ngày ƯỚC TÍNH (theo số PS)
193627,NU1405-00,718102,940,190/268 TB3 S.P IN GAYLORD,1,75000,2026-09-04 18:00:00,30074,ngày ƯỚC TÍNH (theo số PS)
193627,NU1405-00,718099,1564,11/252 TB4 S.P IN GAYLORD,1,75000,2026-09-04 18:00:00,30074,ngày ƯỚC TÍNH (theo số PS)
193709,NU3516-00,713307,265,157/297 TB1 S.P IN GAYLORD,1,13472,2026-09-04 18:00:00,30074,ngày ƯỚC TÍNH (theo số PS)
193709,P7241250,714675,1701,275 MC112 S.P,33,62700,2026-09-04 18:00:00,30074,ngày ƯỚC TÍNH (theo số PS)
193263,11548535,716970,588,11/252 S.P,36,5400,2026-09-06 18:00:00,30082,ngày ƯỚC TÍNH (theo số PS)
193336,PZ18-7P483-AA,715832,27TOTES,285 TB5 S.P CERTS,24,5280,2026-09-06 18:00:00,30082,ngày ƯỚC TÍNH (theo số PS)
193339,11548414,717049,68,292 BF117,29,14065,2026-09-06 18:00:00,30082,ngày ƯỚC TÍNH (theo số PS)
193443,06511637AA,716431,1307,275 BF112 S.P,35,42000,2026-09-06 18:00:00,30082,ngày ƯỚC TÍNH (theo số PS)
193530,06513404AA,716322,1698,190/268 TB3 S.P,38,4560,2026-09-06 18:00:00,30082,ngày ƯỚC TÍNH (theo số PS)
193530,06513404AA,716320,1609,11/252 TB4 S.P,38,4560,2026-09-06 18:00:00,30082,ngày ƯỚC TÍNH (theo số PS)
193570,06101831-A,717404,1320,290 BF110 S.P,34,34000,2026-09-06 18:00:00,30082,ngày ƯỚC TÍNH (theo số PS)
193570,11549171-MY-AK,717211,397,11/252 TB 4 S.P,38,10640,2026-09-06 18:00:00,30082,ngày ƯỚC TÍNH (theo số PS)
193595,11602031,717900,1050,157/297 TB1 S.P BOLTS CERTS,31,4495,2026-09-06 18:00:00,30082,ngày ƯỚC TÍNH (theo số PS)
193611,11546389-PH-RO,717652,445,280 BF123 S.P,36,162000,2026-09-06 18:00:00,30082,ngày ƯỚC TÍNH (theo số PS)
193627,11610091-MY-AK,717179,482,280 BF118 S.P,22,55000,2026-09-06 18:00:00,30082,ngày ƯỚC TÍNH (theo số PS)
193627,06511799AA,714569,36 CTNS,190/268 TB3 S.P,33,59400,2026-09-06 18:00:00,30082,ngày ƯỚC TÍNH (theo số PS)
193627,11610091-MY-AK,717561,1077,80 BF118 S.P,29,72500,2026-09-06 18:00:00,30082,ngày ƯỚC TÍNH (theo số PS)
193627,11610091-MY-AK,717563,469,292 BF116 S.P,30,75000,2026-09-06 18:00:00,30082,ngày ƯỚC TÍNH (theo số PS)
193665,W711953-S900,717853,389,290 BF107 S.P,36,63000,2026-09-06 18:00:00,30082,ngày ƯỚC TÍNH (theo số PS)
193665,W711953-S900,717855,862,290 BF107 S.P,36,63000,2026-09-06 18:00:00,30082,ngày ƯỚC TÍNH (theo số PS)
193696,11546377-PH-RO,718123,1528,292 BF123 S.P,36,77400,2026-09-06 18:00:00,30082,ngày ƯỚC TÍNH (theo số PS)
193696,11546377-PH-RO,718120,1343,275 BF103 S.P,34,73100,2026-09-06 18:00:00,30082,ngày ƯỚC TÍNH (theo số PS)
193696,11546377,718139,1836,275 BF104 S.P,40,86000,2026-09-06 18:00:00,30082,ngày ƯỚC TÍNH (theo số PS)
193696,11546377,718142,473,292 MC26 S.P,36,77400,2026-09-06 18:00:00,30082,ngày ƯỚC TÍNH (theo số PS)
193696,11546377,718136,1544,279/391 TB2 S.P,24,51600,2026-09-06 18:00:00,30082,ngày ƯỚC TÍNH (theo số PS)
193696,11546377,718133,1773,279/391 TB2 S.P,36,77400,2026-09-06 18:00:00,30082,ngày ƯỚC TÍNH (theo số PS)
193696,11546377,718135,798,157/297 TB1 S.P,27,58050,2026-09-06 18:00:00,30082,ngày ƯỚC TÍNH (theo số PS)
193709,W20203-S440-PA,717976,KIB,11 TB4 S.P,22,21120,2026-09-06 18:00:00,30082,ngày ƯỚC TÍNH (theo số PS)
193709,11518428,717988,KIB,279/391 TB2 S.P,22,26400,2026-09-06 18:00:00,30082,ngày ƯỚC TÍNH (theo số PS)
193709,P7241950-IN-PN,711386,1356,11/252 TB4 S.P,17,3060,2026-09-06 18:00:00,30082,ngày ƯỚC TÍNH (theo số PS)
193709,06512834AA,716995,931,TB1 TB2 S.P,50,14500,2026-09-06 18:00:00,30082,ngày ƯỚC TÍNH (theo số PS)
193709,06512834AA,716993,56,TB1 TB2 S.P,48,13920,2026-09-06 18:00:00,30082,ngày ƯỚC TÍNH (theo số PS)
193783,11549204,716940,444,157/297 TB1 S.P,38,7980,2026-09-06 18:00:00,30082,ngày ƯỚC TÍNH (theo số PS)
193783,11549204,716941,552,190/268 TB3 S.P,36,7560,2026-09-06 18:00:00,30082,ngày ƯỚC TÍNH (theo số PS)
193751,06511637AA,717527,769,29 BF110 S.P,36,43200,2026-09-06 18:00:00,30082,ngày ƯỚC TÍNH (theo số PS)
193751,W716298-S450,717537,1778,280 BF123 S.P,36,126000,2026-09-06 18:00:00,30082,ngày ƯỚC TÍNH (theo số PS)
193205,11546449,716516,1360,280 BF114 S/P,36,90000,2026-09-06 18:00:00,30085,ngày ƯỚC TÍNH (theo số PS)
193252,11546367-MY-AK,716131,663,292 BF116 S/P,36,25200,2026-09-06 18:00:00,30085,ngày ƯỚC TÍNH (theo số PS)
193586,W20-1028-012,716830,1637,11/252 TB4 S/P,30,28200,2026-09-06 18:00:00,30085,ngày ƯỚC TÍNH (theo số PS)
193586,06105102AA,717468,KIB,279/391 TB2 S/P BOLTS,36,24120,2026-09-06 18:00:00,30085,ngày ƯỚC TÍNH (theo số PS)
193595,11546449,717689,1324,280 BF123 S/P,37,92500,2026-09-06 18:00:00,30085,ngày ƯỚC TÍNH (theo số PS)
193252,11549168-CA-IN,710828,323,285 MC26 S.P CERTS,36,36000,2026-09-08 18:00:00,30092,ngày ƯỚC TÍNH (theo số PS)
193322,11546449,716877,221,280 BF123 S.P,36,90000,2026-09-08 18:00:00,30092,ngày ƯỚC TÍNH (theo số PS)
193751,11610091-MY-AK,717560,504,292 BF116 S.P,28,70000,2026-09-08 18:00:00,30092,ngày ƯỚC TÍNH (theo số PS)
193783,11546462,718226,93,292 MC26 S.P,36,23400,2026-09-08 18:00:00,30092,ngày ƯỚC TÍNH (theo số PS)
193783,11546369-IN-PN,716975,205,11/252 TB4 S.P,34,10200,2026-09-08 18:00:00,30092,ngày ƯỚC TÍNH (theo số PS)
192899,11612078-B,710174,906,4 MC074 S.P CERTS,28,51800,2026-09-08 18:00:00,30092,ngày ƯỚC TÍNH (theo số PS)
193783,11546369-IN-PN,716979,530,279/391 TB2 S.P CERTS,16,4800,2026-09-08 18:00:00,30092,ngày ƯỚC TÍNH (theo số PS)
193696,11546377-PH-RO,718121,186,280 BF118 S.P,35,75250,2026-09-08 18:00:00,30092,ngày ƯỚC TÍNH (theo số PS)
193696,06101831-A,717916,491,292 MC110 S.P,36,36000,2026-09-08 18:00:00,30092,ngày ƯỚC TÍNH (theo số PS)
193783,11546369-IN-PN,716981,911,11/252 TB4 S.P CERTS,38,11400,2026-09-08 18:00:00,30092,ngày ƯỚC TÍNH (theo số PS)
193783,11549204,717552,1512,11/252 TB4 S.P,36,7560,2026-09-08 18:00:00,30092,ngày ƯỚC TÍNH (theo số PS)
193783,11549204,716942,1601,279/391 TB2 S.P,40,8400,2026-09-08 18:00:00,30092,ngày ƯỚC TÍNH (theo số PS)
193586,11546545,717324,1824,292 MC24 S.P,36,90000,2026-09-08 18:00:00,30092,ngày ƯỚC TÍNH (theo số PS)
193709,06512278AA,717533,898,190/268 TB3 S.P,29,56550,2026-09-08 18:00:00,30092,ngày ƯỚC TÍNH (theo số PS)
193336,PZ18-7P483-AA,716412,33TOTES,197/285 TB5 S.P CERTS,34,6630,2026-09-08 18:00:00,30092,ngày ƯỚC TÍNH (theo số PS)
193665,W711953-S900,717854,1821,290 BF107 S.P,36,63000,2026-09-08 18:00:00,30092,ngày ƯỚC TÍNH (theo số PS)
193627,11609789-IN-MR,716835,20,190/268 TB3 S.P CERTS,16,48000,2026-09-08 18:00:00,30092,ngày ƯỚC TÍNH (theo số PS)
193627,11610091-MY-AK,717287,1368,280 BF118 S.P,31,77500,2026-09-08 18:00:00,30092,ngày ƯỚC TÍNH (theo số PS)
193595,11546367-MY-AK,717510,1767,290 BF107 S.P,36,25200,2026-09-08 18:00:00,30092,ngày ƯỚC TÍNH (theo số PS)
193570,11546365-MY-AK,716819,310,275 MC112 S.P,41,77900,2026-09-08 18:00:00,30092,ngày ƯỚC TÍNH (theo số PS)
193143,11546370-MY-AK,714689,457,279/391 TB2 S.P,36,7920,2026-09-08 18:00:00,30092,ngày ƯỚC TÍNH (theo số PS)
193322,11546449-TH-TC,717142,369,190/268 TB3 S.P,30,75000,2026-09-08 18:00:00,30092,ngày ƯỚC TÍNH (theo số PS)
193143,11546370-MY-AK,714682,395,190/268 TB3 S.P,36,7920,2026-09-08 18:00:00,30092,ngày ƯỚC TÍNH (theo số PS)
193497,06511834AA,717413,545,157/297 TB1 S.P BOLTS,16,1600,2026-09-08 18:00:00,30092,ngày ƯỚC TÍNH (theo số PS)
193783,11546462,718228,1436,292 MC110 S.P,36,23400,2026-09-08 18:00:00,30092,ngày ƯỚC TÍNH (theo số PS)
193843,06509475AA,716026,1370,279/391 TB2 S.P BOLTS,37,16650,2026-09-08 18:00:00,30092,ngày ƯỚC TÍNH (theo số PS)
190436,11612078-B,705988,287,4 MC74 S.P CERTS,34,62900,2026-09-09 18:00:00,30098,ngày ƯỚC TÍNH (theo số PS)
193570,06101831-A,717403,778,292 MC110 S.P,42,42000,2026-09-09 18:00:00,30098,ngày ƯỚC TÍNH (theo số PS)
193696,06101736-A,717766,836,290 BF106 S.P,36,115200,2026-09-09 18:00:00,30098,ngày ƯỚC TÍNH (theo số PS)
193783,11546462,718223,1758,275 BF108 S.P,39,25350,2026-09-09 18:00:00,30098,ngày ƯỚC TÍNH (theo số PS)
193783,11546369-IN-PN,716953,1781,279/391 TBL2 S.P,36,10800,2026-09-09 18:00:00,30098,ngày ƯỚC TÍNH (theo số PS)
193783,11549204,716944,1826,1/252/190/268 TBL4 S.P,32,6720,2026-09-09 18:00:00,30098,ngày ƯỚC TÍNH (theo số PS)
193783,11549204,717478,1030,1/252/190/268 TBL3 S.P,43,9030,2026-09-09 18:00:00,30098,ngày ƯỚC TÍNH (theo số PS)
193783,11546462,718229,455,275 MC110 S.P,40,26000,2026-09-09 18:00:00,30098,ngày ƯỚC TÍNH (theo số PS)
193793,11546545,718237,129,280 BF114 S.P,37,92500,2026-09-09 18:00:00,30098,ngày ƯỚC TÍNH (theo số PS)
193793,11549204,716394,164,297/391 TBL2 S.P,36,7560,2026-09-09 18:00:00,30098,ngày ƯỚC TÍNH (theo số PS)
193793,11549204,716943,960,297/391 TBL2 S.P,36,7560,2026-09-09 18:00:00,30098,ngày ƯỚC TÍNH (theo số PS)
193793,11546545,718239,1033,280 BF 123 S.P,35,87500,2026-09-09 18:00:00,30098,ngày ƯỚC TÍNH (theo số PS)
193793,11549204,716946,1581,190/268 TBL3 S.P,40,8400,2026-09-09 18:00:00,30098,ngày ƯỚC TÍNH (theo số PS)
193793,11546545,718238,790,275 BF102 S.P,36,90000,2026-09-09 18:00:00,30098,ngày ƯỚC TÍNH (theo số PS)
193827,40161567,717893,1409,157/297 TBL1 S.P,36,6300,2026-09-09 18:00:00,30098,ngày ƯỚC TÍNH (theo số PS)
193827,40161567,717895,1061,279/391 TBL2 S.P,14,2450,2026-09-09 18:00:00,30098,ngày ƯỚC TÍNH (theo số PS)
193827,40161567,717708,241,190/268 BL3 S.P,19,3325,2026-09-09 18:00:00,30098,ngày ƯỚC TÍNH (theo số PS)
193827,40161567,717894,1682,279/391 TBL2 S.P,36,6300,2026-09-09 18:00:00,30098,ngày ƯỚC TÍNH (theo số PS)
193827,40161567,717892,575,190/268 TBL3 S.P,36,6300,2026-09-09 18:00:00,30098,ngày ƯỚC TÍNH (theo số PS)
193827,11514596-CA-IN,716782,479,290 BF106 S.P,31,77500,2026-09-09 18:00:00,30098,ngày ƯỚC TÍNH (theo số PS)
193827,06104388AA,717677,525,297/391 TBL2 S.P,40,26400,2026-09-09 18:00:00,30098,ngày ƯỚC TÍNH (theo số PS)
193827,06101831-A,717400,127,4 MC74 S.P,34,34000,2026-09-09 18:00:00,30098,ngày ƯỚC TÍNH (theo số PS)
193842,06104388AA,718440,126,11/252 TBL4 S.P,27,17820,2026-09-09 18:00:00,30098,ngày ƯỚC TÍNH (theo số PS)
193842,06104388AA,718439,923,190/268 TBL3 S.P,30,19800,2026-09-09 18:00:00,30098,ngày ƯỚC TÍNH (theo số PS)
193853,06504080-T,717844,903,190/268 TBL3 S.P,24,144000,2026-09-09 18:00:00,30098,ngày ƯỚC TÍNH (theo số PS)
193751,06511637AA,717529,969,290 BF110 S.P,40,48000,2026-09-09 18:00:00,30098,ngày ƯỚC TÍNH (theo số PS)
193751,06511637AA,717531,1577,290 BF110 S.P,36,43200,2026-09-09 18:00:00,30098,ngày ƯỚC TÍNH (theo số PS)
192831,11546367-MY-AK,714549,15,292 BF117 S.P,36,25200,2026-09-10 18:00:00,30101,ngày ƯỚC TÍNH (theo số PS)
192831,11546367-MY-AK,714553,918,292 BF117 S.P,36,25200,2026-09-10 18:00:00,30101,ngày ƯỚC TÍNH (theo số PS)
192852,11612078-B,712880,751,BIN TO BIN 1359->969,BIN,72000,2026-09-10 18:00:00,30101,ngày ƯỚC TÍNH (theo số PS)
192908,06104725AA,715707,183,279/391 TBL2 S.P,35,98000,2026-09-10 18:00:00,30101,ngày ƯỚC TÍNH (theo số PS)
193188,06511847AA,716162,912,MC78 S.P,30,22500,2026-09-10 18:00:00,30101,ngày ƯỚC TÍNH (theo số PS)
193339,06104725AA,716789,177,280 BF123 S.P,36,100800,2026-09-10 18:00:00,30101,ngày ƯỚC TÍNH (theo số PS)
193339,06104725AA,716790,903,280 BF114 S.P,36,100800,2026-09-10 18:00:00,30101,ngày ƯỚC TÍNH (theo số PS)
193696,11546377,718137,148,292 BF113 S.P,34,73100,2026-09-10 18:00:00,30101,ngày ƯỚC TÍNH (theo số PS)
193783,11546545,718234,1439,275 BF103 S.P,36,90000,2026-09-10 18:00:00,30101,ngày ƯỚC TÍNH (theo số PS)
193783,11546545,718231,264,280 BF114 S.P,36,90000,2026-09-10 18:00:00,30101,ngày ƯỚC TÍNH (theo số PS)
193783,11546545,718233,585,275 MC112 S.P,36,90000,2026-09-10 18:00:00,30101,ngày ƯỚC TÍNH (theo số PS)
193783,11546378-CA-IN,713805,160,190/268 TBL3 S.P,32,,2026-09-10 18:00:00,30101,ngày ƯỚC TÍNH (theo số PS)
193783,11546545,718230,224,275 BF102 S.P,36,90000,2026-09-10 18:00:00,30101,ngày ƯỚC TÍNH (theo số PS)
193783,11546545,718235,793,275 BF104 S.P,36,90000,2026-09-10 18:00:00,30101,ngày ƯỚC TÍNH (theo số PS)
193793,11546545,717758,252,275 BF104 S.P,38,95000,2026-09-10 18:00:00,30101,ngày ƯỚC TÍNH (theo số PS)
193793,11549204,717477,1374,297/391 TBL2 S.P,36,7560,2026-09-10 18:00:00,30101,ngày ƯỚC TÍNH (theo số PS)
193793,11546545,718236,176,280 BF123 S.P,34,85000,2026-09-10 18:00:00,30101,ngày ƯỚC TÍNH (theo số PS)
193827,11514596-CA-IN,716783,183,275 BF104 S.P,29,72500,2026-09-10 18:00:00,30101,ngày ƯỚC TÍNH (theo số PS)
193827,06101831-A,717397,702,290 BF110 S.P,36,36000,2026-09-10 18:00:00,30101,ngày ƯỚC TÍNH (theo số PS)
193842,06104388AA,718437,371,190/268 TBL3 S.P,30,19800,2026-09-10 18:00:00,30101,ngày ƯỚC TÍNH (theo số PS)
193874,11502717-TH-TC,717544,614,190/268 TBL3 S.P,36,46800,2026-09-10 18:00:00,30101,ngày ƯỚC TÍNH (theo số PS)
193874,11611960-HT,717850,290,190/268 TBL3 S.P,18,144000,2026-09-10 18:00:00,30101,ngày ƯỚC TÍNH (theo số PS)
193751,W705606-S440,718794,KIB,297/391 TBL2 S.P,36,20880,2026-09-10 18:00:00,30101,ngày ƯỚC TÍNH (theo số PS)
193092,11546449,715752,171,280 BF123 S.P,35,87500,2026-09-11 18:00:00,30107,ngày ƯỚC TÍNH (theo số PS)
193696,82246,717454,KIB,190+268 TB3 S.P BOLTS,27,6750,2026-09-11 18:00:00,30107,ngày ƯỚC TÍNH (theo số PS)
193827,06509967AA,718514,KIB,190+268 TB3 S.P BOLTS,22,18150,2026-09-11 18:00:00,30107,ngày ƯỚC TÍNH (theo số PS)
193842,11546437-MY-AK,718011,1812,290 BF106 S.P,50,75000,2026-09-11 18:00:00,30107,ngày ƯỚC TÍNH (theo số PS)
193842,11546437-MY-AK,718009,1568,280 BF114 S.P,23,34500,2026-09-11 18:00:00,30107,ngày ƯỚC TÍNH (theo số PS)
193842,06513555AA,718442,587,279+391 TB2 S.P,14,6160,2026-09-11 18:00:00,30107,ngày ƯỚC TÍNH (theo số PS)
193842,06104388AA,718438,890,279+391 TB2 S.P BOLTS,31,20460,2026-09-11 18:00:00,30107,ngày ƯỚC TÍNH (theo số PS)
193842,11546389,718037,54,275 MC112 S.P,9,40500,2026-09-11 18:00:00,30107,ngày ƯỚC TÍNH (theo số PS)
193842,11546389,718039,693,275 MC112 S.P,27,121500,2026-09-11 18:00:00,30107,ngày ƯỚC TÍNH (theo số PS)
193853,11561645,718060,1541,280 BF120 S.P,19,76000,2026-09-11 18:00:00,30107,ngày ƯỚC TÍNH (theo số PS)
193890,HL3W-4320-AA,714250,730,279+391 TB2 S.P,31,6200,2026-09-11 18:00:00,30107,ngày ƯỚC TÍNH (theo số PS)
193890,11602292,718069,1647,11+252 TB4 S.P BOLTS,24,24000,2026-09-11 18:00:00,30107,ngày ƯỚC TÍNH (theo số PS)
193890,40110160,716741,1633,252+11 TB4 S.P,34,6800,2026-09-11 18:00:00,30107,ngày ƯỚC TÍNH (theo số PS)
193890,11602292,718070,1520,252+11 TB4 S.P,23,23000,2026-09-11 18:00:00,30107,ngày ƯỚC TÍNH (theo số PS)
193890,BL3W-4320-BA,714611,1079,190+268 TB3 S.P,21,4620,2026-09-11 18:00:00,30107,ngày ƯỚC TÍNH (theo số PS)
193890,06511672AA,714432,1100,190+268 TB3 S.P,29,40600,2026-09-11 18:00:00,30107,ngày ƯỚC TÍNH (theo số PS)
193890,06508200AA,718062,1384,11+252 TB4 S.P,15,10500,2026-09-11 18:00:00,30107,ngày ƯỚC TÍNH (theo số PS)
193890,11546703,715815,1644,268+190 TB3 S.P,35,140000,2026-09-11 18:00:00,30107,ngày ƯỚC TÍNH (theo số PS)
193890,HL3W-4320-AA,714255,1573,279+391 TB2 S.P,24,4800,2026-09-11 18:00:00,30107,ngày ƯỚC TÍNH (theo số PS)
193890,HL3W-4320-AA,714254,776,279+391 TB2 S.P,24,4800,2026-09-11 18:00:00,30107,ngày ƯỚC TÍNH (theo số PS)
190179,W20-1028-010,710203,531,TB6 SORTED BIN TO BIN 531-1092,1,64000,2026-09-12 18:00:00,30111,ngày ƯỚC TÍNH (theo số PS)
190179,W20-1028-010,710204,805,"TB1, TB2; S.P IN BIN CERTIFIED",1,70000,2026-09-12 18:00:00,30111,ngày ƯỚC TÍNH (theo số PS)
190179,W20-1028-010,710209,24,"TB1, TB2; S.P IN BIN CERTIFIED",1,65000,2026-09-12 18:00:00,30111,ngày ƯỚC TÍNH (theo số PS)
193778,NU3019-00,717823,322,157/297 TB1 S.P IN GAYLORD,1,5522,2026-09-12 18:00:00,30111,ngày ƯỚC TÍNH (theo số PS)
193793,11549204,716395,137,279/391 TB2 S.P,33,6930,2026-09-12 18:00:00,30111,ngày ƯỚC TÍNH (theo số PS)
193949,NU1510-00-T,718664,662,157/297 TB1 S.P IN GAYLORD,1,35000,2026-09-12 18:00:00,30111,ngày ƯỚC TÍNH (theo số PS)
193949,NU1510-00-T,718663,1330,190/268 TB3 S.P IN GAYLORD,1,35000,2026-09-12 18:00:00,30111,ngày ƯỚC TÍNH (theo số PS)
193751,SL2404-00,718806,KIB,240 TB6 PACKED ONLY IN GAYLORD,1,2800,2026-09-12 18:00:00,30111,ngày ƯỚC TÍNH (theo số PS)
193751,SL2404-00,718807,KIB,240 TB6 PACKED ONLY IN GAYLORD,1,2800,2026-09-12 18:00:00,30111,ngày ƯỚC TÍNH (theo số PS)
193751,SL2404-00,718804,KIB,240 TB6 PACKED ONLY IN GAYLORD,1,2800,2026-09-12 18:00:00,30111,ngày ƯỚC TÍNH (theo số PS)
193751,SL2404-00,718805,KIB,240 TB6 PACKED ONLY IN GAYLORD,1,2800,2026-09-12 18:00:00,30111,ngày ƯỚC TÍNH (theo số PS)
193751,SL2404-00,718802,KIB,240 TB6 PACKED ONLY IN GAYLORD,1,2800,2026-09-12 18:00:00,30111,ngày ƯỚC TÍNH (theo số PS)
193751,SL2404-00,718801,KIB,240 TB6 PACKED ONLY IN GAYLORD,1,28000,2026-09-12 18:00:00,30111,ngày ƯỚC TÍNH (theo số PS)
193751,SL2404-00,718808,KIB,240 TB6 PACKED ONLY IN GAYLORD,1,2800,2026-09-12 18:00:00,30111,ngày ƯỚC TÍNH (theo số PS)
193751,SL2404-00,718809,KIB,240 TB6 PACKED ONLY IN GAYLORD,1,2800,2026-09-12 18:00:00,30111,ngày ƯỚC TÍNH (theo số PS)
193827,06509967AA,717787,KIB,157/297 TBL1 S.P,12,9900,2026-09-13 18:00:00,30115,ngày ƯỚC TÍNH (theo số PS)
193827,06509967AA,718512,KIB,297/391 TBL2 S.P,15,12375,2026-09-13 18:00:00,30115,ngày ƯỚC TÍNH (theo số PS)
193842,11546437-MY-AK,718013,1585,280 BF123 S.P,61,91500,2026-09-13 18:00:00,30115,ngày ƯỚC TÍNH (theo số PS)
193842,11546437-MY-AK,718015,941,275 BF104 S.P,43,64500,2026-09-13 18:00:00,30115,ngày ƯỚC TÍNH (theo số PS)
193842,11546437-MY-AK,718012,16,275 BF102 S.P,65,97500,2026-09-13 18:00:00,30115,ngày ƯỚC TÍNH (theo số PS)
193842,11546437-MY-AK,718018,519,280 BF124 S.P,61,91500,2026-09-13 18:00:00,30115,ngày ƯỚC TÍNH (theo số PS)
193842,11546370,717816,1434,279/391 TBL2 S.P,28,6160,2026-09-13 18:00:00,30115,ngày ƯỚC TÍNH (theo số PS)
193890,11610091-MY-AK,717286,1629,280 BF118 S.P,31,77500,2026-09-13 18:00:00,30115,ngày ƯỚC TÍNH (theo số PS)
193890,11561645,718057,303,280 BF124 S.P,27,108000,2026-09-13 18:00:00,30115,ngày ƯỚC TÍNH (theo số PS)
193890,W711953-S900,718045,409,4 BF116 S.P,36,63000,2026-09-13 18:00:00,30115,ngày ƯỚC TÍNH (theo số PS)
193890,11546703,715814,165,157/297 BF123 S.P,38,152000,2026-09-13 18:00:00,30115,ngày ƯỚC TÍNH (theo số PS)
193890,11546566,718047,523,11+252 TB4 S.P BOLTS,30,54000,2026-09-13 18:00:00,30115,ngày ƯỚC TÍNH (theo số PS)
193890,11610128-BR-HA,717820,1373,157+297 TB1 S.P,4,4500,2026-09-13 18:00:00,30115,ngày ƯỚC TÍNH (theo số PS)
193904,11602326,718624,631,157/297 TBL1 S.P,33,3960,2026-09-13 18:00:00,30115,ngày ƯỚC TÍNH (theo số PS)
193949,NU1510-00-T,717102,325,157-297/TBL1 S.P,1,18850,2026-09-13 18:00:00,30115,ngày ƯỚC TÍNH (theo số PS)
193949,NU1144-L,718854,1685,279-391 TBL2 S.P,1,22740,2026-09-13 18:00:00,30115,ngày ƯỚC TÍNH (theo số PS)
193949,NU1510-00-T,718665,62,190-268 TBL3 S.P,1,46650,2026-09-13 18:00:00,30115,ngày ƯỚC TÍNH (theo số PS)
193949,NU1510-00-T,717101,1560,280 BF124 S.P,1,35000,2026-09-13 18:00:00,30115,ngày ƯỚC TÍNH (theo số PS)
193586,06105102AA,717462,KIB,157/297 TBL1 S.P,33,22110,2026-09-13 18:00:00,30115,ngày ƯỚC TÍNH (theo số PS)
193902,11546462,718644,727,290/ BF110 S.P,36,23400,2026-09-13 18:00:00,30115,ngày ƯỚC TÍNH (theo số PS)
193902,11546367-MY-AK,718077,309,275 BF112 S.P,36,25200,2026-09-13 18:00:00,30115,ngày ƯỚC TÍNH (theo số PS)
193902,11546367-MY-AK,717496,363,290  BF109 S.P,36,25200,2026-09-13 18:00:00,30115,ngày ƯỚC TÍNH (theo số PS)
193902,11546367-MY-AK,718075,490,290 BF107 S.P,36,25200,2026-09-13 18:00:00,30115,ngày ƯỚC TÍNH (theo số PS)
193902,11546462,718640,245,290 BF110 S.P,36,23400,2026-09-13 18:00:00,30115,ngày ƯỚC TÍNH (theo số PS)
193902,11602326,718617,1653,157+297 TB1 S.P,36,4320,2026-09-13 18:00:00,30115,ngày ƯỚC TÍNH (theo số PS)
193902,11602326,718620,1503,157+297 TB1 S.P,36,4320,2026-09-13 18:00:00,30115,ngày ƯỚC TÍNH (theo số PS)
193902,11546367-MY-AK,718076,1056,275 BF112 S.P,16,11200,2026-09-13 18:00:00,30115,ngày ƯỚC TÍNH (theo số PS)
193904,11546370-MY-AK,717593,349,190/268 TBL3 S.P,19,4180,2026-09-14 18:00:00,30120,ngày ƯỚC TÍNH (theo số PS)
193842,06512349AA,717797,19,279/391 TBL2 S.P,19,7600,2026-09-14 18:00:00,30120,ngày ƯỚC TÍNH (theo số PS)
193949,6502979-A,717571,1028,275BBF108 S.P,36,27000,2026-09-14 18:00:00,30120,ngày ƯỚC TÍNH (theo số PS)
193904,11549204,717550,534,268/157/297 TBL3 S.P,44,9240,2026-09-14 18:00:00,30120,ngày ƯỚC TÍNH (theo số PS)
193904,11549204,717549,1445,268/157/297 TBL1 S.P,53,11130,2026-09-14 18:00:00,30120,ngày ƯỚC TÍNH (theo số PS)
193902,11546462,718645,973,290 BF110 S.P,30,19500,2026-09-14 18:00:00,30120,ngày ƯỚC TÍNH (theo số PS)
193890,06511637AA,717528,1669,275 BF112 S.P,31,37200,2026-09-14 18:00:00,30120,ngày ƯỚC TÍNH (theo số PS)
193902,W520113-S440,717232,642,290 BF107 S.P,36,37800,2026-09-14 18:00:00,30120,ngày ƯỚC TÍNH (theo số PS)
193853,06504080-T,717860,1784,11/252 TBL4 S.P,32,192000,2026-09-14 18:00:00,30120,ngày ƯỚC TÍNH (theo số PS)
193827,11546437,717781,282,280 BF114 S.P,54,81000,2026-09-14 18:00:00,30120,ngày ƯỚC TÍNH (theo số PS)
193827,11546437,717772,039,280 BF123 S.P,57,85500,2026-09-14 18:00:00,30120,ngày ƯỚC TÍNH (theo số PS)
193827,06509967AA,717789,KIB,11/252 TBL4 S.P,27,22275,2026-09-14 18:00:00,30120,ngày ƯỚC TÍNH (theo số PS)
193793,11546545,717761,1095,275 BF102 S.P,35,87500,2026-09-14 18:00:00,30120,ngày ƯỚC TÍNH (theo số PS)
193827,06101831-A,717399,679,290 BF110 S.P,39,39000,2026-09-14 18:00:00,30120,ngày ƯỚC TÍNH (theo số PS)
193827,06509967AA,718520,KIB,279/391 TBL2 S.P,36,29700,2026-09-14 18:00:00,30120,ngày ƯỚC TÍNH (theo số PS)
193793,11546545,717757,2,275 MC112 S.P,36,90000,2026-09-14 18:00:00,30120,ngày ƯỚC TÍNH (theo số PS)
193793,11546545,717759,795,290 BF106 S.P,35,87500,2026-09-14 18:00:00,30120,ngày ƯỚC TÍNH (theo số PS)
193827,6104388,717676,217,190/268 TBL3 S.P,17,11220,2026-09-14 18:00:00,30120,ngày ƯỚC TÍNH (theo số PS)
193827,06104388AA,717675,1336,157/247 TBL1 S.P,42,27720,2026-09-14 18:00:00,30120,ngày ƯỚC TÍNH (theo số PS)
193904,11549204,717551,63,157/279 TBL1 S.P,36,7560,2026-09-14 18:00:00,30120,ngày ƯỚC TÍNH (theo số PS)
193902,11546367-MY-AK,717505,1098,275  BF108 S.P,36,25200,2026-09-14 18:00:00,30120,ngày ƯỚC TÍNH (theo số PS)
193902,W520113-S440,717233,1071,275 BF108 S.P,41,43050,2026-09-14 18:00:00,30120,ngày ƯỚC TÍNH (theo số PS)
193890,11610091-MY-AK,717562,1792,BF103 S.P,30,75000,2026-09-14 18:00:00,30120,ngày ƯỚC TÍNH (theo số PS)
193904,11546370-MY-AK,717591,602,TBL4 S.P,31,6820,2026-09-14 18:00:00,30120,ngày ƯỚC TÍNH (theo số PS)
193336,NU1405-00,717280,820,TBL4 S.P,36,2700000,2026-09-14 18:00:00,30120,ngày ƯỚC TÍNH (theo số PS)
193902,11546377,718864,1105,BF113 S.P,30,64500,2026-09-14 18:00:00,30120,ngày ƯỚC TÍNH (theo số PS)
193783,11546378,713803,1081,157/279 TBL1 S.P,36,45000,2026-09-14 18:00:00,30120,ngày ƯỚC TÍNH (theo số PS)
187142,11612078-B,691176-,1101,,,73000,2026-07-05 18:00:00,29801,SHIP suy từ cờ Shipped + PS# của WORK ORDER; qty=PIECES; ngày ƯỚC TÍNH (theo số PS)
191398,11516078-CA-IN,705865,726,,,26000,2026-09-09 18:00:00,30098,SHIP suy từ cờ Shipped + PS# của WORK ORDER; qty=PIECES; ngày ƯỚC TÍNH (theo số PS)
190796,11612078-B,706394-,1440,,,78000,2026-07-05 18:00:00,29801,SHIP suy từ cờ Shipped + PS# của WORK ORDER; qty=PIECES; ngày ƯỚC TÍNH (theo số PS)
189264,11612078-B,706395-,1359,,,70000,2026-05-16 18:00:00,29577,SHIP suy từ cờ Shipped + PS# của WORK ORDER; qty=PIECES; ngày ƯỚC TÍNH (theo số PS)
189264,11612078-B,706809-,216,,,70000,2026-05-16 18:00:00,29577,SHIP suy từ cờ Shipped + PS# của WORK ORDER; qty=PIECES; ngày ƯỚC TÍNH (theo số PS)
189250,11612078-B,706810-,1409,,,69000,2026-05-16 18:00:00,29577,SHIP suy từ cờ Shipped + PS# của WORK ORDER; qty=PIECES; ngày ƯỚC TÍNH (theo số PS)
189280,11612078-B,706811-,363,,,66000,2026-05-16 18:00:00,29577,SHIP suy từ cờ Shipped + PS# của WORK ORDER; qty=PIECES; ngày ƯỚC TÍNH (theo số PS)
189760,11612078-B,706812-,815,,,65000,2026-05-30 18:00:00,29641,SHIP suy từ cờ Shipped + PS# của WORK ORDER; qty=PIECES; ngày ƯỚC TÍNH (theo số PS)
190114,PZ18-7P483-AA,706890-,32 TOTES,,,6240,2026-06-10 18:00:00,29691,SHIP suy từ cờ Shipped + PS# của WORK ORDER; qty=PIECES; ngày ƯỚC TÍNH (theo số PS)
189724,11612078-B,707322-,341,,,73000,2026-05-30 18:00:00,29641,SHIP suy từ cờ Shipped + PS# của WORK ORDER; qty=PIECES; ngày ƯỚC TÍNH (theo số PS)
189816,11612078-B,707323-,227,,,65000,2026-05-30 18:00:00,29641,SHIP suy từ cờ Shipped + PS# của WORK ORDER; qty=PIECES; ngày ƯỚC TÍNH (theo số PS)
189943,11612078-B,707324-,70,,,68000,2026-05-30 18:00:00,29641,SHIP suy từ cờ Shipped + PS# của WORK ORDER; qty=PIECES; ngày ƯỚC TÍNH (theo số PS)
189803,11612078-B,707326-,131,,,67000,2026-05-30 18:00:00,29641,SHIP suy từ cờ Shipped + PS# của WORK ORDER; qty=PIECES; ngày ƯỚC TÍNH (theo số PS)
189943,11612078-B,707327-,118,,,60000,2026-05-30 18:00:00,29641,SHIP suy từ cờ Shipped + PS# của WORK ORDER; qty=PIECES; ngày ƯỚC TÍNH (theo số PS)
190220,11612078-B,707328-,80,,,70000,2026-07-05 18:00:00,29801,SHIP suy từ cờ Shipped + PS# của WORK ORDER; qty=PIECES; ngày ƯỚC TÍNH (theo số PS)
190152,11612078-B,707329-,503,,,75000,2026-06-05 18:00:00,29667,SHIP suy từ cờ Shipped + PS# của WORK ORDER; qty=PIECES; ngày ƯỚC TÍNH (theo số PS)
189280,11612078-B,707330-,1077,,,80000,2026-05-16 18:00:00,29577,SHIP suy từ cờ Shipped + PS# của WORK ORDER; qty=PIECES; ngày ƯỚC TÍNH (theo số PS)
189803,11612078-B,707331-,640,,,70000,2026-05-30 18:00:00,29641,SHIP suy từ cờ Shipped + PS# của WORK ORDER; qty=PIECES; ngày ƯỚC TÍNH (theo số PS)
190033,11612078-B,707332-,152,,,75000,2026-06-05 18:00:00,29667,SHIP suy từ cờ Shipped + PS# của WORK ORDER; qty=PIECES; ngày ƯỚC TÍNH (theo số PS)
189280,06511689AA,707753-,606,,,8539,2026-05-16 18:00:00,29577,SHIP suy từ cờ Shipped + PS# của WORK ORDER; qty=PIECES; ngày ƯỚC TÍNH (theo số PS)
189943,11612078-B,708158-,843,,,70000,2026-06-05 18:00:00,29667,SHIP suy từ cờ Shipped + PS# của WORK ORDER; qty=PIECES; ngày ƯỚC TÍNH (theo số PS)
190400,11612078-B,708159-,1624,,,72000,2026-07-05 18:00:00,29801,SHIP suy từ cờ Shipped + PS# của WORK ORDER; qty=PIECES; ngày ƯỚC TÍNH (theo số PS)
189943,11612078-B,708160-,703,,,70000,2026-05-30 18:00:00,29641,SHIP suy từ cờ Shipped + PS# của WORK ORDER; qty=PIECES; ngày ƯỚC TÍNH (theo số PS)
190033,11612078-B,708161-,1328,,,71000,2026-06-05 18:00:00,29667,SHIP suy từ cờ Shipped + PS# của WORK ORDER; qty=PIECES; ngày ƯỚC TÍNH (theo số PS)
190270,11612078-B,708162-,800,,,68000,2026-07-05 18:00:00,29801,SHIP suy từ cờ Shipped + PS# của WORK ORDER; qty=PIECES; ngày ƯỚC TÍNH (theo số PS)
189556,11548535,708333-,1627,,,5780,2026-05-16 18:00:00,29577,SHIP suy từ cờ Shipped + PS# của WORK ORDER; qty=PIECES; ngày ƯỚC TÍNH (theo số PS)
189556,11548535,708334-,175,,,5435,2026-05-16 18:00:00,29577,SHIP suy từ cờ Shipped + PS# của WORK ORDER; qty=PIECES; ngày ƯỚC TÍNH (theo số PS)
189556,11548535,708335-,147,,,5425,2026-05-16 18:00:00,29577,SHIP suy từ cờ Shipped + PS# của WORK ORDER; qty=PIECES; ngày ƯỚC TÍNH (theo số PS)
189556,11548535,708336-,21,,,5575,2026-05-16 18:00:00,29577,SHIP suy từ cờ Shipped + PS# của WORK ORDER; qty=PIECES; ngày ƯỚC TÍNH (theo số PS)
190114,11612078-B,708434-,1622,,,76000,2026-06-05 18:00:00,29667,SHIP suy từ cờ Shipped + PS# của WORK ORDER; qty=PIECES; ngày ƯỚC TÍNH (theo số PS)
189724,11612078-B,708435-,1382,,,68000,2026-05-30 18:00:00,29641,SHIP suy từ cờ Shipped + PS# của WORK ORDER; qty=PIECES; ngày ƯỚC TÍNH (theo số PS)
190921,11612078-B,708437,815,,,55500,2026-07-12 18:00:00,29835,SHIP suy từ cờ Shipped + PS# của WORK ORDER; qty=tổng SELECT; ngày ƯỚC TÍNH (theo số PS)
189760,11612078-B,708437-,1037,,,70000,2026-07-12 18:00:00,29835,SHIP suy từ cờ Shipped + PS# của WORK ORDER; qty=PIECES; ngày ƯỚC TÍNH (theo số PS)
192899,11612078-B,708438,352,,,72000,2026-09-01 18:00:00,30061,SHIP suy từ cờ Shipped + PS# của WORK ORDER; qty=PIECES; ngày ƯỚC TÍNH (theo số PS)
190577,11612078-B,708438-,1542,,,72000,2026-07-05 18:00:00,29801,SHIP suy từ cờ Shipped + PS# của WORK ORDER; qty=PIECES; ngày ƯỚC TÍNH (theo số PS)
189682,11561645,708439,1001,,,117403,2026-09-02 18:00:00,30067,SHIP suy từ cờ Shipped + PS# của WORK ORDER; qty=PIECES; ngày ƯỚC TÍNH (theo số PS)
189682,11561645,708440,1614,,,123766,2026-08-25 18:00:00,30030,SHIP suy từ cờ Shipped + PS# của WORK ORDER; qty=PIECES; ngày ƯỚC TÍNH (theo số PS)
189682,11561645,708441,673,,,132078,2026-05-23 18:00:00,29609,SHIP suy từ cờ Shipped + PS# của WORK ORDER; qty=PIECES; ngày ƯỚC TÍNH (theo số PS)
189682,11561645,708442,66,,,112987,2026-05-23 18:00:00,29609,SHIP suy từ cờ Shipped + PS# của WORK ORDER; qty=PIECES; ngày ƯỚC TÍNH (theo số PS)
190128,11546377-CA-IN,708443,607,,,63247,2026-06-09 18:00:00,29684,SHIP suy từ cờ Shipped + PS# của WORK ORDER; qty=PIECES; ngày ƯỚC TÍNH (theo số PS)
190128,11546377-CA-IN,708444,824,,,73117,2026-06-08 18:00:00,29681,SHIP suy từ cờ Shipped + PS# của WORK ORDER; qty=PIECES; ngày ƯỚC TÍNH (theo số PS)
190128,11546377-CA-IN,708445,1300,,,57532,2026-08-29 18:00:00,30049,SHIP suy từ cờ Shipped + PS# của WORK ORDER; qty=PIECES; ngày ƯỚC TÍNH (theo số PS)
189699,06513514AA,708448,141,,,9829,2026-05-22 18:00:00,29607,SHIP suy từ cờ Shipped + PS# của WORK ORDER; qty=PIECES; ngày ƯỚC TÍNH (theo số PS)
189699,06513514AA,708449,616,,,9449,2026-05-30 18:00:00,29643,SHIP suy từ cờ Shipped + PS# của WORK ORDER; qty=PIECES; ngày ƯỚC TÍNH (theo số PS)
189724,06509474AA,708450,760,,,19361,2026-05-23 18:00:00,29609,SHIP suy từ cờ Shipped + PS# của WORK ORDER; qty=PIECES; ngày ƯỚC TÍNH (theo số PS)
189724,06509474AA,708451,172,,,17059,2026-05-22 18:00:00,29607,SHIP suy từ cờ Shipped + PS# của WORK ORDER; qty=PIECES; ngày ƯỚC TÍNH (theo số PS)
190033,06509787AA,708453,578,,,25091,2026-06-02 18:00:00,29653,SHIP suy từ cờ Shipped + PS# của WORK ORDER; qty=PIECES; ngày ƯỚC TÍNH (theo số PS)
189905,06509494AA,708454,50,,,16590,2026-05-28 18:00:00,29630,SHIP suy từ cờ Shipped + PS# của WORK ORDER; qty=PIECES; ngày ƯỚC TÍNH (theo số PS)
189682,06512349AA,708456,462,,,10700,2026-05-20 18:00:00,29597,SHIP suy từ cờ Shipped + PS# của WORK ORDER; qty=PIECES; ngày ƯỚC TÍNH (theo số PS)
189682,06512349AA,708457,181,,,8930,2026-08-28 18:00:00,30042,SHIP suy từ cờ Shipped + PS# của WORK ORDER; qty=PIECES; ngày ƯỚC TÍNH (theo số PS)
189975,F1302AB,708458,940,,,22492,2026-09-02 18:00:00,30065,SHIP suy từ cờ Shipped + PS# của WORK ORDER; qty=PIECES; ngày ƯỚC TÍNH (theo số PS)
189975,F1302AB,708459,1039,,,17929,2026-05-30 18:00:00,29643,SHIP suy từ cờ Shipped + PS# của WORK ORDER; qty=PIECES; ngày ƯỚC TÍNH (theo số PS)
189975,F1302AB,708460,105,,,19482,2026-08-28 18:00:00,30042,SHIP suy từ cờ Shipped + PS# của WORK ORDER; qty=PIECES; ngày ƯỚC TÍNH (theo số PS)
189975,F1302AB,708461,1372,,,21327,2026-05-30 18:00:00,29643,SHIP suy từ cờ Shipped + PS# của WORK ORDER; qty=PIECES; ngày ƯỚC TÍNH (theo số PS)
189724,55364498AA,708463,264,,,25000,2026-05-22 18:00:00,29607,SHIP suy từ cờ Shipped + PS# của WORK ORDER; qty=PIECES; ngày ƯỚC TÍNH (theo số PS)
189724,40179995,708464,44,,,8429,2026-05-22 18:00:00,29607,SHIP suy từ cờ Shipped + PS# của WORK ORDER; qty=PIECES; ngày ƯỚC TÍNH (theo số PS)
189724,40179994,708466,115,,,5344,2026-05-23 18:00:00,29609,SHIP suy từ cờ Shipped + PS# của WORK ORDER; qty=PIECES; ngày ƯỚC TÍNH (theo số PS)
189724,40179994,708467,836,,,4310,2026-08-28 18:00:00,30044,SHIP suy từ cờ Shipped + PS# của WORK ORDER; qty=PIECES; ngày ƯỚC TÍNH (theo số PS)
189724,06502979-A,708476,679,,,21288,2026-09-02 18:00:00,30065,SHIP suy từ cờ Shipped + PS# của WORK ORDER; qty=PIECES; ngày ƯỚC TÍNH (theo số PS)
189724,06502979-A,708477,126,,,19520,2026-09-02 18:00:00,30065,SHIP suy từ cờ Shipped + PS# của WORK ORDER; qty=PIECES; ngày ƯỚC TÍNH (theo số PS)
189648,NU5108-00,708478,595,,,69000,2026-09-02 18:00:00,30065,SHIP suy từ cờ Shipped + PS# của WORK ORDER; qty=PIECES; ngày ƯỚC TÍNH (theo số PS)
189648,NU5108-00,708479,108,,,65000,2026-06-13 18:00:00,29703,SHIP suy từ cờ Shipped + PS# của WORK ORDER; qty=PIECES; ngày ƯỚC TÍNH (theo số PS)
189648,NU5108-00,708480,912,,,66000,2026-08-28 18:00:00,30042,SHIP suy từ cờ Shipped + PS# của WORK ORDER; qty=PIECES; ngày ƯỚC TÍNH (theo số PS)
189648,NU5108-00,708481,1369,,,66000,2026-09-03 18:00:00,30069,SHIP suy từ cờ Shipped + PS# của WORK ORDER; qty=PIECES; ngày ƯỚC TÍNH (theo số PS)
189648,NU5108-00,708482,786,,,65000,2026-08-28 18:00:00,30042,SHIP suy từ cờ Shipped + PS# của WORK ORDER; qty=PIECES; ngày ƯỚC TÍNH (theo số PS)
189648,NU5108-00,708483,99,,,66000,2026-05-23 18:00:00,29611,SHIP suy từ cờ Shipped + PS# của WORK ORDER; qty=PIECES; ngày ƯỚC TÍNH (theo số PS)
189699,06509967AA,708485,KIB,,,20000,2026-08-29 18:00:00,30049,SHIP suy từ cờ Shipped + PS# của WORK ORDER; qty=PIECES; ngày ƯỚC TÍNH (theo số PS)
189699,06509967AA,708486,KIB,,,20000,2026-09-02 18:00:00,30065,SHIP suy từ cờ Shipped + PS# của WORK ORDER; qty=PIECES; ngày ƯỚC TÍNH (theo số PS)
189699,06509967AA,708487,KIB,,,20000,2026-09-02 18:00:00,30067,SHIP suy từ cờ Shipped + PS# của WORK ORDER; qty=PIECES; ngày ƯỚC TÍNH (theo số PS)
189610,11546389,708488,231,,,125844,2026-08-25 18:00:00,30031,SHIP suy từ cờ Shipped + PS# của WORK ORDER; qty=PIECES; ngày ƯỚC TÍNH (theo số PS)
189610,11546389,708489,788,,,113766,2026-05-20 18:00:00,29597,SHIP suy từ cờ Shipped + PS# của WORK ORDER; qty=PIECES; ngày ƯỚC TÍNH (theo số PS)
189610,11546377,708490,1544,,,73117,2026-05-20 18:00:00,29597,SHIP suy từ cờ Shipped + PS# của WORK ORDER; qty=PIECES; ngày ƯỚC TÍNH (theo số PS)
189610,11546377,708491,1417,,,61364,2026-05-19 18:00:00,29594,SHIP suy từ cờ Shipped + PS# của WORK ORDER; qty=PIECES; ngày ƯỚC TÍNH (theo số PS)
189795,W520111-S440,708492,1376,,,134699,2026-05-28 18:00:00,29632,SHIP suy từ cờ Shipped + PS# của WORK ORDER; qty=PIECES; ngày ƯỚC TÍNH (theo số PS)
189795,W520111-S440,708493,305,,,123614,2026-05-31 18:00:00,29645,SHIP suy từ cờ Shipped + PS# của WORK ORDER; qty=PIECES; ngày ƯỚC TÍNH (theo số PS)
189960,47336AE,708498,1377,,,24126,2026-08-28 18:00:00,30042,SHIP suy từ cờ Shipped + PS# của WORK ORDER; qty=PIECES; ngày ƯỚC TÍNH (theo số PS)
189960,47336AE,708499,708,,,23722,2026-06-01 18:00:00,29648,SHIP suy từ cờ Shipped + PS# của WORK ORDER; qty=PIECES; ngày ƯỚC TÍNH (theo số PS)
189960,47336AE,708500,675,,,24462,2026-08-28 18:00:00,30042,SHIP suy từ cờ Shipped + PS# của WORK ORDER; qty=PIECES; ngày ƯỚC TÍNH (theo số PS)
189960,47336AE,708501,889,,,22982,2026-08-26 18:00:00,30037,SHIP suy từ cờ Shipped + PS# của WORK ORDER; qty=PIECES; ngày ƯỚC TÍNH (theo số PS)
190128,W520113-S440,708502,532,,,43955,2026-08-28 18:00:00,30042,SHIP suy từ cờ Shipped + PS# của WORK ORDER; qty=PIECES; ngày ƯỚC TÍNH (theo số PS)
190128,W520113-S440,708503,951,,,40299,2026-06-13 18:00:00,29702,SHIP suy từ cờ Shipped + PS# của WORK ORDER; qty=PIECES; ngày ƯỚC TÍNH (theo số PS)
189640,11546370-MY-AK,708506,1514,,,7450,2026-08-26 18:00:00,30037,SHIP suy từ cờ Shipped + PS# của WORK ORDER; qty=PIECES; ngày ƯỚC TÍNH (theo số PS)
189640,11546370-MY-AK,708507,959,,,7443,2026-05-20 18:00:00,29597,SHIP suy từ cờ Shipped + PS# của WORK ORDER; qty=PIECES; ngày ƯỚC TÍNH (theo số PS)
189640,11546370-MY-AK,708508,169,,,7403,2026-08-25 18:00:00,30030,SHIP suy từ cờ Shipped + PS# của WORK ORDER; qty=PIECES; ngày ƯỚC TÍNH (theo số PS)
189640,11546370-MY-AK,708509,1413,,,7456,2026-05-22 18:00:00,29604,SHIP suy từ cờ Shipped + PS# của WORK ORDER; qty=PIECES; ngày ƯỚC TÍNH (theo số PS)
189640,11546370-MY-AK,708510,531,,,7550,2026-05-20 18:00:00,29597,SHIP suy từ cờ Shipped + PS# của WORK ORDER; qty=PIECES; ngày ƯỚC TÍNH (theo số PS)
189640,11546370-MY-AK,708511,1572,,,7181,2026-08-25 18:00:00,30030,SHIP suy từ cờ Shipped + PS# của WORK ORDER; qty=PIECES; ngày ƯỚC TÍNH (theo số PS)
189699,11546370-MY-AK,708512,575,,,8060,2026-08-27 18:00:00,30039,SHIP suy từ cờ Shipped + PS# của WORK ORDER; qty=PIECES; ngày ƯỚC TÍNH (theo số PS)
189699,11546370-MY-AK,708513,953,,,6805,2026-08-27 18:00:00,30039,SHIP suy từ cờ Shipped + PS# của WORK ORDER; qty=PIECES; ngày ƯỚC TÍNH (theo số PS)
189699,11546370-MY-AK,708514,7,,,7537,2026-08-31 18:00:00,30057,SHIP suy từ cờ Shipped + PS# của WORK ORDER; qty=PIECES; ngày ƯỚC TÍNH (theo số PS)
189699,11546370-MY-AK,708515,409,,,7228,2026-08-24 18:00:00,30026,SHIP suy từ cờ Shipped + PS# của WORK ORDER; qty=PIECES; ngày lấy từ dòng khác cùng PS
189699,11546370-MY-AK,708516,479,,,6872,2026-08-24 18:00:00,30026,SHIP suy từ cờ Shipped + PS# của WORK ORDER; qty=PIECES; ngày lấy từ dòng khác cùng PS
189699,11546370-MY-AK,708517,451,,,7980,2026-08-24 18:00:00,30026,SHIP suy từ cờ Shipped + PS# của WORK ORDER; qty=PIECES; ngày lấy từ dòng khác cùng PS
189943,06512834AA,708522,662,,,8883,2026-08-24 18:00:00,30026,SHIP suy từ cờ Shipped + PS# của WORK ORDER; qty=PIECES; ngày lấy từ dòng khác cùng PS
189724,06512834AA,708523,1070,,,8123,2026-05-23 18:00:00,29609,SHIP suy từ cờ Shipped + PS# của WORK ORDER; qty=PIECES; ngày ƯỚC TÍNH (theo số PS)
189636,06506707AA,708524,348,,,20740,2026-05-19 18:00:00,29594,SHIP suy từ cờ Shipped + PS# của WORK ORDER; qty=PIECES; ngày ƯỚC TÍNH (theo số PS)
189724,06503825-A,708527,89,,,73769,2026-05-23 18:00:00,29609,SHIP suy từ cờ Shipped + PS# của WORK ORDER; qty=PIECES; ngày ƯỚC TÍNH (theo số PS)
189724,06503825-A,708528,1021,,,70769,2026-08-28 18:00:00,30044,SHIP suy từ cờ Shipped + PS# của WORK ORDER; qty=PIECES; ngày ƯỚC TÍNH (theo số PS)
189724,06503825-A,708529,1548,,,78308,2026-08-25 18:00:00,30031,SHIP suy từ cờ Shipped + PS# của WORK ORDER; qty=PIECES; ngày ƯỚC TÍNH (theo số PS)
189607,11546456,708530,763,,,65738,2026-08-24 18:00:00,30026,SHIP suy từ cờ Shipped + PS# của WORK ORDER; qty=PIECES; ngày lấy từ dòng khác cùng PS
189607,11546456,708531,1345,,,84426,2026-08-25 18:00:00,30031,SHIP suy từ cờ Shipped + PS# của WORK ORDER; qty=PIECES; ngày ƯỚC TÍNH (theo số PS)
189607,11546456,708532,482,,,66967,2026-08-28 18:00:00,30044,SHIP suy từ cờ Shipped + PS# của WORK ORDER; qty=PIECES; ngày ƯỚC TÍNH (theo số PS)
189607,11546456,708533,146,,,81393,2026-08-27 18:00:00,30039,SHIP suy từ cờ Shipped + PS# của WORK ORDER; qty=PIECES; ngày ƯỚC TÍNH (theo số PS)
189607,11546456,708534,498,,,70574,2026-08-31 18:00:00,30057,SHIP suy từ cờ Shipped + PS# của WORK ORDER; qty=PIECES; ngày ƯỚC TÍNH (theo số PS)
189607,11546456,708535,319,,,77787,2026-08-28 18:00:00,30044,SHIP suy từ cờ Shipped + PS# của WORK ORDER; qty=PIECES; ngày ƯỚC TÍNH (theo số PS)
189610,11546456,708536,1682,,,80984,2026-05-20 18:00:00,29597,SHIP suy từ cờ Shipped + PS# của WORK ORDER; qty=PIECES; ngày ƯỚC TÍNH (theo số PS)
189610,11546456,708537,1439,,,66148,2026-08-25 18:00:00,30031,SHIP suy từ cờ Shipped + PS# của WORK ORDER; qty=PIECES; ngày ƯỚC TÍNH (theo số PS)
189610,11546456,708538,560,,,72541,2026-08-28 18:00:00,30044,SHIP suy từ cờ Shipped + PS# của WORK ORDER; qty=PIECES; ngày ƯỚC TÍNH (theo số PS)
189610,11546456,708539,1367,,,77295,2026-08-27 18:00:00,30039,SHIP suy từ cờ Shipped + PS# của WORK ORDER; qty=PIECES; ngày ƯỚC TÍNH (theo số PS)
189610,11546456,708540,958,,,64918,2026-08-27 18:00:00,30040,SHIP suy từ cờ Shipped + PS# của WORK ORDER; qty=PIECES; ngày ƯỚC TÍNH (theo số PS)
189610,11546456,708541,880,,,84754,2026-08-28 18:00:00,30044,SHIP suy từ cờ Shipped + PS# của WORK ORDER; qty=PIECES; ngày ƯỚC TÍNH (theo số PS)
189699,11546437-MY-AK,708542,1319,,,83769,2026-08-27 18:00:00,30040,SHIP suy từ cờ Shipped + PS# của WORK ORDER; qty=PIECES; ngày ƯỚC TÍNH (theo số PS)
189699,11546437-MY-AK,708543,101,,,84846,2026-05-26 18:00:00,29624,SHIP suy từ cờ Shipped + PS# của WORK ORDER; qty=PIECES; ngày ƯỚC TÍNH (theo số PS)
189699,11546437-MY-AK,708544,1305,,,86231,2026-08-27 18:00:00,30039,SHIP suy từ cờ Shipped + PS# của WORK ORDER; qty=PIECES; ngày ƯỚC TÍNH (theo số PS)
189699,11546437-MY-AK,708545,1518,,,84231,2026-08-27 18:00:00,30040,SHIP suy từ cờ Shipped + PS# của WORK ORDER; qty=PIECES; ngày ƯỚC TÍNH (theo số PS)
189699,11546437-MY-AK,708546,187,,,84692,2026-08-28 18:00:00,30044,SHIP suy từ cờ Shipped + PS# của WORK ORDER; qty=PIECES; ngày ƯỚC TÍNH (theo số PS)
189699,11546437-MY-AK,708547,1650,,,85692,2026-09-01 18:00:00,30061,SHIP suy từ cờ Shipped + PS# của WORK ORDER; qty=PIECES; ngày ƯỚC TÍNH (theo số PS)
189581,11546437-MY-AK,708548,841,,,87692,2026-05-17 18:00:00,29583,SHIP suy từ cờ Shipped + PS# của WORK ORDER; qty=PIECES; ngày ƯỚC TÍNH (theo số PS)
189581,11546437-MY-AK,708549,257,,,83231,2026-08-29 18:00:00,30049,SHIP suy từ cờ Shipped + PS# của WORK ORDER; qty=PIECES; ngày ƯỚC TÍNH (theo số PS)
189581,11546437-MY-AK,708550,972,,,84462,2026-08-27 18:00:00,30039,SHIP suy từ cờ Shipped + PS# của WORK ORDER; qty=PIECES; ngày ƯỚC TÍNH (theo số PS)
189581,11546437-MY-AK,708551,636,,,84308,2026-08-26 18:00:00,30037,SHIP suy từ cờ Shipped + PS# của WORK ORDER; qty=PIECES; ngày ƯỚC TÍNH (theo số PS)
189581,11546437-MY-AK,708552,1306,,,87615,2026-05-17 18:00:00,29583,SHIP suy từ cờ Shipped + PS# của WORK ORDER; qty=PIECES; ngày ƯỚC TÍNH (theo số PS)
190436,11546774-MY-AK,708554,259,,,15180,2026-06-16 18:00:00,29716,SHIP suy từ cờ Shipped + PS# của WORK ORDER; qty=PIECES; ngày ƯỚC TÍNH (theo số PS)
190436,11546774-MY-AK,708555,252,,,14197,2026-08-25 18:00:00,30030,SHIP suy từ cờ Shipped + PS# của WORK ORDER; qty=PIECES; ngày ƯỚC TÍNH (theo số PS)
190436,11546774-MY-AK,708556,699,,,12424,2026-06-16 18:00:00,29716,SHIP suy từ cờ Shipped + PS# của WORK ORDER; qty=PIECES; ngày ƯỚC TÍNH (theo số PS)
190436,11546774-MY-AK,708557,1533,,,14806,2026-08-25 18:00:00,30030,SHIP suy từ cờ Shipped + PS# của WORK ORDER; qty=PIECES; ngày ƯỚC TÍNH (theo số PS)
190436,11546774-MY-AK,708559,1665,,,11925,2026-06-16 18:00:00,29718,SHIP suy từ cờ Shipped + PS# của WORK ORDER; qty=PIECES; ngày ƯỚC TÍNH (theo số PS)
190436,11546774-MY-AK,708560,1403,,,15208,2026-06-15 18:00:00,29713,SHIP suy từ cờ Shipped + PS# của WORK ORDER; qty=PIECES; ngày ƯỚC TÍNH (theo số PS)
190436,11546774-MY-AK,708561,584,,,11939,2026-08-26 18:00:00,30037,SHIP suy từ cờ Shipped + PS# của WORK ORDER; qty=PIECES; ngày ƯỚC TÍNH (theo số PS)
190436,11546774-MY-AK,708562,1405,,,12715,2026-09-05 18:00:00,30080,SHIP suy từ cờ Shipped + PS# của WORK ORDER; qty=PIECES; ngày ƯỚC TÍNH (theo số PS)
190436,11546774-MY-AK,708563,272,,,14460,2026-08-29 18:00:00,30049,SHIP suy từ cờ Shipped + PS# của WORK ORDER; qty=PIECES; ngày ƯỚC TÍNH (theo số PS)
190436,11546774-MY-AK,708564,1373,,,12465,2026-08-31 18:00:00,30057,SHIP suy từ cờ Shipped + PS# của WORK ORDER; qty=PIECES; ngày ƯỚC TÍNH (theo số PS)
190436,11546774-MY-AK,708565,464,,,14169,2026-08-28 18:00:00,30044,SHIP suy từ cờ Shipped + PS# của WORK ORDER; qty=PIECES; ngày ƯỚC TÍNH (theo số PS)
190436,11546774-MY-AK,708566,1030,,,13352,2026-06-15 18:00:00,29713,SHIP suy từ cờ Shipped + PS# của WORK ORDER; qty=PIECES; ngày ƯỚC TÍNH (theo số PS)
190436,11546774-MY-AK,708567,739,,,13781,2026-08-27 18:00:00,30040,SHIP suy từ cờ Shipped + PS# của WORK ORDER; qty=PIECES; ngày ƯỚC TÍNH (theo số PS)
189640,06511689AA,708570,1670,,,9609,2026-09-06 18:00:00,30082,SHIP suy từ cờ Shipped + PS# của WORK ORDER; qty=PIECES; ngày ƯỚC TÍNH (theo số PS)
189640,06511689AA,708571,184,,,10243,2026-08-30 18:00:00,30054,SHIP suy từ cờ Shipped + PS# của WORK ORDER; qty=PIECES; ngày ƯỚC TÍNH (theo số PS)
189640,06511689AA,708572,800,,,5861,2026-09-06 18:00:00,30082,SHIP suy từ cờ Shipped + PS# của WORK ORDER; qty=PIECES; ngày ƯỚC TÍNH (theo số PS)
189640,06511689AA,708573,1581,,,9696,2026-05-30 18:00:00,29643,SHIP suy từ cờ Shipped + PS# của WORK ORDER; qty=PIECES; ngày ƯỚC TÍNH (theo số PS)
189639,06511689AA,708576,827,,,9548,2026-09-03 18:00:00,30069,SHIP suy từ cờ Shipped + PS# của WORK ORDER; qty=PIECES; ngày ƯỚC TÍNH (theo số PS)
189639,06511689AA,708577,388,,,9522,2026-09-02 18:00:00,30067,SHIP suy từ cờ Shipped + PS# của WORK ORDER; qty=PIECES; ngày ƯỚC TÍNH (theo số PS)
189639,06511689AA,708578,27,,,8609,2026-09-03 18:00:00,30069,SHIP suy từ cờ Shipped + PS# của WORK ORDER; qty=PIECES; ngày ƯỚC TÍNH (theo số PS)
189639,06511689AA,708579,1032,,,9261,2026-08-27 18:00:00,30040,SHIP suy từ cờ Shipped + PS# của WORK ORDER; qty=PIECES; ngày ƯỚC TÍNH (theo số PS)
189816,0204788122-L,708588,677,,,50000,2026-08-27 18:00:00,30039,SHIP suy từ cờ Shipped + PS# của WORK ORDER; qty=PIECES; ngày ƯỚC TÍNH (theo số PS)
189747,382802-S440,708589,402,,,53250,2026-09-02 18:00:00,30067,SHIP suy từ cờ Shipped + PS# của WORK ORDER; qty=PIECES; ngày ƯỚC TÍNH (theo số PS)
189747,L0668498AA02,708592,1380,,,117363,2026-05-28 18:00:00,29632,SHIP suy từ cờ Shipped + PS# của WORK ORDER; qty=PIECES; ngày ƯỚC TÍNH (theo số PS)
189747,L0668498AA02,708593,1442,,,119670,2026-05-27 18:00:00,29626,SHIP suy từ cờ Shipped + PS# của WORK ORDER; qty=PIECES; ngày ƯỚC TÍNH (theo số PS)
189747,L0668498AA02,708594,285,,,123626,2026-08-30 18:00:00,30054,SHIP suy từ cờ Shipped + PS# của WORK ORDER; qty=PIECES; ngày ƯỚC TÍNH (theo số PS)
189747,L0668498AA02,708595,574,,,111538,2026-08-27 18:00:00,30040,SHIP suy từ cờ Shipped + PS# của WORK ORDER; qty=PIECES; ngày ƯỚC TÍNH (theo số PS)
190315,W714729-S442,708596,1599,,,115876,2026-06-21 18:00:00,29738,SHIP suy từ cờ Shipped + PS# của WORK ORDER; qty=PIECES; ngày ƯỚC TÍNH (theo số PS)
189760,NU1136-01,708598,261,,,8454,2026-09-03 18:00:00,30069,SHIP suy từ cờ Shipped + PS# của WORK ORDER; qty=PIECES; ngày ƯỚC TÍNH (theo số PS)
189760,NU1136-01,708599,1015,,,7601,2026-08-25 18:00:00,30031,SHIP suy từ cờ Shipped + PS# của WORK ORDER; qty=PIECES; ngày ƯỚC TÍNH (theo số PS)
189760,NU1136-01,708600,160,,,7460,2026-08-26 18:00:00,30037,SHIP suy từ cờ Shipped + PS# của WORK ORDER; qty=PIECES; ngày ƯỚC TÍNH (theo số PS)
189760,NU1136-01,708601,1596,,,8772,2026-05-23 18:00:00,29611,SHIP suy từ cờ Shipped + PS# của WORK ORDER; qty=PIECES; ngày ƯỚC TÍNH (theo số PS)
189760,NU1136-01,708602,1082,,,7470,2026-05-23 18:00:00,29611,SHIP suy từ cờ Shipped + PS# của WORK ORDER; qty=PIECES; ngày ƯỚC TÍNH (theo số PS)
189760,NU1136-01,708603,1531,,,8819,2026-09-03 18:00:00,30069,SHIP suy từ cờ Shipped + PS# của WORK ORDER; qty=PIECES; ngày ƯỚC TÍNH (theo số PS)
189760,NU1136-01,708604,1504,,,11518,2026-08-27 18:00:00,30039,SHIP suy từ cờ Shipped + PS# của WORK ORDER; qty=PIECES; ngày ƯỚC TÍNH (theo số PS)
189823,11546367-MY-AK,708606,954,,,23720,2026-09-03 18:00:00,30069,SHIP suy từ cờ Shipped + PS# của WORK ORDER; qty=PIECES; ngày ƯỚC TÍNH (theo số PS)
189823,11546367-MY-AK,708607,852,,,24989,2026-09-03 18:00:00,30069,SHIP suy từ cờ Shipped + PS# của WORK ORDER; qty=PIECES; ngày ƯỚC TÍNH (theo số PS)
189823,11546367-MY-AK,708608,823,,,24065,2026-09-03 18:00:00,30069,SHIP suy từ cờ Shipped + PS# của WORK ORDER; qty=PIECES; ngày ƯỚC TÍNH (theo số PS)
189823,11546367-MY-AK,708609,73,,,25247,2026-09-03 18:00:00,30069,SHIP suy từ cờ Shipped + PS# của WORK ORDER; qty=PIECES; ngày ƯỚC TÍNH (theo số PS)
189823,11546367-MY-AK,708610,693,,,23484,2026-05-28 18:00:00,29630,SHIP suy từ cờ Shipped + PS# của WORK ORDER; qty=PIECES; ngày ƯỚC TÍNH (theo số PS)
189823,11546367-MY-AK,708611,1625,,,25355,2026-08-31 18:00:00,30059,SHIP suy từ cờ Shipped + PS# của WORK ORDER; qty=PIECES; ngày ƯỚC TÍNH (theo số PS)
189823,11546367-MY-AK,708613,166,,,24108,2026-05-30 18:00:00,29640,SHIP suy từ cờ Shipped + PS# của WORK ORDER; qty=PIECES; ngày ƯỚC TÍNH (theo số PS)
189795,W20-1028-012,708617,966,,,35584,2026-08-27 18:00:00,30040,SHIP suy từ cờ Shipped + PS# của WORK ORDER; qty=PIECES; ngày ƯỚC TÍNH (theo số PS)
189795,W20-1028-012,708618,784,,,37319,2026-05-26 18:00:00,29623,SHIP suy từ cờ Shipped + PS# của WORK ORDER; qty=PIECES; ngày ƯỚC TÍNH (theo số PS)
189795,W20-1028-012,708619,1354,,,30726,2026-05-26 18:00:00,29623,SHIP suy từ cờ Shipped + PS# của WORK ORDER; qty=PIECES; ngày ƯỚC TÍNH (theo số PS)
189795,W20-1028-012,708620,70,,,33691,2026-08-27 18:00:00,30040,SHIP suy từ cờ Shipped + PS# của WORK ORDER; qty=PIECES; ngày ƯỚC TÍNH (theo số PS)
189795,W20-1028-012,708621,1436,,,34511,2026-05-26 18:00:00,29623,SHIP suy từ cờ Shipped + PS# của WORK ORDER; qty=PIECES; ngày ƯỚC TÍNH (theo số PS)
190020,11549171-MY-AK,708622,232,,,9435,2026-08-29 18:00:00,30049,SHIP suy từ cờ Shipped + PS# của WORK ORDER; qty=PIECES; ngày ƯỚC TÍNH (theo số PS)
190020,11549171-MY-AK,708623,775,,,10017,2026-08-30 18:00:00,30054,SHIP suy từ cờ Shipped + PS# của WORK ORDER; qty=PIECES; ngày ƯỚC TÍNH (theo số PS)
190020,11549171-MY-AK,708624,771,,,9417,2026-09-02 18:00:00,30067,SHIP suy từ cờ Shipped + PS# của WORK ORDER; qty=PIECES; ngày ƯỚC TÍNH (theo số PS)
190020,11549171-MY-AK,708625,881,,,10235,2026-06-04 18:00:00,29662,SHIP suy từ cờ Shipped + PS# của WORK ORDER; qty=PIECES; ngày ƯỚC TÍNH (theo số PS)
190020,11549171-MY-AK,708626,547,,,9870,2026-06-03 18:00:00,29659,SHIP suy từ cờ Shipped + PS# của WORK ORDER; qty=PIECES; ngày ƯỚC TÍNH (theo số PS)
190020,11549171-MY-AK,708627,740,,,9713,2026-08-30 18:00:00,30054,SHIP suy từ cờ Shipped + PS# của WORK ORDER; qty=PIECES; ngày ƯỚC TÍNH (theo số PS)
189640,06105102AA,708628,KIB,,,40000,2026-09-02 18:00:00,30067,SHIP suy từ cờ Shipped + PS# của WORK ORDER; qty=PIECES; ngày ƯỚC TÍNH (theo số PS)
189640,06105102AA,708629,KIB,,,40000,2026-08-31 18:00:00,30057,SHIP suy từ cờ Shipped + PS# của WORK ORDER; qty=PIECES; ngày ƯỚC TÍNH (theo số PS)
189699,06105102AA,708630,KIB,,,40000,2026-08-31 18:00:00,30057,SHIP suy từ cờ Shipped + PS# của WORK ORDER; qty=PIECES; ngày ƯỚC TÍNH (theo số PS)
189699,06105102AA,708631,KIB,,,40000,2026-09-02 18:00:00,30065,SHIP suy từ cờ Shipped + PS# của WORK ORDER; qty=PIECES; ngày ƯỚC TÍNH (theo số PS)
189699,06105102AA,708632,KIB,,,40000,2026-08-31 18:00:00,30057,SHIP suy từ cờ Shipped + PS# của WORK ORDER; qty=PIECES; ngày ƯỚC TÍNH (theo số PS)
189699,06105102AA,708633,KIB,,,40000,2026-09-02 18:00:00,30067,SHIP suy từ cờ Shipped + PS# của WORK ORDER; qty=PIECES; ngày ƯỚC TÍNH (theo số PS)
189640,06105102AA,708634,KIB,,,40000,2026-09-06 18:00:00,30082,SHIP suy từ cờ Shipped + PS# của WORK ORDER; qty=PIECES; ngày ƯỚC TÍNH (theo số PS)
189640,06105102AA,708635,KIB,,,40000,2026-08-25 18:00:00,30030,SHIP suy từ cờ Shipped + PS# của WORK ORDER; qty=PIECES; ngày ƯỚC TÍNH (theo số PS)
189640,06105102AA,708636,KIB,,,40000,2026-05-22 18:00:00,29604,SHIP suy từ cờ Shipped + PS# của WORK ORDER; qty=PIECES; ngày ƯỚC TÍNH (theo số PS)
189640,06105102AA,708637,KIB,,,40000,2026-05-20 18:00:00,29597,SHIP suy từ cờ Shipped + PS# của WORK ORDER; qty=PIECES; ngày ƯỚC TÍNH (theo số PS)
189724,06512686AA,708643,684,,,15081,2026-08-26 18:00:00,30037,SHIP suy từ cờ Shipped + PS# của WORK ORDER; qty=PIECES; ngày ƯỚC TÍNH (theo số PS)
189724,06512686AA,708644,1630,,,26775,2026-08-28 18:00:00,30044,SHIP suy từ cờ Shipped + PS# của WORK ORDER; qty=PIECES; ngày ƯỚC TÍNH (theo số PS)
189639,11546463-IN-PN,708645,761,,,3000,2026-08-27 18:00:00,30039,SHIP suy từ cờ Shipped + PS# của WORK ORDER; qty=PIECES; ngày ƯỚC TÍNH (theo số PS)
189639,40073474,708651,678,,,4779,2026-08-27 18:00:00,30040,SHIP suy từ cờ Shipped + PS# của WORK ORDER; qty=PIECES; ngày ƯỚC TÍNH (theo số PS)
189639,40073474,708652,754,,,5040,2026-05-25 18:00:00,29618,SHIP suy từ cờ Shipped + PS# của WORK ORDER; qty=PIECES; ngày ƯỚC TÍNH (theo số PS)
189640,11547090,708653,1627,,,24831,2026-08-27 18:00:00,30040,SHIP suy từ cờ Shipped + PS# của WORK ORDER; qty=PIECES; ngày ƯỚC TÍNH (theo số PS)
189640,11547090,708654,365,,,22156,2026-08-27 18:00:00,30040,SHIP suy từ cờ Shipped + PS# của WORK ORDER; qty=PIECES; ngày ƯỚC TÍNH (theo số PS)
189607,11602326,708655,923,,,4720,2026-08-29 18:00:00,30049,SHIP suy từ cờ Shipped + PS# của WORK ORDER; qty=PIECES; ngày ƯỚC TÍNH (theo số PS)
189607,11602326,708656,1078,,,4023,2026-08-29 18:00:00,30049,SHIP suy từ cờ Shipped + PS# của WORK ORDER; qty=PIECES; ngày ƯỚC TÍNH (theo số PS)
189607,11602326,708657,268,,,4695,2026-05-18 18:00:00,29588,SHIP suy từ cờ Shipped + PS# của WORK ORDER; qty=PIECES; ngày ƯỚC TÍNH (theo số PS)
189607,11602326,708658,709,,,4011,2026-08-31 18:00:00,30057,SHIP suy từ cờ Shipped + PS# của WORK ORDER; qty=PIECES; ngày ƯỚC TÍNH (theo số PS)
189607,11602326,708659,838,,,4687,2026-05-18 18:00:00,29588,SHIP suy từ cờ Shipped + PS# của WORK ORDER; qty=PIECES; ngày ƯỚC TÍNH (theo số PS)
189607,11602326,708660,90,,,4111,2026-08-27 18:00:00,30040,SHIP suy từ cờ Shipped + PS# của WORK ORDER; qty=PIECES; ngày ƯỚC TÍNH (theo số PS)
189760,W520101-S450,708671,1100,,,118068,2026-06-02 18:00:00,29655,SHIP suy từ cờ Shipped + PS# của WORK ORDER; qty=PIECES; ngày ƯỚC TÍNH (theo số PS)
189760,W520101-S450,708672,190,,,124659,2026-05-28 18:00:00,29632,SHIP suy từ cờ Shipped + PS# của WORK ORDER; qty=PIECES; ngày ƯỚC TÍNH (theo số PS)
189760,W520101-S450,708673,1098,,,123750,2026-05-26 18:00:00,29623,SHIP suy từ cờ Shipped + PS# của WORK ORDER; qty=PIECES; ngày ƯỚC TÍNH (theo số PS)
189760,W520101-S450,708674,1546,,,121705,2026-08-30 18:00:00,30054,SHIP suy từ cờ Shipped + PS# của WORK ORDER; qty=PIECES; ngày ƯỚC TÍNH (theo số PS)
189760,W520101-S437,708675,1048,,,128182,2026-06-01 18:00:00,29651,SHIP suy từ cờ Shipped + PS# của WORK ORDER; qty=PIECES; ngày ƯỚC TÍNH (theo số PS)
189760,W520101-S437,708676,700,,,115000,2026-05-26 18:00:00,29624,SHIP suy từ cờ Shipped + PS# của WORK ORDER; qty=PIECES; ngày ƯỚC TÍNH (theo số PS)
190152,11562515,708677,1109,,,41637,2026-08-28 18:00:00,30044,SHIP suy từ cờ Shipped + PS# của WORK ORDER; qty=PIECES; ngày ƯỚC TÍNH (theo số PS)
190152,11562515,708678,398,,,47193,2026-08-25 18:00:00,30031,SHIP suy từ cờ Shipped + PS# của WORK ORDER; qty=PIECES; ngày ƯỚC TÍNH (theo số PS)
190270,11602659,708679,436,,,13014,2026-08-25 18:00:00,30031,SHIP suy từ cờ Shipped + PS# của WORK ORDER; qty=PIECES; ngày ƯỚC TÍNH (theo số PS)
189640,11546377,708681,224,,,66169,2026-05-22 18:00:00,29607,SHIP suy từ cờ Shipped + PS# của WORK ORDER; qty=PIECES; ngày ƯỚC TÍNH (theo số PS)
189760,W520413-S450,708682,725,,,68961,2026-05-26 18:00:00,29624,SHIP suy từ cờ Shipped + PS# của WORK ORDER; qty=PIECES; ngày ƯỚC TÍNH (theo số PS)
189648,11547059,708683,1423,,,21165,2026-05-19 18:00:00,29594,SHIP suy từ cờ Shipped + PS# của WORK ORDER; qty=PIECES; ngày ƯỚC TÍNH (theo số PS)
189648,11547059,708684,62,,,23780,2026-08-27 18:00:00,30040,SHIP suy từ cờ Shipped + PS# của WORK ORDER; qty=PIECES; ngày ƯỚC TÍNH (theo số PS)
189648,11547059,708685,227,,,22374,2026-08-27 18:00:00,30040,SHIP suy từ cờ Shipped + PS# của WORK ORDER; qty=PIECES; ngày ƯỚC TÍNH (theo số PS)
189648,11547059,708686,341,,,22396,2026-08-27 18:00:00,30040,SHIP suy từ cờ Shipped + PS# của WORK ORDER; qty=PIECES; ngày ƯỚC TÍNH (theo số PS)
189648,11547059,708687,393,,,22220,2026-05-19 18:00:00,29592,SHIP suy từ cờ Shipped + PS# của WORK ORDER; qty=PIECES; ngày ƯỚC TÍNH (theo số PS)
189648,11547059,708688,1719,,,22308,2026-05-22 18:00:00,29604,SHIP suy từ cờ Shipped + PS# của WORK ORDER; qty=PIECES; ngày ƯỚC TÍNH (theo số PS)
189682,94012078,708689,859,,,2070,2026-09-06 18:00:00,30082,SHIP suy từ cờ Shipped + PS# của WORK ORDER; qty=PIECES; ngày ƯỚC TÍNH (theo số PS)
189682,94012078,708690,17,,,2863,2026-09-03 18:00:00,30072,SHIP suy từ cờ Shipped + PS# của WORK ORDER; qty=PIECES; ngày ƯỚC TÍNH (theo số PS)
189682,94012078,708691,1384,,,1933,2026-05-20 18:00:00,29597,SHIP suy từ cờ Shipped + PS# của WORK ORDER; qty=PIECES; ngày ƯỚC TÍNH (theo số PS)
189682,94012078,708692,883,,,2312,2026-05-20 18:00:00,29597,SHIP suy từ cờ Shipped + PS# của WORK ORDER; qty=PIECES; ngày ƯỚC TÍNH (theo số PS)
190033,94012078,708693,798,,,2873,2026-08-26 18:00:00,30037,SHIP suy từ cờ Shipped + PS# của WORK ORDER; qty=PIECES; ngày ƯỚC TÍNH (theo số PS)
190007,94012078,708694,1699,,,2139,2026-08-28 18:00:00,30044,SHIP suy từ cờ Shipped + PS# của WORK ORDER; qty=PIECES; ngày ƯỚC TÍNH (theo số PS)
190033,94012078,708695,1712,,,2984,2026-06-01 18:00:00,29651,SHIP suy từ cờ Shipped + PS# của WORK ORDER; qty=PIECES; ngày ƯỚC TÍNH (theo số PS)
190007,94012078,708696,124,,,1939,2026-06-09 18:00:00,29684,SHIP suy từ cờ Shipped + PS# của WORK ORDER; qty=PIECES; ngày ƯỚC TÍNH (theo số PS)
190007,94012078,708697,419,,,2270,2026-06-03 18:00:00,29659,SHIP suy từ cờ Shipped + PS# của WORK ORDER; qty=PIECES; ngày ƯỚC TÍNH (theo số PS)
190007,94012078,708698,1633,,,2692,2026-08-30 18:00:00,30054,SHIP suy từ cờ Shipped + PS# của WORK ORDER; qty=PIECES; ngày ƯỚC TÍNH (theo số PS)
189747,11602326,708699,397,,,4098,2026-08-30 18:00:00,30054,SHIP suy từ cờ Shipped + PS# của WORK ORDER; qty=PIECES; ngày ƯỚC TÍNH (theo số PS)
189747,11602326,708700,343,,,4741,2026-05-31 18:00:00,29645,SHIP suy từ cờ Shipped + PS# của WORK ORDER; qty=PIECES; ngày ƯỚC TÍNH (theo số PS)
189556,11602326,708701,349,,,4261,2026-09-04 18:00:00,30074,SHIP suy từ cờ Shipped + PS# của WORK ORDER; qty=PIECES; ngày ƯỚC TÍNH (theo số PS)
189556,11602326,708702,1432,,,4499,2026-08-30 18:00:00,30054,SHIP suy từ cờ Shipped + PS# của WORK ORDER; qty=PIECES; ngày ƯỚC TÍNH (theo số PS)
189640,11546377,708703,504,,,73442,2026-08-27 18:00:00,30039,SHIP suy từ cờ Shipped + PS# của WORK ORDER; qty=PIECES; ngày ƯỚC TÍNH (theo số PS)
189640,11546377,708704,205,,,62922,2026-08-30 18:00:00,30054,SHIP suy từ cờ Shipped + PS# của WORK ORDER; qty=PIECES; ngày ƯỚC TÍNH (theo số PS)
189928,06510997AA,708707,1364,,,2403,2026-09-08 18:00:00,30092,SHIP suy từ cờ Shipped + PS# của WORK ORDER; qty=PIECES; ngày ƯỚC TÍNH (theo số PS)
189928,06510997AA,708708,1448,,,2137,2026-09-08 18:00:00,30092,SHIP suy từ cờ Shipped + PS# của WORK ORDER; qty=PIECES; ngày ƯỚC TÍNH (theo số PS)
189639,06514113AA,708710,722,,,81206,2026-05-22 18:00:00,29604,SHIP suy từ cờ Shipped + PS# của WORK ORDER; qty=PIECES; ngày ƯỚC TÍNH (theo số PS)
189648,NU5108-00,708711,1599,,,74000,2026-06-05 18:00:00,29667,SHIP suy từ cờ Shipped + PS# của WORK ORDER; qty=PIECES; ngày ƯỚC TÍNH (theo số PS)
189648,NU5108-00,708712,509,,,67000,2026-08-28 18:00:00,30044,SHIP suy từ cờ Shipped + PS# của WORK ORDER; qty=PIECES; ngày ƯỚC TÍNH (theo số PS)
189648,NU5108-00,708713,878,,,65000,2026-06-13 18:00:00,29703,SHIP suy từ cờ Shipped + PS# của WORK ORDER; qty=PIECES; ngày ƯỚC TÍNH (theo số PS)
189648,NU5108-00,708714,628,,,65000,2026-06-05 18:00:00,29667,SHIP suy từ cờ Shipped + PS# của WORK ORDER; qty=PIECES; ngày ƯỚC TÍNH (theo số PS)
189648,NU5108-00,708715,1371,,,72000,2026-05-23 18:00:00,29611,SHIP suy từ cờ Shipped + PS# của WORK ORDER; qty=PIECES; ngày ƯỚC TÍNH (theo số PS)
189648,NU5108-00,708716,1679,,,66000,2026-06-13 18:00:00,29703,SHIP suy từ cờ Shipped + PS# của WORK ORDER; qty=PIECES; ngày ƯỚC TÍNH (theo số PS)
189708,06102612AA,708717,749,,,57152,2026-08-26 18:00:00,30037,SHIP suy từ cờ Shipped + PS# của WORK ORDER; qty=PIECES; ngày ƯỚC TÍNH (theo số PS)
189708,06102612AA,708718,873,,,69939,2026-08-28 18:00:00,30042,SHIP suy từ cờ Shipped + PS# của WORK ORDER; qty=PIECES; ngày ƯỚC TÍNH (theo số PS)
189774,11546448,708719,676,,,109889,2026-08-28 18:00:00,30042,SHIP suy từ cờ Shipped + PS# của WORK ORDER; qty=PIECES; ngày ƯỚC TÍNH (theo số PS)
189774,11546448,708720,1375,,,86667,2026-08-28 18:00:00,30044,SHIP suy từ cờ Shipped + PS# của WORK ORDER; qty=PIECES; ngày ƯỚC TÍNH (theo số PS)
189699,C51017,708721,123,,,29322,2026-08-31 18:00:00,30059,SHIP suy từ cờ Shipped + PS# của WORK ORDER; qty=PIECES; ngày ƯỚC TÍNH (theo số PS)
189699,C51017,708722,1387,,,30593,2026-09-05 18:00:00,30080,SHIP suy từ cờ Shipped + PS# của WORK ORDER; qty=PIECES; ngày ƯỚC TÍNH (theo số PS)
189639,82244,708723,381,,,24237,2026-08-29 18:00:00,30049,SHIP suy từ cờ Shipped + PS# của WORK ORDER; qty=PIECES; ngày ƯỚC TÍNH (theo số PS)
189639,82244,708724,1680,,,20382,2026-05-26 18:00:00,29624,SHIP suy từ cờ Shipped + PS# của WORK ORDER; qty=PIECES; ngày ƯỚC TÍNH (theo số PS)
190052,11547369,708729,313,,,10702,2026-08-29 18:00:00,30049,SHIP suy từ cờ Shipped + PS# của WORK ORDER; qty=PIECES; ngày ƯỚC TÍNH (theo số PS)
190052,11547369,708731,1676,,,10678,2026-08-29 18:00:00,30049,SHIP suy từ cờ Shipped + PS# của WORK ORDER; qty=PIECES; ngày ƯỚC TÍNH (theo số PS)
190052,11547369,708732,1554,,,10884,2026-09-04 18:00:00,30074,SHIP suy từ cờ Shipped + PS# của WORK ORDER; qty=PIECES; ngày ƯỚC TÍNH (theo số PS)
190270,11602659,708733,686,,,12021,2026-09-04 18:00:00,30074,SHIP suy từ cờ Shipped + PS# của WORK ORDER; qty=PIECES; ngày ƯỚC TÍNH (theo số PS)
191126,11549168-CA-IN,708734,435,,,36000,2026-09-04 18:00:00,30074,SHIP suy từ cờ Shipped + PS# của WORK ORDER; qty=tổng SELECT; ngày ƯỚC TÍNH (theo số PS)
189495,W705606-S440,708740,KIB,,,40000,2026-08-28 18:00:00,30042,SHIP suy từ cờ Shipped + PS# của WORK ORDER; qty=PIECES; ngày ƯỚC TÍNH (theo số PS)
189495,W705606-S440,708741,KIB,,,40000,2026-09-02 18:00:00,30067,SHIP suy từ cờ Shipped + PS# của WORK ORDER; qty=PIECES; ngày ƯỚC TÍNH (theo số PS)
189495,W705606-S440,708742,KIB,,,40000,2026-08-28 18:00:00,30042,SHIP suy từ cờ Shipped + PS# của WORK ORDER; qty=PIECES; ngày ƯỚC TÍNH (theo số PS)
189495,W705606-S440,708743,KIB,,,40000,2026-05-14 18:00:00,29570,SHIP suy từ cờ Shipped + PS# của WORK ORDER; qty=PIECES; ngày ƯỚC TÍNH (theo số PS)
189495,W520203-S440,708744,KIB,,,7940,2026-05-15 18:00:00,29574,SHIP suy từ cờ Shipped + PS# của WORK ORDER; qty=PIECES; ngày ƯỚC TÍNH (theo số PS)
189495,W520203-S440,708745,KIB,,,7940,2026-08-28 18:00:00,30042,SHIP suy từ cờ Shipped + PS# của WORK ORDER; qty=PIECES; ngày ƯỚC TÍNH (theo số PS)
189495,W520203-S440,708746,KIB,,,60000,2026-08-28 18:00:00,30042,SHIP suy từ cờ Shipped + PS# của WORK ORDER; qty=PIECES; ngày ƯỚC TÍNH (theo số PS)
189495,W520203-S440,708747,KIB,,,60000,2026-08-28 18:00:00,30042,SHIP suy từ cờ Shipped + PS# của WORK ORDER; qty=PIECES; ngày ƯỚC TÍNH (theo số PS)
190080,11547369,708755,941,,,11364,2026-06-02 18:00:00,29653,SHIP suy từ cờ Shipped + PS# của WORK ORDER; qty=PIECES; ngày ƯỚC TÍNH (theo số PS)
190080,11547369,708756,352,,,8000,2026-09-03 18:00:00,30069,SHIP suy từ cờ Shipped + PS# của WORK ORDER; qty=PIECES; ngày ƯỚC TÍNH (theo số PS)
189943,NU5108-00,708758,300,,,66000,2026-09-03 18:00:00,30069,SHIP suy từ cờ Shipped + PS# của WORK ORDER; qty=PIECES; ngày ƯỚC TÍNH (theo số PS)
189648,NU5108-00,708759,140,,,72000,2026-08-28 18:00:00,30042,SHIP suy từ cờ Shipped + PS# của WORK ORDER; qty=PIECES; ngày ƯỚC TÍNH (theo số PS)
189648,NU5108-00,708760,159,,,65000,2026-05-23 18:00:00,29611,SHIP suy từ cờ Shipped + PS# của WORK ORDER; qty=PIECES; ngày ƯỚC TÍNH (theo số PS)
189648,NU5108-00,708762,475,,,68208,2026-08-29 18:00:00,30049,SHIP suy từ cờ Shipped + PS# của WORK ORDER; qty=PIECES; ngày ƯỚC TÍNH (theo số PS)
189648,NU5108-00,708763,1446,,,72000,2026-05-23 18:00:00,29611,SHIP suy từ cờ Shipped + PS# của WORK ORDER; qty=PIECES; ngày ƯỚC TÍNH (theo số PS)
189640,06505246AA,708766,1025,,,28300,2026-08-29 18:00:00,30049,SHIP suy từ cờ Shipped + PS# của WORK ORDER; qty=PIECES; ngày ƯỚC TÍNH (theo số PS)
189640,06505246AA,708767,42,,,32700,2026-09-03 18:00:00,30069,SHIP suy từ cờ Shipped + PS# của WORK ORDER; qty=PIECES; ngày ƯỚC TÍNH (theo số PS)
189823,11546449,708812,950,,,88559,2026-05-30 18:00:00,29643,SHIP suy từ cờ Shipped + PS# của WORK ORDER; qty=PIECES; ngày ƯỚC TÍNH (theo số PS)
189823,11546449,708813,936,,,86780,2026-08-27 18:00:00,30039,SHIP suy từ cờ Shipped + PS# của WORK ORDER; qty=PIECES; ngày ƯỚC TÍNH (theo số PS)
189823,11546449,708814,1394,,,84322,2026-08-28 18:00:00,30044,SHIP suy từ cờ Shipped + PS# của WORK ORDER; qty=PIECES; ngày ƯỚC TÍNH (theo số PS)
189823,11546449,708815,1512,,,91525,2026-05-31 18:00:00,29645,SHIP suy từ cờ Shipped + PS# của WORK ORDER; qty=PIECES; ngày ƯỚC TÍNH (theo số PS)
189823,11546449,708816,1672,,,80254,2026-08-28 18:00:00,30044,SHIP suy từ cờ Shipped + PS# của WORK ORDER; qty=PIECES; ngày ƯỚC TÍNH (theo số PS)
189823,11546449,708817,1716,,,92797,2026-05-27 18:00:00,29626,SHIP suy từ cờ Shipped + PS# của WORK ORDER; qty=PIECES; ngày ƯỚC TÍNH (theo số PS)
189823,11546449,708818,1697,,,90424,2026-09-03 18:00:00,30072,SHIP suy từ cờ Shipped + PS# của WORK ORDER; qty=PIECES; ngày ƯỚC TÍNH (theo số PS)
189823,11546449,708819,371,,,82542,2026-05-27 18:00:00,29626,SHIP suy từ cờ Shipped + PS# của WORK ORDER; qty=PIECES; ngày ƯỚC TÍNH (theo số PS)
189823,11546449,708820,934,,,79237,2026-08-27 18:00:00,30039,SHIP suy từ cờ Shipped + PS# của WORK ORDER; qty=PIECES; ngày ƯỚC TÍNH (theo số PS)
189823,11546449,708821,965,,,96780,2026-08-28 18:00:00,30044,SHIP suy từ cờ Shipped + PS# của WORK ORDER; qty=PIECES; ngày ƯỚC TÍNH (theo số PS)
189823,11546449,708822,1578,,,87881,2026-08-28 18:00:00,30044,SHIP suy từ cờ Shipped + PS# của WORK ORDER; qty=PIECES; ngày ƯỚC TÍNH (theo số PS)
189823,11546449,708823,1523,,,89576,2026-08-29 18:00:00,30049,SHIP suy từ cờ Shipped + PS# của WORK ORDER; qty=PIECES; ngày ƯỚC TÍNH (theo số PS)
189699,06101831-A,708830,1327,,,39130,2026-05-27 18:00:00,29626,SHIP suy từ cờ Shipped + PS# của WORK ORDER; qty=PIECES; ngày ƯỚC TÍNH (theo số PS)
189699,06101831-A,708831,1632,,,39058,2026-08-27 18:00:00,30039,SHIP suy từ cờ Shipped + PS# của WORK ORDER; qty=PIECES; ngày ƯỚC TÍNH (theo số PS)
189699,06101831-A,708833,281,,,40217,2026-08-27 18:00:00,30040,SHIP suy từ cờ Shipped + PS# của WORK ORDER; qty=PIECES; ngày ƯỚC TÍNH (theo số PS)
189699,06101831-A,708834,137,,,36957,2026-08-27 18:00:00,30040,SHIP suy từ cờ Shipped + PS# của WORK ORDER; qty=PIECES; ngày ƯỚC TÍNH (theo số PS)
189699,06101831-A,708835,655,,,40145,2026-09-05 18:00:00,30080,SHIP suy từ cờ Shipped + PS# của WORK ORDER; qty=PIECES; ngày ƯỚC TÍNH (theo số PS)
189708,M1482AC,708836,KIB,,,10000,2026-08-29 18:00:00,30049,SHIP suy từ cờ Shipped + PS# của WORK ORDER; qty=PIECES; ngày ƯỚC TÍNH (theo số PS)
189708,M1482AC,708837,KIB,,,10000,2026-09-05 18:00:00,30080,SHIP suy từ cờ Shipped + PS# của WORK ORDER; qty=PIECES; ngày ƯỚC TÍNH (theo số PS)
189708,11547176,708838,KIB,,,45000,2026-05-25 18:00:00,29618,SHIP suy từ cờ Shipped + PS# của WORK ORDER; qty=PIECES; ngày ƯỚC TÍNH (theo số PS)
189708,11547176,708839,KIB,,,45000,2026-05-25 18:00:00,29618,SHIP suy từ cờ Shipped + PS# của WORK ORDER; qty=PIECES; ngày ƯỚC TÍNH (theo số PS)
189640,06105049AA,708840,KIB,,,40000,2026-08-29 18:00:00,30049,SHIP suy từ cờ Shipped + PS# của WORK ORDER; qty=PIECES; ngày ƯỚC TÍNH (theo số PS)
189640,06105049AA,708841,KIB,,,40000,2026-05-22 18:00:00,29604,SHIP suy từ cờ Shipped + PS# của WORK ORDER; qty=PIECES; ngày ƯỚC TÍNH (theo số PS)
189640,06105049AA,708842,KIB,,,40000,2026-08-29 18:00:00,30049,SHIP suy từ cờ Shipped + PS# của WORK ORDER; qty=PIECES; ngày ƯỚC TÍNH (theo số PS)
189640,06105049AA,708843,KIB,,,40000,2026-08-29 18:00:00,30049,SHIP suy từ cờ Shipped + PS# của WORK ORDER; qty=PIECES; ngày ƯỚC TÍNH (theo số PS)
189640,06105049AA,708845,KIB,,,40000,2026-08-29 18:00:00,30049,SHIP suy từ cờ Shipped + PS# của WORK ORDER; qty=PIECES; ngày ƯỚC TÍNH (theo số PS)
189699,06105102AA,708846,KIB,,,40000,2026-09-01 18:00:00,30061,SHIP suy từ cờ Shipped + PS# của WORK ORDER; qty=PIECES; ngày ƯỚC TÍNH (theo số PS)
189699,06105102AA,708847,KIB,,,40000,2026-05-22 18:00:00,29607,SHIP suy từ cờ Shipped + PS# của WORK ORDER; qty=PIECES; ngày ƯỚC TÍNH (theo số PS)
189699,06105102AA,708848,KIB,,,40000,2026-05-30 18:00:00,29643,SHIP suy từ cờ Shipped + PS# của WORK ORDER; qty=PIECES; ngày ƯỚC TÍNH (theo số PS)
189699,06105102AA,708849,KIB,,,40000,2026-05-22 18:00:00,29607,SHIP suy từ cờ Shipped + PS# của WORK ORDER; qty=PIECES; ngày ƯỚC TÍNH (theo số PS)
189699,06105102AA,708850,KIB,,,40000,2026-05-23 18:00:00,29609,SHIP suy từ cờ Shipped + PS# của WORK ORDER; qty=PIECES; ngày ƯỚC TÍNH (theo số PS)
189699,06105102AA,708851,KIB,,,40000,2026-05-22 18:00:00,29607,SHIP suy từ cờ Shipped + PS# của WORK ORDER; qty=PIECES; ngày ƯỚC TÍNH (theo số PS)
189682,NU3019-00,708853,309,,,5330,2026-05-23 18:00:00,29611,SHIP suy từ cờ Shipped + PS# của WORK ORDER; qty=PIECES; ngày ƯỚC TÍNH (theo số PS)
189682,NU3019-00,708854,1407,,,4775,2026-08-28 18:00:00,30044,SHIP suy từ cờ Shipped + PS# của WORK ORDER; qty=PIECES; ngày ƯỚC TÍNH (theo số PS)
189760,NU3019-00,708855,1648,,,5125,2026-05-23 18:00:00,29611,SHIP suy từ cờ Shipped + PS# của WORK ORDER; qty=PIECES; ngày ƯỚC TÍNH (theo số PS)
189760,NU3019-00,708856,925,,,4928,2026-05-23 18:00:00,29611,SHIP suy từ cờ Shipped + PS# của WORK ORDER; qty=PIECES; ngày ƯỚC TÍNH (theo số PS)
189682,NU3019-00,708857,1429,,,5292,2026-05-23 18:00:00,29611,SHIP suy từ cờ Shipped + PS# của WORK ORDER; qty=PIECES; ngày ƯỚC TÍNH (theo số PS)
189760,NU3019-00,708858,427,,,4761,2026-05-23 18:00:00,29611,SHIP suy từ cờ Shipped + PS# của WORK ORDER; qty=PIECES; ngày ƯỚC TÍNH (theo số PS)
189682,NU3019-00,708859,367,,,5307,2026-09-03 18:00:00,30072,SHIP suy từ cờ Shipped + PS# của WORK ORDER; qty=PIECES; ngày ƯỚC TÍNH (theo số PS)
189682,NU3019-00,708860,1562,,,4813,2026-05-23 18:00:00,29611,SHIP suy từ cờ Shipped + PS# của WORK ORDER; qty=PIECES; ngày ƯỚC TÍNH (theo số PS)
189682,NU3019-00,708861,489,,,5182,2026-05-23 18:00:00,29611,SHIP suy từ cờ Shipped + PS# của WORK ORDER; qty=PIECES; ngày ƯỚC TÍNH (theo số PS)
189760,NU3019-00,708862,588,,,4914,2026-05-23 18:00:00,29611,SHIP suy từ cờ Shipped + PS# của WORK ORDER; qty=PIECES; ngày ƯỚC TÍNH (theo số PS)
189760,NU3019-00,708863,1104,,,5000,2026-08-30 18:00:00,30054,SHIP suy từ cờ Shipped + PS# của WORK ORDER; qty=PIECES; ngày ƯỚC TÍNH (theo số PS)
189760,NU3019-00,708864,1368,,,5101,2026-09-03 18:00:00,30069,SHIP suy từ cờ Shipped + PS# của WORK ORDER; qty=PIECES; ngày ƯỚC TÍNH (theo số PS)
190020,11546369-IN-PN,708865,299,,,9813,2026-06-08 18:00:00,29681,SHIP suy từ cờ Shipped + PS# của WORK ORDER; qty=PIECES; ngày ƯỚC TÍNH (theo số PS)
190020,11546369-IN-PN,708866,301,,,10695,2026-06-02 18:00:00,29656,SHIP suy từ cờ Shipped + PS# của WORK ORDER; qty=PIECES; ngày ƯỚC TÍNH (theo số PS)
190020,11546369-IN-PN,708869,128,,,11052,2026-08-29 18:00:00,30049,SHIP suy từ cờ Shipped + PS# của WORK ORDER; qty=PIECES; ngày ƯỚC TÍNH (theo số PS)
190976,11612078-B,708873,843,,,66600,2026-07-22 18:00:00,29877,SHIP suy từ cờ Shipped + PS# của WORK ORDER; qty=tổng SELECT; ngày ƯỚC TÍNH (theo số PS)
189943,11612078-B,708873-,1442,,,70000,2026-06-05 18:00:00,29667,SHIP suy từ cờ Shipped + PS# của WORK ORDER; qty=PIECES; ngày ƯỚC TÍNH (theo số PS)
190577,11612078-B,708874-,352,,,65000,2026-07-05 18:00:00,29801,SHIP suy từ cờ Shipped + PS# của WORK ORDER; qty=PIECES; ngày ƯỚC TÍNH (theo số PS)
190976,11612078-B,708876,1015,,,66600,2026-07-26 18:00:00,29895,SHIP suy từ cờ Shipped + PS# của WORK ORDER; qty=tổng SELECT; ngày ƯỚC TÍNH (theo số PS)
189975,11612078-B,708876-,700,,,76000,2026-06-05 18:00:00,29667,SHIP suy từ cờ Shipped + PS# của WORK ORDER; qty=PIECES; ngày ƯỚC TÍNH (theo số PS)
190179,11612078-B,708877-,754,,,78000,2026-07-05 18:00:00,29801,SHIP suy từ cờ Shipped + PS# của WORK ORDER; qty=PIECES; ngày ƯỚC TÍNH (theo số PS)
190080,E6267AB,708878,394,,,24522,2026-09-08 18:00:00,30092,SHIP suy từ cờ Shipped + PS# của WORK ORDER; qty=PIECES; ngày ƯỚC TÍNH (theo số PS)
190080,E6267AB,708879,1434,,,23970,2026-06-09 18:00:00,29688,SHIP suy từ cờ Shipped + PS# của WORK ORDER; qty=PIECES; ngày ƯỚC TÍNH (theo số PS)
190080,E6267AB,708880,939,,,29406,2026-09-08 18:00:00,30092,SHIP suy từ cờ Shipped + PS# của WORK ORDER; qty=PIECES; ngày ƯỚC TÍNH (theo số PS)
190080,E6267AB,708881,1628,,,29406,2026-08-29 18:00:00,30049,SHIP suy từ cờ Shipped + PS# của WORK ORDER; qty=PIECES; ngày ƯỚC TÍNH (theo số PS)
189682,NU1405-00,708886,194,,,74481,2026-08-29 18:00:00,30049,SHIP suy từ cờ Shipped + PS# của WORK ORDER; qty=PIECES; ngày ƯỚC TÍNH (theo số PS)
189648,NU1405-00,708887,1063,,,75974,2026-08-29 18:00:00,30049,SHIP suy từ cờ Shipped + PS# của WORK ORDER; qty=PIECES; ngày ƯỚC TÍNH (theo số PS)
190020,52056965,708888,407,,,23702,2026-06-02 18:00:00,29656,SHIP suy từ cờ Shipped + PS# của WORK ORDER; qty=PIECES; ngày ƯỚC TÍNH (theo số PS)
190020,52056965,708889,524,,,23021,2026-08-29 18:00:00,30049,SHIP suy từ cờ Shipped + PS# của WORK ORDER; qty=PIECES; ngày ƯỚC TÍNH (theo số PS)
190080,11516133,708896,1550,,,16988,2026-06-08 18:00:00,29681,SHIP suy từ cờ Shipped + PS# của WORK ORDER; qty=PIECES; ngày ƯỚC TÍNH (theo số PS)
190080,11516133,708897,180,,,13530,2026-09-03 18:00:00,30072,SHIP suy từ cờ Shipped + PS# của WORK ORDER; qty=PIECES; ngày ƯỚC TÍNH (theo số PS)
190080,11516133,708898,503,,,15274,2026-06-09 18:00:00,29684,SHIP suy từ cờ Shipped + PS# của WORK ORDER; qty=PIECES; ngày ƯỚC TÍNH (theo số PS)
189975,NA1055-02,708899,1528,,,15274,2026-09-03 18:00:00,30069,SHIP suy từ cờ Shipped + PS# của WORK ORDER; qty=PIECES; ngày ƯỚC TÍNH (theo số PS)
190080,11516133,708902,3,,,17176,2026-09-05 18:00:00,30080,SHIP suy từ cờ Shipped + PS# của WORK ORDER; qty=PIECES; ngày ƯỚC TÍNH (theo số PS)
190080,11516133,708903,1392,,,13573,2026-06-04 18:00:00,29662,SHIP suy từ cờ Shipped + PS# của WORK ORDER; qty=PIECES; ngày ƯỚC TÍNH (theo số PS)
190052,11516133,708904,129,,,16916,2026-06-04 18:00:00,29662,SHIP suy từ cờ Shipped + PS# của WORK ORDER; qty=PIECES; ngày ƯỚC TÍNH (theo số PS)
190052,11516133,708905,1027,,,13530,2026-09-04 18:00:00,30074,SHIP suy từ cờ Shipped + PS# của WORK ORDER; qty=PIECES; ngày ƯỚC TÍNH (theo số PS)
190052,11516133,708906,671,,,13256,2026-06-08 18:00:00,29681,SHIP suy từ cờ Shipped + PS# của WORK ORDER; qty=PIECES; ngày ƯỚC TÍNH (theo số PS)
190052,11516133,708907,1044,,,17089,2026-09-09 18:00:00,30098,SHIP suy từ cờ Shipped + PS# của WORK ORDER; qty=PIECES; ngày ƯỚC TÍNH (theo số PS)
190079,W716298-S450,708908,1084,,,96053,2026-06-03 18:00:00,29659,SHIP suy từ cờ Shipped + PS# của WORK ORDER; qty=PIECES; ngày ƯỚC TÍNH (theo số PS)
190079,W716298-S450,708909,982,,,108421,2026-09-01 18:00:00,30061,SHIP suy từ cờ Shipped + PS# của WORK ORDER; qty=PIECES; ngày ƯỚC TÍNH (theo số PS)
189816,22800396,708910,546,,,53453,2026-08-29 18:00:00,30049,SHIP suy từ cờ Shipped + PS# của WORK ORDER; qty=PIECES; ngày ƯỚC TÍNH (theo số PS)
190079,W715851-S450B,708912,847,,,46883,2026-08-29 18:00:00,30049,SHIP suy từ cờ Shipped + PS# của WORK ORDER; qty=PIECES; ngày ƯỚC TÍNH (theo số PS)
190079,W715851-S450B,708913,1447,,,50714,2026-06-14 18:00:00,29709,SHIP suy từ cờ Shipped + PS# của WORK ORDER; qty=PIECES; ngày ƯỚC TÍNH (theo số PS)
189816,11610128,708914,1357,,,32357,2026-05-26 18:00:00,29624,SHIP suy từ cờ Shipped + PS# của WORK ORDER; qty=PIECES; ngày ƯỚC TÍNH (theo số PS)
189816,11610128,708915,1335,,,29929,2026-05-27 18:00:00,29626,SHIP suy từ cờ Shipped + PS# của WORK ORDER; qty=PIECES; ngày ƯỚC TÍNH (theo số PS)
189816,06511637AA,708916,1549,,,43306,2026-05-27 18:00:00,29626,SHIP suy từ cờ Shipped + PS# của WORK ORDER; qty=PIECES; ngày ƯỚC TÍNH (theo số PS)
189816,06511637AA,708917,1018,,,39597,2026-05-27 18:00:00,29628,SHIP suy từ cờ Shipped + PS# của WORK ORDER; qty=PIECES; ngày ƯỚC TÍNH (theo số PS)
189816,11561645,708918,325,,,118442,2026-05-28 18:00:00,29630,SHIP suy từ cờ Shipped + PS# của WORK ORDER; qty=PIECES; ngày ƯỚC TÍNH (theo số PS)
189816,11561645,708919,497,,,119870,2026-09-01 18:00:00,30061,SHIP suy từ cờ Shipped + PS# của WORK ORDER; qty=PIECES; ngày ƯỚC TÍNH (theo số PS)
189816,11610091S,708920,1530,,,71753,2026-05-30 18:00:00,29640,SHIP suy từ cờ Shipped + PS# của WORK ORDER; qty=PIECES; ngày ƯỚC TÍNH (theo số PS)
189816,11610091S,708921,744,,,81169,2026-08-29 18:00:00,30049,SHIP suy từ cờ Shipped + PS# của WORK ORDER; qty=PIECES; ngày ƯỚC TÍNH (theo số PS)
189747,11546367-MY-AK,708924,1433,,,25000,2026-08-30 18:00:00,30054,SHIP suy từ cờ Shipped + PS# của WORK ORDER; qty=PIECES; ngày ƯỚC TÍNH (theo số PS)
189534,11546367-MY-AK,708924-,1433,,,25000,2026-05-16 18:00:00,29577,SHIP suy từ cờ Shipped + PS# của WORK ORDER; qty=PIECES; ngày ƯỚC TÍNH (theo số PS)
189747,11546367-MY-AK,708925,1543,,,25000,2026-09-04 18:00:00,30074,SHIP suy từ cờ Shipped + PS# của WORK ORDER; qty=PIECES; ngày ƯỚC TÍNH (theo số PS)
189534,11546367-MY-AK,708925-,1543,,,25000,2026-05-16 18:00:00,29577,SHIP suy từ cờ Shipped + PS# của WORK ORDER; qty=PIECES; ngày ƯỚC TÍNH (theo số PS)
189816,22800396,708926,342,,,43453,2026-09-03 18:00:00,30072,SHIP suy từ cờ Shipped + PS# của WORK ORDER; qty=PIECES; ngày ƯỚC TÍNH (theo số PS)
191256,PZ18-7P483-AA,708929,34 TOTES,,,13065,2026-08-04 18:00:00,29937,SHIP suy từ cờ Shipped + PS# của WORK ORDER; qty=tổng SELECT; ngày ƯỚC TÍNH (theo số PS)
190270,PZ18-7P483-AA,708929-,33 TOTES,,,7226,2026-06-18 18:00:00,29727,SHIP suy từ cờ Shipped + PS# của WORK ORDER; qty=PIECES; ngày ƯỚC TÍNH (theo số PS)
190270,PZ18-7P483-AA,708931,22 TOTES,,,4640,2026-06-22 18:00:00,29744,SHIP suy từ cờ Shipped + PS# của WORK ORDER; qty=PIECES; ngày ƯỚC TÍNH (theo số PS)
191256,PZ18-7P483-AA,708933,36 TOTES,,,7020,2026-08-29 18:00:00,30049,SHIP suy từ cờ Shipped + PS# của WORK ORDER; qty=PIECES; ngày ƯỚC TÍNH (theo số PS)
190270,PZ18-7P483-AA,708933-,33 TOTES,,,7218,2026-06-18 18:00:00,29727,SHIP suy từ cờ Shipped + PS# của WORK ORDER; qty=PIECES; ngày ƯỚC TÍNH (theo số PS)
189708,06104384AA,708934,692,,,22460,2026-05-25 18:00:00,29618,SHIP suy từ cờ Shipped + PS# của WORK ORDER; qty=PIECES; ngày ƯỚC TÍNH (theo số PS)
189708,06104384AA,708935,1310,,,21878,2026-05-22 18:00:00,29607,SHIP suy từ cờ Shipped + PS# của WORK ORDER; qty=PIECES; ngày ƯỚC TÍNH (theo số PS)
189708,06104384AA,708936,1315,,,21455,2026-05-22 18:00:00,29607,SHIP suy từ cờ Shipped + PS# của WORK ORDER; qty=PIECES; ngày ƯỚC TÍNH (theo số PS)
189708,06104384AA,708937,1316,,,24868,2026-08-30 18:00:00,30054,SHIP suy từ cờ Shipped + PS# của WORK ORDER; qty=PIECES; ngày ƯỚC TÍNH (theo số PS)
189708,11546389,708938,445,,,133377,2026-08-30 18:00:00,30054,SHIP suy từ cờ Shipped + PS# của WORK ORDER; qty=PIECES; ngày ƯỚC TÍNH (theo số PS)
189708,11546389,708939,88,,,110000,2026-05-23 18:00:00,29609,SHIP suy từ cờ Shipped + PS# của WORK ORDER; qty=PIECES; ngày ƯỚC TÍNH (theo số PS)
189774,11546448,708940,34,,,102667,2026-08-30 18:00:00,30054,SHIP suy từ cờ Shipped + PS# của WORK ORDER; qty=PIECES; ngày ƯỚC TÍNH (theo số PS)
189774,11546448,708941,95,,,99111,2026-05-28 18:00:00,29634,SHIP suy từ cờ Shipped + PS# của WORK ORDER; qty=PIECES; ngày ƯỚC TÍNH (theo số PS)
189774,40073474,708942,1654,,,5020,2026-08-29 18:00:00,30049,SHIP suy từ cờ Shipped + PS# của WORK ORDER; qty=PIECES; ngày ƯỚC TÍNH (theo số PS)
189774,40073474,708943,517,,,5013,2026-08-29 18:00:00,30049,SHIP suy từ cờ Shipped + PS# của WORK ORDER; qty=PIECES; ngày ƯỚC TÍNH (theo số PS)
189823,11546456,708944,1604,,,66967,2026-09-05 18:00:00,30080,SHIP suy từ cờ Shipped + PS# của WORK ORDER; qty=PIECES; ngày ƯỚC TÍNH (theo số PS)
189823,11546456,708945,1058,,,75902,2026-05-28 18:00:00,29632,SHIP suy từ cờ Shipped + PS# của WORK ORDER; qty=PIECES; ngày ƯỚC TÍNH (theo số PS)
189823,11546456,708946,332,,,81721,2026-05-28 18:00:00,29632,SHIP suy từ cờ Shipped + PS# của WORK ORDER; qty=PIECES; ngày ƯỚC TÍNH (theo số PS)
189823,11546456,708947,831,,,65820,2026-09-03 18:00:00,30072,SHIP suy từ cờ Shipped + PS# của WORK ORDER; qty=PIECES; ngày ƯỚC TÍNH (theo số PS)
189898,06101968-A,708948,1035,,,82576,2026-05-28 18:00:00,29634,SHIP suy từ cờ Shipped + PS# của WORK ORDER; qty=PIECES; ngày ƯỚC TÍNH (theo số PS)
189898,06101968-A,708949,1689,,,66212,2026-09-03 18:00:00,30072,SHIP suy từ cờ Shipped + PS# của WORK ORDER; qty=PIECES; ngày ƯỚC TÍNH (theo số PS)
189898,06101968-A,708950,33,,,70000,2026-05-30 18:00:00,29640,SHIP suy từ cờ Shipped + PS# của WORK ORDER; qty=PIECES; ngày ƯỚC TÍNH (theo số PS)
189898,06101968-A,708951,422,,,87121,2026-05-28 18:00:00,29630,SHIP suy từ cờ Shipped + PS# của WORK ORDER; qty=PIECES; ngày ƯỚC TÍNH (theo số PS)
189699,11602031,708952,331,,,4865,2026-08-29 18:00:00,30049,SHIP suy từ cờ Shipped + PS# của WORK ORDER; qty=PIECES; ngày ƯỚC TÍNH (theo số PS)
189699,11602031,708953,640,,,3709,2026-05-25 18:00:00,29618,SHIP suy từ cờ Shipped + PS# của WORK ORDER; qty=PIECES; ngày ƯỚC TÍNH (theo số PS)
189699,11602031,708954,493,,,4263,2026-09-02 18:00:00,30065,SHIP suy từ cờ Shipped + PS# của WORK ORDER; qty=PIECES; ngày ƯỚC TÍNH (theo số PS)
189699,11602031,708955,723,,,4351,2026-09-02 18:00:00,30065,SHIP suy từ cờ Shipped + PS# của WORK ORDER; qty=PIECES; ngày ƯỚC TÍNH (theo số PS)
189708,11602031,708956,861,,,4268,2026-08-29 18:00:00,30049,SHIP suy từ cờ Shipped + PS# của WORK ORDER; qty=PIECES; ngày ƯỚC TÍNH (theo số PS)
189708,11602031,708957,1340,,,4233,2026-08-29 18:00:00,30049,SHIP suy từ cờ Shipped + PS# của WORK ORDER; qty=PIECES; ngày ƯỚC TÍNH (theo số PS)
189708,11602031,708962,384,,,4062,2026-09-02 18:00:00,30065,SHIP suy từ cờ Shipped + PS# của WORK ORDER; qty=PIECES; ngày ƯỚC TÍNH (theo số PS)
189708,11602031,708963,211,,,4542,2026-09-08 18:00:00,30092,SHIP suy từ cờ Shipped + PS# của WORK ORDER; qty=PIECES; ngày ƯỚC TÍNH (theo số PS)
189747,40161567,708964,636,,,5168,2026-05-26 18:00:00,29623,SHIP suy từ cờ Shipped + PS# của WORK ORDER; qty=PIECES; ngày ƯỚC TÍNH (theo số PS)
189747,40161567,708965,1649,,,4795,2026-08-30 18:00:00,30054,SHIP suy từ cờ Shipped + PS# của WORK ORDER; qty=PIECES; ngày ƯỚC TÍNH (theo số PS)
189747,40161567,708966,642,,,5186,2026-05-26 18:00:00,29624,SHIP suy từ cờ Shipped + PS# của WORK ORDER; qty=PIECES; ngày ƯỚC TÍNH (theo số PS)
189747,40161567,708967,943,,,4851,2026-09-03 18:00:00,30072,SHIP suy từ cờ Shipped + PS# của WORK ORDER; qty=PIECES; ngày ƯỚC TÍNH (theo số PS)
189747,40161567,708968,236,,,4863,2026-09-03 18:00:00,30072,SHIP suy từ cờ Shipped + PS# của WORK ORDER; qty=PIECES; ngày ƯỚC TÍNH (theo số PS)
189747,40161567,708969,274,,,5062,2026-09-08 18:00:00,30092,SHIP suy từ cờ Shipped + PS# của WORK ORDER; qty=PIECES; ngày ƯỚC TÍNH (theo số PS)
189992,11547369,708971,1551,,,8521,2026-08-30 18:00:00,30054,SHIP suy từ cờ Shipped + PS# của WORK ORDER; qty=PIECES; ngày ƯỚC TÍNH (theo số PS)
189992,11547369,708972,21,,,7322,2026-06-08 18:00:00,29681,SHIP suy từ cờ Shipped + PS# của WORK ORDER; qty=PIECES; ngày ƯỚC TÍNH (theo số PS)
189594,W705606-S440,708974,KIB,,,40000,2026-05-17 18:00:00,29581,SHIP suy từ cờ Shipped + PS# của WORK ORDER; qty=PIECES; ngày ƯỚC TÍNH (theo số PS)
189594,W705606-S440,708975,KIB,,,40000,2026-08-30 18:00:00,30054,SHIP suy từ cờ Shipped + PS# của WORK ORDER; qty=PIECES; ngày ƯỚC TÍNH (theo số PS)
189594,K1046AB,708976,KIB,,,186860,2026-09-03 18:00:00,30069,SHIP suy từ cờ Shipped + PS# của WORK ORDER; qty=PIECES; ngày ƯỚC TÍNH (theo số PS)
190080,11547369,708978,1304,,,10050,2026-09-03 18:00:00,30069,SHIP suy từ cờ Shipped + PS# của WORK ORDER; qty=PIECES; ngày ƯỚC TÍNH (theo số PS)
190080,11547369,708979,374,,,10562,2026-06-09 18:00:00,29684,SHIP suy từ cờ Shipped + PS# của WORK ORDER; qty=PIECES; ngày ƯỚC TÍNH (theo số PS)
189816,11602292,708982,1597,,,15178,2026-05-26 18:00:00,29624,SHIP suy từ cờ Shipped + PS# của WORK ORDER; qty=PIECES; ngày ƯỚC TÍNH (theo số PS)
189816,11602292,708983,364,,,17152,2026-09-03 18:00:00,30069,SHIP suy từ cờ Shipped + PS# của WORK ORDER; qty=PIECES; ngày ƯỚC TÍNH (theo số PS)
190673,11546391,708984,46,,,122188,2026-09-03 18:00:00,30069,SHIP suy từ cờ Shipped + PS# của WORK ORDER; qty=PIECES; ngày ƯỚC TÍNH (theo số PS)
189594,11604000,708986,KIB,,,31000,2026-09-03 18:00:00,30069,SHIP suy từ cờ Shipped + PS# của WORK ORDER; qty=PIECES; ngày ƯỚC TÍNH (theo số PS)
189594,11604000,708987,KIB,,,31000,2026-09-03 18:00:00,30069,SHIP suy từ cờ Shipped + PS# của WORK ORDER; qty=PIECES; ngày ƯỚC TÍNH (theo số PS)
189905,06508689AA,708988,1701,,,14033,2026-09-03 18:00:00,30069,SHIP suy từ cờ Shipped + PS# của WORK ORDER; qty=PIECES; ngày ƯỚC TÍNH (theo số PS)
189905,06508689AA,708989,177,,,14550,2026-06-21 18:00:00,29738,SHIP suy từ cờ Shipped + PS# của WORK ORDER; qty=PIECES; ngày ƯỚC TÍNH (theo số PS)
190080,11546369-MY-AK,708990,542,,,10455,2026-06-02 18:00:00,29656,SHIP suy từ cờ Shipped + PS# của WORK ORDER; qty=PIECES; ngày ƯỚC TÍNH (theo số PS)
190080,11546369-MY-AK,708991,1529,,,10829,2026-06-02 18:00:00,29656,SHIP suy từ cờ Shipped + PS# của WORK ORDER; qty=PIECES; ngày ƯỚC TÍNH (theo số PS)
190080,11546369-MY-AK,708992,971,,,9608,2026-06-02 18:00:00,29656,SHIP suy từ cờ Shipped + PS# của WORK ORDER; qty=PIECES; ngày ƯỚC TÍNH (theo số PS)
190080,11546369-MY-AK,708993,147,,,9929,2026-06-08 18:00:00,29681,SHIP suy từ cờ Shipped + PS# của WORK ORDER; qty=PIECES; ngày ƯỚC TÍNH (theo số PS)
190220,91058,708994,318,,,44403,2026-09-02 18:00:00,30065,SHIP suy từ cờ Shipped + PS# của WORK ORDER; qty=PIECES; ngày ƯỚC TÍNH (theo số PS)
190220,91058,708995,1362,,,40821,2026-06-24 18:00:00,29755,SHIP suy từ cờ Shipped + PS# của WORK ORDER; qty=PIECES; ngày ƯỚC TÍNH (theo số PS)
190220,91054,708996,175,,,75380,2026-06-13 18:00:00,29705,SHIP suy từ cờ Shipped + PS# của WORK ORDER; qty=PIECES; ngày ƯỚC TÍNH (theo số PS)
190220,91054,708997,1333,,,71076,2026-06-09 18:00:00,29687,SHIP suy từ cờ Shipped + PS# của WORK ORDER; qty=PIECES; ngày ƯỚC TÍNH (theo số PS)
190220,91054,708998,1545,,,75443,2026-09-03 18:00:00,30072,SHIP suy từ cờ Shipped + PS# của WORK ORDER; qty=PIECES; ngày ƯỚC TÍNH (theo số PS)
190220,91054,708999,230,,,71519,2026-09-03 18:00:00,30069,SHIP suy từ cờ Shipped + PS# của WORK ORDER; qty=PIECES; ngày ƯỚC TÍNH (theo số PS)
190052,11546367-MY-AK,709000,228,,,24258,2026-09-05 18:00:00,30080,SHIP suy từ cờ Shipped + PS# của WORK ORDER; qty=PIECES; ngày ƯỚC TÍNH (theo số PS)
190052,11546367-MY-AK,709001,1110,,,24753,2026-09-01 18:00:00,30061,SHIP suy từ cờ Shipped + PS# của WORK ORDER; qty=PIECES; ngày ƯỚC TÍNH (theo số PS)
190052,11546367-MY-AK,709002,56,,,24882,2026-09-01 18:00:00,30061,SHIP suy từ cờ Shipped + PS# của WORK ORDER; qty=PIECES; ngày ƯỚC TÍNH (theo số PS)
190052,11546367-MY-AK,709003,1041,,,24344,2026-09-08 18:00:00,30092,SHIP suy từ cờ Shipped + PS# của WORK ORDER; qty=PIECES; ngày ƯỚC TÍNH (theo số PS)
190052,11546367-MY-AK,709006,619,,,23204,2026-09-01 18:00:00,30061,SHIP suy từ cờ Shipped + PS# của WORK ORDER; qty=PIECES; ngày ƯỚC TÍNH (theo số PS)
190052,11546367-MY-AK,709007,38,,,26108,2026-06-03 18:00:00,29659,SHIP suy từ cờ Shipped + PS# của WORK ORDER; qty=PIECES; ngày ƯỚC TÍNH (theo số PS)
190052,11546367-MY-AK,709008,1029,,,23548,2026-06-04 18:00:00,29662,SHIP suy từ cờ Shipped + PS# của WORK ORDER; qty=PIECES; ngày ƯỚC TÍNH (theo số PS)
190052,11546367-MY-AK,709009,630,,,25269,2026-09-01 18:00:00,30061,SHIP suy từ cờ Shipped + PS# của WORK ORDER; qty=PIECES; ngày ƯỚC TÍNH (theo số PS)
190052,11546367-MY-AK,709011,1543,,,24344,2026-09-01 18:00:00,30061,SHIP suy từ cờ Shipped + PS# của WORK ORDER; qty=PIECES; ngày ƯỚC TÍNH (theo số PS)
190052,11546367-MY-AK,709012,1323,,,25183,2026-09-01 18:00:00,30061,SHIP suy từ cờ Shipped + PS# của WORK ORDER; qty=PIECES; ngày ƯỚC TÍNH (theo số PS)
190052,11546367-MY-AK,709013,1052,,,24108,2026-09-01 18:00:00,30061,SHIP suy từ cờ Shipped + PS# của WORK ORDER; qty=PIECES; ngày ƯỚC TÍNH (theo số PS)
190052,11546367-MY-AK,709014,969,,,23957,2026-06-02 18:00:00,29656,SHIP suy từ cờ Shipped + PS# của WORK ORDER; qty=PIECES; ngày ƯỚC TÍNH (theo số PS)
190052,11546367-MY-AK,709015,420,,,25398,2026-09-03 18:00:00,30072,SHIP suy từ cờ Shipped + PS# của WORK ORDER; qty=PIECES; ngày ƯỚC TÍNH (theo số PS)
190052,11546367-MY-AK,709016,41,,,24301,2026-09-01 18:00:00,30061,SHIP suy từ cờ Shipped + PS# của WORK ORDER; qty=PIECES; ngày ƯỚC TÍNH (theo số PS)
190052,11546367-MY-AK,709017,1307,,,25183,2026-06-02 18:00:00,29656,SHIP suy từ cờ Shipped + PS# của WORK ORDER; qty=PIECES; ngày ƯỚC TÍNH (theo số PS)
190220,F1302AB,709018,16626,,,21262,2026-08-29 18:00:00,30049,SHIP suy từ cờ Shipped + PS# của WORK ORDER; qty=PIECES; ngày ƯỚC TÍNH (theo số PS)
190220,F1302AB,709019,1415,,,18544,2026-09-05 18:00:00,30080,SHIP suy từ cờ Shipped + PS# của WORK ORDER; qty=PIECES; ngày ƯỚC TÍNH (theo số PS)
190220,F1302AB,709020,821,,,17961,2026-09-03 18:00:00,30072,SHIP suy từ cờ Shipped + PS# của WORK ORDER; qty=PIECES; ngày ƯỚC TÍNH (theo số PS)
190220,F1302AB,709021,1057,,,21521,2026-06-09 18:00:00,29684,SHIP suy từ cờ Shipped + PS# của WORK ORDER; qty=PIECES; ngày ƯỚC TÍNH (theo số PS)
189905,55364498AA,709022,622,,,12088,2026-05-30 18:00:00,29640,SHIP suy từ cờ Shipped + PS# của WORK ORDER; qty=PIECES; ngày ƯỚC TÍNH (theo số PS)
189905,55364498AA,709023,76,,,12246,2026-05-28 18:00:00,29630,SHIP suy từ cờ Shipped + PS# của WORK ORDER; qty=PIECES; ngày ƯỚC TÍNH (theo số PS)
190089,06514720AA,709024,535,,,32265,2026-06-04 18:00:00,29662,SHIP suy từ cờ Shipped + PS# của WORK ORDER; qty=PIECES; ngày ƯỚC TÍNH (theo số PS)
190089,06514720AA,709025,1033,,,34163,2026-06-04 18:00:00,29662,SHIP suy từ cờ Shipped + PS# của WORK ORDER; qty=PIECES; ngày ƯỚC TÍNH (theo số PS)
190089,06514720AA,709026,522,,,22222,2026-06-04 18:00:00,29662,SHIP suy từ cờ Shipped + PS# của WORK ORDER; qty=PIECES; ngày ƯỚC TÍNH (theo số PS)
190089,06514720AA,709027,945,,,33462,2026-06-02 18:00:00,29656,SHIP suy từ cờ Shipped + PS# của WORK ORDER; qty=PIECES; ngày ƯỚC TÍNH (theo số PS)
189905,06512349AA,709028,456,,,8374,2026-05-28 18:00:00,29630,SHIP suy từ cờ Shipped + PS# của WORK ORDER; qty=PIECES; ngày ƯỚC TÍNH (theo số PS)
189905,06512349AA,709029,854,,,10700,2026-05-28 18:00:00,29630,SHIP suy từ cờ Shipped + PS# của WORK ORDER; qty=PIECES; ngày ƯỚC TÍNH (theo số PS)
190089,06502979-A,709030,276,,,10126,2026-06-07 18:00:00,29675,SHIP suy từ cờ Shipped + PS# của WORK ORDER; qty=PIECES; ngày ƯỚC TÍNH (theo số PS)
190089,06502979-A,709031,1522,,,29571,2026-06-06 18:00:00,29673,SHIP suy từ cờ Shipped + PS# của WORK ORDER; qty=PIECES; ngày ƯỚC TÍNH (theo số PS)
190089,06502979-A,709033,972,,,27121,2026-06-05 18:00:00,29666,SHIP suy từ cờ Shipped + PS# của WORK ORDER; qty=PIECES; ngày ƯỚC TÍNH (theo số PS)
190089,06503825-A,709034,920,,,63077,2026-09-04 18:00:00,30074,SHIP suy từ cờ Shipped + PS# của WORK ORDER; qty=PIECES; ngày ƯỚC TÍNH (theo số PS)
190089,06503825-A,709035,257,,,50154,2026-06-08 18:00:00,29681,SHIP suy từ cờ Shipped + PS# của WORK ORDER; qty=PIECES; ngày ƯỚC TÍNH (theo số PS)
190089,06503825-A,709036,549,,,81769,2026-09-01 18:00:00,30061,SHIP suy từ cờ Shipped + PS# của WORK ORDER; qty=PIECES; ngày ƯỚC TÍNH (theo số PS)
190089,06503825-A,709038,1416,,,73385,2026-09-03 18:00:00,30072,SHIP suy từ cờ Shipped + PS# của WORK ORDER; qty=PIECES; ngày ƯỚC TÍNH (theo số PS)
190089,06503825-A,709039,1575,,,72923,2026-09-03 18:00:00,30072,SHIP suy từ cờ Shipped + PS# của WORK ORDER; qty=PIECES; ngày ƯỚC TÍNH (theo số PS)
190577,11546774-IN-MR,709040,1694,,,3000,2026-09-02 18:00:00,30065,SHIP suy từ cờ Shipped + PS# của WORK ORDER; qty=PIECES; ngày ƯỚC TÍNH (theo số PS)
190535,NU1510-00,709043,663,,,40000,2026-06-18 18:00:00,29725,SHIP suy từ cờ Shipped + PS# của WORK ORDER; qty=PIECES; ngày ƯỚC TÍNH (theo số PS)
190535,NU1510-00,709044,892,,,42000,2026-09-08 18:00:00,30092,SHIP suy từ cờ Shipped + PS# của WORK ORDER; qty=PIECES; ngày ƯỚC TÍNH (theo số PS)
189943,NU1510-00,709045,896,,,34000,2026-06-05 18:00:00,29667,SHIP suy từ cờ Shipped + PS# của WORK ORDER; qty=PIECES; ngày ƯỚC TÍNH (theo số PS)
189724,NU1510-00,709046,53,,,40000,2026-05-23 18:00:00,29611,SHIP suy từ cờ Shipped + PS# của WORK ORDER; qty=PIECES; ngày ƯỚC TÍNH (theo số PS)
189724,NU1510-00,709047,1534,,,40000,2026-05-23 18:00:00,29611,SHIP suy từ cờ Shipped + PS# của WORK ORDER; qty=PIECES; ngày ƯỚC TÍNH (theo số PS)
189943,NU5108-00,709049,476,,,69000,2026-09-08 18:00:00,30092,SHIP suy từ cờ Shipped + PS# của WORK ORDER; qty=PIECES; ngày ƯỚC TÍNH (theo số PS)
189943,NU5108-00,709050,174,,,66000,2026-06-05 18:00:00,29667,SHIP suy từ cờ Shipped + PS# của WORK ORDER; qty=PIECES; ngày ƯỚC TÍNH (theo số PS)
189943,NU5108-00,709051,1034,,,66000,2026-09-08 18:00:00,30092,SHIP suy từ cờ Shipped + PS# của WORK ORDER; qty=PIECES; ngày ƯỚC TÍNH (theo số PS)
189943,NU5108-00,709052,964,,,65000,2026-06-05 18:00:00,29667,SHIP suy từ cờ Shipped + PS# của WORK ORDER; qty=PIECES; ngày ƯỚC TÍNH (theo số PS)
189648,NU1305-01,709053,1629,,,67000,2026-05-23 18:00:00,29611,SHIP suy từ cờ Shipped + PS# của WORK ORDER; qty=PIECES; ngày ƯỚC TÍNH (theo số PS)
189724,NU1305-01,709054,1324,,,78000,2026-09-03 18:00:00,30069,SHIP suy từ cờ Shipped + PS# của WORK ORDER; qty=PIECES; ngày ƯỚC TÍNH (theo số PS)
190976,11612078-B,709055,553,,,64750,2026-09-08 18:00:00,30092,SHIP suy từ cờ Shipped + PS# của WORK ORDER; qty=tổng SELECT; ngày ƯỚC TÍNH (theo số PS)
190152,11612078-B,709055-,485,,,72000,2026-06-05 18:00:00,29667,SHIP suy từ cờ Shipped + PS# của WORK ORDER; qty=PIECES; ngày ƯỚC TÍNH (theo số PS)
190382,11612078-B,709056-,704,,,69000,2026-07-05 18:00:00,29801,SHIP suy từ cờ Shipped + PS# của WORK ORDER; qty=PIECES; ngày ƯỚC TÍNH (theo số PS)
190577,11612078-B,709057-,1306,,,72000,2026-07-05 18:00:00,29801,SHIP suy từ cờ Shipped + PS# của WORK ORDER; qty=PIECES; ngày ƯỚC TÍNH (theo số PS)
190976,11612078-B,709058,503,,,72000,2026-09-03 18:00:00,30072,SHIP suy từ cờ Shipped + PS# của WORK ORDER; qty=PIECES; ngày ƯỚC TÍNH (theo số PS)
190152,11612078-B,709058-,1015,,,72000,2026-06-05 18:00:00,29667,SHIP suy từ cờ Shipped + PS# của WORK ORDER; qty=PIECES; ngày ƯỚC TÍNH (theo số PS)
190695,11612078-B,709059-,779,,,74000,2026-07-05 18:00:00,29801,SHIP suy từ cờ Shipped + PS# của WORK ORDER; qty=PIECES; ngày ƯỚC TÍNH (theo số PS)
191398,11549168-CA-IN,709060,127,,,46000,2026-09-03 18:00:00,30072,SHIP suy từ cờ Shipped + PS# của WORK ORDER; qty=tổng SELECT; ngày ƯỚC TÍNH (theo số PS)
191126,11549168-CA-IN,709062,662,,,52000,2026-09-03 18:00:00,30069,SHIP suy từ cờ Shipped + PS# của WORK ORDER; qty=tổng SELECT; ngày ƯỚC TÍNH (theo số PS)
191125,11549168-CA-IN,709064,1050,,,49000,2026-09-03 18:00:00,30072,SHIP suy từ cờ Shipped + PS# của WORK ORDER; qty=tổng SELECT; ngày ƯỚC TÍNH (theo số PS)
189928,06509967AA,709065,KIB,,,40000,2026-09-03 18:00:00,30072,SHIP suy từ cờ Shipped + PS# của WORK ORDER; qty=PIECES; ngày ƯỚC TÍNH (theo số PS)
189928,06509967AA,709066,KIB,,,40000,2026-06-07 18:00:00,29675,SHIP suy từ cờ Shipped + PS# của WORK ORDER; qty=PIECES; ngày ƯỚC TÍNH (theo số PS)
189928,06509967AA,709067,KIB,,,40000,2026-05-28 18:00:00,29634,SHIP suy từ cờ Shipped + PS# của WORK ORDER; qty=PIECES; ngày ƯỚC TÍNH (theo số PS)
189928,06509967AA,709068,KIB,,,40000,2026-09-03 18:00:00,30072,SHIP suy từ cờ Shipped + PS# của WORK ORDER; qty=PIECES; ngày ƯỚC TÍNH (theo số PS)
190106,11588709,709069,KIB,,,100000,2026-06-03 18:00:00,29659,SHIP suy từ cờ Shipped + PS# của WORK ORDER; qty=PIECES; ngày ƯỚC TÍNH (theo số PS)
190106,11588709,709070,KIB,,,100000,2026-06-03 18:00:00,29659,SHIP suy từ cờ Shipped + PS# của WORK ORDER; qty=PIECES; ngày ƯỚC TÍNH (theo số PS)
190106,11588709,709071,KIB,,,30000,2026-06-03 18:00:00,29659,SHIP suy từ cờ Shipped + PS# của WORK ORDER; qty=PIECES; ngày ƯỚC TÍNH (theo số PS)
190106,11588709,709072,KIB,,,30000,2026-06-03 18:00:00,29659,SHIP suy từ cờ Shipped + PS# của WORK ORDER; qty=PIECES; ngày ƯỚC TÍNH (theo số PS)
189774,11588714,709073,KIB,,,70000,2026-09-03 18:00:00,30072,SHIP suy từ cờ Shipped + PS# của WORK ORDER; qty=PIECES; ngày ƯỚC TÍNH (theo số PS)
189774,11588714,709074,KIB,,,70000,2026-05-26 18:00:00,29623,SHIP suy từ cờ Shipped + PS# của WORK ORDER; qty=PIECES; ngày ƯỚC TÍNH (theo số PS)
189774,11588714,709075,KIB,,,70000,2026-09-03 18:00:00,30069,SHIP suy từ cờ Shipped + PS# của WORK ORDER; qty=PIECES; ngày ƯỚC TÍNH (theo số PS)
189774,11588714,709076,KIB,,,70000,2026-05-26 18:00:00,29624,SHIP suy từ cờ Shipped + PS# của WORK ORDER; qty=PIECES; ngày ƯỚC TÍNH (theo số PS)
189774,11548147,709077,KIB,,,12500,2026-09-06 18:00:00,30082,SHIP suy từ cờ Shipped + PS# của WORK ORDER; qty=PIECES; ngày ƯỚC TÍNH (theo số PS)
189774,11548147,709078,KIB,,,12500,2026-09-02 18:00:00,30065,SHIP suy từ cờ Shipped + PS# của WORK ORDER; qty=PIECES; ngày ƯỚC TÍNH (theo số PS)
189898,11547090,709079,1419,,,21351,2026-09-02 18:00:00,30065,SHIP suy từ cờ Shipped + PS# của WORK ORDER; qty=PIECES; ngày ƯỚC TÍNH (theo số PS)
189898,11547090,709080,265,,,25974,2026-09-02 18:00:00,30065,SHIP suy từ cờ Shipped + PS# của WORK ORDER; qty=PIECES; ngày ƯỚC TÍNH (theo số PS)
190673,06511799AA,709081,26 CTNS,,,44700,2026-09-02 18:00:00,30065,SHIP suy từ cờ Shipped + PS# của WORK ORDER; qty=PIECES; ngày ƯỚC TÍNH (theo số PS)
190673,06511799AA,709082,38 CTNS,,,64325,2026-09-02 18:00:00,30065,SHIP suy từ cờ Shipped + PS# của WORK ORDER; qty=PIECES; ngày ƯỚC TÍNH (theo số PS)
189960,06513514AA,709083,69,,,9608,2026-09-02 18:00:00,30065,SHIP suy từ cờ Shipped + PS# của WORK ORDER; qty=PIECES; ngày ƯỚC TÍNH (theo số PS)
189960,06513514AA,709084,1685,,,9486,2026-09-02 18:00:00,30065,SHIP suy từ cờ Shipped + PS# của WORK ORDER; qty=PIECES; ngày ƯỚC TÍNH (theo số PS)
189774,11546377-PH-RO,709090,1539,,,66818,2026-09-03 18:00:00,30072,SHIP suy từ cờ Shipped + PS# của WORK ORDER; qty=PIECES; ngày ƯỚC TÍNH (theo số PS)
189774,11546377-PH-RO,709091,1610,,,56039,2026-05-26 18:00:00,29624,SHIP suy từ cờ Shipped + PS# của WORK ORDER; qty=PIECES; ngày ƯỚC TÍNH (theo số PS)
189774,11546377-PH-RO,709092,238,,,73312,2026-05-26 18:00:00,29623,SHIP suy từ cờ Shipped + PS# của WORK ORDER; qty=PIECES; ngày ƯỚC TÍNH (theo số PS)
189774,11546377-PH-RO,709093,1598,,,74351,2026-05-26 18:00:00,29624,SHIP suy từ cờ Shipped + PS# của WORK ORDER; qty=PIECES; ngày ƯỚC TÍNH (theo số PS)
189774,11546377-PH-RO,709094,1683,,,55779,2026-09-01 18:00:00,30061,SHIP suy từ cờ Shipped + PS# của WORK ORDER; qty=PIECES; ngày ƯỚC TÍNH (theo số PS)
189774,11546377-PH-RO,709095,351,,,70000,2026-09-08 18:00:00,30092,SHIP suy từ cờ Shipped + PS# của WORK ORDER; qty=PIECES; ngày ƯỚC TÍNH (theo số PS)
189774,11546377-PH-RO,709096,1056,,,59156,2026-05-27 18:00:00,29626,SHIP suy từ cờ Shipped + PS# của WORK ORDER; qty=PIECES; ngày ƯỚC TÍNH (theo số PS)
189774,11546377-PH-RO,709097,1602,,,58766,2026-09-02 18:00:00,30067,SHIP suy từ cờ Shipped + PS# của WORK ORDER; qty=PIECES; ngày ƯỚC TÍNH (theo số PS)
189774,11546377-PH-RO,709098,849,,,68766,2026-09-06 18:00:00,30082,SHIP suy từ cờ Shipped + PS# của WORK ORDER; qty=PIECES; ngày ƯỚC TÍNH (theo số PS)
189747,11546377-PH-RO,709099,530,,,67727,2026-05-27 18:00:00,29626,SHIP suy từ cờ Shipped + PS# của WORK ORDER; qty=PIECES; ngày ƯỚC TÍNH (theo số PS)
189838,11546377BR-PH-RO,709102,812,,,66948,2026-09-09 18:00:00,30098,SHIP suy từ cờ Shipped + PS# của WORK ORDER; qty=PIECES; ngày ƯỚC TÍNH (theo số PS)
189747,11546389-PH-RO,709106,520,,,114675,2026-09-05 18:00:00,30080,SHIP suy từ cờ Shipped + PS# của WORK ORDER; qty=PIECES; ngày ƯỚC TÍNH (theo số PS)
189747,11546389-PH-RO,709108,1311,,,98182,2026-05-26 18:00:00,29623,SHIP suy từ cờ Shipped + PS# của WORK ORDER; qty=PIECES; ngày ƯỚC TÍNH (theo số PS)
189747,11546389-PH-RO,709109,333,,,114156,2026-09-08 18:00:00,30092,SHIP suy từ cờ Shipped + PS# của WORK ORDER; qty=PIECES; ngày ƯỚC TÍNH (theo số PS)
189747,11546389-PH-RO,709110,1077,,,129610,2026-09-05 18:00:00,30080,SHIP suy từ cờ Shipped + PS# của WORK ORDER; qty=PIECES; ngày ƯỚC TÍNH (theo số PS)
189747,11546389-PH-RO,709111,1312,,,133766,2026-05-26 18:00:00,29624,SHIP suy từ cờ Shipped + PS# của WORK ORDER; qty=PIECES; ngày ƯỚC TÍNH (theo số PS)
189747,11546389-PH-RO,709112,354,,,107013,2026-09-08 18:00:00,30092,SHIP suy từ cờ Shipped + PS# của WORK ORDER; qty=PIECES; ngày ƯỚC TÍNH (theo số PS)
189795,06101831-A,709145,1583,,,42355,2026-05-28 18:00:00,29632,SHIP suy từ cờ Shipped + PS# của WORK ORDER; qty=PIECES; ngày ƯỚC TÍNH (theo số PS)
189795,06101831-A,709146,968,,,36630,2026-05-28 18:00:00,29630,SHIP suy từ cờ Shipped + PS# của WORK ORDER; qty=PIECES; ngày ƯỚC TÍNH (theo số PS)
189795,06101831-A,709149,431,,,36993,2026-05-28 18:00:00,29632,SHIP suy từ cờ Shipped + PS# của WORK ORDER; qty=PIECES; ngày ƯỚC TÍNH (theo số PS)
189795,06101831-A,709150,1428,,,40471,2026-05-26 18:00:00,29624,SHIP suy từ cờ Shipped + PS# của WORK ORDER; qty=PIECES; ngày ƯỚC TÍNH (theo số PS)
189795,06101831-A,709153,1028,,,38696,2026-05-27 18:00:00,29628,SHIP suy từ cờ Shipped + PS# của WORK ORDER; qty=PIECES; ngày ƯỚC TÍNH (theo số PS)
189795,06101831-A,709154,404,,,37899,2026-09-03 18:00:00,30072,SHIP suy từ cờ Shipped + PS# của WORK ORDER; qty=PIECES; ngày ƯỚC TÍNH (theo số PS)
189992,11546437-MY-AK,709173,907,,,89769,2026-06-04 18:00:00,29662,SHIP suy từ cờ Shipped + PS# của WORK ORDER; qty=PIECES; ngày ƯỚC TÍNH (theo số PS)
189992,11546437-MY-AK,709174,114,,,82231,2026-06-02 18:00:00,29656,SHIP suy từ cờ Shipped + PS# của WORK ORDER; qty=PIECES; ngày ƯỚC TÍNH (theo số PS)
189774,11546364-MY-AK,709175,1585,,,136145,2026-05-28 18:00:00,29634,SHIP suy từ cờ Shipped + PS# của WORK ORDER; qty=PIECES; ngày ƯỚC TÍNH (theo số PS)
189774,11546364-MY-AK,709176,874,,,122289,2026-05-31 18:00:00,29645,SHIP suy từ cờ Shipped + PS# của WORK ORDER; qty=PIECES; ngày ƯỚC TÍNH (theo số PS)
189774,11546364-MY-AK,709179,946,,,125783,2026-05-28 18:00:00,29630,SHIP suy từ cờ Shipped + PS# của WORK ORDER; qty=PIECES; ngày ƯỚC TÍNH (theo số PS)
189774,11546364-MY-AK,709180,976,,,132892,2026-09-05 18:00:00,30080,SHIP suy từ cờ Shipped + PS# của WORK ORDER; qty=PIECES; ngày ƯỚC TÍNH (theo số PS)
189774,11546364-MY-AK,709181,112,,,129398,2026-09-06 18:00:00,30082,SHIP suy từ cờ Shipped + PS# của WORK ORDER; qty=PIECES; ngày ƯỚC TÍNH (theo số PS)
189774,11546364-MY-AK,709183,906,,,150602,2026-05-28 18:00:00,29630,SHIP suy từ cờ Shipped + PS# của WORK ORDER; qty=PIECES; ngày ƯỚC TÍNH (theo số PS)
190020,11549168-IN-BA,709185,1440,,,40000,2026-09-06 18:00:00,30082,SHIP suy từ cờ Shipped + PS# của WORK ORDER; qty=PIECES; ngày ƯỚC TÍNH (theo số PS)
190183,11549168-IN-BA,709186,958,,,40000,2026-09-05 18:00:00,30080,SHIP suy từ cờ Shipped + PS# của WORK ORDER; qty=PIECES; ngày ƯỚC TÍNH (theo số PS)
190183,11549168-IN-BA,709187,1414,,,40000,2026-09-08 18:00:00,30092,SHIP suy từ cờ Shipped + PS# của WORK ORDER; qty=PIECES; ngày ƯỚC TÍNH (theo số PS)
190183,11549168-IN-BA,709188,1396,,,40000,2026-06-09 18:00:00,29687,SHIP suy từ cờ Shipped + PS# của WORK ORDER; qty=PIECES; ngày ƯỚC TÍNH (theo số PS)
190020,11549168-IN-BA,709189,495,,,40000,2026-06-06 18:00:00,29673,SHIP suy từ cờ Shipped + PS# của WORK ORDER; qty=PIECES; ngày ƯỚC TÍNH (theo số PS)
190183,11549168-IN-BA,709190,1410,,,40000,2026-09-08 18:00:00,30092,SHIP suy từ cờ Shipped + PS# của WORK ORDER; qty=PIECES; ngày ƯỚC TÍNH (theo số PS)
190020,11549168-IN-BA,709191,712,,,40000,2026-09-05 18:00:00,30080,SHIP suy từ cờ Shipped + PS# của WORK ORDER; qty=PIECES; ngày ƯỚC TÍNH (theo số PS)
190183,11549168-IN-BA,709192,1017,,,40000,2026-09-04 18:00:00,30074,SHIP suy từ cờ Shipped + PS# của WORK ORDER; qty=PIECES; ngày ƯỚC TÍNH (theo số PS)
190183,11549168-IN-BA,709193,367,,,40000,2026-09-04 18:00:00,30074,SHIP suy từ cờ Shipped + PS# của WORK ORDER; qty=PIECES; ngày ƯỚC TÍNH (theo số PS)
190183,11549168-IN-BA,709194,610,,,40000,2026-06-09 18:00:00,29687,SHIP suy từ cờ Shipped + PS# của WORK ORDER; qty=PIECES; ngày ƯỚC TÍNH (theo số PS)
189959,06100050-A,709195,1680,,,60638,2026-09-04 18:00:00,30074,SHIP suy từ cờ Shipped + PS# của WORK ORDER; qty=PIECES; ngày ƯỚC TÍNH (theo số PS)
189959,06100050-A,709196,23,,,64681,2026-09-08 18:00:00,30092,SHIP suy từ cờ Shipped + PS# của WORK ORDER; qty=PIECES; ngày ƯỚC TÍNH (theo số PS)
189959,06100050-A,709197,894,,,63564,2026-09-04 18:00:00,30074,SHIP suy từ cờ Shipped + PS# của WORK ORDER; qty=PIECES; ngày ƯỚC TÍNH (theo số PS)
189959,06100050-A,709198,393,,,61277,2026-09-04 18:00:00,30074,SHIP suy từ cờ Shipped + PS# của WORK ORDER; qty=PIECES; ngày ƯỚC TÍNH (theo số PS)
190263,06511777AA,709201,633,,,19458,2026-09-04 18:00:00,30074,SHIP suy từ cờ Shipped + PS# của WORK ORDER; qty=PIECES; ngày ƯỚC TÍNH (theo số PS)
190263,06511777AA,709203,1719,,,19499,2026-09-04 18:00:00,30074,SHIP suy từ cờ Shipped + PS# của WORK ORDER; qty=PIECES; ngày ƯỚC TÍNH (theo số PS)
190263,06511777AA,709205,391,,,19680,2026-06-09 18:00:00,29687,SHIP suy từ cờ Shipped + PS# của WORK ORDER; qty=PIECES; ngày ƯỚC TÍNH (theo số PS)
189862,7150-3033-02,709207,595,,,37550,2026-05-27 18:00:00,29626,SHIP suy từ cờ Shipped + PS# của WORK ORDER; qty=PIECES; ngày ƯỚC TÍNH (theo số PS)
191024,7150-3033-02,709208,28 CTNS,,,42000,2026-09-06 18:00:00,30082,SHIP suy từ cờ Shipped + PS# của WORK ORDER; qty=PIECES; ngày ƯỚC TÍNH (theo số PS)
189862,7150-3033-02,709208-,1599,,,41400,2026-05-27 18:00:00,29626,SHIP suy từ cờ Shipped + PS# của WORK ORDER; qty=PIECES; ngày ƯỚC TÍNH (theo số PS)
190315,HL3W-4320-AA,709209,231,,,3506,2026-07-05 18:00:00,29800,SHIP suy từ cờ Shipped + PS# của WORK ORDER; qty=PIECES; ngày ƯỚC TÍNH (theo số PS)
190288,HL3W-4320-AA,709215,498,,,6206,2026-09-05 18:00:00,30080,SHIP suy từ cờ Shipped + PS# của WORK ORDER; qty=PIECES; ngày ƯỚC TÍNH (theo số PS)
190577,HL3W-4320-AA,709216,381,,,6560,2026-09-02 18:00:00,30067,SHIP suy từ cờ Shipped + PS# của WORK ORDER; qty=PIECES; ngày ƯỚC TÍNH (theo số PS)
190288,HL3W-4320-AA,709217,878,,,6579,2026-09-05 18:00:00,30080,SHIP suy từ cờ Shipped + PS# của WORK ORDER; qty=PIECES; ngày ƯỚC TÍNH (theo số PS)
190577,HL3W-4320-AA,709218,224,,,6337,2026-09-03 18:00:00,30072,SHIP suy từ cờ Shipped + PS# của WORK ORDER; qty=PIECES; ngày ƯỚC TÍNH (theo số PS)
190128,11546366-MY-AK,709237,1533,,,42671,2026-09-06 18:00:00,30082,SHIP suy từ cờ Shipped + PS# của WORK ORDER; qty=PIECES; ngày ƯỚC TÍNH (theo số PS)
190128,11546366-MY-AK,709240,837,,,38809,2026-06-07 18:00:00,29675,SHIP suy từ cờ Shipped + PS# của WORK ORDER; qty=PIECES; ngày ƯỚC TÍNH (theo số PS)
190080,11546365-MY-AK,709241,365,,,64035,2026-06-02 18:00:00,29656,SHIP suy từ cờ Shipped + PS# của WORK ORDER; qty=PIECES; ngày ƯỚC TÍNH (theo số PS)
190080,11546365-MY-AK,709242,603,,,66550,2026-06-04 18:00:00,29662,SHIP suy từ cờ Shipped + PS# của WORK ORDER; qty=PIECES; ngày ƯỚC TÍNH (theo số PS)
190080,11546365-MY-AK,709243,860,,,64386,2026-06-03 18:00:00,29659,SHIP suy từ cờ Shipped + PS# của WORK ORDER; qty=PIECES; ngày ƯỚC TÍNH (theo số PS)
189823,11548414,709249,664,,,16806,2026-09-03 18:00:00,30072,SHIP suy từ cờ Shipped + PS# của WORK ORDER; qty=PIECES; ngày ƯỚC TÍNH (theo số PS)
189898,11546463,709264,1105,,,14706,2026-09-03 18:00:00,30072,SHIP suy từ cờ Shipped + PS# của WORK ORDER; qty=PIECES; ngày ƯỚC TÍNH (theo số PS)
189898,11546463,709265,4,,,10836,2026-09-03 18:00:00,30072,SHIP suy từ cờ Shipped + PS# của WORK ORDER; qty=PIECES; ngày ƯỚC TÍNH (theo số PS)
189898,11546463,709266,317,,,15325,2026-09-08 18:00:00,30092,SHIP suy từ cờ Shipped + PS# của WORK ORDER; qty=PIECES; ngày ƯỚC TÍNH (theo số PS)
190183,11546546,709267,453,,,50725,2026-09-09 18:00:00,30098,SHIP suy từ cờ Shipped + PS# của WORK ORDER; qty=PIECES; ngày ƯỚC TÍNH (theo số PS)
189928,06510997AA,709269,1395,,,2317,2026-09-09 18:00:00,30098,SHIP suy từ cờ Shipped + PS# của WORK ORDER; qty=PIECES; ngày ƯỚC TÍNH (theo số PS)
189960,11546545,709298,1541,,,90500,2026-09-08 18:00:00,30092,SHIP suy từ cờ Shipped + PS# của WORK ORDER; qty=PIECES; ngày ƯỚC TÍNH (theo số PS)
189960,11546545,709299,329,,,90667,2026-09-08 18:00:00,30092,SHIP suy từ cờ Shipped + PS# của WORK ORDER; qty=PIECES; ngày ƯỚC TÍNH (theo số PS)
189898,11549204,709302,571,,,7968,2026-09-08 18:00:00,30092,SHIP suy từ cờ Shipped + PS# của WORK ORDER; qty=PIECES; ngày ƯỚC TÍNH (theo số PS)
189898,11549204,709303,539,,,7176,2026-09-09 18:00:00,30098,SHIP suy từ cờ Shipped + PS# của WORK ORDER; qty=PIECES; ngày ƯỚC TÍNH (theo số PS)
189898,11549204,709304,222,,,7488,2026-09-08 18:00:00,30092,SHIP suy từ cờ Shipped + PS# của WORK ORDER; qty=PIECES; ngày ƯỚC TÍNH (theo số PS)
189898,11549204,709306,1696,,,7390,2026-09-09 18:00:00,30098,SHIP suy từ cờ Shipped + PS# của WORK ORDER; qty=PIECES; ngày ƯỚC TÍNH (theo số PS)
189898,11549204,709309,1667,,,7074,2026-09-08 18:00:00,30092,SHIP suy từ cờ Shipped + PS# của WORK ORDER; qty=PIECES; ngày ƯỚC TÍNH (theo số PS)
189898,11549204,709311,959,,,7890,2026-09-08 18:00:00,30092,SHIP suy từ cờ Shipped + PS# của WORK ORDER; qty=PIECES; ngày ƯỚC TÍNH (theo số PS)
189898,11549204,709312,1514,,,7488,2026-09-09 18:00:00,30098,SHIP suy từ cờ Shipped + PS# của WORK ORDER; qty=PIECES; ngày ƯỚC TÍNH (theo số PS)
189898,11549204,709315,1640,,,8008,2026-05-28 18:00:00,29630,SHIP suy từ cờ Shipped + PS# của WORK ORDER; qty=PIECES; ngày ƯỚC TÍNH (theo số PS)
189992,06104725AA,709319,1655,,,98491,2026-06-02 18:00:00,29653,SHIP suy từ cờ Shipped + PS# của WORK ORDER; qty=PIECES; ngày ƯỚC TÍNH (theo số PS)
189992,06104725AA,709320,754,,,103396,2026-09-05 18:00:00,30080,SHIP suy từ cờ Shipped + PS# của WORK ORDER; qty=PIECES; ngày ƯỚC TÍNH (theo số PS)
189992,06104725AA,709321,531,,,98679,2026-06-01 18:00:00,29651,SHIP suy từ cờ Shipped + PS# của WORK ORDER; qty=PIECES; ngày ƯỚC TÍNH (theo số PS)
189992,06104725AA,709322,813,,,99717,2026-09-05 18:00:00,30080,SHIP suy từ cờ Shipped + PS# của WORK ORDER; qty=PIECES; ngày ƯỚC TÍNH (theo số PS)
189992,06104725AA,709323,1584,,,99151,2026-09-08 18:00:00,30092,SHIP suy từ cờ Shipped + PS# của WORK ORDER; qty=PIECES; ngày ƯỚC TÍNH (theo số PS)
190436,11548535,709324,622,,,5680,2026-09-09 18:00:00,30098,SHIP suy từ cờ Shipped + PS# của WORK ORDER; qty=PIECES; ngày ƯỚC TÍNH (theo số PS)
189960,11548535,709324-,1014,,,5680,2026-05-30 18:00:00,29641,SHIP suy từ cờ Shipped + PS# của WORK ORDER; qty=PIECES; ngày ƯỚC TÍNH (theo số PS)
190436,11548535,709325,482,,,5590,2026-09-05 18:00:00,30080,SHIP suy từ cờ Shipped + PS# của WORK ORDER; qty=PIECES; ngày ƯỚC TÍNH (theo số PS)
189960,11548535,709325-,650,,,5590,2026-05-30 18:00:00,29641,SHIP suy từ cờ Shipped + PS# của WORK ORDER; qty=PIECES; ngày ƯỚC TÍNH (theo số PS)
190436,11548535,709326,1686,,,5785,2026-09-05 18:00:00,30080,SHIP suy từ cờ Shipped + PS# của WORK ORDER; qty=PIECES; ngày ƯỚC TÍNH (theo số PS)
189960,11548535,709326-,1439,,,5785,2026-05-30 18:00:00,29641,SHIP suy từ cờ Shipped + PS# của WORK ORDER; qty=PIECES; ngày ƯỚC TÍNH (theo số PS)
189960,11548535,709327-,482,,,5385,2026-05-30 18:00:00,29641,SHIP suy từ cờ Shipped + PS# của WORK ORDER; qty=PIECES; ngày ƯỚC TÍNH (theo số PS)
190938,11546367-CA-IN,709328,384,,,22691,2026-09-09 18:00:00,30098,SHIP suy từ cờ Shipped + PS# của WORK ORDER; qty=PIECES; ngày ƯỚC TÍNH (theo số PS)
190938,11546367-CA-IN,709329,1570,,,25346,2026-09-09 18:00:00,30098,SHIP suy từ cờ Shipped + PS# của WORK ORDER; qty=PIECES; ngày ƯỚC TÍNH (theo số PS)
190938,11546367-CA-IN,709330,436,,,27597,2026-09-05 18:00:00,30080,SHIP suy từ cờ Shipped + PS# của WORK ORDER; qty=PIECES; ngày ƯỚC TÍNH (theo số PS)
190779,11546367-CA-IN,709331,546,,,24762,2026-09-05 18:00:00,30080,SHIP suy từ cờ Shipped + PS# của WORK ORDER; qty=PIECES; ngày ƯỚC TÍNH (theo số PS)
190079,11610091-MY-AK,709338,1700,,,71234,2026-06-06 18:00:00,29673,SHIP suy từ cờ Shipped + PS# của WORK ORDER; qty=PIECES; ngày ƯỚC TÍNH (theo số PS)
190079,M93000340,709341,1016,,,64451,2026-06-02 18:00:00,29655,SHIP suy từ cờ Shipped + PS# của WORK ORDER; qty=PIECES; ngày ƯỚC TÍNH (theo số PS)
190577,06511672AA,709348,409,,,47974,2026-09-09 18:00:00,30098,SHIP suy từ cờ Shipped + PS# của WORK ORDER; qty=PIECES; ngày ƯỚC TÍNH (theo số PS)
190079,06511637AA,709349,953,,,41331,2026-09-09 18:00:00,30098,SHIP suy từ cờ Shipped + PS# của WORK ORDER; qty=PIECES; ngày ƯỚC TÍNH (theo số PS)
190079,06511637AA,709350,1632,,,40847,2026-09-09 18:00:00,30098,SHIP suy từ cờ Shipped + PS# của WORK ORDER; qty=PIECES; ngày ƯỚC TÍNH (theo số PS)
190079,W719080-S450,709352,509,,,39000,2026-09-09 18:00:00,30098,SHIP suy từ cờ Shipped + PS# của WORK ORDER; qty=PIECES; ngày ƯỚC TÍNH (theo số PS)
190146,11546370-MY-AK,709360,29,,,6859,2026-09-08 18:00:00,30092,SHIP suy từ cờ Shipped + PS# của WORK ORDER; qty=PIECES; ngày ƯỚC TÍNH (theo số PS)
190146,11546370-MY-AK,709362,1384,,,7201,2026-06-05 18:00:00,29666,SHIP suy từ cờ Shipped + PS# của WORK ORDER; qty=PIECES; ngày ƯỚC TÍNH (theo số PS)
190080,11516077-MY-AK,709383,19,,,42831,2026-09-08 18:00:00,30092,SHIP suy từ cờ Shipped + PS# của WORK ORDER; qty=PIECES; ngày ƯỚC TÍNH (theo số PS)
189928,11546449,709387,1566,,,93475,2026-05-28 18:00:00,29634,SHIP suy từ cờ Shipped + PS# của WORK ORDER; qty=PIECES; ngày ƯỚC TÍNH (theo số PS)
189928,11546449,709391,811,,,90085,2026-09-06 18:00:00,30082,SHIP suy từ cờ Shipped + PS# của WORK ORDER; qty=PIECES; ngày ƯỚC TÍNH (theo số PS)
189928,11546449,709393,1555,,,84068,2026-09-09 18:00:00,30098,SHIP suy từ cờ Shipped + PS# của WORK ORDER; qty=PIECES; ngày ƯỚC TÍNH (theo số PS)
189928,11546449,709394,848,,,94661,2026-06-21 18:00:00,29738,SHIP suy từ cờ Shipped + PS# của WORK ORDER; qty=PIECES; ngày ƯỚC TÍNH (theo số PS)
189992,06104388AA,709399,1525,,,20969,2026-06-05 18:00:00,29666,SHIP suy từ cờ Shipped + PS# của WORK ORDER; qty=PIECES; ngày ƯỚC TÍNH (theo số PS)
189992,06104388AA,709401,587,,,22615,2026-09-06 18:00:00,30082,SHIP suy từ cờ Shipped + PS# của WORK ORDER; qty=PIECES; ngày ƯỚC TÍNH (theo số PS)
189960,06101831-A,709409,168,,,39420,2026-09-06 18:00:00,30082,SHIP suy từ cờ Shipped + PS# của WORK ORDER; qty=PIECES; ngày ƯỚC TÍNH (theo số PS)
189960,06101831-A,709412,901,,,27536,2026-09-09 18:00:00,30098,SHIP suy từ cờ Shipped + PS# của WORK ORDER; qty=PIECES; ngày ƯỚC TÍNH (theo số PS)
189960,06101831-A,709414,487,,,41014,2026-09-09 18:00:00,30098,SHIP suy từ cờ Shipped + PS# của WORK ORDER; qty=PIECES; ngày ƯỚC TÍNH (theo số PS)
189960,06101831-A,709415,1390,,,37609,2026-09-09 18:00:00,30098,SHIP suy từ cờ Shipped + PS# của WORK ORDER; qty=PIECES; ngày ƯỚC TÍNH (theo số PS)
189960,06101831-A,709416,71,,,41522,2026-06-09 18:00:00,29684,SHIP suy từ cờ Shipped + PS# của WORK ORDER; qty=PIECES; ngày ƯỚC TÍNH (theo số PS)
189960,06101831-A,709417,753,,,42029,2026-05-30 18:00:00,29643,SHIP suy từ cờ Shipped + PS# của WORK ORDER; qty=PIECES; ngày ƯỚC TÍNH (theo số PS)
189960,06101831-A,709419,501,,,29348,2026-09-09 18:00:00,30098,SHIP suy từ cờ Shipped + PS# của WORK ORDER; qty=PIECES; ngày ƯỚC TÍNH (theo số PS)
189960,06101831-A,709420,1517,,,29928,2026-06-01 18:00:00,29648,SHIP suy từ cờ Shipped + PS# của WORK ORDER; qty=PIECES; ngày ƯỚC TÍNH (theo số PS)
189928,06101831-A,709428,1370,,,40399,2026-09-09 18:00:00,30098,SHIP suy từ cờ Shipped + PS# của WORK ORDER; qty=PIECES; ngày ƯỚC TÍNH (theo số PS)
189943,NU5108-00,709429,1684,,,70000,2026-06-05 18:00:00,29667,SHIP suy từ cờ Shipped + PS# của WORK ORDER; qty=PIECES; ngày ƯỚC TÍNH (theo số PS)
189943,NU1305-01,709432,1686,,,74000,2026-05-30 18:00:00,29641,SHIP suy từ cờ Shipped + PS# của WORK ORDER; qty=PIECES; ngày ƯỚC TÍNH (theo số PS)
189975,NU5108-00,709433,1564,,,62000,2026-06-05 18:00:00,29667,SHIP suy từ cờ Shipped + PS# của WORK ORDER; qty=PIECES; ngày ƯỚC TÍNH (theo số PS)
190114,11547059,709441,555,,,23341,2026-06-14 18:00:00,29707,SHIP suy từ cờ Shipped + PS# của WORK ORDER; qty=PIECES; ngày ƯỚC TÍNH (theo số PS)
190114,11547059,709442,153,,,21802,2026-07-06 18:00:00,29805,SHIP suy từ cờ Shipped + PS# của WORK ORDER; qty=PIECES; ngày ƯỚC TÍNH (theo số PS)
189928,82246,709447,KIB,,,15000,2026-09-08 18:00:00,30092,SHIP suy từ cờ Shipped + PS# của WORK ORDER; qty=PIECES; ngày ƯỚC TÍNH (theo số PS)
189928,06509967AA,709455,KIB,,,40000,2026-06-10 18:00:00,29691,SHIP suy từ cờ Shipped + PS# của WORK ORDER; qty=PIECES; ngày ƯỚC TÍNH (theo số PS)
189928,06509967AA,709458,KIB,,,40000,2026-06-04 18:00:00,29662,SHIP suy từ cờ Shipped + PS# của WORK ORDER; qty=PIECES; ngày ƯỚC TÍNH (theo số PS)
189760,11518532,709461,KIB,,,83000,2026-05-26 18:00:00,29623,SHIP suy từ cờ Shipped + PS# của WORK ORDER; qty=PIECES; ngày ƯỚC TÍNH (theo số PS)
189760,11518532,709462,KIB,,,83000,2026-05-26 18:00:00,29624,SHIP suy từ cờ Shipped + PS# của WORK ORDER; qty=PIECES; ngày ƯỚC TÍNH (theo số PS)
189760,11588293,709463,KIB,,,70000,2026-05-26 18:00:00,29624,SHIP suy từ cờ Shipped + PS# của WORK ORDER; qty=PIECES; ngày ƯỚC TÍNH (theo số PS)
189760,11588293,709464,KIB,,,70000,2026-05-26 18:00:00,29624,SHIP suy từ cờ Shipped + PS# của WORK ORDER; qty=PIECES; ngày ƯỚC TÍNH (theo số PS)
189816,11546566,709467,338,,,41611,2026-05-26 18:00:00,29623,SHIP suy từ cờ Shipped + PS# của WORK ORDER; qty=PIECES; ngày ƯỚC TÍNH (theo số PS)
189816,11546566,709469,205,,,43722,2026-05-31 18:00:00,29645,SHIP suy từ cờ Shipped + PS# của WORK ORDER; qty=PIECES; ngày ƯỚC TÍNH (theo số PS)
189816,11546566,709470,1562,,,53778,2026-05-26 18:00:00,29623,SHIP suy từ cờ Shipped + PS# của WORK ORDER; qty=PIECES; ngày ƯỚC TÍNH (theo số PS)
189816,11546566,709471,184,,,49500,2026-05-26 18:00:00,29622,SHIP suy từ cờ Shipped + PS# của WORK ORDER; qty=PIECES; ngày ƯỚC TÍNH (theo số PS)
190337,W20-1028-012,709480,602,,,32681,2026-06-14 18:00:00,29707,SHIP suy từ cờ Shipped + PS# của WORK ORDER; qty=PIECES; ngày ƯỚC TÍNH (theo số PS)
190337,W20-1028-012,709483,254,,,35962,2026-06-17 18:00:00,29723,SHIP suy từ cờ Shipped + PS# của WORK ORDER; qty=PIECES; ngày ƯỚC TÍNH (theo số PS)
190220,06102398AA,709505,554,,,102097,2026-06-09 18:00:00,29688,SHIP suy từ cờ Shipped + PS# của WORK ORDER; qty=PIECES; ngày ƯỚC TÍNH (theo số PS)
190220,55364498AA,709508,1629,,,24351,2026-09-09 18:00:00,30098,SHIP suy từ cờ Shipped + PS# của WORK ORDER; qty=PIECES; ngày ƯỚC TÍNH (theo số PS)
190976,F1302AB,709509,1305,,,18414,2026-07-06 18:00:00,29805,SHIP suy từ cờ Shipped + PS# của WORK ORDER; qty=PIECES; ngày ƯỚC TÍNH (theo số PS)
190976,F1302AB,709510,1316,,,21456,2026-09-09 18:00:00,30098,SHIP suy từ cờ Shipped + PS# của WORK ORDER; qty=PIECES; ngày ƯỚC TÍNH (theo số PS)
191145,F1302AB,709514,355,,,16796,2026-09-08 18:00:00,30092,SHIP suy từ cờ Shipped + PS# của WORK ORDER; qty=PIECES; ngày ƯỚC TÍNH (theo số PS)
190220,06503825-A,709517,125,,,78769,2026-06-09 18:00:00,29688,SHIP suy từ cờ Shipped + PS# của WORK ORDER; qty=PIECES; ngày ƯỚC TÍNH (theo số PS)
190220,06503825-A,709518,1070,,,75769,2026-09-08 18:00:00,30092,SHIP suy từ cờ Shipped + PS# của WORK ORDER; qty=PIECES; ngày ƯỚC TÍNH (theo số PS)
190400,06502979-A,709519,1407,,,17828,2026-06-14 18:00:00,29709,SHIP suy từ cờ Shipped + PS# của WORK ORDER; qty=PIECES; ngày ƯỚC TÍNH (theo số PS)
189992,11602031,709558,7,,,4233,2026-06-04 18:00:00,29662,SHIP suy từ cờ Shipped + PS# của WORK ORDER; qty=PIECES; ngày ƯỚC TÍNH (theo số PS)
189960,11602031,709563,397,,,4537,2026-06-09 18:00:00,29684,SHIP suy từ cờ Shipped + PS# của WORK ORDER; qty=PIECES; ngày ƯỚC TÍNH (theo số PS)
190020,11546456,709567,641,,,77049,2026-06-09 18:00:00,29684,SHIP suy từ cờ Shipped + PS# của WORK ORDER; qty=PIECES; ngày ƯỚC TÍNH (theo số PS)
189928,06511834AA,709575,39,,,2816,2026-06-12 18:00:00,29700,SHIP suy từ cờ Shipped + PS# của WORK ORDER; qty=PIECES; ngày ƯỚC TÍNH (theo số PS)
190020,11546377,709587,370,,,62208,2026-09-09 18:00:00,30098,SHIP suy từ cờ Shipped + PS# của WORK ORDER; qty=PIECES; ngày ƯỚC TÍNH (theo số PS)
189928,11602326,709592,1012,,,4065,2026-06-13 18:00:00,29702,SHIP suy từ cờ Shipped + PS# của WORK ORDER; qty=PIECES; ngày ƯỚC TÍNH (theo số PS)
190033,11546571,709624,517,,,52335,2026-06-01 18:00:00,29648,SHIP suy từ cờ Shipped + PS# của WORK ORDER; qty=PIECES; ngày ƯỚC TÍNH (theo số PS)
190673,W711468-S437,709625,190,,,41272,2026-06-22 18:00:00,29744,SHIP suy từ cờ Shipped + PS# của WORK ORDER; qty=PIECES; ngày ƯỚC TÍNH (theo số PS)
191397,11547369-BR-HA,709650,1383,,,10934,2026-07-21 18:00:00,29873,SHIP suy từ cờ Shipped + PS# của WORK ORDER; qty=PIECES; ngày ƯỚC TÍNH (theo số PS)
191397,11547369-BR-HA,709653,704,,,9876,2026-07-21 18:00:00,29873,SHIP suy từ cờ Shipped + PS# của WORK ORDER; qty=PIECES; ngày ƯỚC TÍNH (theo số PS)
190146,06511701AA,709659,1023,,,71871,2026-06-07 18:00:00,29675,SHIP suy từ cờ Shipped + PS# của WORK ORDER; qty=PIECES; ngày ƯỚC TÍNH (theo số PS)
189992,40161567,709661,677,,,5261,2026-06-01 18:00:00,29651,SHIP suy từ cờ Shipped + PS# của WORK ORDER; qty=PIECES; ngày ƯỚC TÍNH (theo số PS)
189992,40161567,709662,609,,,4870,2026-06-01 18:00:00,29648,SHIP suy từ cờ Shipped + PS# của WORK ORDER; qty=PIECES; ngày ƯỚC TÍNH (theo số PS)
189992,40161567,709663,1562,,,5410,2026-06-01 18:00:00,29651,SHIP suy từ cờ Shipped + PS# của WORK ORDER; qty=PIECES; ngày ƯỚC TÍNH (theo số PS)
189992,40161567,709664,435,,,4708,2026-06-01 18:00:00,29651,SHIP suy từ cờ Shipped + PS# của WORK ORDER; qty=PIECES; ngày ƯỚC TÍNH (theo số PS)
189992,40161567,709665,91,,,5714,2026-06-09 18:00:00,29684,SHIP suy từ cờ Shipped + PS# của WORK ORDER; qty=PIECES; ngày ƯỚC TÍNH (theo số PS)
189992,40161567,709666,808,,,4255,2026-06-01 18:00:00,29651,SHIP suy từ cờ Shipped + PS# của WORK ORDER; qty=PIECES; ngày ƯỚC TÍNH (theo số PS)
190020,06505246AA,709669,1449,,,20367,2026-06-01 18:00:00,29651,SHIP suy từ cờ Shipped + PS# của WORK ORDER; qty=PIECES; ngày ƯỚC TÍNH (theo số PS)
190106,H62534A,709670,126,,,20455,2026-06-04 18:00:00,29664,SHIP suy từ cờ Shipped + PS# của WORK ORDER; qty=PIECES; ngày ƯỚC TÍNH (theo số PS)
190106,H62534A,709671,663,,,20429,2026-06-04 18:00:00,29662,SHIP suy từ cờ Shipped + PS# của WORK ORDER; qty=PIECES; ngày ƯỚC TÍNH (theo số PS)
190106,11561662,709672,514,,,27993,2026-06-04 18:00:00,29662,SHIP suy từ cờ Shipped + PS# của WORK ORDER; qty=PIECES; ngày ƯỚC TÍNH (theo số PS)
190080,40109770,709674,1654,,,7955,2026-06-04 18:00:00,29662,SHIP suy từ cờ Shipped + PS# của WORK ORDER; qty=PIECES; ngày ƯỚC TÍNH (theo số PS)
190080,40109770,709675,786,,,8900,2026-06-08 18:00:00,29681,SHIP suy từ cờ Shipped + PS# của WORK ORDER; qty=PIECES; ngày ƯỚC TÍNH (theo số PS)
190020,40073474,709676,1544,,,5094,2026-06-09 18:00:00,29685,SHIP suy từ cờ Shipped + PS# của WORK ORDER; qty=PIECES; ngày ƯỚC TÍNH (theo số PS)
190020,40073474,709677,1093,,,5181,2026-06-02 18:00:00,29653,SHIP suy từ cờ Shipped + PS# của WORK ORDER; qty=PIECES; ngày ƯỚC TÍNH (theo số PS)
190128,11546448,709678,303,,,90667,2026-06-07 18:00:00,29675,SHIP suy từ cờ Shipped + PS# của WORK ORDER; qty=PIECES; ngày ƯỚC TÍNH (theo số PS)
190128,11546448,709679,1621,,,102667,2026-06-06 18:00:00,29673,SHIP suy từ cờ Shipped + PS# của WORK ORDER; qty=PIECES; ngày ƯỚC TÍNH (theo số PS)
190080,11547090,709680,844,,,25091,2026-06-02 18:00:00,29656,SHIP suy từ cờ Shipped + PS# của WORK ORDER; qty=PIECES; ngày ƯỚC TÍNH (theo số PS)
190080,11547090,709681,101,,,22701,2026-06-02 18:00:00,29656,SHIP suy từ cờ Shipped + PS# của WORK ORDER; qty=PIECES; ngày ƯỚC TÍNH (theo số PS)
189992,15047163-MY-AK,709682,170,,,65355,2026-06-02 18:00:00,29655,SHIP suy từ cờ Shipped + PS# của WORK ORDER; qty=PIECES; ngày ƯỚC TÍNH (theo số PS)
190080,15046285,709684,172,,,7992,2026-06-08 18:00:00,29681,SHIP suy từ cờ Shipped + PS# của WORK ORDER; qty=PIECES; ngày ƯỚC TÍNH (theo số PS)
190080,15046285,709685,1587,,,7023,2026-06-06 18:00:00,29673,SHIP suy từ cờ Shipped + PS# của WORK ORDER; qty=PIECES; ngày ƯỚC TÍNH (theo số PS)
190220,06508203AA,709687,769,,,5156,2026-06-11 18:00:00,29693,SHIP suy từ cờ Shipped + PS# của WORK ORDER; qty=PIECES; ngày ƯỚC TÍNH (theo số PS)
190465,11546377-CA-IN,709688,200,,,68701,2026-06-18 18:00:00,29727,SHIP suy từ cờ Shipped + PS# của WORK ORDER; qty=PIECES; ngày ƯỚC TÍNH (theo số PS)
190465,11546377-CA-IN,709689,445,,,78442,2026-06-17 18:00:00,29720,SHIP suy từ cờ Shipped + PS# của WORK ORDER; qty=PIECES; ngày ƯỚC TÍNH (theo số PS)
190212,11546367-MY-AK,709766,1597,,,25871,2026-06-09 18:00:00,29688,SHIP suy từ cờ Shipped + PS# của WORK ORDER; qty=PIECES; ngày ƯỚC TÍNH (theo số PS)
190212,11546367-MY-AK,709767,747,,,23720,2026-06-18 18:00:00,29728,SHIP suy từ cờ Shipped + PS# của WORK ORDER; qty=PIECES; ngày ƯỚC TÍNH (theo số PS)
190212,11546367-MY-AK,709768,241,,,24968,2026-06-11 18:00:00,29695,SHIP suy từ cờ Shipped + PS# của WORK ORDER; qty=PIECES; ngày ƯỚC TÍNH (theo số PS)
190212,11546367-MY-AK,709769,1602,,,24086,2026-06-14 18:00:00,29709,SHIP suy từ cờ Shipped + PS# của WORK ORDER; qty=PIECES; ngày ƯỚC TÍNH (theo số PS)
190212,11546367-MY-AK,709770,342,,,23570,2026-06-09 18:00:00,29688,SHIP suy từ cờ Shipped + PS# của WORK ORDER; qty=PIECES; ngày ƯỚC TÍNH (theo số PS)
190212,11546367-MY-AK,709771,1683,,,25484,2026-06-09 18:00:00,29688,SHIP suy từ cờ Shipped + PS# của WORK ORDER; qty=PIECES; ngày ƯỚC TÍNH (theo số PS)
190252,11546367-MY-AK,709772,1679,,,24903,2026-06-11 18:00:00,29695,SHIP suy từ cờ Shipped + PS# của WORK ORDER; qty=PIECES; ngày ƯỚC TÍNH (theo số PS)
190252,11546367-MY-AK,709774,1056,,,22559,2026-06-13 18:00:00,29702,SHIP suy từ cờ Shipped + PS# của WORK ORDER; qty=PIECES; ngày ƯỚC TÍNH (theo số PS)
190252,11546367-MY-AK,709775,546,,,25785,2026-06-14 18:00:00,29707,SHIP suy từ cờ Shipped + PS# của WORK ORDER; qty=PIECES; ngày ƯỚC TÍNH (theo số PS)
190252,11546367-MY-AK,709776,392,,,17742,2026-06-11 18:00:00,29695,SHIP suy từ cờ Shipped + PS# của WORK ORDER; qty=PIECES; ngày ƯỚC TÍNH (theo số PS)
190436,11611122,709779,378,,,49533,2026-06-15 18:00:00,29713,SHIP suy từ cờ Shipped + PS# của WORK ORDER; qty=PIECES; ngày ƯỚC TÍNH (theo số PS)
189959,NU3019-00,709780,338,,,5072,2026-05-30 18:00:00,29641,SHIP suy từ cờ Shipped + PS# của WORK ORDER; qty=PIECES; ngày ƯỚC TÍNH (theo số PS)
189959,NU3019-00,709781,191,,,5067,2026-05-30 18:00:00,29641,SHIP suy từ cờ Shipped + PS# của WORK ORDER; qty=PIECES; ngày ƯỚC TÍNH (theo số PS)
189959,NU3019-00,709782,1098,,,4717,2026-05-30 18:00:00,29641,SHIP suy từ cờ Shipped + PS# của WORK ORDER; qty=PIECES; ngày ƯỚC TÍNH (theo số PS)
189959,NU3019-00,709784,784,,,4588,2026-05-30 18:00:00,29641,SHIP suy từ cờ Shipped + PS# của WORK ORDER; qty=PIECES; ngày ƯỚC TÍNH (theo số PS)
189959,NU3019-00,709785,730,,,5493,2026-05-30 18:00:00,29641,SHIP suy từ cờ Shipped + PS# của WORK ORDER; qty=PIECES; ngày ƯỚC TÍNH (theo số PS)
189959,NU3019-00,709786,510,,,5201,2026-05-30 18:00:00,29641,SHIP suy từ cờ Shipped + PS# của WORK ORDER; qty=PIECES; ngày ƯỚC TÍNH (theo số PS)
189959,NU3019-00,709787,879,,,4761,2026-05-30 18:00:00,29641,SHIP suy từ cờ Shipped + PS# của WORK ORDER; qty=PIECES; ngày ƯỚC TÍNH (theo số PS)
189959,NU3019-00,709788,1312,,,4713,2026-05-30 18:00:00,29641,SHIP suy từ cờ Shipped + PS# của WORK ORDER; qty=PIECES; ngày ƯỚC TÍNH (theo số PS)
189959,NU3019-00,709789,499,,,5364,2026-05-30 18:00:00,29641,SHIP suy từ cờ Shipped + PS# của WORK ORDER; qty=PIECES; ngày ƯỚC TÍNH (theo số PS)
190033,NU3019-00,709790,364,,,5527,2026-06-05 18:00:00,29667,SHIP suy từ cờ Shipped + PS# của WORK ORDER; qty=PIECES; ngày ƯỚC TÍNH (theo số PS)
189959,NU3019-00,709791,108,,,4622,2026-05-30 18:00:00,29641,SHIP suy từ cờ Shipped + PS# của WORK ORDER; qty=PIECES; ngày ƯỚC TÍNH (theo số PS)
189959,NU3019-00,709792,418,,,5010,2026-05-30 18:00:00,29641,SHIP suy từ cờ Shipped + PS# của WORK ORDER; qty=PIECES; ngày ƯỚC TÍNH (theo số PS)
190033,NU3019-00,709793,734,,,5053,2026-06-05 18:00:00,29667,SHIP suy từ cờ Shipped + PS# của WORK ORDER; qty=PIECES; ngày ƯỚC TÍNH (theo số PS)
189959,NU3019-00,709794,132,,,4928,2026-05-30 18:00:00,29641,SHIP suy từ cờ Shipped + PS# của WORK ORDER; qty=PIECES; ngày ƯỚC TÍNH (theo số PS)
189959,NU3019-00,709795,1004,,,5158,2026-05-30 18:00:00,29641,SHIP suy từ cờ Shipped + PS# của WORK ORDER; qty=PIECES; ngày ƯỚC TÍNH (theo số PS)
189959,NU3019-00,709796,1546,,,5321,2026-05-30 18:00:00,29641,SHIP suy từ cờ Shipped + PS# của WORK ORDER; qty=PIECES; ngày ƯỚC TÍNH (theo số PS)
189959,NU3019-00,709797,305,,,4784,2026-05-30 18:00:00,29641,SHIP suy từ cờ Shipped + PS# của WORK ORDER; qty=PIECES; ngày ƯỚC TÍNH (theo số PS)
190128,06101968-A,709800,912,,,71970,2026-06-09 18:00:00,29685,SHIP suy từ cờ Shipped + PS# của WORK ORDER; qty=PIECES; ngày ƯỚC TÍNH (theo số PS)
190128,11549204,709846,799,,,7653,2026-06-21 18:00:00,29740,SHIP suy từ cờ Shipped + PS# của WORK ORDER; qty=PIECES; ngày ƯỚC TÍNH (theo số PS)
190128,11549204,709847,490,,,7495,2026-06-08 18:00:00,29681,SHIP suy từ cờ Shipped + PS# của WORK ORDER; qty=PIECES; ngày ƯỚC TÍNH (theo số PS)
190128,11549204,709848,1502,,,7469,2026-06-13 18:00:00,29702,SHIP suy từ cờ Shipped + PS# của WORK ORDER; qty=PIECES; ngày ƯỚC TÍNH (theo số PS)
190128,11549204,709849,24,,,7791,2026-06-04 18:00:00,29664,SHIP suy từ cờ Shipped + PS# của WORK ORDER; qty=PIECES; ngày ƯỚC TÍNH (theo số PS)
190106,11549204,709850,426,,,7725,2026-06-04 18:00:00,29662,SHIP suy từ cờ Shipped + PS# của WORK ORDER; qty=PIECES; ngày ƯỚC TÍNH (theo số PS)
190106,11549204,709851,478,,,7535,2026-06-04 18:00:00,29662,SHIP suy từ cờ Shipped + PS# của WORK ORDER; qty=PIECES; ngày ƯỚC TÍNH (theo số PS)
190106,11549204,709852,285,,,8008,2026-06-03 18:00:00,29659,SHIP suy từ cờ Shipped + PS# của WORK ORDER; qty=PIECES; ngày ƯỚC TÍNH (theo số PS)
190106,11549204,709853,404,,,6995,2026-06-03 18:00:00,29659,SHIP suy từ cờ Shipped + PS# của WORK ORDER; qty=PIECES; ngày ƯỚC TÍNH (theo số PS)
190052,11546463,709854,693,,,14799,2026-06-04 18:00:00,29664,SHIP suy từ cờ Shipped + PS# của WORK ORDER; qty=PIECES; ngày ƯỚC TÍNH (theo số PS)
190146,11546449,709870,1363,,,84915,2026-06-09 18:00:00,29684,SHIP suy từ cờ Shipped + PS# của WORK ORDER; qty=PIECES; ngày ƯỚC TÍNH (theo số PS)
190642,4519-19,709985,1696,,,39963,2026-06-28 18:00:00,29773,SHIP suy từ cờ Shipped + PS# của WORK ORDER; qty=PIECES; ngày ƯỚC TÍNH (theo số PS)
190607,E6267AB,709990,94,,,24076,2026-07-02 18:00:00,29789,SHIP suy từ cờ Shipped + PS# của WORK ORDER; qty=PIECES; ngày ƯỚC TÍNH (theo số PS)
190607,E6267AB,709991,1717,,,24607,2026-06-28 18:00:00,29769,SHIP suy từ cờ Shipped + PS# của WORK ORDER; qty=PIECES; ngày ƯỚC TÍNH (theo số PS)
190607,E6267AB,709992,541,,,25520,2026-06-22 18:00:00,29744,SHIP suy từ cờ Shipped + PS# của WORK ORDER; qty=PIECES; ngày ƯỚC TÍNH (theo số PS)
190607,E6267AB,709993,1600,,,23885,2026-06-25 18:00:00,29756,SHIP suy từ cờ Shipped + PS# của WORK ORDER; qty=PIECES; ngày ƯỚC TÍNH (theo số PS)
190607,E6267AB,709994,1697,,,24119,2026-06-22 18:00:00,29744,SHIP suy từ cờ Shipped + PS# của WORK ORDER; qty=PIECES; ngày ƯỚC TÍNH (theo số PS)
191397,E6267AB,709995-,1375,,,23885,2026-07-29 18:00:00,29909,SHIP suy từ cờ Shipped + PS# của WORK ORDER; qty=PIECES; ngày ƯỚC TÍNH (theo số PS)
190347,47336AE,709996,195,,,24978,2026-06-17 18:00:00,29723,SHIP suy từ cờ Shipped + PS# của WORK ORDER; qty=PIECES; ngày ƯỚC TÍNH (theo số PS)
190428,94012078,710005,127,,,2355,2026-06-14 18:00:00,29709,SHIP suy từ cờ Shipped + PS# của WORK ORDER; qty=PIECES; ngày ƯỚC TÍNH (theo số PS)
190400,W520101-S450,710010,1589,,,121023,2026-06-15 18:00:00,29713,SHIP suy từ cờ Shipped + PS# của WORK ORDER; qty=PIECES; ngày ƯỚC TÍNH (theo số PS)
190400,W520101-S450,710011,439,,,122955,2026-06-16 18:00:00,29718,SHIP suy từ cờ Shipped + PS# của WORK ORDER; qty=PIECES; ngày ƯỚC TÍNH (theo số PS)
190400,W520101-S437,710012,206,,,119773,2026-06-17 18:00:00,29720,SHIP suy từ cờ Shipped + PS# của WORK ORDER; qty=PIECES; ngày ƯỚC TÍNH (theo số PS)
190400,W520101-S437,710013,954,,,122386,2026-06-17 18:00:00,29720,SHIP suy từ cờ Shipped + PS# của WORK ORDER; qty=PIECES; ngày ƯỚC TÍNH (theo số PS)
190535,NU5108-00,710014,911,,,73000,2026-07-05 18:00:00,29801,SHIP suy từ cờ Shipped + PS# của WORK ORDER; qty=PIECES; ngày ƯỚC TÍNH (theo số PS)
190356,NU5108-00,710015,1655,,,67000,2026-06-18 18:00:00,29725,SHIP suy từ cờ Shipped + PS# của WORK ORDER; qty=PIECES; ngày ƯỚC TÍNH (theo số PS)
189975,NU1305-01,710019,672,,,67000,2026-06-05 18:00:00,29667,SHIP suy từ cờ Shipped + PS# của WORK ORDER; qty=PIECES; ngày ƯỚC TÍNH (theo số PS)
190921,11546774-MY-AK,710033,1662,,,13470,2026-07-02 18:00:00,29789,SHIP suy từ cờ Shipped + PS# của WORK ORDER; qty=PIECES; ngày ƯỚC TÍNH (theo số PS)
190921,11546774-MY-AK,710035,854,,,14626,2026-07-02 18:00:00,29789,SHIP suy từ cờ Shipped + PS# của WORK ORDER; qty=PIECES; ngày ƯỚC TÍNH (theo số PS)
190779,11546367-CA-IN,710052,1417,,,25130,2026-07-01 18:00:00,29784,SHIP suy từ cờ Shipped + PS# của WORK ORDER; qty=PIECES; ngày ƯỚC TÍNH (theo số PS)
190958,11546367-CA-IN,710053,1631,,,25758,2026-07-13 18:00:00,29839,SHIP suy từ cờ Shipped + PS# của WORK ORDER; qty=PIECES; ngày ƯỚC TÍNH (theo số PS)
190958,11546367-CA-IN,710055,1648,,,27013,2026-07-13 18:00:00,29837,SHIP suy từ cờ Shipped + PS# của WORK ORDER; qty=PIECES; ngày ƯỚC TÍNH (theo số PS)
190315,11610091-MY-AK,710056,274,,,80909,2026-06-12 18:00:00,29700,SHIP suy từ cờ Shipped + PS# của WORK ORDER; qty=PIECES; ngày ƯỚC TÍNH (theo số PS)
190315,11610091-MY-AK,710057,76,,,72662,2026-06-11 18:00:00,29695,SHIP suy từ cờ Shipped + PS# của WORK ORDER; qty=PIECES; ngày ƯỚC TÍNH (theo số PS)
190270,11610091-MY-AK,710058,112,,,80260,2026-06-10 18:00:00,29691,SHIP suy từ cờ Shipped + PS# của WORK ORDER; qty=PIECES; ngày ƯỚC TÍNH (theo số PS)
190270,11610091-MY-AK,710064,1640,,,768118,2026-06-11 18:00:00,29695,SHIP suy từ cờ Shipped + PS# của WORK ORDER; qty=PIECES; ngày ƯỚC TÍNH (theo số PS)
190695,11549168,710070,265,,,45075,2026-06-25 18:00:00,29758,SHIP suy từ cờ Shipped + PS# của WORK ORDER; qty=PIECES; ngày ƯỚC TÍNH (theo số PS)
190695,11549168,710071,579,,,47313,2026-06-24 18:00:00,29753,SHIP suy từ cờ Shipped + PS# của WORK ORDER; qty=PIECES; ngày ƯỚC TÍNH (theo số PS)
190695,11549168,710074,177,,,45075,2026-06-25 18:00:00,29756,SHIP suy từ cờ Shipped + PS# của WORK ORDER; qty=PIECES; ngày ƯỚC TÍNH (theo số PS)
190695,11549168,710075,1578,,,40261,2026-06-24 18:00:00,29755,SHIP suy từ cờ Shipped + PS# của WORK ORDER; qty=PIECES; ngày ƯỚC TÍNH (theo số PS)
190146,11546449,710101,970,,,93729,2026-06-09 18:00:00,29688,SHIP suy từ cờ Shipped + PS# của WORK ORDER; qty=PIECES; ngày ƯỚC TÍNH (theo số PS)
190146,11546449,710102,30,,,92797,2026-06-08 18:00:00,29681,SHIP suy từ cờ Shipped + PS# của WORK ORDER; qty=PIECES; ngày ƯỚC TÍNH (theo số PS)
190146,11546449,710103,1563,,,83814,2026-06-07 18:00:00,29675,SHIP suy từ cờ Shipped + PS# của WORK ORDER; qty=PIECES; ngày ƯỚC TÍNH (theo số PS)
190146,11546449,710104,428,,,86186,2026-06-09 18:00:00,29687,SHIP suy từ cờ Shipped + PS# của WORK ORDER; qty=PIECES; ngày ƯỚC TÍNH (theo số PS)
190128,11546449,710105,913,,,89407,2026-06-09 18:00:00,29684,SHIP suy từ cờ Shipped + PS# của WORK ORDER; qty=PIECES; ngày ƯỚC TÍNH (theo số PS)
190128,11546449,710108,362,,,94153,2026-06-06 18:00:00,29673,SHIP suy từ cờ Shipped + PS# của WORK ORDER; qty=PIECES; ngày ƯỚC TÍNH (theo số PS)
190252,11546545,710114,539,,,96250,2026-06-14 18:00:00,29709,SHIP suy từ cờ Shipped + PS# của WORK ORDER; qty=PIECES; ngày ƯỚC TÍNH (theo số PS)
190252,11546545,710115,463,,,85000,2026-06-11 18:00:00,29695,SHIP suy từ cờ Shipped + PS# của WORK ORDER; qty=PIECES; ngày ƯỚC TÍNH (theo số PS)
190252,11546545,710116,456,,,86500,2026-06-24 18:00:00,29755,SHIP suy từ cờ Shipped + PS# của WORK ORDER; qty=PIECES; ngày ƯỚC TÍNH (theo số PS)
190252,11546545,710117,455,,,96250,2026-06-10 18:00:00,29691,SHIP suy từ cờ Shipped + PS# của WORK ORDER; qty=PIECES; ngày ƯỚC TÍNH (theo số PS)
190252,11546545,710118,946,,,95000,2026-06-10 18:00:00,29691,SHIP suy từ cờ Shipped + PS# của WORK ORDER; qty=PIECES; ngày ƯỚC TÍNH (theo số PS)
190315,06513554AA,710121,571,,,11884,2026-06-10 18:00:00,29691,SHIP suy từ cờ Shipped + PS# của WORK ORDER; qty=PIECES; ngày ƯỚC TÍNH (theo số PS)
190128,06105102AA,710122,KIB,,,40000,2026-06-04 18:00:00,29664,SHIP suy từ cờ Shipped + PS# của WORK ORDER; qty=PIECES; ngày ƯỚC TÍNH (theo số PS)
190128,06105102AA,710123,KIB,,,40000,2026-06-05 18:00:00,29666,SHIP suy từ cờ Shipped + PS# của WORK ORDER; qty=PIECES; ngày ƯỚC TÍNH (theo số PS)
190128,06105102AA,710124,KIB,,,40000,2026-06-08 18:00:00,29681,SHIP suy từ cờ Shipped + PS# của WORK ORDER; qty=PIECES; ngày ƯỚC TÍNH (theo số PS)
190128,06105102AA,710125,KIB,,,40000,2026-06-08 18:00:00,29681,SHIP suy từ cờ Shipped + PS# của WORK ORDER; qty=PIECES; ngày ƯỚC TÍNH (theo số PS)
190106,11548147,710126,KIB,,,12500,2026-06-03 18:00:00,29659,SHIP suy từ cờ Shipped + PS# của WORK ORDER; qty=PIECES; ngày ƯỚC TÍNH (theo số PS)
190106,11548147,710127,KIB,,,12500,2026-06-03 18:00:00,29659,SHIP suy từ cờ Shipped + PS# của WORK ORDER; qty=PIECES; ngày ƯỚC TÍNH (theo số PS)
190128,06105102AA,710128,KIB,,,40000,2026-06-05 18:00:00,29666,SHIP suy từ cờ Shipped + PS# của WORK ORDER; qty=PIECES; ngày ƯỚC TÍNH (theo số PS)
190128,06105102AA,710129,KIB,,,40000,2026-06-04 18:00:00,29664,SHIP suy từ cờ Shipped + PS# của WORK ORDER; qty=PIECES; ngày ƯỚC TÍNH (theo số PS)
190128,06105102AA,710130,KIB,,,40000,2026-06-04 18:00:00,29664,SHIP suy từ cờ Shipped + PS# của WORK ORDER; qty=PIECES; ngày ƯỚC TÍNH (theo số PS)
190128,06105102AA,710131,KIB,,,40000,2026-06-04 18:00:00,29664,SHIP suy từ cờ Shipped + PS# của WORK ORDER; qty=PIECES; ngày ƯỚC TÍNH (theo số PS)
190128,06105102AA,710133,KIB,,,40000,2026-06-04 18:00:00,29664,SHIP suy từ cờ Shipped + PS# của WORK ORDER; qty=PIECES; ngày ƯỚC TÍNH (theo số PS)
190315,11610091-MY-AK,710134,249,,,80714,2026-06-13 18:00:00,29702,SHIP suy từ cờ Shipped + PS# của WORK ORDER; qty=PIECES; ngày ƯỚC TÍNH (theo số PS)
190315,06511637AA,710136,606,,,10645,2026-06-14 18:00:00,29709,SHIP suy từ cờ Shipped + PS# của WORK ORDER; qty=PIECES; ngày ƯỚC TÍNH (theo số PS)
190315,06511637AA,710138,117,,,39032,2026-06-13 18:00:00,29702,SHIP suy từ cờ Shipped + PS# của WORK ORDER; qty=PIECES; ngày ƯỚC TÍNH (theo số PS)
190315,06512544AA,710140,360,,,17037,2026-06-17 18:00:00,29723,SHIP suy từ cờ Shipped + PS# của WORK ORDER; qty=PIECES; ngày ƯỚC TÍNH (theo số PS)
190315,06512544AA,710141,113,,,20025,2026-06-13 18:00:00,29702,SHIP suy từ cờ Shipped + PS# của WORK ORDER; qty=PIECES; ngày ƯỚC TÍNH (theo số PS)
191473,06511672AA,710143,738,,,39828,2026-07-21 18:00:00,29874,SHIP suy từ cờ Shipped + PS# của WORK ORDER; qty=PIECES; ngày ƯỚC TÍNH (theo số PS)
190270,W711953-S900,710145,1437,,,79870,2026-06-14 18:00:00,29707,SHIP suy từ cờ Shipped + PS# của WORK ORDER; qty=PIECES; ngày ƯỚC TÍNH (theo số PS)
190315,06512278AA,710147,691,,,90125,2026-06-12 18:00:00,29700,SHIP suy từ cờ Shipped + PS# của WORK ORDER; qty=PIECES; ngày ƯỚC TÍNH (theo số PS)
190220,11612078-B,710148-,88,,,70000,2026-07-05 18:00:00,29801,SHIP suy từ cờ Shipped + PS# của WORK ORDER; qty=PIECES; ngày ƯỚC TÍNH (theo số PS)
190356,11612078-B,710149-,1588,,,68000,2026-07-05 18:00:00,29801,SHIP suy từ cờ Shipped + PS# của WORK ORDER; qty=PIECES; ngày ƯỚC TÍNH (theo số PS)
190695,11612078-B,710151-,1326,,,76000,2026-07-05 18:00:00,29801,SHIP suy từ cờ Shipped + PS# của WORK ORDER; qty=PIECES; ngày ƯỚC TÍNH (theo số PS)
190436,11612078-B,710154-,583,,,75000,2026-07-05 18:00:00,29801,SHIP suy từ cờ Shipped + PS# của WORK ORDER; qty=PIECES; ngày ƯỚC TÍNH (theo số PS)
190270,11546566,710155,717,,,48389,2026-06-09 18:00:00,29688,SHIP suy từ cờ Shipped + PS# của WORK ORDER; qty=PIECES; ngày ƯỚC TÍNH (theo số PS)
190270,11546566,710157,942,,,54556,2026-06-09 18:00:00,29688,SHIP suy từ cờ Shipped + PS# của WORK ORDER; qty=PIECES; ngày ƯỚC TÍNH (theo số PS)
190262,06509967AA,710159,KIB,,,40000,2026-06-13 18:00:00,29702,SHIP suy từ cờ Shipped + PS# của WORK ORDER; qty=PIECES; ngày ƯỚC TÍNH (theo số PS)
190262,06509967AA,710161,KIB,,,40000,2026-06-09 18:00:00,29688,SHIP suy từ cờ Shipped + PS# của WORK ORDER; qty=PIECES; ngày ƯỚC TÍNH (theo số PS)
190262,06509967AA,710163,KIB,,,40000,2026-06-17 18:00:00,29723,SHIP suy từ cờ Shipped + PS# của WORK ORDER; qty=PIECES; ngày ƯỚC TÍNH (theo số PS)
190262,06509967AA,710165,KIB,,,40000,2026-06-13 18:00:00,29705,SHIP suy từ cờ Shipped + PS# của WORK ORDER; qty=PIECES; ngày ƯỚC TÍNH (theo số PS)
190262,06509967AA,710167,KIB,,,40000,2026-06-09 18:00:00,29688,SHIP suy từ cờ Shipped + PS# của WORK ORDER; qty=PIECES; ngày ƯỚC TÍNH (theo số PS)
190262,06509967AA,710169,KIB,,,50000,2026-06-11 18:00:00,29693,SHIP suy từ cờ Shipped + PS# của WORK ORDER; qty=PIECES; ngày ƯỚC TÍNH (theo số PS)
190837,11612078-B,710172-,785,,,71000,2026-07-05 18:00:00,29801,SHIP suy từ cờ Shipped + PS# của WORK ORDER; qty=PIECES; ngày ƯỚC TÍNH (theo số PS)
190577,11612078-B,710173-,386,,,70000,2026-07-05 18:00:00,29801,SHIP suy từ cờ Shipped + PS# của WORK ORDER; qty=PIECES; ngày ƯỚC TÍNH (theo số PS)
190400,11612078-B,710174-,767,,,70000,2026-07-05 18:00:00,29801,SHIP suy từ cờ Shipped + PS# của WORK ORDER; qty=PIECES; ngày ƯỚC TÍNH (theo số PS)
190212,06505246AA,710179,475,,,24533,2026-06-14 18:00:00,29709,SHIP suy từ cờ Shipped + PS# của WORK ORDER; qty=PIECES; ngày ƯỚC TÍNH (theo số PS)
190212,06505246AA,710180,121,,,22433,2026-06-11 18:00:00,29693,SHIP suy từ cờ Shipped + PS# của WORK ORDER; qty=PIECES; ngày ƯỚC TÍNH (theo số PS)
190106,11549204,710191,10052,,,8508,2026-06-04 18:00:00,29662,SHIP suy từ cờ Shipped + PS# của WORK ORDER; qty=PIECES; ngày ƯỚC TÍNH (theo số PS)
190106,11549204,710192,106,,,6607,2026-06-03 18:00:00,29659,SHIP suy từ cờ Shipped + PS# của WORK ORDER; qty=PIECES; ngày ƯỚC TÍNH (theo số PS)
190106,11549204,710193,1020,,,7370,2026-06-03 18:00:00,29659,SHIP suy từ cờ Shipped + PS# của WORK ORDER; qty=PIECES; ngày ƯỚC TÍNH (theo số PS)
190106,11549204,710194,1068,,,7699,2026-06-03 18:00:00,29659,SHIP suy từ cờ Shipped + PS# của WORK ORDER; qty=PIECES; ngày ƯỚC TÍNH (theo số PS)
190106,11549204,710195,929,,,7962,2026-06-09 18:00:00,29685,SHIP suy từ cờ Shipped + PS# của WORK ORDER; qty=PIECES; ngày ƯỚC TÍNH (theo số PS)
190106,11549204,710196,1526,,,7370,2026-06-03 18:00:00,29659,SHIP suy từ cờ Shipped + PS# của WORK ORDER; qty=PIECES; ngày ƯỚC TÍNH (theo số PS)
190106,11549204,710198,706,,,7199,2026-06-03 18:00:00,29659,SHIP suy từ cờ Shipped + PS# của WORK ORDER; qty=PIECES; ngày ƯỚC TÍNH (theo số PS)
190106,11549204,710199,1639,,,7364,2026-06-03 18:00:00,29659,SHIP suy từ cờ Shipped + PS# của WORK ORDER; qty=PIECES; ngày ƯỚC TÍNH (theo số PS)
190106,11549204,710200,792,,,7587,2026-06-03 18:00:00,29659,SHIP suy từ cờ Shipped + PS# của WORK ORDER; qty=PIECES; ngày ƯỚC TÍNH (theo số PS)
190106,11549204,710201,1038,,,8376,2026-06-03 18:00:00,29659,SHIP suy từ cờ Shipped + PS# của WORK ORDER; qty=PIECES; ngày ƯỚC TÍNH (theo số PS)
190106,11549204,710202,668,,,6726,2026-06-03 18:00:00,29659,SHIP suy từ cờ Shipped + PS# của WORK ORDER; qty=PIECES; ngày ƯỚC TÍNH (theo số PS)
190621,W20-1028-010,710213,149,,,60000,2026-06-28 18:00:00,29769,SHIP suy từ cờ Shipped + PS# của WORK ORDER; qty=PIECES; ngày ƯỚC TÍNH (theo số PS)
190621,W20-1028-010,710214,545,,,81200,2026-07-08 18:00:00,29811,SHIP suy từ cờ Shipped + PS# của WORK ORDER; qty=tổng SELECT; ngày ƯỚC TÍNH (theo số PS); nâng lên ngày sản xuất cuối
190732,11517996,710215,434,,,42575,2026-07-02 18:00:00,29787,SHIP suy từ cờ Shipped + PS# của WORK ORDER; qty=PIECES; ngày ƯỚC TÍNH (theo số PS)
190732,11517996,710216,803,,,41940,2026-07-03 18:00:00,29792,SHIP suy từ cờ Shipped + PS# của WORK ORDER; qty=PIECES; ngày ƯỚC TÍNH (theo số PS)
190400,55364498AA,710217,17,,,24175,2026-06-13 18:00:00,29705,SHIP suy từ cờ Shipped + PS# của WORK ORDER; qty=PIECES; ngày ƯỚC TÍNH (theo số PS)
190356,55364498AA,710219,968,,,12386,2026-06-12 18:00:00,29700,SHIP suy từ cờ Shipped + PS# của WORK ORDER; qty=PIECES; ngày ƯỚC TÍNH (theo số PS)
190356,55364498AA,710222,1685,,,12965,2026-06-12 18:00:00,29700,SHIP suy từ cờ Shipped + PS# của WORK ORDER; qty=PIECES; ngày ƯỚC TÍNH (theo số PS)
191145,F1302AB,710223,1691,,,19612,2026-07-08 18:00:00,29816,SHIP suy từ cờ Shipped + PS# của WORK ORDER; qty=PIECES; ngày ƯỚC TÍNH (theo số PS)
191145,F1302AB,710224,33,,,19741,2026-07-09 18:00:00,29818,SHIP suy từ cờ Shipped + PS# của WORK ORDER; qty=PIECES; ngày ƯỚC TÍNH (theo số PS)
190220,06512349AA,710226,552,,,8292,2026-06-09 18:00:00,29685,SHIP suy từ cờ Shipped + PS# của WORK ORDER; qty=PIECES; ngày ƯỚC TÍNH (theo số PS)
190220,06514720AA,710228,574,,,40000,2026-06-09 18:00:00,29684,SHIP suy từ cờ Shipped + PS# của WORK ORDER; qty=PIECES; ngày ƯỚC TÍNH (theo số PS)
190220,06512834AA,710229,1684,,,8775,2026-06-09 18:00:00,29684,SHIP suy từ cờ Shipped + PS# của WORK ORDER; qty=PIECES; ngày ƯỚC TÍNH (theo số PS)
190220,06512834AA,710230,896,,,10553,2026-06-09 18:00:00,29684,SHIP suy từ cờ Shipped + PS# của WORK ORDER; qty=PIECES; ngày ƯỚC TÍNH (theo số PS)
190220,06512834AA,710231,744,,,7431,2026-06-09 18:00:00,29687,SHIP suy từ cờ Shipped + PS# của WORK ORDER; qty=PIECES; ngày ƯỚC TÍNH (theo số PS)
190220,06512834AA,710232,1555,,,9397,2026-06-09 18:00:00,29684,SHIP suy từ cờ Shipped + PS# của WORK ORDER; qty=PIECES; ngày ƯỚC TÍNH (theo số PS)
190382,06503825-A,710233,226,,,64923,2026-06-17 18:00:00,29723,SHIP suy từ cờ Shipped + PS# của WORK ORDER; qty=PIECES; ngày ƯỚC TÍNH (theo số PS)
190356,06503825-A,710235,1663,,,79077,2026-06-12 18:00:00,29700,SHIP suy từ cờ Shipped + PS# của WORK ORDER; qty=PIECES; ngày ƯỚC TÍNH (theo số PS)
190382,06503825-A,710236,1073,,,81846,2026-06-14 18:00:00,29707,SHIP suy từ cờ Shipped + PS# của WORK ORDER; qty=PIECES; ngày ƯỚC TÍNH (theo số PS)
190400,06502979-A,710238,964,,,25354,2026-06-15 18:00:00,29713,SHIP suy từ cờ Shipped + PS# của WORK ORDER; qty=PIECES; ngày ƯỚC TÍNH (theo số PS)
191012,11516133,710250,69,,,15879,2026-07-11 18:00:00,29831,SHIP suy từ cờ Shipped + PS# của WORK ORDER; qty=PIECES; ngày ƯỚC TÍNH (theo số PS)
191012,11516133,710252,1014,,,16500,2026-07-11 18:00:00,29831,SHIP suy từ cờ Shipped + PS# của WORK ORDER; qty=tổng SELECT; ngày ƯỚC TÍNH (theo số PS)
190648,52056965,710253,95,,,24277,2026-07-05 18:00:00,29800,SHIP suy từ cờ Shipped + PS# của WORK ORDER; qty=PIECES; ngày ƯỚC TÍNH (theo số PS)
190837,W520514-S442,710271,523,,,46125,2026-07-06 18:00:00,29803,SHIP suy từ cờ Shipped + PS# của WORK ORDER; qty=tổng SELECT; ngày ƯỚC TÍNH (theo số PS); nâng lên ngày sản xuất cuối
190252,11514597,710272,1043,,,40383,2026-06-09 18:00:00,29687,SHIP suy từ cờ Shipped + PS# của WORK ORDER; qty=PIECES; ngày ƯỚC TÍNH (theo số PS)
190033,11604000,710273,KIB,,,40000,2026-06-02 18:00:00,29653,SHIP suy từ cờ Shipped + PS# của WORK ORDER; qty=PIECES; ngày ƯỚC TÍNH (theo số PS)
190033,11604000,710274,KIB,,,40000,2026-06-02 18:00:00,29653,SHIP suy từ cờ Shipped + PS# của WORK ORDER; qty=PIECES; ngày ƯỚC TÍNH (theo số PS)
190033,11588293,710277,KIB,,,10000,2026-06-02 18:00:00,29653,SHIP suy từ cờ Shipped + PS# của WORK ORDER; qty=PIECES; ngày ƯỚC TÍNH (theo số PS)
190089,11502717-TH-TC,710279,172,,,27701,2026-06-18 18:00:00,29727,SHIP suy từ cờ Shipped + PS# của WORK ORDER; qty=PIECES; ngày ƯỚC TÍNH (theo số PS)
190089,11502717-TH-TC,710280,943,,,33333,2026-06-03 18:00:00,29659,SHIP suy từ cờ Shipped + PS# của WORK ORDER; qty=PIECES; ngày ƯỚC TÍNH (theo số PS)
190089,11502717-TH-TC,710281,928,,,38352,2026-06-06 18:00:00,29673,SHIP suy từ cờ Shipped + PS# của WORK ORDER; qty=PIECES; ngày ƯỚC TÍNH (theo số PS)
190089,11502717-TH-TC,710283,384,,,35211,2026-06-04 18:00:00,29664,SHIP suy từ cờ Shipped + PS# của WORK ORDER; qty=PIECES; ngày ƯỚC TÍNH (theo số PS)
190089,11502717-TH-TC,710284,305,,,42337,2026-06-21 18:00:00,29740,SHIP suy từ cờ Shipped + PS# của WORK ORDER; qty=PIECES; ngày ƯỚC TÍNH (theo số PS)
190089,11502717-TH-TC,710286,1426,,,41533,2026-06-18 18:00:00,29727,SHIP suy từ cờ Shipped + PS# của WORK ORDER; qty=PIECES; ngày ƯỚC TÍNH (theo số PS)
190880,06511799AA,710287,30 CTNS,,,51000,2026-07-01 18:00:00,29784,SHIP suy từ cờ Shipped + PS# của WORK ORDER; qty=PIECES; ngày ƯỚC TÍNH (theo số PS)
190880,06511799AA,710288,42 CTNS,,,5400,2026-07-06 18:00:00,29805,SHIP suy từ cờ Shipped + PS# của WORK ORDER; qty=tổng SELECT; ngày ƯỚC TÍNH (theo số PS)
190880,06511799AA,710290,41 CTNS,,,69700,2026-07-03 18:00:00,29792,SHIP suy từ cờ Shipped + PS# của WORK ORDER; qty=PIECES; ngày ƯỚC TÍNH (theo số PS)
190512,06104725AA,710293,563,,,96698,2026-06-22 18:00:00,29744,SHIP suy từ cờ Shipped + PS# của WORK ORDER; qty=PIECES; ngày ƯỚC TÍNH (theo số PS)
190512,06104725AA,710294,642,,,105472,2026-06-21 18:00:00,29738,SHIP suy từ cờ Shipped + PS# của WORK ORDER; qty=PIECES; ngày ƯỚC TÍNH (theo số PS)
190512,06104725AA,710295,179,,,101132,2026-06-22 18:00:00,29744,SHIP suy từ cờ Shipped + PS# của WORK ORDER; qty=PIECES; ngày ƯỚC TÍNH (theo số PS)
190512,06104725AA,710296,798,,,99717,2026-06-21 18:00:00,29738,SHIP suy từ cờ Shipped + PS# của WORK ORDER; qty=PIECES; ngày ƯỚC TÍNH (theo số PS)
190183,11546463,710297,382,,,13932,2026-06-09 18:00:00,29685,SHIP suy từ cờ Shipped + PS# của WORK ORDER; qty=PIECES; ngày ƯỚC TÍNH (theo số PS)
190183,11546463,710299,487,,,15433,2026-06-10 18:00:00,29691,SHIP suy từ cờ Shipped + PS# của WORK ORDER; qty=PIECES; ngày ƯỚC TÍNH (theo số PS)
190183,11546462,710304,1680,,,26900,2026-06-10 18:00:00,29691,SHIP suy từ cờ Shipped + PS# của WORK ORDER; qty=PIECES; ngày ƯỚC TÍNH (theo số PS)
190183,11546462,710306,418,,,27425,2026-06-09 18:00:00,29688,SHIP suy từ cờ Shipped + PS# của WORK ORDER; qty=PIECES; ngày ƯỚC TÍNH (theo số PS)
190452,11546448,710307,58,,,123333,2026-06-18 18:00:00,29728,SHIP suy từ cờ Shipped + PS# của WORK ORDER; qty=PIECES; ngày ƯỚC TÍNH (theo số PS)
190452,11546448,710308,499,,,118800,2026-07-13 18:00:00,29839,SHIP suy từ cờ Shipped + PS# của WORK ORDER; qty=tổng SELECT; ngày ƯỚC TÍNH (theo số PS)
190183,11602031,710309,784,,,4586,2026-06-14 18:00:00,29709,SHIP suy từ cờ Shipped + PS# của WORK ORDER; qty=PIECES; ngày ƯỚC TÍNH (theo số PS)
190183,11602031,710310,187,,,4081,2026-06-10 18:00:00,29691,SHIP suy từ cờ Shipped + PS# của WORK ORDER; qty=PIECES; ngày ƯỚC TÍNH (theo số PS)
190183,11602031,710311,894,,,3885,2026-06-11 18:00:00,29693,SHIP suy từ cờ Shipped + PS# của WORK ORDER; qty=PIECES; ngày ƯỚC TÍNH (theo số PS)
190183,11602031,710312,1616,,,4792,2026-06-09 18:00:00,29685,SHIP suy từ cờ Shipped + PS# của WORK ORDER; qty=PIECES; ngày ƯỚC TÍNH (theo số PS)
190183,11602031,710313,1303,,,4013,2026-06-09 18:00:00,29685,SHIP suy từ cờ Shipped + PS# của WORK ORDER; qty=PIECES; ngày ƯỚC TÍNH (theo số PS)
190183,11602031,710314,917,,,4684,2026-06-09 18:00:00,29685,SHIP suy từ cờ Shipped + PS# của WORK ORDER; qty=PIECES; ngày ƯỚC TÍNH (theo số PS)
190183,11602031,710315,1054,,,3998,2026-06-10 18:00:00,29691,SHIP suy từ cờ Shipped + PS# của WORK ORDER; qty=PIECES; ngày ƯỚC TÍNH (theo số PS)
190183,11602031,710316,730,,,4659,2026-06-10 18:00:00,29691,SHIP suy từ cờ Shipped + PS# của WORK ORDER; qty=PIECES; ngày ƯỚC TÍNH (theo số PS)
190252,06511834AA,710317,293,,,2946,2026-06-09 18:00:00,29688,SHIP suy từ cờ Shipped + PS# của WORK ORDER; qty=PIECES; ngày ƯỚC TÍNH (theo số PS)
190252,06511834AA,710318,585,,,2679,2026-06-09 18:00:00,29687,SHIP suy từ cờ Shipped + PS# của WORK ORDER; qty=PIECES; ngày ƯỚC TÍNH (theo số PS)
190252,06511834AA,710319,1517,,,3036,2026-06-09 18:00:00,29688,SHIP suy từ cờ Shipped + PS# của WORK ORDER; qty=PIECES; ngày ƯỚC TÍNH (theo số PS)
190252,06511834AA,710320,1715,,,2672,2026-06-09 18:00:00,29688,SHIP suy từ cờ Shipped + PS# của WORK ORDER; qty=PIECES; ngày ƯỚC TÍNH (theo số PS)
190337,06510997AA,710321,909,,,2053,2026-06-13 18:00:00,29702,SHIP suy từ cờ Shipped + PS# của WORK ORDER; qty=PIECES; ngày ƯỚC TÍNH (theo số PS)
190337,06510997AA,710322,343,,,2217,2026-06-13 18:00:00,29702,SHIP suy từ cờ Shipped + PS# của WORK ORDER; qty=PIECES; ngày ƯỚC TÍNH (theo số PS)
190452,06101968-A,710323,1335,,,72879,2026-06-17 18:00:00,29720,SHIP suy từ cờ Shipped + PS# của WORK ORDER; qty=PIECES; ngày ƯỚC TÍNH (theo số PS)
190452,06101968-A,710324,1067,,,77348,2026-06-18 18:00:00,29727,SHIP suy từ cờ Shipped + PS# của WORK ORDER; qty=PIECES; ngày ƯỚC TÍNH (theo số PS)
190252,06512106AA,710325,476,,,6007,2026-06-11 18:00:00,29695,SHIP suy từ cờ Shipped + PS# của WORK ORDER; qty=PIECES; ngày ƯỚC TÍNH (theo số PS)
190212,11546546,710327,174,,,48705,2026-06-09 18:00:00,29688,SHIP suy từ cờ Shipped + PS# của WORK ORDER; qty=PIECES; ngày ƯỚC TÍNH (theo số PS)
190212,11546546,710328,1671,,,46114,2026-06-09 18:00:00,29687,SHIP suy từ cờ Shipped + PS# của WORK ORDER; qty=PIECES; ngày ƯỚC TÍNH (theo số PS)
190033,11612078-B,710329,20CTNS,,,33300,2026-07-13 18:00:00,29839,SHIP suy từ cờ Shipped + PS# của WORK ORDER; qty=tổng SELECT; ngày ƯỚC TÍNH (theo số PS)
190089,500009196,710330,944,,,42724,2026-06-02 18:00:00,29653,SHIP suy từ cờ Shipped + PS# của WORK ORDER; qty=PIECES; ngày ƯỚC TÍNH (theo số PS)
190089,500009196,710331,1391,,,42687,2026-06-02 18:00:00,29653,SHIP suy từ cờ Shipped + PS# của WORK ORDER; qty=PIECES; ngày ƯỚC TÍNH (theo số PS)
190089,500009196,710332,497,,,44440,2026-06-02 18:00:00,29653,SHIP suy từ cờ Shipped + PS# của WORK ORDER; qty=PIECES; ngày ƯỚC TÍNH (theo số PS)
190181,NU1405-00,710334,551,,,76299,2026-06-06 18:00:00,29673,SHIP suy từ cờ Shipped + PS# của WORK ORDER; qty=PIECES; ngày ƯỚC TÍNH (theo số PS)
190181,NU1405-00,710335,72,,,75130,2026-06-06 18:00:00,29673,SHIP suy từ cờ Shipped + PS# của WORK ORDER; qty=PIECES; ngày ƯỚC TÍNH (theo số PS)
190181,NU1405-00,710336,1425,,,80130,2026-06-06 18:00:00,29673,SHIP suy từ cờ Shipped + PS# của WORK ORDER; qty=PIECES; ngày ƯỚC TÍNH (theo số PS)
190181,NU1405-00,710337,790,,,69091,2026-06-06 18:00:00,29673,SHIP suy từ cờ Shipped + PS# của WORK ORDER; qty=PIECES; ngày ƯỚC TÍNH (theo số PS)
190347,11546379-MY-AK,710338,26,,,26009,2026-06-17 18:00:00,29723,SHIP suy từ cờ Shipped + PS# của WORK ORDER; qty=PIECES; ngày ƯỚC TÍNH (theo số PS)
190347,11546379-MY-AK,710339,501,,,22713,2026-06-18 18:00:00,29728,SHIP suy từ cờ Shipped + PS# của WORK ORDER; qty=PIECES; ngày ƯỚC TÍNH (theo số PS)
190347,11546379-MY-AK,710340,148,,,24350,2026-06-17 18:00:00,29723,SHIP suy từ cờ Shipped + PS# của WORK ORDER; qty=PIECES; ngày ƯỚC TÍNH (theo số PS)
190347,11546379-MY-AK,710341,260,,,25224,2026-06-13 18:00:00,29705,SHIP suy từ cờ Shipped + PS# của WORK ORDER; qty=PIECES; ngày ƯỚC TÍNH (theo số PS)
190607,11546366-MY-AK,710348,708,,,43105,2026-06-22 18:00:00,29744,SHIP suy từ cờ Shipped + PS# của WORK ORDER; qty=PIECES; ngày ƯỚC TÍNH (theo số PS)
190607,11546366-MY-AK,710349,1528,,,38845,2026-06-22 18:00:00,29744,SHIP suy từ cờ Shipped + PS# của WORK ORDER; qty=PIECES; ngày ƯỚC TÍNH (theo số PS)
190607,11546366-MY-AK,710350,116,,,38051,2026-06-22 18:00:00,29744,SHIP suy từ cờ Shipped + PS# của WORK ORDER; qty=PIECES; ngày ƯỚC TÍNH (theo số PS)
190607,11546366-MY-AK,710351,1314,,,43213,2026-06-22 18:00:00,29743,SHIP suy từ cờ Shipped + PS# của WORK ORDER; qty=PIECES; ngày ƯỚC TÍNH (theo số PS)
190607,11546366-MY-AK,710352,1312,,,44404,2026-06-28 18:00:00,29773,SHIP suy từ cờ Shipped + PS# của WORK ORDER; qty=PIECES; ngày ƯỚC TÍNH (theo số PS)
190607,11546366-MY-AK,710353,1013,,,36534,2026-07-12 18:00:00,29835,SHIP suy từ cờ Shipped + PS# của WORK ORDER; qty=PIECES; ngày ƯỚC TÍNH (theo số PS)
190695,11546368-MY-AK,710356,301,,,17851,2026-06-28 18:00:00,29773,SHIP suy từ cờ Shipped + PS# của WORK ORDER; qty=PIECES; ngày ƯỚC TÍNH (theo số PS)
190695,11546368-MY-AK,710358,297,,,16488,2026-06-24 18:00:00,29753,SHIP suy từ cờ Shipped + PS# của WORK ORDER; qty=PIECES; ngày ƯỚC TÍNH (theo số PS)
190695,11546368-MY-AK,710359,518,,,15441,2026-06-25 18:00:00,29758,SHIP suy từ cờ Shipped + PS# của WORK ORDER; qty=PIECES; ngày ƯỚC TÍNH (theo số PS)
190695,11546368-MY-AK,710362,948,,,15744,2026-06-25 18:00:00,29758,SHIP suy từ cờ Shipped + PS# của WORK ORDER; qty=PIECES; ngày ƯỚC TÍNH (theo số PS)
190695,11546368-MY-AK,710363,105,,,16047,2026-06-24 18:00:00,29755,SHIP suy từ cờ Shipped + PS# của WORK ORDER; qty=PIECES; ngày ƯỚC TÍNH (theo số PS)
190695,11546368-MY-AK,710366,1449,,,15510,2026-06-24 18:00:00,29755,SHIP suy từ cờ Shipped + PS# của WORK ORDER; qty=PIECES; ngày ƯỚC TÍNH (theo số PS)
190695,11546368-MY-AK,710367,1525,,,16253,2026-06-24 18:00:00,29755,SHIP suy từ cờ Shipped + PS# của WORK ORDER; qty=PIECES; ngày ƯỚC TÍNH (theo số PS)
190695,11546368-MY-AK,710368,1551,,,17645,2026-06-25 18:00:00,29756,SHIP suy từ cờ Shipped + PS# của WORK ORDER; qty=PIECES; ngày ƯỚC TÍNH (theo số PS)
190695,11546368-MY-AK,710369,263,,,13953,2026-06-24 18:00:00,29755,SHIP suy từ cờ Shipped + PS# của WORK ORDER; qty=PIECES; ngày ƯỚC TÍNH (theo số PS)
190695,11546368-MY-AK,710370,558,,,15551,2026-06-25 18:00:00,29756,SHIP suy từ cờ Shipped + PS# của WORK ORDER; qty=PIECES; ngày ƯỚC TÍNH (theo số PS)
190695,11546368-MY-AK,710371,809,,,16129,2026-06-25 18:00:00,29756,SHIP suy từ cờ Shipped + PS# của WORK ORDER; qty=PIECES; ngày ƯỚC TÍNH (theo số PS)
190152,NU3014-02,710372,91,,,9973,2026-06-05 18:00:00,29667,SHIP suy từ cờ Shipped + PS# của WORK ORDER; qty=PIECES; ngày ƯỚC TÍNH (theo số PS)
190152,NU3014-02,710373,1544,,,10396,2026-06-05 18:00:00,29667,SHIP suy từ cờ Shipped + PS# của WORK ORDER; qty=PIECES; ngày ƯỚC TÍNH (theo số PS)
190152,NU3014-02,710374,808,,,10108,2026-06-05 18:00:00,29667,SHIP suy từ cờ Shipped + PS# của WORK ORDER; qty=PIECES; ngày ƯỚC TÍNH (theo số PS)
190356,06100050-A,710376,587,,,53777,2026-06-12 18:00:00,29700,SHIP suy từ cờ Shipped + PS# của WORK ORDER; qty=PIECES; ngày ƯỚC TÍNH (theo số PS)
190356,06100050-A,710377,376,,,56489,2026-06-12 18:00:00,29700,SHIP suy từ cờ Shipped + PS# của WORK ORDER; qty=PIECES; ngày ƯỚC TÍNH (theo số PS)
191105,06100050-A,710378,609,,,54840,2026-07-08 18:00:00,29814,SHIP suy từ cờ Shipped + PS# của WORK ORDER; qty=PIECES; ngày ƯỚC TÍNH (theo số PS)
190356,06100050-A,710379,816,,,55053,2026-06-12 18:00:00,29700,SHIP suy từ cờ Shipped + PS# của WORK ORDER; qty=PIECES; ngày ƯỚC TÍNH (theo số PS)
190356,06100050-A,710380,1372,,,50638,2026-06-12 18:00:00,29700,SHIP suy từ cờ Shipped + PS# của WORK ORDER; qty=PIECES; ngày ƯỚC TÍNH (theo số PS)
190356,06100050-A,710381,397,,,59574,2026-06-12 18:00:00,29700,SHIP suy từ cờ Shipped + PS# của WORK ORDER; qty=PIECES; ngày ƯỚC TÍNH (theo số PS)
190179,7150-3033-02,710382,337,,,37850,2026-06-06 18:00:00,29673,SHIP suy từ cờ Shipped + PS# của WORK ORDER; qty=PIECES; ngày ƯỚC TÍNH (theo số PS)
190179,7150-3033-02,710383,1368,,,40950,2026-06-07 18:00:00,29675,SHIP suy từ cờ Shipped + PS# của WORK ORDER; qty=PIECES; ngày ƯỚC TÍNH (theo số PS)
191105,06511777AA,710385,1564,,,14771,2026-07-07 18:00:00,29811,SHIP suy từ cờ Shipped + PS# của WORK ORDER; qty=PIECES; ngày ƯỚC TÍNH (theo số PS)
191061,06511777AA,710386,1022,,,10139,2026-07-07 18:00:00,29809,SHIP suy từ cờ Shipped + PS# của WORK ORDER; qty=PIECES; ngày ƯỚC TÍNH (theo số PS)
191061,06511777AA,710387,21,,,8832,2026-07-06 18:00:00,29807,SHIP suy từ cờ Shipped + PS# của WORK ORDER; qty=PIECES; ngày ƯỚC TÍNH (theo số PS)
190220,11546571,710388,1520,,,48024,2026-06-09 18:00:00,29688,SHIP suy từ cờ Shipped + PS# của WORK ORDER; qty=PIECES; ngày ƯỚC TÍNH (theo số PS)
190220,11546571,710389,266,,,51317,2026-06-10 18:00:00,29691,SHIP suy từ cờ Shipped + PS# của WORK ORDER; qty=PIECES; ngày ƯỚC TÍNH (theo số PS)
190220,11546571,710390,1053,,,50120,2026-06-10 18:00:00,29691,SHIP suy từ cờ Shipped + PS# của WORK ORDER; qty=PIECES; ngày ƯỚC TÍNH (theo số PS)
190220,11546571,710391,400,,,49162,2026-06-10 18:00:00,29691,SHIP suy từ cờ Shipped + PS# của WORK ORDER; qty=PIECES; ngày ƯỚC TÍNH (theo số PS)
190152,11546571,710392,1711,,,53114,2026-06-09 18:00:00,29688,SHIP suy từ cờ Shipped + PS# của WORK ORDER; qty=PIECES; ngày ƯỚC TÍNH (theo số PS)
190152,11546571,710394,410,,,55449,2026-06-04 18:00:00,29664,SHIP suy từ cờ Shipped + PS# của WORK ORDER; qty=PIECES; ngày ƯỚC TÍNH (theo số PS)
190033,W520203-S440,710396,KIB,,,60000,2026-06-02 18:00:00,29655,SHIP suy từ cờ Shipped + PS# của WORK ORDER; qty=PIECES; ngày ƯỚC TÍNH (theo số PS)
190033,W520203-S440,710397,KIB,,,60000,2026-06-02 18:00:00,29655,SHIP suy từ cờ Shipped + PS# của WORK ORDER; qty=PIECES; ngày ƯỚC TÍNH (theo số PS)
191126,11549168-CA-IN,710400,240,,,36000,2026-07-17 18:00:00,29854,SHIP suy từ cờ Shipped + PS# của WORK ORDER; qty=tổng SELECT; ngày ƯỚC TÍNH (theo số PS)
190212,11549204,710413,250,,,7554,2026-06-09 18:00:00,29685,SHIP suy từ cờ Shipped + PS# của WORK ORDER; qty=PIECES; ngày ƯỚC TÍNH (theo số PS)
190212,11549204,710414,370,,,7561,2026-06-09 18:00:00,29688,SHIP suy từ cờ Shipped + PS# của WORK ORDER; qty=PIECES; ngày ƯỚC TÍNH (theo số PS)
190212,11549204,710415,221,,,7239,2026-06-09 18:00:00,29685,SHIP suy từ cờ Shipped + PS# của WORK ORDER; qty=PIECES; ngày ƯỚC TÍNH (theo số PS)
190212,11549204,710416,1041,,,7850,2026-06-09 18:00:00,29688,SHIP suy từ cờ Shipped + PS# của WORK ORDER; qty=PIECES; ngày ƯỚC TÍNH (theo số PS)
190212,11549204,710417,844,,,7679,2026-06-11 18:00:00,29693,SHIP suy từ cờ Shipped + PS# của WORK ORDER; qty=PIECES; ngày ƯỚC TÍNH (theo số PS)
190212,11549204,710418,228,,,7390,2026-06-09 18:00:00,29685,SHIP suy từ cờ Shipped + PS# của WORK ORDER; qty=PIECES; ngày ƯỚC TÍNH (theo số PS)
190212,11549204,710419,1541,,,7153,2026-06-11 18:00:00,29695,SHIP suy từ cờ Shipped + PS# của WORK ORDER; qty=PIECES; ngày ƯỚC TÍNH (theo số PS)
190212,11549204,710420,450,,,8047,2026-07-13 18:00:00,29839,SHIP suy từ cờ Shipped + PS# của WORK ORDER; qty=PIECES; ngày ƯỚC TÍNH (theo số PS)
190212,11549204,710421,847,,,7364,2026-06-11 18:00:00,29693,SHIP suy từ cờ Shipped + PS# của WORK ORDER; qty=PIECES; ngày ƯỚC TÍNH (theo số PS)
190212,11549204,710422,870,,,7166,2026-07-13 18:00:00,29839,SHIP suy từ cờ Shipped + PS# của WORK ORDER; qty=PIECES; ngày ƯỚC TÍNH (theo số PS)
190212,11549204,710423,882,,,6943,2026-06-09 18:00:00,29685,SHIP suy từ cờ Shipped + PS# của WORK ORDER; qty=PIECES; ngày ƯỚC TÍNH (theo số PS)
190212,11549204,710424,170,,,8172,2026-06-09 18:00:00,29687,SHIP suy từ cờ Shipped + PS# của WORK ORDER; qty=PIECES; ngày ƯỚC TÍNH (theo số PS)
190252,06104388AA,710425,379,,,20993,2026-06-10 18:00:00,29691,SHIP suy từ cờ Shipped + PS# của WORK ORDER; qty=PIECES; ngày ƯỚC TÍNH (theo số PS)
190252,06104388AA,710426,1516,,,19201,2026-06-11 18:00:00,29693,SHIP suy từ cờ Shipped + PS# của WORK ORDER; qty=PIECES; ngày ƯỚC TÍNH (theo số PS)
190252,06104388AA,710427,1417,,,17458,2026-06-09 18:00:00,29687,SHIP suy từ cờ Shipped + PS# của WORK ORDER; qty=PIECES; ngày ƯỚC TÍNH (theo số PS)
190252,06104388AA,710428,937,,,23148,2026-06-09 18:00:00,29687,SHIP suy từ cờ Shipped + PS# của WORK ORDER; qty=PIECES; ngày ƯỚC TÍNH (theo số PS)
190252,06104388AA,710429,1008,,,22712,2026-06-10 18:00:00,29691,SHIP suy từ cờ Shipped + PS# của WORK ORDER; qty=PIECES; ngày ƯỚC TÍNH (theo số PS)
190252,06104388AA,710430,347,,,17337,2026-06-09 18:00:00,29687,SHIP suy từ cờ Shipped + PS# của WORK ORDER; qty=PIECES; ngày ƯỚC TÍNH (theo số PS)
190262,06104388AA,710431,1378,,,18596,2026-06-18 18:00:00,29728,SHIP suy từ cờ Shipped + PS# của WORK ORDER; qty=PIECES; ngày ƯỚC TÍNH (theo số PS)
190262,06104388AA,710432,1003,,,21356,2026-06-10 18:00:00,29691,SHIP suy từ cờ Shipped + PS# của WORK ORDER; qty=PIECES; ngày ƯỚC TÍNH (theo số PS)
190262,06104388AA,710433,84,,,23487,2026-06-11 18:00:00,29695,SHIP suy từ cờ Shipped + PS# của WORK ORDER; qty=PIECES; ngày ƯỚC TÍNH (theo số PS)
190262,06104388AA,710434,413,,,17094,2026-06-10 18:00:00,29691,SHIP suy từ cờ Shipped + PS# của WORK ORDER; qty=PIECES; ngày ƯỚC TÍNH (theo số PS)
190262,06104388AA,710435,208,,,22785,2026-06-18 18:00:00,29728,SHIP suy từ cờ Shipped + PS# của WORK ORDER; qty=PIECES; ngày ƯỚC TÍNH (theo số PS)
190262,06104388AA,710436,868,,,17385,2026-06-10 18:00:00,29691,SHIP suy từ cờ Shipped + PS# của WORK ORDER; qty=PIECES; ngày ƯỚC TÍNH (theo số PS)
190212,11546545,710437,75,,,86750,2026-06-09 18:00:00,29685,SHIP suy từ cờ Shipped + PS# của WORK ORDER; qty=PIECES; ngày ƯỚC TÍNH (theo số PS)
190212,11546545,710438,905,,,94583,2026-06-11 18:00:00,29693,SHIP suy từ cờ Shipped + PS# của WORK ORDER; qty=PIECES; ngày ƯỚC TÍNH (theo số PS)
190212,11546545,710439,789,,,94583,2026-06-11 18:00:00,29693,SHIP suy từ cờ Shipped + PS# của WORK ORDER; qty=PIECES; ngày ƯỚC TÍNH (theo số PS)
190212,11546545,710440,577,,,84917,2026-06-09 18:00:00,29687,SHIP suy từ cờ Shipped + PS# của WORK ORDER; qty=PIECES; ngày ƯỚC TÍNH (theo số PS)
190212,11546545,710441,1005,,,88417,2026-06-09 18:00:00,29687,SHIP suy từ cờ Shipped + PS# của WORK ORDER; qty=PIECES; ngày ƯỚC TÍNH (theo số PS)
190212,11546545,710442,766,,,90500,2026-06-10 18:00:00,29691,SHIP suy từ cờ Shipped + PS# của WORK ORDER; qty=PIECES; ngày ƯỚC TÍNH (theo số PS)
190262,06101831-A,710443,1385,,,41558,2026-06-11 18:00:00,29693,SHIP suy từ cờ Shipped + PS# của WORK ORDER; qty=PIECES; ngày ƯỚC TÍNH (theo số PS)
190262,06101831-A,710445,169,,,39601,2026-06-11 18:00:00,29693,SHIP suy từ cờ Shipped + PS# của WORK ORDER; qty=PIECES; ngày ƯỚC TÍNH (theo số PS)
190262,06101831-A,710446,1050,,,36667,2026-06-17 18:00:00,29723,SHIP suy từ cờ Shipped + PS# của WORK ORDER; qty=PIECES; ngày ƯỚC TÍNH (theo số PS)
190262,06101831-A,710448,975,,,39819,2026-06-12 18:00:00,29700,SHIP suy từ cờ Shipped + PS# của WORK ORDER; qty=PIECES; ngày ƯỚC TÍNH (theo số PS)
190262,06101831-A,710449,1370,,,36630,2026-06-14 18:00:00,29709,SHIP suy từ cờ Shipped + PS# của WORK ORDER; qty=PIECES; ngày ƯỚC TÍNH (theo số PS)
190262,06101831-A,710450,416,,,41775,2026-06-12 18:00:00,29700,SHIP suy từ cờ Shipped + PS# của WORK ORDER; qty=PIECES; ngày ƯỚC TÍNH (theo số PS)
190560,11548414,710451,1550,,,17000,2026-06-25 18:00:00,29756,SHIP suy từ cờ Shipped + PS# của WORK ORDER; qty=PIECES; ngày ƯỚC TÍNH (theo số PS)
190560,11548414,710452,760,,,17000,2026-06-22 18:00:00,29743,SHIP suy từ cờ Shipped + PS# của WORK ORDER; qty=PIECES; ngày ƯỚC TÍNH (theo số PS)
190560,11548414,710453,432,,,17000,2026-06-22 18:00:00,29744,SHIP suy từ cờ Shipped + PS# của WORK ORDER; qty=PIECES; ngày ƯỚC TÍNH (theo số PS)
190560,11548414,710454,776,,,17000,2026-06-22 18:00:00,29744,SHIP suy từ cờ Shipped + PS# của WORK ORDER; qty=PIECES; ngày ƯỚC TÍNH (theo số PS)
190560,11548414,710455,495,,,17000,2026-06-22 18:00:00,29744,SHIP suy từ cờ Shipped + PS# của WORK ORDER; qty=PIECES; ngày ƯỚC TÍNH (theo số PS)
190560,11548414,710456,1336,,,17000,2026-06-22 18:00:00,29743,SHIP suy từ cờ Shipped + PS# của WORK ORDER; qty=PIECES; ngày ƯỚC TÍNH (theo số PS)
190535,NU1136-01,710461,19,,,8238,2026-06-18 18:00:00,29725,SHIP suy từ cờ Shipped + PS# của WORK ORDER; qty=PIECES; ngày ƯỚC TÍNH (theo số PS)
190535,NU1136-01,710462,1089,,,7891,2026-06-18 18:00:00,29725,SHIP suy từ cờ Shipped + PS# của WORK ORDER; qty=PIECES; ngày ƯỚC TÍNH (theo số PS)
190535,NU1136-01,710463,540,,,8763,2026-06-18 18:00:00,29725,SHIP suy từ cờ Shipped + PS# của WORK ORDER; qty=PIECES; ngày ƯỚC TÍNH (theo số PS)
190535,NU1136-01,710464,1714,,,7301,2026-06-18 18:00:00,29725,SHIP suy từ cờ Shipped + PS# của WORK ORDER; qty=PIECES; ngày ƯỚC TÍNH (theo số PS)
190535,NU1136-01,710466,751,,,10356,2026-06-18 18:00:00,29725,SHIP suy từ cờ Shipped + PS# của WORK ORDER; qty=PIECES; ngày ƯỚC TÍNH (theo số PS)
190621,11546369-MY-AK,710469,1524,,,9153,2026-06-25 18:00:00,29758,SHIP suy từ cờ Shipped + PS# của WORK ORDER; qty=PIECES; ngày ƯỚC TÍNH (theo số PS)
190621,11546369-MY-AK,710470,411,,,9938,2026-06-25 18:00:00,29758,SHIP suy từ cờ Shipped + PS# của WORK ORDER; qty=PIECES; ngày ƯỚC TÍNH (theo số PS)
190452,11546370-MY-AK,710473,778,,,8577,2026-06-21 18:00:00,29740,SHIP suy từ cờ Shipped + PS# của WORK ORDER; qty=PIECES; ngày ƯỚC TÍNH (theo số PS)
190452,11546370-MY-AK,710474,1693,,,6342,2026-06-21 18:00:00,29740,SHIP suy từ cờ Shipped + PS# của WORK ORDER; qty=PIECES; ngày ƯỚC TÍNH (theo số PS)
190452,11546370-MY-AK,710475,129,,,7651,2026-06-21 18:00:00,29740,SHIP suy từ cờ Shipped + PS# của WORK ORDER; qty=PIECES; ngày ƯỚC TÍNH (theo số PS)
190452,11546370-MY-AK,710476,1392,,,7128,2026-06-21 18:00:00,29740,SHIP suy từ cờ Shipped + PS# của WORK ORDER; qty=PIECES; ngày ƯỚC TÍNH (theo số PS)
190452,11546370-MY-AK,710477,114,,,7007,2026-06-21 18:00:00,29740,SHIP suy từ cờ Shipped + PS# của WORK ORDER; qty=PIECES; ngày ƯỚC TÍNH (theo số PS)
190452,11546370-MY-AK,710478,1712,,,7785,2026-06-17 18:00:00,29723,SHIP suy từ cờ Shipped + PS# của WORK ORDER; qty=PIECES; ngày ƯỚC TÍNH (theo số PS)
190958,11546367-CA-IN,710492,364,,,25200,2026-07-09 18:00:00,29818,SHIP suy từ cờ Shipped + PS# của WORK ORDER; qty=tổng SELECT; ngày ƯỚC TÍNH (theo số PS)
190779,11546367-CA-IN,710494,1019,,,25200,2026-07-08 18:00:00,29816,SHIP suy từ cờ Shipped + PS# của WORK ORDER; qty=tổng SELECT; ngày ƯỚC TÍNH (theo số PS)
190958,11546367-CA-IN,710495,1533,,,25200,2026-07-13 18:00:00,29839,SHIP suy từ cờ Shipped + PS# của WORK ORDER; qty=tổng SELECT; ngày ƯỚC TÍNH (theo số PS)
190779,11546367-CA-IN,710496,624,,,21277,2026-07-01 18:00:00,29784,SHIP suy từ cờ Shipped + PS# của WORK ORDER; qty=PIECES; ngày ƯỚC TÍNH (theo số PS)
192696,11546367-CA-IN,710497,672,,,18593,2026-08-02 18:00:00,29927,SHIP suy từ cờ Shipped + PS# của WORK ORDER; qty=PIECES; ngày ƯỚC TÍNH (theo số PS)
190673,NU5108-00,710530,51,,,66000,2026-07-05 18:00:00,29801,SHIP suy từ cờ Shipped + PS# của WORK ORDER; qty=PIECES; ngày ƯỚC TÍNH (theo số PS)
190535,NU5108-00,710531,1047,,,66000,2026-07-05 18:00:00,29801,SHIP suy từ cờ Shipped + PS# của WORK ORDER; qty=PIECES; ngày ƯỚC TÍNH (theo số PS)
191126,40173371,710532,865,,,63000,2026-07-15 18:00:00,29845,SHIP suy từ cờ Shipped + PS# của WORK ORDER; qty=tổng SELECT; ngày ƯỚC TÍNH (theo số PS)
191126,40173371,710533,422,,,70000,2026-07-16 18:00:00,29852,SHIP suy từ cờ Shipped + PS# của WORK ORDER; qty=tổng SELECT; ngày ƯỚC TÍNH (theo số PS)
190347,11546437-MY-AK,710539,601,,,81077,2026-06-14 18:00:00,29709,SHIP suy từ cờ Shipped + PS# của WORK ORDER; qty=PIECES; ngày ƯỚC TÍNH (theo số PS)
190347,11546437-MY-AK,710540,1537,,,89385,2026-06-14 18:00:00,29707,SHIP suy từ cờ Shipped + PS# của WORK ORDER; qty=PIECES; ngày ƯỚC TÍNH (theo số PS)
190347,11546437-MY-AK,710541,1340,,,81846,2026-06-14 18:00:00,29709,SHIP suy từ cờ Shipped + PS# của WORK ORDER; qty=PIECES; ngày ƯỚC TÍNH (theo số PS)
190347,11546437-MY-AK,710542,344,,,85692,2026-06-14 18:00:00,29707,SHIP suy từ cờ Shipped + PS# của WORK ORDER; qty=PIECES; ngày ƯỚC TÍNH (theo số PS)
190347,11546437-MY-AK,710543,712,,,83538,2026-06-14 18:00:00,29709,SHIP suy từ cờ Shipped + PS# của WORK ORDER; qty=PIECES; ngày ƯỚC TÍNH (theo số PS)
190262,11546377,710556,323,,,65195,2026-06-18 18:00:00,29728,SHIP suy từ cờ Shipped + PS# của WORK ORDER; qty=PIECES; ngày ƯỚC TÍNH (theo số PS)
190262,11546377,710557,6,,,69351,2026-06-15 18:00:00,29713,SHIP suy từ cờ Shipped + PS# của WORK ORDER; qty=PIECES; ngày ƯỚC TÍNH (theo số PS)
190262,11546377,710558,951,,,61753,2026-06-14 18:00:00,29709,SHIP suy từ cờ Shipped + PS# của WORK ORDER; qty=PIECES; ngày ƯỚC TÍNH (theo số PS)
190262,11546377,710559,944,,,72597,2026-06-10 18:00:00,29691,SHIP suy từ cờ Shipped + PS# của WORK ORDER; qty=PIECES; ngày ƯỚC TÍNH (theo số PS)
190262,11546377,710560,969,,,69286,2026-06-13 18:00:00,29705,SHIP suy từ cờ Shipped + PS# của WORK ORDER; qty=PIECES; ngày ƯỚC TÍNH (theo số PS)
190262,11546377,710561,237,,,64805,2026-06-12 18:00:00,29700,SHIP suy từ cờ Shipped + PS# của WORK ORDER; qty=PIECES; ngày ƯỚC TÍNH (theo số PS)
190262,11546377,710562,1055,,,60844,2026-06-16 18:00:00,29718,SHIP suy từ cờ Shipped + PS# của WORK ORDER; qty=PIECES; ngày ƯỚC TÍNH (theo số PS)
190262,11546377,710563,1084,,,74026,2026-06-13 18:00:00,29702,SHIP suy từ cờ Shipped + PS# của WORK ORDER; qty=PIECES; ngày ƯỚC TÍNH (theo số PS)
190262,11546377,710564,232,,,65844,2026-06-12 18:00:00,29700,SHIP suy từ cờ Shipped + PS# của WORK ORDER; qty=PIECES; ngày ƯỚC TÍNH (theo số PS)
190262,11546377,710565,60,,,68117,2026-06-24 18:00:00,29755,SHIP suy từ cờ Shipped + PS# của WORK ORDER; qty=PIECES; ngày ƯỚC TÍNH (theo số PS)
190337,06513904AA,710566,794,,,10484,2026-06-15 18:00:00,29713,SHIP suy từ cờ Shipped + PS# của WORK ORDER; qty=PIECES; ngày ƯỚC TÍNH (theo số PS)
190337,06513904AA,710567,71,,,10484,2026-06-15 18:00:00,29713,SHIP suy từ cờ Shipped + PS# của WORK ORDER; qty=PIECES; ngày ƯỚC TÍNH (theo số PS)
190337,06513904AA,710568,502,,,11774,2026-06-16 18:00:00,29718,SHIP suy từ cờ Shipped + PS# của WORK ORDER; qty=PIECES; ngày ƯỚC TÍNH (theo số PS)
190337,06513904AA,710569,775,,,10000,2026-06-18 18:00:00,29728,SHIP suy từ cờ Shipped + PS# của WORK ORDER; qty=PIECES; ngày ƯỚC TÍNH (theo số PS)
190337,06513904AA,710570,193,,,6008,2026-06-14 18:00:00,29710,SHIP suy từ cờ Shipped + PS# của WORK ORDER; qty=PIECES; ngày ƯỚC TÍNH (theo số PS)
190740,W520111-S450B,710572,705,,,119000,2026-07-05 18:00:00,29803,SHIP suy từ cờ Shipped + PS# của WORK ORDER; qty=tổng SELECT; ngày ƯỚC TÍNH (theo số PS)
190740,W520111-S450B,710573,1552,,,138193,2026-06-29 18:00:00,29776,SHIP suy từ cờ Shipped + PS# của WORK ORDER; qty=PIECES; ngày ƯỚC TÍNH (theo số PS)
190814,W520101-S442,710574,292,,,147000,2026-07-02 18:00:00,29789,SHIP suy từ cờ Shipped + PS# của WORK ORDER; qty=tổng SELECT; ngày ƯỚC TÍNH (theo số PS)
190695,W520101-S442,710575,1441,,,118523,2026-06-25 18:00:00,29756,SHIP suy từ cờ Shipped + PS# của WORK ORDER; qty=PIECES; ngày ƯỚC TÍNH (theo số PS)
190837,W520101-S442,710576,414,,,132000,2026-07-02 18:00:00,29787,SHIP suy từ cờ Shipped + PS# của WORK ORDER; qty=tổng SELECT; ngày ƯỚC TÍNH (theo số PS)
190695,W520101-S442,710577,410,,,125000,2026-07-03 18:00:00,29792,SHIP suy từ cờ Shipped + PS# của WORK ORDER; qty=PIECES; ngày ƯỚC TÍNH (theo số PS)
190577,W520101-S442,710578,276,,,130795,2026-06-24 18:00:00,29753,SHIP suy từ cờ Shipped + PS# của WORK ORDER; qty=PIECES; ngày ƯỚC TÍNH (theo số PS)
190577,W520101-S442,710579,1400,,,108750,2026-06-24 18:00:00,29753,SHIP suy từ cờ Shipped + PS# của WORK ORDER; qty=PIECES; ngày ƯỚC TÍNH (theo số PS)
190577,82253,710580,729,,,42101,2026-06-21 18:00:00,29738,SHIP suy từ cờ Shipped + PS# của WORK ORDER; qty=PIECES; ngày ƯỚC TÍNH (theo số PS)
190577,82253,710581,1341,,,44160,2026-06-22 18:00:00,29744,SHIP suy từ cờ Shipped + PS# của WORK ORDER; qty=PIECES; ngày ƯỚC TÍNH (theo số PS)
190356,NU3019-00,710582,668,,,4631,2026-06-13 18:00:00,29703,SHIP suy từ cờ Shipped + PS# của WORK ORDER; qty=PIECES; ngày ƯỚC TÍNH (theo số PS)
190356,NU3019-00,710583,792,,,5417,2026-06-13 18:00:00,29703,SHIP suy từ cờ Shipped + PS# của WORK ORDER; qty=PIECES; ngày ƯỚC TÍNH (theo số PS)
190356,NU3019-00,710584,369,,,5057,2026-06-13 18:00:00,29703,SHIP suy từ cờ Shipped + PS# của WORK ORDER; qty=PIECES; ngày ƯỚC TÍNH (theo số PS)
190356,NU3019-00,710585,1434,,,4962,2026-06-13 18:00:00,29703,SHIP suy từ cờ Shipped + PS# của WORK ORDER; qty=PIECES; ngày ƯỚC TÍNH (theo số PS)
190356,NU3019-00,710586,1307,,,4933,2026-06-13 18:00:00,29703,SHIP suy từ cờ Shipped + PS# của WORK ORDER; qty=PIECES; ngày ƯỚC TÍNH (theo số PS)
190356,NU3019-00,710587,1339,,,5129,2026-06-13 18:00:00,29703,SHIP suy từ cờ Shipped + PS# của WORK ORDER; qty=PIECES; ngày ƯỚC TÍNH (theo số PS)
190315,NU3019-00,710588,352,,,4952,2026-06-13 18:00:00,29703,SHIP suy từ cờ Shipped + PS# của WORK ORDER; qty=PIECES; ngày ƯỚC TÍNH (theo số PS)
190315,NU3019-00,710589,313,,,5110,2026-06-13 18:00:00,29703,SHIP suy từ cờ Shipped + PS# của WORK ORDER; qty=PIECES; ngày ƯỚC TÍNH (theo số PS)
190315,NU3019-00,710590,1676,,,4765,2026-06-13 18:00:00,29703,SHIP suy từ cờ Shipped + PS# của WORK ORDER; qty=PIECES; ngày ƯỚC TÍNH (theo số PS)
190315,NU3019-00,710591,240,,,5144,2026-06-13 18:00:00,29703,SHIP suy từ cờ Shipped + PS# của WORK ORDER; qty=PIECES; ngày ƯỚC TÍNH (theo số PS)
190428,11602659,710592,1438,,,10940,2026-06-15 18:00:00,29713,SHIP suy từ cờ Shipped + PS# của WORK ORDER; qty=PIECES; ngày ƯỚC TÍNH (theo số PS)
190428,11602659,710593,1519,,,13954,2026-06-17 18:00:00,29720,SHIP suy từ cờ Shipped + PS# của WORK ORDER; qty=PIECES; ngày ƯỚC TÍNH (theo số PS)
190428,11602659,710594,828,,,12589,2026-06-15 18:00:00,29713,SHIP suy từ cờ Shipped + PS# của WORK ORDER; qty=PIECES; ngày ƯỚC TÍNH (theo số PS)
190428,11602659,710595,1617,,,15727,2026-06-15 18:00:00,29713,SHIP suy từ cờ Shipped + PS# của WORK ORDER; qty=PIECES; ngày ƯỚC TÍNH (theo số PS)
190428,11602659,710596,920,,,12872,2026-06-14 18:00:00,29709,SHIP suy từ cờ Shipped + PS# của WORK ORDER; qty=PIECES; ngày ƯỚC TÍNH (theo số PS)
190428,11602659,710597,244,,,15691,2026-06-15 18:00:00,29713,SHIP suy từ cờ Shipped + PS# của WORK ORDER; qty=PIECES; ngày ƯỚC TÍNH (theo số PS)
190262,54041001,710598,1606,,,9121,2026-06-09 18:00:00,29687,SHIP suy từ cờ Shipped + PS# của WORK ORDER; qty=PIECES; ngày ƯỚC TÍNH (theo số PS)
190262,54041001,710599,1334,,,7576,2026-06-09 18:00:00,29687,SHIP suy từ cờ Shipped + PS# của WORK ORDER; qty=PIECES; ngày ƯỚC TÍNH (theo số PS)
190262,54041001,710600,1044,,,9182,2026-06-09 18:00:00,29687,SHIP suy từ cờ Shipped + PS# của WORK ORDER; qty=PIECES; ngày ƯỚC TÍNH (theo số PS)
190262,54041001,710601,8,,,8394,2026-06-09 18:00:00,29687,SHIP suy từ cờ Shipped + PS# của WORK ORDER; qty=PIECES; ngày ƯỚC TÍNH (theo số PS)
190356,90280051,710602,142,,,73333,2026-06-12 18:00:00,29700,SHIP suy từ cờ Shipped + PS# của WORK ORDER; qty=PIECES; ngày ƯỚC TÍNH (theo số PS)
190337,82218,710618,KIB,,,16000,2026-06-13 18:00:00,29702,SHIP suy từ cờ Shipped + PS# của WORK ORDER; qty=PIECES; ngày ƯỚC TÍNH (theo số PS)
190337,82218,710619,KIB,,,16000,2026-06-14 18:00:00,29707,SHIP suy từ cờ Shipped + PS# của WORK ORDER; qty=PIECES; ngày ƯỚC TÍNH (theo số PS)
190410,06105102AA,710624,KIB,,,40000,2026-06-16 18:00:00,29718,SHIP suy từ cờ Shipped + PS# của WORK ORDER; qty=PIECES; ngày ƯỚC TÍNH (theo số PS)
190410,06105102AA,710625,KIB,,,40000,2026-06-18 18:00:00,29728,SHIP suy từ cờ Shipped + PS# của WORK ORDER; qty=PIECES; ngày ƯỚC TÍNH (theo số PS)
190410,06105102AA,710626,KIB,,,40000,2026-06-16 18:00:00,29718,SHIP suy từ cờ Shipped + PS# của WORK ORDER; qty=PIECES; ngày ƯỚC TÍNH (theo số PS)
190410,06105102AA,710627,KIB,,,40000,2026-06-16 18:00:00,29716,SHIP suy từ cờ Shipped + PS# của WORK ORDER; qty=PIECES; ngày ƯỚC TÍNH (theo số PS)
190410,06105102AA,710628,KIB,,,40000,2026-06-16 18:00:00,29718,SHIP suy từ cờ Shipped + PS# của WORK ORDER; qty=PIECES; ngày ƯỚC TÍNH (theo số PS)
190410,06105102AA,710629,KIB,,,40000,2026-06-17 18:00:00,29720,SHIP suy từ cờ Shipped + PS# của WORK ORDER; qty=PIECES; ngày ƯỚC TÍNH (theo số PS)
190337,11588709,710630,KIB,,,100000,2026-06-13 18:00:00,29702,SHIP suy từ cờ Shipped + PS# của WORK ORDER; qty=PIECES; ngày ƯỚC TÍNH (theo số PS)
190337,11588709,710631,KIB,,,100000,2026-06-13 18:00:00,29702,SHIP suy từ cờ Shipped + PS# của WORK ORDER; qty=PIECES; ngày ƯỚC TÍNH (theo số PS)
190337,11588709,710632,KIB,,,30000,2026-06-13 18:00:00,29702,SHIP suy từ cờ Shipped + PS# của WORK ORDER; qty=PIECES; ngày ƯỚC TÍNH (theo số PS)
190337,06105049AA,710634,KIB,,,40000,2026-06-13 18:00:00,29705,SHIP suy từ cờ Shipped + PS# của WORK ORDER; qty=PIECES; ngày ƯỚC TÍNH (theo số PS)
190337,06105049AA,710635,KIB,,,40000,2026-06-14 18:00:00,29709,SHIP suy từ cờ Shipped + PS# của WORK ORDER; qty=PIECES; ngày ƯỚC TÍNH (theo số PS)
190356,NU1405-00,710636,44,,,77792,2026-06-13 18:00:00,29703,SHIP suy từ cờ Shipped + PS# của WORK ORDER; qty=PIECES; ngày ƯỚC TÍNH (theo số PS)
190356,NU1405-00,710637,1002,,,76104,2026-06-13 18:00:00,29703,SHIP suy từ cờ Shipped + PS# của WORK ORDER; qty=PIECES; ngày ƯỚC TÍNH (theo số PS)
190428,NU1405-00,710638,591,,,76494,2026-06-18 18:00:00,29725,SHIP suy từ cờ Shipped + PS# của WORK ORDER; qty=PIECES; ngày ƯỚC TÍNH (theo số PS)
190436,NU1405-00,710639,845,,,77143,2026-06-18 18:00:00,29725,SHIP suy từ cờ Shipped + PS# của WORK ORDER; qty=PIECES; ngày ƯỚC TÍNH (theo số PS)
190428,NU1405-00,710640,1638,,,75974,2026-06-18 18:00:00,29728,SHIP suy từ cờ Shipped + PS# của WORK ORDER; qty=PIECES; ngày ƯỚC TÍNH (theo số PS)
190436,NU1405-00,710641,1615,,,75974,2026-06-18 18:00:00,29725,SHIP suy từ cờ Shipped + PS# của WORK ORDER; qty=PIECES; ngày ƯỚC TÍNH (theo số PS)
190577,W716298-S450,710654,1323,,,98684,2026-06-22 18:00:00,29744,SHIP suy từ cờ Shipped + PS# của WORK ORDER; qty=PIECES; ngày ƯỚC TÍNH (theo số PS)
190577,W716298-S450,710655,285,,,106053,2026-06-21 18:00:00,29740,SHIP suy từ cờ Shipped + PS# của WORK ORDER; qty=PIECES; ngày ƯỚC TÍNH (theo số PS)
190577,11610122,710656,32,,,38622,2026-06-21 18:00:00,29738,SHIP suy từ cờ Shipped + PS# của WORK ORDER; qty=PIECES; ngày ƯỚC TÍNH (theo số PS)
190577,11561645,710658,943,,,123377,2026-06-21 18:00:00,29738,SHIP suy từ cờ Shipped + PS# của WORK ORDER; qty=PIECES; ngày ƯỚC TÍNH (theo số PS)
190577,11561645,710659,852,,,118442,2026-06-25 18:00:00,29756,SHIP suy từ cờ Shipped + PS# của WORK ORDER; qty=PIECES; ngày ƯỚC TÍNH (theo số PS)
190577,11561645,710660,426,,,115584,2026-06-21 18:00:00,29738,SHIP suy từ cờ Shipped + PS# của WORK ORDER; qty=PIECES; ngày ƯỚC TÍNH (theo số PS)
190577,11561645,710661,404,,,126494,2026-06-21 18:00:00,29738,SHIP suy từ cờ Shipped + PS# của WORK ORDER; qty=PIECES; ngày ƯỚC TÍNH (theo số PS)
190577,11602023,710662,1526,,,27904,2026-06-21 18:00:00,29738,SHIP suy từ cờ Shipped + PS# của WORK ORDER; qty=PIECES; ngày ƯỚC TÍNH (theo số PS)
190577,11561114,710664,522,,,8319,2026-06-21 18:00:00,29738,SHIP suy từ cờ Shipped + PS# của WORK ORDER; qty=PIECES; ngày ƯỚC TÍNH (theo số PS)
190577,11561114,710665,603,,,11487,2026-06-21 18:00:00,29738,SHIP suy từ cờ Shipped + PS# của WORK ORDER; qty=PIECES; ngày ƯỚC TÍNH (theo số PS)
190880,11546703,710666,1029,,,122963,2026-07-01 18:00:00,29784,SHIP suy từ cờ Shipped + PS# của WORK ORDER; qty=PIECES; ngày ƯỚC TÍNH (theo số PS)
191061,11546703,710667,945,,,127407,2026-07-07 18:00:00,29809,SHIP suy từ cờ Shipped + PS# của WORK ORDER; qty=PIECES; ngày ƯỚC TÍNH (theo số PS)
191061,11546703,710668,1639,,,123580,2026-07-06 18:00:00,29807,SHIP suy từ cờ Shipped + PS# của WORK ORDER; qty=PIECES; ngày ƯỚC TÍNH (theo số PS)
191061,11546703,710669,16,,,123086,2026-07-06 18:00:00,29807,SHIP suy từ cờ Shipped + PS# của WORK ORDER; qty=PIECES; ngày ƯỚC TÍNH (theo số PS)
190880,11546703,710670,1038,,,119136,2026-07-01 18:00:00,29784,SHIP suy từ cờ Shipped + PS# của WORK ORDER; qty=PIECES; ngày ƯỚC TÍNH (theo số PS)
190880,11546703,710671,405,,,131358,2026-07-01 18:00:00,29784,SHIP suy từ cờ Shipped + PS# của WORK ORDER; qty=PIECES; ngày ƯỚC TÍNH (theo số PS)
190880,11546703,710672,1422,,,128519,2026-07-01 18:00:00,29784,SHIP suy từ cờ Shipped + PS# của WORK ORDER; qty=PIECES; ngày ƯỚC TÍNH (theo số PS)
190880,11546703,710673,1033,,,123210,2026-07-02 18:00:00,29787,SHIP suy từ cờ Shipped + PS# của WORK ORDER; qty=PIECES; ngày ƯỚC TÍNH (theo số PS)
190880,11546703,710674,1702,,,126296,2026-07-01 18:00:00,29784,SHIP suy từ cờ Shipped + PS# của WORK ORDER; qty=PIECES; ngày ƯỚC TÍNH (theo số PS)
190880,11546703,710675,569,,,123580,2026-07-01 18:00:00,29784,SHIP suy từ cờ Shipped + PS# của WORK ORDER; qty=PIECES; ngày ƯỚC TÍNH (theo số PS)
191061,11546703,710676,419,,,124074,2026-07-13 18:00:00,29839,SHIP suy từ cờ Shipped + PS# của WORK ORDER; qty=PIECES; ngày ƯỚC TÍNH (theo số PS)
191061,11546703,710677,82,,,126790,2026-07-07 18:00:00,29809,SHIP suy từ cờ Shipped + PS# của WORK ORDER; qty=PIECES; ngày ƯỚC TÍNH (theo số PS)
191506,11546703,710678,833,,,134198,2026-07-22 18:00:00,29877,SHIP suy từ cờ Shipped + PS# của WORK ORDER; qty=PIECES; ngày ƯỚC TÍNH (theo số PS)
191061,11546703,710679,1701,,,114691,2026-07-13 18:00:00,29839,SHIP suy từ cờ Shipped + PS# của WORK ORDER; qty=PIECES; ngày ƯỚC TÍNH (theo số PS)
190880,11546703,710680,535,,,115679,2026-07-01 18:00:00,29784,SHIP suy từ cờ Shipped + PS# của WORK ORDER; qty=PIECES; ngày ƯỚC TÍNH (theo số PS)
191506,11546703,710681,124,,,131728,2026-07-21 18:00:00,29875,SHIP suy từ cờ Shipped + PS# của WORK ORDER; qty=PIECES; ngày ƯỚC TÍNH (theo số PS)
193263,11549168-CA-IN,710682,299,,,35000,2026-08-31 18:00:00,30057,SHIP suy từ cờ Shipped + PS# của WORK ORDER; qty=PIECES; ngày ƯỚC TÍNH (theo số PS)
191125,11549168-CA-IN,710683,1335,,,50000,2026-07-16 18:00:00,29852,SHIP suy từ cờ Shipped + PS# của WORK ORDER; qty=tổng SELECT; ngày ƯỚC TÍNH (theo số PS)
190577,11549168-CA-IN,710684,1645,,,47015,2026-07-05 18:00:00,29801,SHIP suy từ cờ Shipped + PS# của WORK ORDER; qty=PIECES; ngày ƯỚC TÍNH (theo số PS)
192613,11549168-CA-IN,710687,382,,,56000,2026-07-31 18:00:00,29919,SHIP suy từ cờ Shipped + PS# của WORK ORDER; qty=tổng SELECT; ngày ƯỚC TÍNH (theo số PS)
191473,06511672AA,710692,770,,,45474,2026-07-21 18:00:00,29873,SHIP suy từ cờ Shipped + PS# của WORK ORDER; qty=PIECES; ngày ƯỚC TÍNH (theo số PS)
191473,06511672AA,710693,257,,,45000,2026-07-21 18:00:00,29873,SHIP suy từ cờ Shipped + PS# của WORK ORDER; qty=PIECES; ngày ƯỚC TÍNH (theo số PS)
190577,11561645,710694,1556,,,143247,2026-06-22 18:00:00,29743,SHIP suy từ cờ Shipped + PS# của WORK ORDER; qty=PIECES; ngày ƯỚC TÍNH (theo số PS)
190577,11561645,710695,1374,,,99091,2026-06-21 18:00:00,29738,SHIP suy từ cờ Shipped + PS# của WORK ORDER; qty=PIECES; ngày ƯỚC TÍNH (theo số PS)
190577,06511637AA,710696,1720,,,40887,2026-07-05 18:00:00,29800,SHIP suy từ cờ Shipped + PS# của WORK ORDER; qty=PIECES; ngày ƯỚC TÍNH (theo số PS)
190577,06511637AA,710697,625,,,43992,2026-06-25 18:00:00,29756,SHIP suy từ cờ Shipped + PS# của WORK ORDER; qty=PIECES; ngày ƯỚC TÍNH (theo số PS)
191276,11546703,710698,853,,,131111,2026-07-17 18:00:00,29854,SHIP suy từ cờ Shipped + PS# của WORK ORDER; qty=PIECES; ngày ƯỚC TÍNH (theo số PS)
190880,11546703,710699,291,,,119753,2026-07-01 18:00:00,29784,SHIP suy từ cờ Shipped + PS# của WORK ORDER; qty=PIECES; ngày ƯỚC TÍNH (theo số PS)
191276,11546703,710700,478,,,134198,2026-07-16 18:00:00,29852,SHIP suy từ cờ Shipped + PS# của WORK ORDER; qty=PIECES; ngày ƯỚC TÍNH (theo số PS)
191276,11546703,710701,1447,,,115185,2026-07-16 18:00:00,29852,SHIP suy từ cờ Shipped + PS# của WORK ORDER; qty=PIECES; ngày ƯỚC TÍNH (theo số PS)
191276,11546703,710702,619,,,125185,2026-07-16 18:00:00,29852,SHIP suy từ cờ Shipped + PS# của WORK ORDER; qty=PIECES; ngày ƯỚC TÍNH (theo số PS)
191506,11546703,710703,106,,,123333,2026-07-22 18:00:00,29879,SHIP suy từ cờ Shipped + PS# của WORK ORDER; qty=PIECES; ngày ƯỚC TÍNH (theo số PS)
190337,11548147,710704,KIB,,,12500,2026-06-13 18:00:00,29705,SHIP suy từ cờ Shipped + PS# của WORK ORDER; qty=PIECES; ngày ƯỚC TÍNH (theo số PS)
190337,11548147,710705,KIB,,,12500,2026-06-13 18:00:00,29702,SHIP suy từ cờ Shipped + PS# của WORK ORDER; qty=PIECES; ngày ƯỚC TÍNH (theo số PS)
190452,06105051AA,710706,652,,,17094,2026-06-16 18:00:00,29716,SHIP suy từ cờ Shipped + PS# của WORK ORDER; qty=PIECES; ngày ƯỚC TÍNH (theo số PS)
190452,06105051AA,710707,863,,,14701,2026-06-16 18:00:00,29716,SHIP suy từ cờ Shipped + PS# của WORK ORDER; qty=PIECES; ngày ƯỚC TÍNH (theo số PS)
190452,06105051AA,710709,874,,,25192,2026-06-16 18:00:00,29716,SHIP suy từ cờ Shipped + PS# của WORK ORDER; qty=PIECES; ngày ƯỚC TÍNH (theo số PS)
190347,11546389-PH-RO,710710,1544,,,129091,2026-06-13 18:00:00,29705,SHIP suy từ cờ Shipped + PS# của WORK ORDER; qty=PIECES; ngày ƯỚC TÍNH (theo số PS)
190347,11546389-PH-RO,710711,29,,,113377,2026-06-21 18:00:00,29740,SHIP suy từ cờ Shipped + PS# của WORK ORDER; qty=PIECES; ngày ƯỚC TÍNH (theo số PS)
190347,11546389-PH-RO,710712,811,,,119610,2026-06-14 18:00:00,29709,SHIP suy từ cờ Shipped + PS# của WORK ORDER; qty=PIECES; ngày ƯỚC TÍNH (theo số PS)
190347,11546389-PH-RO,710713,88,,,118442,2026-06-14 18:00:00,29707,SHIP suy từ cờ Shipped + PS# của WORK ORDER; qty=PIECES; ngày ƯỚC TÍNH (theo số PS)
190559,W520412-S442,710714,336,,,117692,2026-06-22 18:00:00,29743,SHIP suy từ cờ Shipped + PS# của WORK ORDER; qty=PIECES; ngày ƯỚC TÍNH (theo số PS)
190559,W520412-S442,710715,373,,,111282,2026-06-18 18:00:00,29727,SHIP suy từ cờ Shipped + PS# của WORK ORDER; qty=PIECES; ngày ƯỚC TÍNH (theo số PS)
190347,11546389-PH-RO,710716,304,,,145584,2026-06-15 18:00:00,29713,SHIP suy từ cờ Shipped + PS# của WORK ORDER; qty=PIECES; ngày ƯỚC TÍNH (theo số PS)
190347,11546389-PH-RO,710717,973,,,98182,2026-06-16 18:00:00,29716,SHIP suy từ cờ Shipped + PS# của WORK ORDER; qty=PIECES; ngày ƯỚC TÍNH (theo số PS)
190347,11546389-PH-RO,710718,580,,,135584,2026-06-15 18:00:00,29713,SHIP suy từ cờ Shipped + PS# của WORK ORDER; qty=PIECES; ngày ƯỚC TÍNH (theo số PS)
190347,11546389-PH-RO,710719,1338,,,103896,2026-06-21 18:00:00,29740,SHIP suy từ cờ Shipped + PS# của WORK ORDER; qty=PIECES; ngày ƯỚC TÍNH (theo số PS)
190337,11546389BR-PH-RO,710720,1045,,,130390,2026-06-15 18:00:00,29713,SHIP suy từ cờ Shipped + PS# của WORK ORDER; qty=PIECES; ngày ƯỚC TÍNH (theo số PS)
190337,11546389BR-PH-RO,710721,756,,,109610,2026-06-14 18:00:00,29709,SHIP suy từ cờ Shipped + PS# của WORK ORDER; qty=PIECES; ngày ƯỚC TÍNH (theo số PS)
190337,11546389BR-PH-RO,710726,903,,,130260,2026-06-18 18:00:00,29725,SHIP suy từ cờ Shipped + PS# của WORK ORDER; qty=PIECES; ngày ƯỚC TÍNH (theo số PS)
190337,11546389BR-PH-RO,710727,1349,,,110000,2026-06-17 18:00:00,29723,SHIP suy từ cờ Shipped + PS# của WORK ORDER; qty=PIECES; ngày ƯỚC TÍNH (theo số PS)
190515,11546449,710728,779,,,89915,2026-06-18 18:00:00,29728,SHIP suy từ cờ Shipped + PS# của WORK ORDER; qty=PIECES; ngày ƯỚC TÍNH (theo số PS)
190515,11546449,710729,1510,,,89407,2026-07-12 18:00:00,29835,SHIP suy từ cờ Shipped + PS# của WORK ORDER; qty=PIECES; ngày ƯỚC TÍNH (theo số PS)
190337,11549204,710734,202,,,7798,2026-07-07 18:00:00,29811,SHIP suy từ cờ Shipped + PS# của WORK ORDER; qty=PIECES; ngày ƯỚC TÍNH (theo số PS)
190337,11549204,710735,651,,,7350,2026-07-15 18:00:00,29848,SHIP suy từ cờ Shipped + PS# của WORK ORDER; qty=PIECES; ngày ƯỚC TÍNH (theo số PS)
190337,11549204,710736,1401,,,7791,2026-06-17 18:00:00,29723,SHIP suy từ cờ Shipped + PS# của WORK ORDER; qty=PIECES; ngày ƯỚC TÍNH (theo số PS)
190337,11549204,710737,1402,,,7337,2026-07-07 18:00:00,29811,SHIP suy từ cờ Shipped + PS# của WORK ORDER; qty=PIECES; ngày ƯỚC TÍNH (theo số PS)
190337,11549204,710738,907,,,6838,2026-06-17 18:00:00,29723,SHIP suy từ cờ Shipped + PS# của WORK ORDER; qty=PIECES; ngày ƯỚC TÍNH (theo số PS)
190347,11549204,710739,817,,,8350,2026-07-07 18:00:00,29811,SHIP suy từ cờ Shipped + PS# của WORK ORDER; qty=PIECES; ngày ƯỚC TÍNH (theo số PS)
190347,11549204,710740,13,,,6917,2026-06-13 18:00:00,29705,SHIP suy từ cờ Shipped + PS# của WORK ORDER; qty=PIECES; ngày ƯỚC TÍNH (theo số PS)
190347,11549204,710741,630,,,8014,2026-07-07 18:00:00,29811,SHIP suy từ cờ Shipped + PS# của WORK ORDER; qty=PIECES; ngày ƯỚC TÍNH (theo số PS)
190347,11549204,710742,673,,,7666,2026-07-07 18:00:00,29811,SHIP suy từ cờ Shipped + PS# của WORK ORDER; qty=PIECES; ngày ƯỚC TÍNH (theo số PS)
190347,11549204,710743,1435,,,7541,2026-07-15 18:00:00,29848,SHIP suy từ cờ Shipped + PS# của WORK ORDER; qty=PIECES; ngày ƯỚC TÍNH (theo số PS)
190220,SA-7000-13,710744,1078,,,3309,2026-06-09 18:00:00,29687,SHIP suy từ cờ Shipped + PS# của WORK ORDER; qty=PIECES; ngày ƯỚC TÍNH (theo số PS)
190347,11546389-PH-RO,710746,1062,,,99870,2026-06-21 18:00:00,29740,SHIP suy từ cờ Shipped + PS# của WORK ORDER; qty=PIECES; ngày ƯỚC TÍNH (theo số PS)
190347,11546389-PH-RO,710747,864,,,144545,2026-06-17 18:00:00,29720,SHIP suy từ cờ Shipped + PS# của WORK ORDER; qty=PIECES; ngày ƯỚC TÍNH (theo số PS)
190535,NU1510-00,710749,564,,,45000,2026-06-18 18:00:00,29728,SHIP suy từ cờ Shipped + PS# của WORK ORDER; qty=PIECES; ngày ƯỚC TÍNH (theo số PS)
190673,NU1510-00,710750,1330,,,31000,2026-06-26 18:00:00,29764,SHIP suy từ cờ Shipped + PS# của WORK ORDER; qty=PIECES; ngày ƯỚC TÍNH (theo số PS)
191340,68665167AA,710751,932,,,10000,2026-07-19 18:00:00,29865,SHIP suy từ cờ Shipped + PS# của WORK ORDER; qty=PIECES; ngày ƯỚC TÍNH (theo số PS)
191105,F1302AB,710752,223,,,16699,2026-07-08 18:00:00,29814,SHIP suy từ cờ Shipped + PS# của WORK ORDER; qty=PIECES; ngày ƯỚC TÍNH (theo số PS)
191105,F1302AB,710753,916,,,22718,2026-07-08 18:00:00,29814,SHIP suy từ cờ Shipped + PS# của WORK ORDER; qty=PIECES; ngày ƯỚC TÍNH (theo số PS)
190382,33771-S2,710754,617,,,36245,2026-06-15 18:00:00,29713,SHIP suy từ cờ Shipped + PS# của WORK ORDER; qty=PIECES; ngày ƯỚC TÍNH (theo số PS)
190796,85158B,710756,967,,,23929,2026-06-28 18:00:00,29773,SHIP suy từ cờ Shipped + PS# của WORK ORDER; qty=PIECES; ngày ƯỚC TÍNH (theo số PS)
190796,85158B,710757,467,,,20126,2026-06-30 18:00:00,29781,SHIP suy từ cờ Shipped + PS# của WORK ORDER; qty=PIECES; ngày ƯỚC TÍNH (theo số PS)
190356,06514720AA,710758,91,,,31765,2026-06-12 18:00:00,29700,SHIP suy từ cờ Shipped + PS# của WORK ORDER; qty=PIECES; ngày ƯỚC TÍNH (theo số PS)
190356,06514720AA,710759,1522,,,28778,2026-06-12 18:00:00,29700,SHIP suy từ cờ Shipped + PS# của WORK ORDER; qty=PIECES; ngày ƯỚC TÍNH (theo số PS)
190356,06514720AA,710760,66,,,29412,2026-06-13 18:00:00,29702,SHIP suy từ cờ Shipped + PS# của WORK ORDER; qty=PIECES; ngày ƯỚC TÍNH (theo số PS)
190356,06514720AA,710761,1518,,,30995,2026-06-13 18:00:00,29705,SHIP suy từ cờ Shipped + PS# của WORK ORDER; qty=PIECES; ngày ƯỚC TÍNH (theo số PS)
191105,F1302AB,710762,357,,,20227,2026-07-07 18:00:00,29811,SHIP suy từ cờ Shipped + PS# của WORK ORDER; qty=PIECES; ngày ƯỚC TÍNH (theo số PS)
191105,F1302AB,710763,982,,,19741,2026-07-08 18:00:00,29814,SHIP suy từ cờ Shipped + PS# của WORK ORDER; qty=PIECES; ngày ƯỚC TÍNH (theo số PS)
190356,06506707AA,710764,469,,,25123,2026-06-12 18:00:00,29700,SHIP suy từ cờ Shipped + PS# của WORK ORDER; qty=PIECES; ngày ƯỚC TÍNH (theo số PS)
190356,06506707AA,710765,1558,,,21370,2026-06-13 18:00:00,29702,SHIP suy từ cờ Shipped + PS# của WORK ORDER; qty=PIECES; ngày ƯỚC TÍNH (theo số PS)
190642,11549171-MY-AK,710766,709,,,9539,2026-06-24 18:00:00,29753,SHIP suy từ cờ Shipped + PS# của WORK ORDER; qty=PIECES; ngày ƯỚC TÍNH (theo số PS)
190642,11549171-MY-AK,710767,258,,,9487,2026-06-25 18:00:00,29758,SHIP suy từ cờ Shipped + PS# của WORK ORDER; qty=PIECES; ngày ƯỚC TÍNH (theo số PS)
190642,11549171-MY-AK,710768,109,,,9339,2026-06-28 18:00:00,29769,SHIP suy từ cờ Shipped + PS# của WORK ORDER; qty=PIECES; ngày ƯỚC TÍNH (theo số PS)
190642,11549171-MY-AK,710769,1535,,,9904,2026-06-24 18:00:00,29753,SHIP suy từ cờ Shipped + PS# của WORK ORDER; qty=PIECES; ngày ƯỚC TÍNH (theo số PS)
190642,11549171-MY-AK,710770,1369,,,9983,2026-06-24 18:00:00,29753,SHIP suy từ cờ Shipped + PS# của WORK ORDER; qty=PIECES; ngày ƯỚC TÍNH (theo số PS)
190642,11549171-MY-AK,710771,483,,,9357,2026-06-25 18:00:00,29758,SHIP suy từ cờ Shipped + PS# của WORK ORDER; qty=PIECES; ngày ƯỚC TÍNH (theo số PS)
190452,11546370-MY-AK,710772,734,,,7362,2026-06-21 18:00:00,29738,SHIP suy từ cờ Shipped + PS# của WORK ORDER; qty=PIECES; ngày ƯỚC TÍNH (theo số PS)
190452,11546370-MY-AK,710773,883,,,7456,2026-06-21 18:00:00,29740,SHIP suy từ cờ Shipped + PS# của WORK ORDER; qty=PIECES; ngày ƯỚC TÍNH (theo số PS)
190452,11546370-MY-AK,710774,27,,,7430,2026-06-21 18:00:00,29738,SHIP suy từ cờ Shipped + PS# của WORK ORDER; qty=PIECES; ngày ƯỚC TÍNH (theo số PS)
190452,11546370-MY-AK,710775,346,,,7362,2026-06-21 18:00:00,29740,SHIP suy từ cờ Shipped + PS# của WORK ORDER; qty=PIECES; ngày ƯỚC TÍNH (theo số PS)
190452,11546370-MY-AK,710776,981,,,7423,2026-06-21 18:00:00,29740,SHIP suy từ cờ Shipped + PS# của WORK ORDER; qty=PIECES; ngày ƯỚC TÍNH (theo số PS)
190452,11546370-MY-AK,710777,598,,,7336,2026-06-17 18:00:00,29720,SHIP suy từ cờ Shipped + PS# của WORK ORDER; qty=PIECES; ngày ƯỚC TÍNH (theo số PS)
190465,11546370-MY-AK,710778,398,,,7188,2026-06-21 18:00:00,29740,SHIP suy từ cờ Shipped + PS# của WORK ORDER; qty=PIECES; ngày ƯỚC TÍNH (theo số PS)
190465,11546370-MY-AK,710779,1099,,,7564,2026-06-21 18:00:00,29738,SHIP suy từ cờ Shipped + PS# của WORK ORDER; qty=PIECES; ngày ƯỚC TÍNH (theo số PS)
190465,11546370-MY-AK,710780,735,,,7369,2026-06-17 18:00:00,29720,SHIP suy từ cờ Shipped + PS# của WORK ORDER; qty=PIECES; ngày ƯỚC TÍNH (theo số PS)
190465,11546370-MY-AK,710781,829,,,7537,2026-06-21 18:00:00,29740,SHIP suy từ cờ Shipped + PS# của WORK ORDER; qty=PIECES; ngày ƯỚC TÍNH (theo số PS)
190465,11546370-MY-AK,710782,1384,,,7738,2026-06-18 18:00:00,29727,SHIP suy từ cờ Shipped + PS# của WORK ORDER; qty=PIECES; ngày ƯỚC TÍNH (theo số PS)
190465,11546370-MY-AK,710783,1028,,,7181,2026-06-17 18:00:00,29720,SHIP suy từ cờ Shipped + PS# của WORK ORDER; qty=PIECES; ngày ƯỚC TÍNH (theo số PS)
190410,11546545,710797,395,,,80583,2026-06-16 18:00:00,29718,SHIP suy từ cờ Shipped + PS# của WORK ORDER; qty=PIECES; ngày ƯỚC TÍNH (theo số PS)
190410,11546545,710798,399,,,81083,2026-06-16 18:00:00,29716,SHIP suy từ cờ Shipped + PS# của WORK ORDER; qty=PIECES; ngày ƯỚC TÍNH (theo số PS)
190410,11546545,710799,1572,,,72000,2026-06-18 18:00:00,29725,SHIP suy từ cờ Shipped + PS# của WORK ORDER; qty=PIECES; ngày ƯỚC TÍNH (theo số PS)
190410,11546545,710800,42,,,90667,2026-06-18 18:00:00,29727,SHIP suy từ cờ Shipped + PS# của WORK ORDER; qty=PIECES; ngày ƯỚC TÍNH (theo số PS)
190410,11546545,710801,509,,,87167,2026-06-16 18:00:00,29716,SHIP suy từ cờ Shipped + PS# của WORK ORDER; qty=PIECES; ngày ƯỚC TÍNH (theo số PS)
190410,11546545,710802,514,,,73750,2026-06-21 18:00:00,29740,SHIP suy từ cờ Shipped + PS# của WORK ORDER; qty=PIECES; ngày ƯỚC TÍNH (theo số PS)
190410,11546545,710803,742,,,96083,2026-06-21 18:00:00,29740,SHIP suy từ cờ Shipped + PS# của WORK ORDER; qty=PIECES; ngày ƯỚC TÍNH (theo số PS)
190410,11546545,710804,1020,,,84250,2026-06-16 18:00:00,29716,SHIP suy từ cờ Shipped + PS# của WORK ORDER; qty=PIECES; ngày ƯỚC TÍNH (theo số PS)
190410,11546545,710805,753,,,87500,2026-06-16 18:00:00,29716,SHIP suy từ cờ Shipped + PS# của WORK ORDER; qty=PIECES; ngày ƯỚC TÍNH (theo số PS)
190410,11546545,710806,15,,,91667,2026-06-18 18:00:00,29728,SHIP suy từ cờ Shipped + PS# của WORK ORDER; qty=PIECES; ngày ƯỚC TÍNH (theo số PS)
190465,06101736-A,710807,838,,,103371,2026-06-29 18:00:00,29774,SHIP suy từ cờ Shipped + PS# của WORK ORDER; qty=PIECES; ngày ƯỚC TÍNH (theo số PS)
190465,06101736-A,710808,431,,,94045,2026-06-17 18:00:00,29720,SHIP suy từ cờ Shipped + PS# của WORK ORDER; qty=PIECES; ngày ƯỚC TÍNH (theo số PS)
190465,06101736-A,710809,1071,,,99438,2026-06-17 18:00:00,29723,SHIP suy từ cờ Shipped + PS# của WORK ORDER; qty=PIECES; ngày ƯỚC TÍNH (theo số PS)
190465,06101736-A,710810,666,,,98202,2026-06-17 18:00:00,29720,SHIP suy từ cờ Shipped + PS# của WORK ORDER; qty=PIECES; ngày ƯỚC TÍNH (theo số PS)
190347,40109770,710811,972,,,7078,2026-06-18 18:00:00,29728,SHIP suy từ cờ Shipped + PS# của WORK ORDER; qty=PIECES; ngày ƯỚC TÍNH (theo số PS)
190347,40109770,710812,806,,,9747,2026-06-14 18:00:00,29707,SHIP suy từ cờ Shipped + PS# của WORK ORDER; qty=PIECES; ngày ƯỚC TÍNH (theo số PS)
190347,11546463,710813,7,,,15000,2026-06-18 18:00:00,29728,SHIP suy từ cờ Shipped + PS# của WORK ORDER; qty=PIECES; ngày ƯỚC TÍNH (theo số PS)
190347,11546463,710814,900,,,15077,2026-06-13 18:00:00,29705,SHIP suy từ cờ Shipped + PS# của WORK ORDER; qty=PIECES; ngày ƯỚC TÍNH (theo số PS)
190347,11546463,710815,953,,,14768,2026-06-13 18:00:00,29705,SHIP suy từ cờ Shipped + PS# của WORK ORDER; qty=PIECES; ngày ƯỚC TÍNH (theo số PS)
190347,11546463,710816,1513,,,15619,2026-06-17 18:00:00,29723,SHIP suy từ cờ Shipped + PS# của WORK ORDER; qty=PIECES; ngày ƯỚC TÍNH (theo số PS)
190347,11546463,710817,711,,,15712,2026-06-18 18:00:00,29728,SHIP suy từ cờ Shipped + PS# của WORK ORDER; qty=PIECES; ngày ƯỚC TÍNH (theo số PS)
190337,11546463,710818,542,,,14659,2026-07-15 18:00:00,29848,SHIP suy từ cờ Shipped + PS# của WORK ORDER; qty=PIECES; ngày ƯỚC TÍNH (theo số PS)
190337,11546463,710819,171,,,16285,2026-07-15 18:00:00,29848,SHIP suy từ cờ Shipped + PS# của WORK ORDER; qty=PIECES; ngày ƯỚC TÍNH (theo số PS)
190337,11546463,710820,1567,,,14071,2026-06-17 18:00:00,29723,SHIP suy từ cờ Shipped + PS# của WORK ORDER; qty=PIECES; ngày ƯỚC TÍNH (theo số PS)
190337,11546463,710821,919,,,15077,2026-06-14 18:00:00,29707,SHIP suy từ cờ Shipped + PS# của WORK ORDER; qty=PIECES; ngày ƯỚC TÍNH (theo số PS)
190337,11546463,710822,235,,,15279,2026-06-18 18:00:00,29728,SHIP suy từ cờ Shipped + PS# của WORK ORDER; qty=PIECES; ngày ƯỚC TÍNH (theo số PS)
191398,11549168-CA-IN,710823,370,,,52000,2026-07-30 18:00:00,29915,SHIP suy từ cờ Shipped + PS# của WORK ORDER; qty=tổng SELECT; ngày ƯỚC TÍNH (theo số PS)
191126,11549168-CA-IN,710825,567,,,49000,2026-07-16 18:00:00,29850,SHIP suy từ cờ Shipped + PS# của WORK ORDER; qty=tổng SELECT; ngày ƯỚC TÍNH (theo số PS)
191213,11549168-CA-IN,710826,1380,,,36000,2026-07-19 18:00:00,29865,SHIP suy từ cờ Shipped + PS# của WORK ORDER; qty=tổng SELECT; ngày ƯỚC TÍNH (theo số PS)
190560,11588714,710840,KIB,,,70000,2026-06-21 18:00:00,29740,SHIP suy từ cờ Shipped + PS# của WORK ORDER; qty=PIECES; ngày ƯỚC TÍNH (theo số PS)
190560,11588714,710841,KIB,,,70000,2026-06-22 18:00:00,29744,SHIP suy từ cờ Shipped + PS# của WORK ORDER; qty=PIECES; ngày ƯỚC TÍNH (theo số PS)
190560,11547176,710842,KIB,,,45000,2026-06-21 18:00:00,29738,SHIP suy từ cờ Shipped + PS# của WORK ORDER; qty=PIECES; ngày ƯỚC TÍNH (theo số PS)
190560,11547176,710843,KIB,,,45000,2026-06-21 18:00:00,29738,SHIP suy từ cờ Shipped + PS# của WORK ORDER; qty=PIECES; ngày ƯỚC TÍNH (theo số PS)
190465,11547176,710844,KIB,,,45000,2026-06-18 18:00:00,29727,SHIP suy từ cờ Shipped + PS# của WORK ORDER; qty=PIECES; ngày ƯỚC TÍNH (theo số PS)
190465,11547176,710845,KIB,,,45000,2026-06-17 18:00:00,29723,SHIP suy từ cờ Shipped + PS# của WORK ORDER; qty=PIECES; ngày ƯỚC TÍNH (theo số PS)
190880,40110160,710846,38,,,6830,2026-06-30 18:00:00,29781,SHIP suy từ cờ Shipped + PS# của WORK ORDER; qty=PIECES; ngày ƯỚC TÍNH (theo số PS)
190880,40110160,710847,1692,,,7446,2026-06-30 18:00:00,29781,SHIP suy từ cờ Shipped + PS# của WORK ORDER; qty=PIECES; ngày ƯỚC TÍNH (theo số PS)
190880,40110160,710848,1318,,,6811,2026-07-02 18:00:00,29787,SHIP suy từ cờ Shipped + PS# của WORK ORDER; qty=PIECES; ngày ƯỚC TÍNH (theo số PS)
190880,40110160,710849,1704,,,7211,2026-07-01 18:00:00,29784,SHIP suy từ cờ Shipped + PS# của WORK ORDER; qty=PIECES; ngày ƯỚC TÍNH (theo số PS)
190428,06100050-A,710850,20,,,60213,2026-06-16 18:00:00,29716,SHIP suy từ cờ Shipped + PS# của WORK ORDER; qty=PIECES; ngày ƯỚC TÍNH (theo số PS)
190428,06100050-A,710851,68,,,51489,2026-06-16 18:00:00,29718,SHIP suy từ cờ Shipped + PS# của WORK ORDER; qty=PIECES; ngày ƯỚC TÍNH (theo số PS)
190428,06100050-A,710852,155,,,51543,2026-06-15 18:00:00,29713,SHIP suy từ cờ Shipped + PS# của WORK ORDER; qty=PIECES; ngày ƯỚC TÍNH (theo số PS)
191304,11611122,710854,1058,,,49267,2026-07-16 18:00:00,29850,SHIP suy từ cờ Shipped + PS# của WORK ORDER; qty=PIECES; ngày ƯỚC TÍNH (theo số PS)
191304,11611121,710856,960,,,21567,2026-07-16 18:00:00,29850,SHIP suy từ cờ Shipped + PS# của WORK ORDER; qty=PIECES; ngày ƯỚC TÍNH (theo số PS)
191304,11611121,710857,311,,,39267,2026-07-16 18:00:00,29850,SHIP suy từ cờ Shipped + PS# của WORK ORDER; qty=PIECES; ngày ƯỚC TÍNH (theo số PS)
191061,W711468-S437,710860,1398,,,46821,2026-07-07 18:00:00,29809,SHIP suy từ cờ Shipped + PS# của WORK ORDER; qty=PIECES; ngày ƯỚC TÍNH (theo số PS)
191506,W711468-S437,710861,706,,,57600,2026-07-27 18:00:00,29902,SHIP suy từ cờ Shipped + PS# của WORK ORDER; qty=tổng SELECT; ngày ƯỚC TÍNH (theo số PS)
191276,W711468-S437,710862,339,,,72000,2026-07-19 18:00:00,29867,SHIP suy từ cờ Shipped + PS# của WORK ORDER; qty=tổng SELECT; ngày ƯỚC TÍNH (theo số PS)
191276,W711468-S437,710863,1436,,,57600,2026-07-17 18:00:00,29857,SHIP suy từ cờ Shipped + PS# của WORK ORDER; qty=tổng SELECT; ngày ƯỚC TÍNH (theo số PS)
191276,W711468-S437,710864,1562,,,57600,2026-07-19 18:00:00,29867,SHIP suy từ cờ Shipped + PS# của WORK ORDER; qty=tổng SELECT; ngày ƯỚC TÍNH (theo số PS)
191061,W711468-S437,710865,49,,,48671,2026-07-07 18:00:00,29809,SHIP suy từ cờ Shipped + PS# của WORK ORDER; qty=PIECES; ngày ƯỚC TÍNH (theo số PS)
190400,NU3019-00,710866,140,,,4885,2026-06-13 18:00:00,29703,SHIP suy từ cờ Shipped + PS# của WORK ORDER; qty=PIECES; ngày ƯỚC TÍNH (theo số PS)
190356,NU3019-00,710867,1580,,,5230,2026-06-13 18:00:00,29703,SHIP suy từ cờ Shipped + PS# của WORK ORDER; qty=PIECES; ngày ƯỚC TÍNH (theo số PS)
190400,NU3019-00,710868,337,,,4794,2026-06-13 18:00:00,29703,SHIP suy từ cờ Shipped + PS# của WORK ORDER; qty=PIECES; ngày ƯỚC TÍNH (theo số PS)
190400,NU3019-00,710869,951,,,5254,2026-06-13 18:00:00,29703,SHIP suy từ cờ Shipped + PS# của WORK ORDER; qty=PIECES; ngày ƯỚC TÍNH (theo số PS)
190356,NU3019-00,710870,1563,,,4775,2026-06-13 18:00:00,29703,SHIP suy từ cờ Shipped + PS# của WORK ORDER; qty=PIECES; ngày ƯỚC TÍNH (theo số PS)
190356,NU3019-00,710871,1301,,,5335,2026-06-13 18:00:00,29703,SHIP suy từ cờ Shipped + PS# của WORK ORDER; qty=PIECES; ngày ƯỚC TÍNH (theo số PS)
190400,NU3019-00,710872,648,,,4928,2026-06-13 18:00:00,29703,SHIP suy từ cờ Shipped + PS# của WORK ORDER; qty=PIECES; ngày ƯỚC TÍNH (theo số PS)
190400,NU3019-00,710873,966,,,5086,2026-06-13 18:00:00,29705,SHIP suy từ cờ Shipped + PS# của WORK ORDER; qty=PIECES; ngày ƯỚC TÍNH (theo số PS)
190356,NU3019-00,710874,1368,,,4741,2026-06-13 18:00:00,29703,SHIP suy từ cờ Shipped + PS# của WORK ORDER; qty=PIECES; ngày ƯỚC TÍNH (theo số PS)
190400,NU3019-00,710875,1636,,,5287,2026-06-13 18:00:00,29703,SHIP suy từ cờ Shipped + PS# của WORK ORDER; qty=PIECES; ngày ƯỚC TÍNH (theo số PS)
190356,NU3019-00,710876,578,,,5383,2026-06-13 18:00:00,29703,SHIP suy từ cờ Shipped + PS# của WORK ORDER; qty=PIECES; ngày ƯỚC TÍNH (theo số PS)
190400,NU3019-00,710877,37,,,4693,2026-06-13 18:00:00,29705,SHIP suy từ cờ Shipped + PS# của WORK ORDER; qty=PIECES; ngày ƯỚC TÍNH (theo số PS)
190337,40073474,710878,765,,,4738,2026-06-12 18:00:00,29700,SHIP suy từ cờ Shipped + PS# của WORK ORDER; qty=PIECES; ngày ƯỚC TÍNH (theo số PS)
190337,40073474,710879,939,,,4993,2026-06-14 18:00:00,29707,SHIP suy từ cờ Shipped + PS# của WORK ORDER; qty=PIECES; ngày ƯỚC TÍNH (theo số PS)
190452,11605498,710880,799,,,4313,2026-06-18 18:00:00,29727,SHIP suy từ cờ Shipped + PS# của WORK ORDER; qty=PIECES; ngày ƯỚC TÍNH (theo số PS)
191380,11548535,710881,55,,,5575,2026-07-20 18:00:00,29869,SHIP suy từ cờ Shipped + PS# của WORK ORDER; qty=PIECES; ngày ƯỚC TÍNH (theo số PS)
190512,11548535,710881-,55,,,5575,2026-06-26 18:00:00,29764,SHIP suy từ cờ Shipped + PS# của WORK ORDER; qty=PIECES; ngày ƯỚC TÍNH (theo số PS)
191380,11548535,710882,823,,,5515,2026-07-19 18:00:00,29867,SHIP suy từ cờ Shipped + PS# của WORK ORDER; qty=PIECES; ngày ƯỚC TÍNH (theo số PS)
190512,11548535,710882-,823,,,5515,2026-06-26 18:00:00,29764,SHIP suy từ cờ Shipped + PS# của WORK ORDER; qty=PIECES; ngày ƯỚC TÍNH (theo số PS)
191380,11548535,710883,1425,,,5750,2026-07-21 18:00:00,29873,SHIP suy từ cờ Shipped + PS# của WORK ORDER; qty=PIECES; ngày ƯỚC TÍNH (theo số PS)
190512,11548535,710883-,1425,,,5750,2026-06-26 18:00:00,29764,SHIP suy từ cờ Shipped + PS# của WORK ORDER; qty=PIECES; ngày ƯỚC TÍNH (theo số PS)
190337,40073474,710884,1103,,,4752,2026-06-17 18:00:00,29723,SHIP suy từ cờ Shipped + PS# của WORK ORDER; qty=PIECES; ngày ƯỚC TÍNH (theo số PS)
190337,40073474,710885,1072,,,5235,2026-06-17 18:00:00,29723,SHIP suy từ cờ Shipped + PS# của WORK ORDER; qty=PIECES; ngày ƯỚC TÍNH (theo số PS)
190410,11549204,710886,282,,,7193,2026-06-16 18:00:00,29716,SHIP suy từ cờ Shipped + PS# của WORK ORDER; qty=PIECES; ngày ƯỚC TÍNH (theo số PS)
190410,11549204,710887,928,,,7778,2026-06-17 18:00:00,29720,SHIP suy từ cờ Shipped + PS# của WORK ORDER; qty=PIECES; ngày ƯỚC TÍNH (theo số PS)
190410,11549204,710888,1095,,,7962,2026-06-16 18:00:00,29718,SHIP suy từ cờ Shipped + PS# của WORK ORDER; qty=PIECES; ngày ƯỚC TÍNH (theo số PS)
190410,11549204,710889,825,,,7272,2026-06-16 18:00:00,29718,SHIP suy từ cờ Shipped + PS# của WORK ORDER; qty=PIECES; ngày ƯỚC TÍNH (theo số PS)
190410,11549204,710890,421,,,8014,2026-06-16 18:00:00,29716,SHIP suy từ cờ Shipped + PS# của WORK ORDER; qty=PIECES; ngày ƯỚC TÍNH (theo số PS)
190410,11549204,710891,1408,,,7101,2026-06-17 18:00:00,29723,SHIP suy từ cờ Shipped + PS# của WORK ORDER; qty=PIECES; ngày ƯỚC TÍNH (theo số PS)
190410,11549204,710892,1626,,,7962,2026-06-16 18:00:00,29716,SHIP suy từ cờ Shipped + PS# của WORK ORDER; qty=PIECES; ngày ƯỚC TÍNH (theo số PS)
190410,11549204,710893,565,,,7193,2026-06-16 18:00:00,29718,SHIP suy từ cờ Shipped + PS# của WORK ORDER; qty=PIECES; ngày ƯỚC TÍNH (theo số PS)
190410,11549204,710894,72,,,7784,2026-06-16 18:00:00,29718,SHIP suy từ cờ Shipped + PS# của WORK ORDER; qty=PIECES; ngày ƯỚC TÍNH (theo số PS)
190410,11549204,710895,790,,,7232,2026-06-16 18:00:00,29718,SHIP suy từ cờ Shipped + PS# của WORK ORDER; qty=PIECES; ngày ƯỚC TÍNH (theo số PS)
190519,11546449,710896,1355,,,83983,2026-06-21 18:00:00,29738,SHIP suy từ cờ Shipped + PS# của WORK ORDER; qty=PIECES; ngày ƯỚC TÍNH (theo số PS)
190519,11546449,710897,239,,,90763,2026-06-21 18:00:00,29738,SHIP suy từ cờ Shipped + PS# của WORK ORDER; qty=PIECES; ngày ƯỚC TÍNH (theo số PS)
190519,11546449,710898,130,,,91271,2026-06-25 18:00:00,29756,SHIP suy từ cờ Shipped + PS# của WORK ORDER; qty=PIECES; ngày ƯỚC TÍNH (theo số PS)
190519,11546449,710899,446,,,85169,2026-06-18 18:00:00,29728,SHIP suy từ cờ Shipped + PS# của WORK ORDER; qty=PIECES; ngày ƯỚC TÍNH (theo số PS)
190465,11546449,710900,1668,,,83305,2026-06-21 18:00:00,29740,SHIP suy từ cờ Shipped + PS# của WORK ORDER; qty=PIECES; ngày ƯỚC TÍNH (theo số PS)
190465,11546449,710901,1440,,,90424,2026-06-21 18:00:00,29740,SHIP suy từ cờ Shipped + PS# của WORK ORDER; qty=PIECES; ngày ƯỚC TÍNH (theo số PS)
190465,11546449,710902,884,,,87288,2026-06-21 18:00:00,29740,SHIP suy từ cờ Shipped + PS# của WORK ORDER; qty=PIECES; ngày ƯỚC TÍNH (theo số PS)
190465,11546449,710903,1700,,,87797,2026-06-21 18:00:00,29740,SHIP suy từ cờ Shipped + PS# của WORK ORDER; qty=PIECES; ngày ƯỚC TÍNH (theo số PS)
190465,11546437-MY-AK,710904,784,,,84769,2026-06-18 18:00:00,29728,SHIP suy từ cờ Shipped + PS# của WORK ORDER; qty=PIECES; ngày ƯỚC TÍNH (theo số PS)
190465,11546437-MY-AK,710905,1553,,,85308,2026-07-12 18:00:00,29835,SHIP suy từ cờ Shipped + PS# của WORK ORDER; qty=PIECES; ngày ƯỚC TÍNH (theo số PS)
190465,11546437-MY-AK,710906,882,,,78077,2026-06-18 18:00:00,29725,SHIP suy từ cờ Shipped + PS# của WORK ORDER; qty=PIECES; ngày ƯỚC TÍNH (theo số PS)
190465,11546437-MY-AK,710907,879,,,90462,2026-06-18 18:00:00,29725,SHIP suy từ cờ Shipped + PS# của WORK ORDER; qty=PIECES; ngày ƯỚC TÍNH (theo số PS)
190519,11546437-MY-AK,710908,1396,,,83231,2026-06-22 18:00:00,29743,SHIP suy từ cờ Shipped + PS# của WORK ORDER; qty=PIECES; ngày ƯỚC TÍNH (theo số PS)
190519,11546437-MY-AK,710909,870,,,85538,2026-06-22 18:00:00,29743,SHIP suy từ cờ Shipped + PS# của WORK ORDER; qty=PIECES; ngày ƯỚC TÍNH (theo số PS)
190519,11546437-MY-AK,710910,228,,,85923,2026-06-24 18:00:00,29753,SHIP suy từ cờ Shipped + PS# của WORK ORDER; qty=PIECES; ngày ƯỚC TÍNH (theo số PS)
190519,11546437-MY-AK,710911,764,,,82769,2026-06-22 18:00:00,29744,SHIP suy từ cờ Shipped + PS# của WORK ORDER; qty=PIECES; ngày ƯỚC TÍNH (theo số PS)
190410,11602031,710912,939,,,5272,2026-07-12 18:00:00,29835,SHIP suy từ cờ Shipped + PS# của WORK ORDER; qty=PIECES; ngày ƯỚC TÍNH (theo số PS)
190410,11602031,710913,687,,,3998,2026-06-21 18:00:00,29740,SHIP suy từ cờ Shipped + PS# của WORK ORDER; qty=PIECES; ngày ƯỚC TÍNH (theo số PS)
190410,11602031,710914,1097,,,3910,2026-06-16 18:00:00,29716,SHIP suy từ cờ Shipped + PS# của WORK ORDER; qty=PIECES; ngày ƯỚC TÍNH (theo số PS)
190410,11602031,710915,303,,,4777,2026-06-16 18:00:00,29716,SHIP suy từ cờ Shipped + PS# của WORK ORDER; qty=PIECES; ngày ƯỚC TÍNH (theo số PS)
190410,11602031,710916,1680,,,3640,2026-06-24 18:00:00,29755,SHIP suy từ cờ Shipped + PS# của WORK ORDER; qty=PIECES; ngày ƯỚC TÍNH (theo số PS)
190410,11602031,710917,551,,,4929,2026-06-17 18:00:00,29723,SHIP suy từ cờ Shipped + PS# của WORK ORDER; qty=PIECES; ngày ƯỚC TÍNH (theo số PS)
190410,11602031,710918,1582,,,3915,2026-06-16 18:00:00,29716,SHIP suy từ cờ Shipped + PS# của WORK ORDER; qty=PIECES; ngày ƯỚC TÍNH (theo số PS)
190410,11602031,710919,256,,,4601,2026-06-16 18:00:00,29718,SHIP suy từ cờ Shipped + PS# của WORK ORDER; qty=PIECES; ngày ƯỚC TÍNH (theo số PS)
190410,11602031,710920,382,,,4953,2026-06-16 18:00:00,29718,SHIP suy từ cờ Shipped + PS# của WORK ORDER; qty=PIECES; ngày ƯỚC TÍNH (theo số PS)
190410,11602031,710921,837,,,382,2026-06-16 18:00:00,29718,SHIP suy từ cờ Shipped + PS# của WORK ORDER; qty=PIECES; ngày ƯỚC TÍNH (theo số PS)
190465,06104388AA,710922,915,,,15448,2026-06-17 18:00:00,29720,SHIP suy từ cờ Shipped + PS# của WORK ORDER; qty=PIECES; ngày ƯỚC TÍNH (theo số PS)
190465,06104388AA,710923,755,,,13729,2026-06-21 18:00:00,29738,SHIP suy từ cờ Shipped + PS# của WORK ORDER; qty=PIECES; ngày ƯỚC TÍNH (theo số PS)
190512,06104725AA,710924,1540,,,105660,2026-06-17 18:00:00,29720,SHIP suy từ cờ Shipped + PS# của WORK ORDER; qty=PIECES; ngày ƯỚC TÍNH (theo số PS)
190512,06104725AA,710925,299,,,98679,2026-06-17 18:00:00,29720,SHIP suy từ cờ Shipped + PS# của WORK ORDER; qty=PIECES; ngày ƯỚC TÍNH (theo số PS)
190512,06104725AA,710926,1534,,,98962,2026-06-17 18:00:00,29720,SHIP suy từ cờ Shipped + PS# của WORK ORDER; qty=PIECES; ngày ƯỚC TÍNH (theo số PS)
190512,06104725AA,710927,209,,,103962,2026-06-17 18:00:00,29720,SHIP suy từ cờ Shipped + PS# của WORK ORDER; qty=PIECES; ngày ƯỚC TÍNH (theo số PS)
190512,06104725AA,710928,215,,,102453,2026-06-18 18:00:00,29727,SHIP suy từ cờ Shipped + PS# của WORK ORDER; qty=PIECES; ngày ƯỚC TÍNH (theo số PS)
190512,06104725AA,710929,1643,,,100094,2026-06-17 18:00:00,29720,SHIP suy từ cờ Shipped + PS# của WORK ORDER; qty=PIECES; ngày ƯỚC TÍNH (theo số PS)
190465,06511701AA,710936,516,,,78345,2026-06-21 18:00:00,29740,SHIP suy từ cờ Shipped + PS# của WORK ORDER; qty=PIECES; ngày ƯỚC TÍNH (theo số PS)
190465,06511701AA,710937,325,,,74245,2026-06-22 18:00:00,29744,SHIP suy từ cờ Shipped + PS# của WORK ORDER; qty=PIECES; ngày ƯỚC TÍNH (theo số PS)
190220,54018011,710941,34CTNS,,,8500,2026-06-09 18:00:00,29684,SHIP suy từ cờ Shipped + PS# của WORK ORDER; qty=PIECES; ngày ƯỚC TÍNH (theo số PS)
191126,W20-1028-010,710942,971,,,65000,2026-07-13 18:00:00,29837,SHIP suy từ cờ Shipped + PS# của WORK ORDER; qty=PIECES; ngày ƯỚC TÍNH (theo số PS)
191126,W20-1028-010,710943,251,,,40000,2026-07-13 18:00:00,29837,SHIP suy từ cờ Shipped + PS# của WORK ORDER; qty=PIECES; ngày ƯỚC TÍNH (theo số PS)
191126,W20-1028-010,710944,128,,,60000,2026-07-09 18:00:00,29818,SHIP suy từ cờ Shipped + PS# của WORK ORDER; qty=PIECES; ngày ƯỚC TÍNH (theo số PS)
190315,NU5210-03,710946,771,,,40000,2026-06-13 18:00:00,29703,SHIP suy từ cờ Shipped + PS# của WORK ORDER; qty=PIECES; ngày ƯỚC TÍNH (theo số PS)
190315,NU5210-03,710947,517,,,40000,2026-06-13 18:00:00,29703,SHIP suy từ cờ Shipped + PS# của WORK ORDER; qty=PIECES; ngày ƯỚC TÍNH (theo số PS)
190673,NU5108-00,710948,1621,,,67000,2026-06-26 18:00:00,29764,SHIP suy từ cờ Shipped + PS# của WORK ORDER; qty=PIECES; ngày ƯỚC TÍNH (theo số PS)
190673,NU5108-00,710950,713,,,67000,2026-06-26 18:00:00,29764,SHIP suy từ cờ Shipped + PS# của WORK ORDER; qty=PIECES; ngày ƯỚC TÍNH (theo số PS)
190465,11546377BR-PH-RO,710952,618,,,70584,2026-06-17 18:00:00,29720,SHIP suy từ cờ Shipped + PS# của WORK ORDER; qty=PIECES; ngày ƯỚC TÍNH (theo số PS)
190465,11546377BR-PH-RO,710953,1414,,,59805,2026-06-21 18:00:00,29738,SHIP suy từ cờ Shipped + PS# của WORK ORDER; qty=PIECES; ngày ƯỚC TÍNH (theo số PS)
190465,11546377BR-PH-RO,710954,769,,,70519,2026-07-05 18:00:00,29800,SHIP suy từ cờ Shipped + PS# của WORK ORDER; qty=PIECES; ngày ƯỚC TÍNH (theo số PS)
190465,11546377BR-PH-RO,710955,367,,,58701,2026-06-17 18:00:00,29720,SHIP suy từ cờ Shipped + PS# của WORK ORDER; qty=PIECES; ngày ƯỚC TÍNH (theo số PS)
190452,11546377-PH-RO,710956,635,,,51688,2026-06-21 18:00:00,29738,SHIP suy từ cờ Shipped + PS# của WORK ORDER; qty=PIECES; ngày ƯỚC TÍNH (theo số PS)
190452,11546377-PH-RO,710957,450,,,78506,2026-06-21 18:00:00,29740,SHIP suy từ cờ Shipped + PS# của WORK ORDER; qty=PIECES; ngày ƯỚC TÍNH (theo số PS)
190452,11546377-PH-RO,710958,650,,,63571,2026-06-22 18:00:00,29743,SHIP suy từ cờ Shipped + PS# của WORK ORDER; qty=PIECES; ngày ƯỚC TÍNH (theo số PS)
190452,11546377-PH-RO,710959,839,,,66753,2026-06-18 18:00:00,29728,SHIP suy từ cờ Shipped + PS# của WORK ORDER; qty=PIECES; ngày ƯỚC TÍNH (theo số PS)
190452,11546377-PH-RO,710960,1066,,,60519,2026-06-21 18:00:00,29740,SHIP suy từ cờ Shipped + PS# của WORK ORDER; qty=PIECES; ngày ƯỚC TÍNH (theo số PS)
190452,11546377-PH-RO,710961,979,,,68312,2026-07-21 18:00:00,29873,SHIP suy từ cờ Shipped + PS# của WORK ORDER; qty=PIECES; ngày ƯỚC TÍNH (theo số PS)
190452,11546377-PH-RO,710962,1616,,,70714,2026-07-06 18:00:00,29805,SHIP suy từ cờ Shipped + PS# của WORK ORDER; qty=PIECES; ngày ƯỚC TÍNH (theo số PS)
190452,11546377-PH-RO,710963,294,,,58701,2026-06-17 18:00:00,29723,SHIP suy từ cờ Shipped + PS# của WORK ORDER; qty=PIECES; ngày ƯỚC TÍNH (theo số PS)
190270,11518428,710969,KIB,,,63000,2026-06-09 18:00:00,29688,SHIP suy từ cờ Shipped + PS# của WORK ORDER; qty=PIECES; ngày ƯỚC TÍNH (theo số PS)
190270,11518428,710970,KIB,,,63000,2026-06-11 18:00:00,29693,SHIP suy từ cờ Shipped + PS# của WORK ORDER; qty=PIECES; ngày ƯỚC TÍNH (theo số PS)
190270,1420503001,710971,KIB,,,20000,2026-06-09 18:00:00,29688,SHIP suy từ cờ Shipped + PS# của WORK ORDER; qty=PIECES; ngày ƯỚC TÍNH (theo số PS)
190270,P3326750,710973,KIB,,,63000,2026-06-09 18:00:00,29688,SHIP suy từ cờ Shipped + PS# của WORK ORDER; qty=PIECES; ngày ƯỚC TÍNH (theo số PS)
190270,P3326750,710974,KIB,,,63000,2026-06-11 18:00:00,29695,SHIP suy từ cờ Shipped + PS# của WORK ORDER; qty=PIECES; ngày ƯỚC TÍNH (theo số PS)
190270,W705606-S440,710975,KIB,,,35000,2026-06-18 18:00:00,29728,SHIP suy từ cờ Shipped + PS# của WORK ORDER; qty=PIECES; ngày ƯỚC TÍNH (theo số PS)
190270,W705606-S440,710976,KIB,,,35000,2026-06-09 18:00:00,29688,SHIP suy từ cờ Shipped + PS# của WORK ORDER; qty=PIECES; ngày ƯỚC TÍNH (theo số PS)
190270,W705606-S440,710977,KIB,,,35000,2026-06-09 18:00:00,29688,SHIP suy từ cờ Shipped + PS# của WORK ORDER; qty=PIECES; ngày ƯỚC TÍNH (theo số PS)
190270,W705606-S440,710978,KIB,,,35000,2026-06-09 18:00:00,29688,SHIP suy từ cờ Shipped + PS# của WORK ORDER; qty=PIECES; ngày ƯỚC TÍNH (theo số PS)
190270,W705606-S440,710979,KIB,,,9650,2026-06-11 18:00:00,29693,SHIP suy từ cờ Shipped + PS# của WORK ORDER; qty=PIECES; ngày ƯỚC TÍNH (theo số PS)
190270,W705606-S440,710980,KIB,,,9650,2026-06-11 18:00:00,29695,SHIP suy từ cờ Shipped + PS# của WORK ORDER; qty=PIECES; ngày ƯỚC TÍNH (theo số PS)
190270,11604000,710981,KIB,,,41000,2026-06-09 18:00:00,29687,SHIP suy từ cờ Shipped + PS# của WORK ORDER; qty=PIECES; ngày ƯỚC TÍNH (theo số PS)
190270,11604000,710982,KIB,,,41000,2026-06-09 18:00:00,29687,SHIP suy từ cờ Shipped + PS# của WORK ORDER; qty=PIECES; ngày ƯỚC TÍNH (theo số PS)
190378,06504080-T,710984,1379,,,280204,2026-06-13 18:00:00,29702,SHIP suy từ cờ Shipped + PS# của WORK ORDER; qty=PIECES; ngày ƯỚC TÍNH (theo số PS)
190378,06504080-T,710988,1023,,,127143,2026-06-13 18:00:00,29702,SHIP suy từ cờ Shipped + PS# của WORK ORDER; qty=PIECES; ngày ƯỚC TÍNH (theo số PS)
190740,11562515,711024,1597,,,39649,2026-06-25 18:00:00,29758,SHIP suy từ cờ Shipped + PS# của WORK ORDER; qty=PIECES; ngày ƯỚC TÍNH (theo số PS)
190740,11562515,711026,453,,,60877,2026-06-28 18:00:00,29769,SHIP suy từ cờ Shipped + PS# của WORK ORDER; qty=PIECES; ngày ƯỚC TÍNH (theo số PS)
190740,11562515,711027,1041,,,50760,2026-06-25 18:00:00,29758,SHIP suy từ cờ Shipped + PS# của WORK ORDER; qty=PIECES; ngày ƯỚC TÍNH (theo số PS)
190535,61273,711028,391,,,7838,2026-06-18 18:00:00,29725,SHIP suy từ cờ Shipped + PS# của WORK ORDER; qty=PIECES; ngày ƯỚC TÍNH (theo số PS)
190535,61273,711029,1342,,,6648,2026-06-18 18:00:00,29725,SHIP suy từ cờ Shipped + PS# của WORK ORDER; qty=PIECES; ngày ƯỚC TÍNH (theo số PS)
190577,61273,711030,1111,,,6506,2026-06-21 18:00:00,29738,SHIP suy từ cờ Shipped + PS# của WORK ORDER; qty=PIECES; ngày ƯỚC TÍNH (theo số PS)
190577,61273,711031,1383,,,8026,2026-06-21 18:00:00,29738,SHIP suy từ cờ Shipped + PS# của WORK ORDER; qty=PIECES; ngày ƯỚC TÍNH (theo số PS)
190452,E12538,711032,468,,,67338,2026-06-17 18:00:00,29723,SHIP suy từ cờ Shipped + PS# của WORK ORDER; qty=PIECES; ngày ƯỚC TÍNH (theo số PS)
190535,W520413-S450,711033,936,,,70519,2026-06-22 18:00:00,29743,SHIP suy từ cờ Shipped + PS# của WORK ORDER; qty=PIECES; ngày ƯỚC TÍNH (theo số PS)
190740,W520101-S437,711034,1716,,,106591,2026-06-29 18:00:00,29776,SHIP suy từ cờ Shipped + PS# của WORK ORDER; qty=PIECES; ngày ƯỚC TÍNH (theo số PS)
190740,W520101-S437,711035,18,,,93000,2026-06-30 18:00:00,29781,SHIP suy từ cờ Shipped + PS# của WORK ORDER; qty=tổng SELECT; ngày ƯỚC TÍNH (theo số PS)
190535,W520101-S450,711036,1445,,,125682,2026-06-22 18:00:00,29743,SHIP suy từ cờ Shipped + PS# của WORK ORDER; qty=PIECES; ngày ƯỚC TÍNH (theo số PS)
190535,W520101-S450,711037,168,,,118409,2026-06-21 18:00:00,29738,SHIP suy từ cờ Shipped + PS# của WORK ORDER; qty=PIECES; ngày ƯỚC TÍNH (theo số PS)
190796,11547059,711039,511,,,20308,2026-07-06 18:00:00,29805,SHIP suy từ cờ Shipped + PS# của WORK ORDER; qty=PIECES; ngày ƯỚC TÍNH (theo số PS)
190796,11547059,711040,92,,,9900,2026-07-06 18:00:00,29805,SHIP suy từ cờ Shipped + PS# của WORK ORDER; qty=tổng SELECT; ngày ƯỚC TÍNH (theo số PS)
190796,11547059,711041,497,,,23099,2026-07-06 18:00:00,29807,SHIP suy từ cờ Shipped + PS# của WORK ORDER; qty=PIECES; ngày ƯỚC TÍNH (theo số PS)
190796,11547059,711042,524,,,21626,2026-07-06 18:00:00,29807,SHIP suy từ cờ Shipped + PS# của WORK ORDER; qty=PIECES; ngày ƯỚC TÍNH (theo số PS)
190465,11547349,711044,1303,,,11790,2026-06-21 18:00:00,29738,SHIP suy từ cờ Shipped + PS# của WORK ORDER; qty=PIECES; ngày ƯỚC TÍNH (theo số PS)
190465,11547349,711045,917,,,11019,2026-06-21 18:00:00,29740,SHIP suy từ cờ Shipped + PS# của WORK ORDER; qty=PIECES; ngày ƯỚC TÍNH (theo số PS)
190519,06101831-A,711046,234,,,38297,2026-07-05 18:00:00,29803,SHIP suy từ cờ Shipped + PS# của WORK ORDER; qty=PIECES; ngày ƯỚC TÍNH (theo số PS)
190519,06101831-A,711047,1309,,,39891,2026-06-21 18:00:00,29738,SHIP suy từ cờ Shipped + PS# của WORK ORDER; qty=PIECES; ngày ƯỚC TÍNH (theo số PS)
190519,06101831-A,711050,293,,,41268,2026-06-28 18:00:00,29773,SHIP suy từ cờ Shipped + PS# của WORK ORDER; qty=PIECES; ngày ƯỚC TÍNH (theo số PS)
190519,06101831-A,711051,241,,,39891,2026-06-25 18:00:00,29756,SHIP suy từ cờ Shipped + PS# của WORK ORDER; qty=PIECES; ngày ƯỚC TÍNH (theo số PS)
190519,06101831-A,711052,167,,,37681,2026-07-07 18:00:00,29812,SHIP suy từ cờ Shipped + PS# của WORK ORDER; qty=PIECES; ngày ƯỚC TÍNH (theo số PS)
190607,06513804AA,711062,1010,,,6387,2026-06-24 18:00:00,29753,SHIP suy từ cờ Shipped + PS# của WORK ORDER; qty=PIECES; ngày ƯỚC TÍNH (theo số PS)
190607,06513804AA,711064,1670,,,5593,2026-06-25 18:00:00,29758,SHIP suy từ cờ Shipped + PS# của WORK ORDER; qty=PIECES; ngày ƯỚC TÍNH (theo số PS)
190607,06513804AA,711065,1657,,,5256,2026-06-25 18:00:00,29758,SHIP suy từ cờ Shipped + PS# của WORK ORDER; qty=PIECES; ngày ƯỚC TÍNH (theo số PS)
190642,06511834AA,711066,1344,,,2637,2026-07-05 18:00:00,29800,SHIP suy từ cờ Shipped + PS# của WORK ORDER; qty=PIECES; ngày ƯỚC TÍNH (theo số PS)
190642,06511834AA,711067,181,,,3139,2026-07-05 18:00:00,29800,SHIP suy từ cờ Shipped + PS# của WORK ORDER; qty=PIECES; ngày ƯỚC TÍNH (theo số PS)
190642,06511834AA,711068,1017,,,2727,2026-07-11 18:00:00,29831,SHIP suy từ cờ Shipped + PS# của WORK ORDER; qty=PIECES; ngày ƯỚC TÍNH (theo số PS)
190642,06511834AA,711069,577,,,2830,2026-07-05 18:00:00,29800,SHIP suy từ cờ Shipped + PS# của WORK ORDER; qty=PIECES; ngày ƯỚC TÍNH (theo số PS)
190621,06101968-A,711070,1507,,,77348,2026-06-28 18:00:00,29769,SHIP suy từ cờ Shipped + PS# của WORK ORDER; qty=PIECES; ngày ƯỚC TÍNH (theo số PS)
190621,06101968-A,711071,1112,,,71818,2026-06-24 18:00:00,29753,SHIP suy từ cờ Shipped + PS# của WORK ORDER; qty=PIECES; ngày ƯỚC TÍNH (theo số PS)
190452,11546462,711072,459,,,24575,2026-06-18 18:00:00,29727,SHIP suy từ cờ Shipped + PS# của WORK ORDER; qty=PIECES; ngày ƯỚC TÍNH (theo số PS)
190452,11546462,711073,731,,,21175,2026-06-18 18:00:00,29727,SHIP suy từ cờ Shipped + PS# của WORK ORDER; qty=PIECES; ngày ƯỚC TÍNH (theo số PS)
190452,11546462,711074,832,,,23625,2026-06-18 18:00:00,29727,SHIP suy từ cờ Shipped + PS# của WORK ORDER; qty=PIECES; ngày ƯỚC TÍNH (theo số PS)
190452,11546462,711075,22,,,21425,2026-06-21 18:00:00,29738,SHIP suy từ cờ Shipped + PS# của WORK ORDER; qty=PIECES; ngày ƯỚC TÍNH (theo số PS)
190465,06107364AA,711076,530,,,69504,2026-06-21 18:00:00,29738,SHIP suy từ cờ Shipped + PS# của WORK ORDER; qty=PIECES; ngày ƯỚC TÍNH (theo số PS)
192708,11546465,711078,925,,,38138,2026-07-31 18:00:00,29919,SHIP suy từ cờ Shipped + PS# của WORK ORDER; qty=PIECES; ngày ƯỚC TÍNH (theo số PS)
192708,11546465,711079,1604,,,34345,2026-07-31 18:00:00,29919,SHIP suy từ cờ Shipped + PS# của WORK ORDER; qty=PIECES; ngày ƯỚC TÍNH (theo số PS)
190519,11516755,711080,1537,,,16746,2026-06-18 18:00:00,29727,SHIP suy từ cờ Shipped + PS# của WORK ORDER; qty=PIECES; ngày ƯỚC TÍNH (theo số PS)
190519,11516755,711081,443,,,15443,2026-06-18 18:00:00,29727,SHIP suy từ cờ Shipped + PS# của WORK ORDER; qty=PIECES; ngày ƯỚC TÍNH (theo số PS)
190519,11569637,711082,785,,,27075,2026-06-18 18:00:00,29727,SHIP suy từ cờ Shipped + PS# của WORK ORDER; qty=PIECES; ngày ƯỚC TÍNH (theo số PS)
190519,11569637,711083,486,,,27150,2026-07-05 18:00:00,29800,SHIP suy từ cờ Shipped + PS# của WORK ORDER; qty=PIECES; ngày ƯỚC TÍNH (theo số PS)
190673,NU1510-00,711084,912,,,40000,2026-06-26 18:00:00,29764,SHIP suy từ cờ Shipped + PS# của WORK ORDER; qty=PIECES; ngày ƯỚC TÍNH (theo số PS)
190673,NU1510-00,711085,487,,,40000,2026-06-26 18:00:00,29764,SHIP suy từ cờ Shipped + PS# của WORK ORDER; qty=PIECES; ngày ƯỚC TÍNH (theo số PS)
190673,NU5108-00,711086,489,,,68000,2026-06-26 18:00:00,29764,SHIP suy từ cờ Shipped + PS# của WORK ORDER; qty=PIECES; ngày ƯỚC TÍNH (theo số PS)
190673,NU5108-00,711087,296,,,68000,2026-06-26 18:00:00,29764,SHIP suy từ cờ Shipped + PS# của WORK ORDER; qty=PIECES; ngày ƯỚC TÍNH (theo số PS)
190535,W520111-S450B,711088,710,,,86145,2026-06-18 18:00:00,29728,SHIP suy từ cờ Shipped + PS# của WORK ORDER; qty=PIECES; ngày ƯỚC TÍNH (theo số PS)
190535,W520111-S450B,711089,283,,,92530,2026-06-21 18:00:00,29738,SHIP suy từ cờ Shipped + PS# của WORK ORDER; qty=PIECES; ngày ƯỚC TÍNH (theo số PS)
190673,NU1510-00,711090,1079,,,42000,2026-06-26 18:00:00,29764,SHIP suy từ cờ Shipped + PS# của WORK ORDER; qty=PIECES; ngày ƯỚC TÍNH (theo số PS)
190535,NU1510-00,711091,1004,,,40000,2026-06-18 18:00:00,29727,SHIP suy từ cờ Shipped + PS# của WORK ORDER; qty=PIECES; ngày ƯỚC TÍNH (theo số PS)
190270,SP2103-03,711092,KIB,,,6000,2026-06-09 18:00:00,29688,SHIP suy từ cờ Shipped + PS# của WORK ORDER; qty=PIECES; ngày ƯỚC TÍNH (theo số PS)
190270,SP2103-03,711093,KIB,,,6000,2026-06-09 18:00:00,29688,SHIP suy từ cờ Shipped + PS# của WORK ORDER; qty=PIECES; ngày ƯỚC TÍNH (theo số PS)
190270,SP2103-03,711094,KIB,,,6000,2026-06-09 18:00:00,29688,SHIP suy từ cờ Shipped + PS# của WORK ORDER; qty=PIECES; ngày ƯỚC TÍNH (theo số PS)
190270,SP2103-03,711095,KIB,,,6000,2026-06-09 18:00:00,29688,SHIP suy từ cờ Shipped + PS# của WORK ORDER; qty=PIECES; ngày ƯỚC TÍNH (theo số PS)
190270,SP2103-03,711096,KIB,,,6000,2026-06-09 18:00:00,29688,SHIP suy từ cờ Shipped + PS# của WORK ORDER; qty=PIECES; ngày ƯỚC TÍNH (theo số PS)
190270,SP2103-03,711097,KIB,,,6000,2026-06-09 18:00:00,29688,SHIP suy từ cờ Shipped + PS# của WORK ORDER; qty=PIECES; ngày ƯỚC TÍNH (theo số PS)
190270,SP2103-03,711098,KIB,,,6000,2026-06-09 18:00:00,29688,SHIP suy từ cờ Shipped + PS# của WORK ORDER; qty=PIECES; ngày ƯỚC TÍNH (theo số PS)
190270,SP2103-03,711099,KIB,,,6000,2026-06-09 18:00:00,29688,SHIP suy từ cờ Shipped + PS# của WORK ORDER; qty=PIECES; ngày ƯỚC TÍNH (theo số PS)
190499,11602292,711100,810,,,23495,2026-06-16 18:00:00,29718,SHIP suy từ cờ Shipped + PS# của WORK ORDER; qty=PIECES; ngày ƯỚC TÍNH (theo số PS)
190499,11602292,711101,75,,,18511,2026-06-16 18:00:00,29718,SHIP suy từ cờ Shipped + PS# của WORK ORDER; qty=PIECES; ngày ƯỚC TÍNH (theo số PS)
190499,11602292,711102,1353,,,24498,2026-06-16 18:00:00,29718,SHIP suy từ cờ Shipped + PS# của WORK ORDER; qty=PIECES; ngày ƯỚC TÍNH (theo số PS)
190499,11602292,711103,196,,,24142,2026-06-17 18:00:00,29720,SHIP suy từ cờ Shipped + PS# của WORK ORDER; qty=PIECES; ngày ƯỚC TÍNH (theo số PS)
190560,2W0399928,711107,298,,,134778,2026-06-22 18:00:00,29743,SHIP suy từ cờ Shipped + PS# của WORK ORDER; qty=PIECES; ngày ƯỚC TÍNH (theo số PS)
190452,11546364,711108,859,,,103253,2026-06-18 18:00:00,29725,SHIP suy từ cờ Shipped + PS# của WORK ORDER; qty=PIECES; ngày ƯỚC TÍNH (theo số PS)
191473,40050697,711109,1581,,,5742,2026-07-21 18:00:00,29874,SHIP suy từ cờ Shipped + PS# của WORK ORDER; qty=PIECES; ngày ƯỚC TÍNH (theo số PS)
192639,40050697,711110,183,,,3200,2026-07-29 18:00:00,29909,SHIP suy từ cờ Shipped + PS# của WORK ORDER; qty=tổng SELECT; ngày ƯỚC TÍNH (theo số PS)
191012,11516072,711111,1598,,,62022,2026-07-21 18:00:00,29874,SHIP suy từ cờ Shipped + PS# của WORK ORDER; qty=PIECES; ngày ƯỚC TÍNH (theo số PS)
191125,W520113-S440,711115,1385,,,42000,2026-07-13 18:00:00,29837,SHIP suy từ cờ Shipped + PS# của WORK ORDER; qty=tổng SELECT; ngày ƯỚC TÍNH (theo số PS)
191125,W520113-S440,711116,309,,,49350,2026-07-15 18:00:00,29845,SHIP suy từ cờ Shipped + PS# của WORK ORDER; qty=tổng SELECT; ngày ƯỚC TÍNH (theo số PS)
191012,11516133,711117,747,,,15014,2026-07-09 18:00:00,29818,SHIP suy từ cờ Shipped + PS# của WORK ORDER; qty=PIECES; ngày ƯỚC TÍNH (theo số PS)
191012,11516133,711118,716,,,14000,2026-07-09 18:00:00,29818,SHIP suy từ cờ Shipped + PS# của WORK ORDER; qty=tổng SELECT; ngày ƯỚC TÍNH (theo số PS)
190642,47336AE,711119,944,,,24843,2026-06-22 18:00:00,29744,SHIP suy từ cờ Shipped + PS# của WORK ORDER; qty=PIECES; ngày ƯỚC TÍNH (theo số PS)
190642,47336AE,711120,1520,,,23520,2026-06-22 18:00:00,29743,SHIP suy từ cờ Shipped + PS# của WORK ORDER; qty=PIECES; ngày ƯỚC TÍNH (theo số PS)
190845,11546366-MY-AK,711125,554,,,51000,2026-07-06 18:00:00,29805,SHIP suy từ cờ Shipped + PS# của WORK ORDER; qty=tổng SELECT; ngày ƯỚC TÍNH (theo số PS)
190845,11546366-MY-AK,711126,1531,,,37000,2026-07-05 18:00:00,29800,SHIP suy từ cờ Shipped + PS# của WORK ORDER; qty=tổng SELECT; ngày ƯỚC TÍNH (theo số PS)
190845,11546366-MY-AK,711127,1005,,,52000,2026-07-05 18:00:00,29800,SHIP suy từ cờ Shipped + PS# của WORK ORDER; qty=tổng SELECT; ngày ƯỚC TÍNH (theo số PS)
190845,11546366-MY-AK,711128,1614,,,36000,2026-07-08 18:00:00,29816,SHIP suy từ cờ Shipped + PS# của WORK ORDER; qty=tổng SELECT; ngày ƯỚC TÍNH (theo số PS)
190779,11546367-MY-AK,711129,686,,,50400,2026-07-02 18:00:00,29787,SHIP suy từ cờ Shipped + PS# của WORK ORDER; qty=tổng SELECT; ngày ƯỚC TÍNH (theo số PS)
190779,11546367-MY-AK,711130,1431,,,25200,2026-06-30 18:00:00,29781,SHIP suy từ cờ Shipped + PS# của WORK ORDER; qty=tổng SELECT; ngày ƯỚC TÍNH (theo số PS)
190779,11546367-MY-AK,711131,157,,,18900,2026-07-15 18:00:00,29848,SHIP suy từ cờ Shipped + PS# của WORK ORDER; qty=tổng SELECT; ngày ƯỚC TÍNH (theo số PS)
190779,11546367-MY-AK,711132,905,,,29400,2026-07-06 18:00:00,29807,SHIP suy từ cờ Shipped + PS# của WORK ORDER; qty=tổng SELECT; ngày ƯỚC TÍNH (theo số PS)
190642,11546369-MY-AK,711133,332,,,9661,2026-07-13 18:00:00,29837,SHIP suy từ cờ Shipped + PS# của WORK ORDER; qty=PIECES; ngày ƯỚC TÍNH (theo số PS)
190642,11546369-MY-AK,711134,1376,,,9822,2026-06-28 18:00:00,29773,SHIP suy từ cờ Shipped + PS# của WORK ORDER; qty=PIECES; ngày ƯỚC TÍNH (theo số PS)
190642,11546369-MY-AK,711135,639,,,10000,2026-06-24 18:00:00,29753,SHIP suy từ cờ Shipped + PS# của WORK ORDER; qty=PIECES; ngày ƯỚC TÍNH (theo số PS)
190642,11546369-MY-AK,711136,1681,,,9590,2026-06-24 18:00:00,29753,SHIP suy từ cờ Shipped + PS# của WORK ORDER; qty=PIECES; ngày ƯỚC TÍNH (theo số PS)
190642,11546369-MY-AK,711137,84,,,9661,2026-06-28 18:00:00,29773,SHIP suy từ cờ Shipped + PS# của WORK ORDER; qty=PIECES; ngày ƯỚC TÍNH (theo số PS)
190719,W520414-S440,711143,480,,,43218,2026-06-24 18:00:00,29753,SHIP suy từ cờ Shipped + PS# của WORK ORDER; qty=PIECES; ngày ƯỚC TÍNH (theo số PS)
190719,W520414-S440,711144,574,,,40805,2026-06-25 18:00:00,29756,SHIP suy từ cờ Shipped + PS# của WORK ORDER; qty=PIECES; ngày ƯỚC TÍNH (theo số PS)
190559,W520412-S442,711149,1432,,,114744,2026-06-22 18:00:00,29743,SHIP suy từ cờ Shipped + PS# của WORK ORDER; qty=PIECES; ngày ƯỚC TÍNH (theo số PS)
190559,W520412-S442,711150,748,,,125641,2026-06-18 18:00:00,29728,SHIP suy từ cờ Shipped + PS# của WORK ORDER; qty=PIECES; ngày ƯỚC TÍNH (theo số PS)
191012,W520217-S440,711153,646,,,4771,2026-07-07 18:00:00,29809,SHIP suy từ cờ Shipped + PS# của WORK ORDER; qty=PIECES; ngày ƯỚC TÍNH (theo số PS)
191012,W520217-S440,711154,707,,,4860,2026-07-07 18:00:00,29809,SHIP suy từ cờ Shipped + PS# của WORK ORDER; qty=tổng SELECT; ngày ƯỚC TÍNH (theo số PS)
191012,W520217-S440,711156,1333,,,5169,2026-07-07 18:00:00,29809,SHIP suy từ cờ Shipped + PS# của WORK ORDER; qty=PIECES; ngày ƯỚC TÍNH (theo số PS)
190535,NU5108-00,711159,462,,,65000,2026-06-26 18:00:00,29764,SHIP suy từ cờ Shipped + PS# của WORK ORDER; qty=PIECES; ngày ƯỚC TÍNH (theo số PS)
190673,NU5108-00,711160,451,,,68000,2026-07-05 18:00:00,29801,SHIP suy từ cờ Shipped + PS# của WORK ORDER; qty=PIECES; ngày ƯỚC TÍNH (theo số PS)
190400,NU5210-03,711161,1625,,,40000,2026-06-18 18:00:00,29725,SHIP suy từ cờ Shipped + PS# của WORK ORDER; qty=PIECES; ngày ƯỚC TÍNH (theo số PS)
190436,NU5210-03,711162,64,,,14000,2026-06-18 18:00:00,29728,SHIP suy từ cờ Shipped + PS# của WORK ORDER; qty=PIECES; ngày ƯỚC TÍNH (theo số PS)
190673,NU1510-00,711163,568,,,41000,2026-06-26 18:00:00,29764,SHIP suy từ cờ Shipped + PS# của WORK ORDER; qty=PIECES; ngày ƯỚC TÍNH (theo số PS)
190535,NU1510-00,711164,164,,,42000,2026-06-18 18:00:00,29728,SHIP suy từ cờ Shipped + PS# của WORK ORDER; qty=PIECES; ngày ƯỚC TÍNH (theo số PS)
190560,11546449,711165,961,,,87119,2026-06-22 18:00:00,29743,SHIP suy từ cờ Shipped + PS# của WORK ORDER; qty=PIECES; ngày ƯỚC TÍNH (theo số PS)
190560,11546449,711166,444,,,87797,2026-06-22 18:00:00,29743,SHIP suy từ cờ Shipped + PS# của WORK ORDER; qty=PIECES; ngày ƯỚC TÍNH (theo số PS)
190560,11546449,711167,614,,,84915,2026-07-05 18:00:00,29800,SHIP suy từ cờ Shipped + PS# của WORK ORDER; qty=PIECES; ngày ƯỚC TÍNH (theo số PS)
190560,11546449,711168,455,,,88051,2026-06-25 18:00:00,29756,SHIP suy từ cờ Shipped + PS# của WORK ORDER; qty=PIECES; ngày ƯỚC TÍNH (theo số PS)
190560,11546449,711169,908,,,90169,2026-06-25 18:00:00,29756,SHIP suy từ cờ Shipped + PS# của WORK ORDER; qty=PIECES; ngày ƯỚC TÍNH (theo số PS)
190560,11546449,711170,1108,,,85763,2026-06-22 18:00:00,29743,SHIP suy từ cờ Shipped + PS# của WORK ORDER; qty=PIECES; ngày ƯỚC TÍNH (theo số PS)
190560,11546449,711171,878,,,86271,2026-06-22 18:00:00,29744,SHIP suy từ cờ Shipped + PS# của WORK ORDER; qty=PIECES; ngày ƯỚC TÍNH (theo số PS)
190560,11546449,711172,290,,,90339,2026-06-22 18:00:00,29743,SHIP suy từ cờ Shipped + PS# của WORK ORDER; qty=PIECES; ngày ƯỚC TÍNH (theo số PS)
190560,11546449,711173,347,,,86864,2026-06-22 18:00:00,29744,SHIP suy từ cờ Shipped + PS# của WORK ORDER; qty=PIECES; ngày ƯỚC TÍNH (theo số PS)
190560,11546449,711174,1053,,,87373,2026-06-21 18:00:00,29738,SHIP suy từ cờ Shipped + PS# của WORK ORDER; qty=PIECES; ngày ƯỚC TÍNH (theo số PS)
190512,W20-1028-020SL,711175,1617,,,8111,2026-06-26 18:00:00,29764,SHIP suy từ cờ Shipped + PS# của WORK ORDER; qty=PIECES; ngày ƯỚC TÍNH (theo số PS)
190512,W20-1028-020SL,711176,539,,,6816,2026-06-26 18:00:00,29764,SHIP suy từ cờ Shipped + PS# của WORK ORDER; qty=PIECES; ngày ƯỚC TÍNH (theo số PS)
190512,W20-1028-020SL,711177,789,,,7731,2026-06-26 18:00:00,29764,SHIP suy từ cờ Shipped + PS# của WORK ORDER; qty=PIECES; ngày ƯỚC TÍNH (theo số PS)
190512,W20-1028-020SL,711178,1092,,,7430,2026-06-26 18:00:00,29764,SHIP suy từ cờ Shipped + PS# của WORK ORDER; qty=PIECES; ngày ƯỚC TÍNH (theo số PS)
190512,W20-1028-020SL,711179,1547,,,7731,2026-06-26 18:00:00,29764,SHIP suy từ cờ Shipped + PS# của WORK ORDER; qty=PIECES; ngày ƯỚC TÍNH (theo số PS)
190512,W20-1028-020SL,711180,1060,,,7321,2026-06-26 18:00:00,29764,SHIP suy từ cờ Shipped + PS# của WORK ORDER; qty=PIECES; ngày ƯỚC TÍNH (theo số PS)
190512,W20-1028-020SL,711181,1577,,,7679,2026-06-26 18:00:00,29764,SHIP suy từ cờ Shipped + PS# của WORK ORDER; qty=PIECES; ngày ƯỚC TÍNH (theo số PS)
190512,W20-1028-020SL,711182,655,,,7299,2026-06-26 18:00:00,29764,SHIP suy từ cờ Shipped + PS# của WORK ORDER; qty=PIECES; ngày ƯỚC TÍNH (theo số PS)
190512,W20-1028-020SL,711183,1011,,,6654,2026-06-26 18:00:00,29764,SHIP suy từ cờ Shipped + PS# của WORK ORDER; qty=PIECES; ngày ƯỚC TÍNH (theo số PS)
190512,W20-1028-020SL,711184,977,,,8382,2026-06-26 18:00:00,29764,SHIP suy từ cờ Shipped + PS# của WORK ORDER; qty=PIECES; ngày ƯỚC TÍNH (theo số PS)
190512,11546463,711189,616,,,14211,2026-06-18 18:00:00,29727,SHIP suy từ cờ Shipped + PS# của WORK ORDER; qty=PIECES; ngày ƯỚC TÍNH (theo số PS)
190512,11546463,711190,1327,,,16285,2026-07-12 18:00:00,29835,SHIP suy từ cờ Shipped + PS# của WORK ORDER; qty=PIECES; ngày ƯỚC TÍNH (theo số PS)
190512,11546463,711191,627,,,15511,2026-06-18 18:00:00,29727,SHIP suy từ cờ Shipped + PS# của WORK ORDER; qty=PIECES; ngày ƯỚC TÍNH (theo số PS)
190512,11546463,711192,725,,,15093,2026-06-21 18:00:00,29740,SHIP suy từ cờ Shipped + PS# của WORK ORDER; qty=PIECES; ngày ƯỚC TÍNH (theo số PS)
190512,11602031,711193,97,,,3807,2026-06-21 18:00:00,29740,SHIP suy từ cờ Shipped + PS# của WORK ORDER; qty=PIECES; ngày ƯỚC TÍNH (theo số PS)
190512,11602031,711194,1710,,,4767,2026-06-18 18:00:00,29728,SHIP suy từ cờ Shipped + PS# của WORK ORDER; qty=PIECES; ngày ƯỚC TÍNH (theo số PS)
190512,11602031,711195,1604,,,4718,2026-06-21 18:00:00,29740,SHIP suy từ cờ Shipped + PS# của WORK ORDER; qty=PIECES; ngày ƯỚC TÍNH (theo số PS)
190512,11602031,711196,1044,,,3836,2026-06-21 18:00:00,29740,SHIP suy từ cờ Shipped + PS# của WORK ORDER; qty=PIECES; ngày ƯỚC TÍNH (theo số PS)
191090,11604852,711197,8,,,21649,2026-07-08 18:00:00,29814,SHIP suy từ cờ Shipped + PS# của WORK ORDER; qty=PIECES; ngày ƯỚC TÍNH (theo số PS)
191090,11604852,711198,1664,,,23316,2026-07-08 18:00:00,29814,SHIP suy từ cờ Shipped + PS# của WORK ORDER; qty=PIECES; ngày ƯỚC TÍNH (theo số PS)
190560,82244,711199,1649,,,16145,2026-06-22 18:00:00,29744,SHIP suy từ cờ Shipped + PS# của WORK ORDER; qty=PIECES; ngày ƯỚC TÍNH (theo số PS)
190560,82244,711200,463,,,12892,2026-07-03 18:00:00,29792,SHIP suy từ cờ Shipped + PS# của WORK ORDER; qty=PIECES; ngày ƯỚC TÍNH (theo số PS)
190796,11610128,711202,171,,,30821,2026-07-03 18:00:00,29792,SHIP suy từ cờ Shipped + PS# của WORK ORDER; qty=PIECES; ngày ƯỚC TÍNH (theo số PS)
190796,11610128,711203,1688,,,30929,2026-06-28 18:00:00,29773,SHIP suy từ cờ Shipped + PS# của WORK ORDER; qty=PIECES; ngày ƯỚC TÍNH (theo số PS)
190796,11610126,711204,1611,,,29016,2026-06-28 18:00:00,29769,SHIP suy từ cờ Shipped + PS# của WORK ORDER; qty=PIECES; ngày ƯỚC TÍNH (theo số PS)
190796,11610126,711205,1334,,,36535,2026-06-28 18:00:00,29769,SHIP suy từ cờ Shipped + PS# của WORK ORDER; qty=PIECES; ngày ƯỚC TÍNH (theo số PS)
190796,11610126,711206,907,,,19134,2026-06-28 18:00:00,29773,SHIP suy từ cờ Shipped + PS# của WORK ORDER; qty=PIECES; ngày ƯỚC TÍNH (theo số PS)
191506,11546703,711208,1719,,,117778,2026-07-24 18:00:00,29888,SHIP suy từ cờ Shipped + PS# của WORK ORDER; qty=PIECES; ngày ƯỚC TÍNH (theo số PS)
191506,11546703,711209,633,,,130741,2026-07-22 18:00:00,29877,SHIP suy từ cờ Shipped + PS# của WORK ORDER; qty=PIECES; ngày ƯỚC TÍNH (theo số PS)
191276,11546703,711210,213,,,112593,2026-07-17 18:00:00,29857,SHIP suy từ cờ Shipped + PS# của WORK ORDER; qty=PIECES; ngày ƯỚC TÍNH (theo số PS)
191276,11546703,711211,717,,,138025,2026-07-16 18:00:00,29852,SHIP suy từ cờ Shipped + PS# của WORK ORDER; qty=PIECES; ngày ƯỚC TÍNH (theo số PS)
191276,11546703,711212,946,,,127160,2026-07-17 18:00:00,29854,SHIP suy từ cờ Shipped + PS# của WORK ORDER; qty=PIECES; ngày ƯỚC TÍNH (theo số PS)
191276,11546703,711213,1393,,,125185,2026-07-16 18:00:00,29850,SHIP suy từ cờ Shipped + PS# của WORK ORDER; qty=PIECES; ngày ƯỚC TÍNH (theo số PS)
191061,11546703,711214,586,,,128025,2026-07-07 18:00:00,29809,SHIP suy từ cờ Shipped + PS# của WORK ORDER; qty=PIECES; ngày ƯỚC TÍNH (theo số PS)
191276,11546703,711215,632,,,121852,2026-07-17 18:00:00,29854,SHIP suy từ cờ Shipped + PS# của WORK ORDER; qty=PIECES; ngày ƯỚC TÍNH (theo số PS)
191061,11546703,711216,1565,,,129753,2026-07-06 18:00:00,29807,SHIP suy từ cờ Shipped + PS# của WORK ORDER; qty=PIECES; ngày ƯỚC TÍNH (theo số PS)
191506,11546703,711217,1508,,,121975,2026-07-22 18:00:00,29877,SHIP suy từ cờ Shipped + PS# của WORK ORDER; qty=PIECES; ngày ƯỚC TÍNH (theo số PS)
191061,11546703,711218,331,,,115926,2026-07-06 18:00:00,29807,SHIP suy từ cờ Shipped + PS# của WORK ORDER; qty=PIECES; ngày ƯỚC TÍNH (theo số PS)
191276,11546703,711219,281,,,133580,2026-07-16 18:00:00,29852,SHIP suy từ cờ Shipped + PS# của WORK ORDER; qty=PIECES; ngày ƯỚC TÍNH (theo số PS)
191276,11546703,711220,275,,,118025,2026-07-16 18:00:00,29850,SHIP suy từ cờ Shipped + PS# của WORK ORDER; qty=PIECES; ngày ƯỚC TÍNH (theo số PS)
191061,11546703,711221,1504,,,133086,2026-07-06 18:00:00,29807,SHIP suy từ cờ Shipped + PS# của WORK ORDER; qty=PIECES; ngày ƯỚC TÍNH (theo số PS)
191276,11546703,711222,1690,,,129753,2026-07-16 18:00:00,29852,SHIP suy từ cờ Shipped + PS# của WORK ORDER; qty=PIECES; ngày ƯỚC TÍNH (theo số PS)
191061,11546703,711223,254,,,117407,2026-07-06 18:00:00,29807,SHIP suy từ cờ Shipped + PS# của WORK ORDER; qty=PIECES; ngày ƯỚC TÍNH (theo số PS)
191276,11546703,711224,202,,,120864,2026-07-22 18:00:00,29879,SHIP suy từ cờ Shipped + PS# của WORK ORDER; qty=PIECES; ngày ƯỚC TÍNH (theo số PS)
191061,11546703,711225,34,,,72000,2026-07-07 18:00:00,29809,SHIP suy từ cờ Shipped + PS# của WORK ORDER; qty=tổng SELECT; ngày ƯỚC TÍNH (theo số PS)
190796,W715851-S450B,711226,9,,,51039,2026-06-28 18:00:00,29769,SHIP suy từ cờ Shipped + PS# của WORK ORDER; qty=PIECES; ngày ƯỚC TÍNH (theo số PS)
190796,W715851-S450B,711227,210,,,50974,2026-06-28 18:00:00,29769,SHIP suy từ cờ Shipped + PS# của WORK ORDER; qty=PIECES; ngày ƯỚC TÍNH (theo số PS)
190864,40204491,711228,1084,,,22500,2026-07-05 18:00:00,29800,SHIP suy từ cờ Shipped + PS# của WORK ORDER; qty=tổng SELECT; ngày ƯỚC TÍNH (theo số PS)
190864,40204491,711229,65,,,22500,2026-07-20 18:00:00,29871,SHIP suy từ cờ Shipped + PS# của WORK ORDER; qty=tổng SELECT; ngày ƯỚC TÍNH (theo số PS)
190621,W20-1028-012,711230,958,,,36656,2026-06-26 18:00:00,29764,SHIP suy từ cờ Shipped + PS# của WORK ORDER; qty=PIECES; ngày ƯỚC TÍNH (theo số PS)
190621,W20-1028-012,711231,1666,,,31262,2026-06-28 18:00:00,29773,SHIP suy từ cờ Shipped + PS# của WORK ORDER; qty=PIECES; ngày ƯỚC TÍNH (theo số PS)
190621,W20-1028-012,711232,1302,,,31167,2026-06-26 18:00:00,29764,SHIP suy từ cờ Shipped + PS# của WORK ORDER; qty=PIECES; ngày ƯỚC TÍNH (theo số PS)
190621,W20-1028-012,711233,1599,,,37098,2026-06-26 18:00:00,29764,SHIP suy từ cờ Shipped + PS# của WORK ORDER; qty=PIECES; ngày ƯỚC TÍNH (theo số PS)
190621,W20-1028-012,711234,1046,,,34164,2026-06-26 18:00:00,29764,SHIP suy từ cờ Shipped + PS# của WORK ORDER; qty=PIECES; ngày ƯỚC TÍNH (theo số PS)
190621,W20-1028-012,711235,942,,,34069,2026-06-26 18:00:00,29764,SHIP suy từ cờ Shipped + PS# của WORK ORDER; qty=PIECES; ngày ƯỚC TÍNH (theo số PS)
190880,NU1405-00,711236,GAYLORD,,,81955,2026-07-03 18:00:00,29792,SHIP suy từ cờ Shipped + PS# của WORK ORDER; qty=tổng SELECT; ngày ƯỚC TÍNH (theo số PS)
190673,NU1405-00,711236-,610,,,68636,2026-06-26 18:00:00,29764,SHIP suy từ cờ Shipped + PS# của WORK ORDER; qty=PIECES; ngày ƯỚC TÍNH (theo số PS)
190880,NU1405-00,711237,GAYLORD,,,75000,2026-07-02 18:00:00,29787,SHIP suy từ cờ Shipped + PS# của WORK ORDER; qty=tổng SELECT; ngày ƯỚC TÍNH (theo số PS)
190673,NU1405-00,711237-,1362,,,82987,2026-06-26 18:00:00,29764,SHIP suy từ cờ Shipped + PS# của WORK ORDER; qty=PIECES; ngày ƯỚC TÍNH (theo số PS)
191105,NA1055-02,711238,1070,,,15677,2026-07-07 18:00:00,29811,SHIP suy từ cờ Shipped + PS# của WORK ORDER; qty=PIECES; ngày ƯỚC TÍNH (theo số PS)
190690,E6267AB,711244,112,,,25096,2026-06-28 18:00:00,29769,SHIP suy từ cờ Shipped + PS# của WORK ORDER; qty=PIECES; ngày ƯỚC TÍNH (theo số PS)
190690,E6267AB,711245,400,,,23227,2026-06-24 18:00:00,29755,SHIP suy từ cờ Shipped + PS# của WORK ORDER; qty=PIECES; ngày ƯỚC TÍNH (theo số PS)
190880,NU1405-00,711246,GAYLORD,,,77480,2026-07-03 18:00:00,29792,SHIP suy từ cờ Shipped + PS# của WORK ORDER; qty=tổng SELECT; ngày ƯỚC TÍNH (theo số PS)
190673,NU1405-00,711246-,90,,,77727,2026-06-26 18:00:00,29764,SHIP suy từ cờ Shipped + PS# của WORK ORDER; qty=PIECES; ngày ƯỚC TÍNH (theo số PS)
190673,NU1405-00,711247,766,,,71234,2026-06-26 18:00:00,29764,SHIP suy từ cờ Shipped + PS# của WORK ORDER; qty=PIECES; ngày ƯỚC TÍNH (theo số PS)
190673,NU1405-00,711248,630,,,72532,2026-06-26 18:00:00,29764,SHIP suy từ cờ Shipped + PS# của WORK ORDER; qty=PIECES; ngày ƯỚC TÍNH (theo số PS)
190880,NU1405-00,711249,GAYLORD,,,54000,2026-07-02 18:00:00,29789,SHIP suy từ cờ Shipped + PS# của WORK ORDER; qty=tổng SELECT; ngày ƯỚC TÍNH (theo số PS)
190673,NU1405-00,711249-,1640,,,76364,2026-06-26 18:00:00,29764,SHIP suy từ cờ Shipped + PS# của WORK ORDER; qty=PIECES; ngày ƯỚC TÍNH (theo số PS)
190732,11549169-MY-AK,711252,1402,,,25669,2026-07-03 18:00:00,29792,SHIP suy từ cờ Shipped + PS# của WORK ORDER; qty=PIECES; ngày ƯỚC TÍNH (theo số PS)
190732,11549169-MY-AK,711253,651,,,23524,2026-07-02 18:00:00,29789,SHIP suy từ cờ Shipped + PS# của WORK ORDER; qty=PIECES; ngày ƯỚC TÍNH (theo số PS)
190732,11549169-MY-AK,711254,909,,,24013,2026-07-02 18:00:00,29789,SHIP suy từ cờ Shipped + PS# của WORK ORDER; qty=PIECES; ngày ƯỚC TÍNH (theo số PS)
190732,11549169-MY-AK,711255,1567,,,25032,2026-06-28 18:00:00,29773,SHIP suy từ cờ Shipped + PS# của WORK ORDER; qty=PIECES; ngày ƯỚC TÍNH (theo số PS)
191192,82254,711261,975,,,50625,2026-07-17 18:00:00,29857,SHIP suy từ cờ Shipped + PS# của WORK ORDER; qty=PIECES; ngày ƯỚC TÍNH (theo số PS)
190796,W711953-S900,711262,975,,,78750,2026-06-30 18:00:00,29779,SHIP suy từ cờ Shipped + PS# của WORK ORDER; qty=tổng SELECT; ngày ƯỚC TÍNH (theo số PS)
190796,06101447-A,711296,673,,,91348,2026-06-29 18:00:00,29776,SHIP suy từ cờ Shipped + PS# của WORK ORDER; qty=PIECES; ngày ƯỚC TÍNH (theo số PS)
190796,06101447-A,711297,567,,,107079,2026-06-29 18:00:00,29776,SHIP suy từ cờ Shipped + PS# của WORK ORDER; qty=PIECES; ngày ƯỚC TÍNH (theo số PS)
190796,06503825-A,711298,1007,,,63077,2026-06-28 18:00:00,29769,SHIP suy từ cờ Shipped + PS# của WORK ORDER; qty=PIECES; ngày ƯỚC TÍNH (theo số PS)
190796,06503825-A,711299,1435,,,51769,2026-06-28 18:00:00,29769,SHIP suy từ cờ Shipped + PS# của WORK ORDER; qty=PIECES; ngày ƯỚC TÍNH (theo số PS)
190796,06512686AA,711300,1676,,,29674,2026-06-28 18:00:00,29773,SHIP suy từ cờ Shipped + PS# của WORK ORDER; qty=PIECES; ngày ƯỚC TÍNH (theo số PS)
190796,06512686AA,711301,1434,,,24430,2026-06-28 18:00:00,29773,SHIP suy từ cờ Shipped + PS# của WORK ORDER; qty=PIECES; ngày ƯỚC TÍNH (theo số PS)
190648,06513514AA,711303,951,,,10000,2026-06-24 18:00:00,29755,SHIP suy từ cờ Shipped + PS# của WORK ORDER; qty=PIECES; ngày ƯỚC TÍNH (theo số PS)
190648,06513514AA,711304,966,,,10000,2026-06-24 18:00:00,29755,SHIP suy từ cờ Shipped + PS# của WORK ORDER; qty=PIECES; ngày ƯỚC TÍNH (theo số PS)
190796,06105051AA,711306,980,,,14252,2026-07-02 18:00:00,29789,SHIP suy từ cờ Shipped + PS# của WORK ORDER; qty=PIECES; ngày ƯỚC TÍNH (theo số PS)
190796,06105051AA,711307,148,,,17906,2026-06-28 18:00:00,29773,SHIP suy từ cờ Shipped + PS# của WORK ORDER; qty=PIECES; ngày ƯỚC TÍNH (theo số PS)
190975,F1302AB,711308,668,,,22621,2026-07-05 18:00:00,29800,SHIP suy từ cờ Shipped + PS# của WORK ORDER; qty=PIECES; ngày ƯỚC TÍNH (theo số PS)
190975,F1302AB,711309,634,,,17379,2026-07-08 18:00:00,29816,SHIP suy từ cờ Shipped + PS# của WORK ORDER; qty=PIECES; ngày ƯỚC TÍNH (theo số PS)
191105,F1302AB,711310,121,,,20032,2026-07-08 18:00:00,29814,SHIP suy từ cờ Shipped + PS# của WORK ORDER; qty=PIECES; ngày ƯỚC TÍNH (theo số PS)
191105,F1302AB,711311,1002,,,19547,2026-07-08 18:00:00,29814,SHIP suy từ cờ Shipped + PS# của WORK ORDER; qty=PIECES; ngày ƯỚC TÍNH (theo số PS)
190695,06512732AA,711312,369,,,15116,2026-06-24 18:00:00,29755,SHIP suy từ cờ Shipped + PS# của WORK ORDER; qty=PIECES; ngày ƯỚC TÍNH (theo số PS)
190695,06512732AA,711313,13,,,13522,2026-06-24 18:00:00,29755,SHIP suy từ cờ Shipped + PS# của WORK ORDER; qty=PIECES; ngày ƯỚC TÍNH (theo số PS)
190814,06514720AA,711314,142,,,29774,2026-06-29 18:00:00,29776,SHIP suy từ cờ Shipped + PS# của WORK ORDER; qty=PIECES; ngày ƯỚC TÍNH (theo số PS)
190796,06514720AA,711315,1685,,,29140,2026-06-28 18:00:00,29769,SHIP suy từ cờ Shipped + PS# của WORK ORDER; qty=PIECES; ngày ƯỚC TÍNH (theo số PS)
190814,06514720AA,711316,1663,,,29231,2026-06-30 18:00:00,29779,SHIP suy từ cờ Shipped + PS# của WORK ORDER; qty=PIECES; ngày ƯỚC TÍNH (theo số PS)
190796,06514720AA,711317,792,,,29231,2026-06-28 18:00:00,29769,SHIP suy từ cờ Shipped + PS# của WORK ORDER; qty=PIECES; ngày ƯỚC TÍNH (theo số PS)
190796,06105051AA,711318,66,,,13675,2026-06-28 18:00:00,29773,SHIP suy từ cờ Shipped + PS# của WORK ORDER; qty=PIECES; ngày ƯỚC TÍNH (theo số PS)
190796,06105051AA,711319,1563,,,18782,2026-06-28 18:00:00,29769,SHIP suy từ cờ Shipped + PS# của WORK ORDER; qty=PIECES; ngày ƯỚC TÍNH (theo số PS)
190797,06101736-A,711320,1395,,,95281,2026-07-01 18:00:00,29784,SHIP suy từ cờ Shipped + PS# của WORK ORDER; qty=PIECES; ngày ƯỚC TÍNH (theo số PS)
190797,06101736-A,711321,1365,,,103933,2026-06-30 18:00:00,29779,SHIP suy từ cờ Shipped + PS# của WORK ORDER; qty=PIECES; ngày ƯỚC TÍNH (theo số PS)
190621,11546364,711326,141,,,128313,2026-06-28 18:00:00,29773,SHIP suy từ cờ Shipped + PS# của WORK ORDER; qty=PIECES; ngày ƯỚC TÍNH (theo số PS)
190621,11546364,711327,1628,,,126145,2026-06-24 18:00:00,29755,SHIP suy từ cờ Shipped + PS# của WORK ORDER; qty=PIECES; ngày ƯỚC TÍNH (theo số PS)
190690,11546437-MY-AK,711334,1103,,,85846,2026-07-08 18:00:00,29816,SHIP suy từ cờ Shipped + PS# của WORK ORDER; qty=PIECES; ngày ƯỚC TÍNH (theo số PS)
190690,11546437-MY-AK,711335,235,,,84846,2026-06-25 18:00:00,29758,SHIP suy từ cờ Shipped + PS# của WORK ORDER; qty=PIECES; ngày ƯỚC TÍNH (theo số PS)
190690,11546437-MY-AK,711336,1021,,,79385,2026-06-28 18:00:00,29769,SHIP suy từ cờ Shipped + PS# của WORK ORDER; qty=PIECES; ngày ƯỚC TÍNH (theo số PS)
190690,11546437-MY-AK,711337,794,,,90077,2026-06-25 18:00:00,29758,SHIP suy từ cờ Shipped + PS# của WORK ORDER; qty=PIECES; ngày ƯỚC TÍNH (theo số PS)
190690,11546437-MY-AK,711338,560,,,87538,2026-06-25 18:00:00,29756,SHIP suy từ cờ Shipped + PS# của WORK ORDER; qty=PIECES; ngày ƯỚC TÍNH (theo số PS)
190690,11546437-MY-AK,711339,743,,,84154,2026-07-08 18:00:00,29816,SHIP suy từ cờ Shipped + PS# của WORK ORDER; qty=PIECES; ngày ƯỚC TÍNH (theo số PS)
190690,11546437-MY-AK,711340,1595,,,72692,2026-06-24 18:00:00,29755,SHIP suy từ cờ Shipped + PS# của WORK ORDER; qty=PIECES; ngày ƯỚC TÍNH (theo số PS)
190690,11546437-MY-AK,711341,350,,,69769,2026-06-25 18:00:00,29758,SHIP suy từ cờ Shipped + PS# của WORK ORDER; qty=PIECES; ngày ƯỚC TÍNH (theo số PS)
190690,11546437-MY-AK,711342,841,,,80846,2026-06-25 18:00:00,29758,SHIP suy từ cờ Shipped + PS# của WORK ORDER; qty=PIECES; ngày ƯỚC TÍNH (theo số PS)
190690,11546437-MY-AK,711343,249,,,89846,2026-06-24 18:00:00,29755,SHIP suy từ cờ Shipped + PS# của WORK ORDER; qty=PIECES; ngày ƯỚC TÍNH (theo số PS)
190690,11546437-MY-AK,711344,502,,,80077,2026-06-24 18:00:00,29755,SHIP suy từ cờ Shipped + PS# của WORK ORDER; qty=PIECES; ngày ƯỚC TÍNH (theo số PS)
190690,11546437-MY-AK,711345,765,,,86846,2026-06-24 18:00:00,29755,SHIP suy từ cờ Shipped + PS# của WORK ORDER; qty=PIECES; ngày ƯỚC TÍNH (theo số PS)
191340,P7520450,711361,648,,,16000,2026-07-17 18:00:00,29854,SHIP suy từ cờ Shipped + PS# của WORK ORDER; qty=PIECES; ngày ƯỚC TÍNH (theo số PS)
191012,11516382,711362,337,,,15000,2026-07-15 18:00:00,29848,SHIP suy từ cờ Shipped + PS# của WORK ORDER; qty=PIECES; ngày ƯỚC TÍNH (theo số PS)
190400,W705606-S440,711363,KIB,,,40000,2026-06-18 18:00:00,29725,SHIP suy từ cờ Shipped + PS# của WORK ORDER; qty=PIECES; ngày ƯỚC TÍNH (theo số PS)
190400,W705606-S440,711364,KIB,,,40000,2026-06-14 18:00:00,29707,SHIP suy từ cờ Shipped + PS# của WORK ORDER; qty=PIECES; ngày ƯỚC TÍNH (theo số PS)
190400,W705606-S440,711365,KIB,,,40000,2026-06-14 18:00:00,29709,SHIP suy từ cờ Shipped + PS# của WORK ORDER; qty=PIECES; ngày ƯỚC TÍNH (theo số PS)
190400,W705606-S440,711366,KIB,,,40000,2026-06-15 18:00:00,29713,SHIP suy từ cờ Shipped + PS# của WORK ORDER; qty=PIECES; ngày ƯỚC TÍNH (theo số PS)
190400,W705606-S440,711367,KIB,,,40000,2026-06-15 18:00:00,29713,SHIP suy từ cờ Shipped + PS# của WORK ORDER; qty=PIECES; ngày ƯỚC TÍNH (theo số PS)
190400,W705606-S440,711368,KIB,,,40000,2026-06-15 18:00:00,29713,SHIP suy từ cờ Shipped + PS# của WORK ORDER; qty=PIECES; ngày ƯỚC TÍNH (theo số PS)
190400,11518428,711369,KIB,,,60800,2026-06-14 18:00:00,29707,SHIP suy từ cờ Shipped + PS# của WORK ORDER; qty=PIECES; ngày ƯỚC TÍNH (theo số PS)
190400,11518428,711370,KIB,,,60800,2026-06-14 18:00:00,29707,SHIP suy từ cờ Shipped + PS# của WORK ORDER; qty=PIECES; ngày ƯỚC TÍNH (theo số PS)
190400,K1046AB,711371,KIB,,,100640,2026-06-14 18:00:00,29707,SHIP suy từ cờ Shipped + PS# của WORK ORDER; qty=PIECES; ngày ƯỚC TÍNH (theo số PS)
190400,K1046AB,711372,KIB,,,100640,2026-06-14 18:00:00,29707,SHIP suy từ cờ Shipped + PS# của WORK ORDER; qty=PIECES; ngày ƯỚC TÍNH (theo số PS)
190400,11603904,711373,KIB,,,30000,2026-06-13 18:00:00,29705,SHIP suy từ cờ Shipped + PS# của WORK ORDER; qty=PIECES; ngày ƯỚC TÍNH (theo số PS)
190400,11603904,711374,KIB,,,30000,2026-06-13 18:00:00,29705,SHIP suy từ cờ Shipped + PS# của WORK ORDER; qty=PIECES; ngày ƯỚC TÍNH (theo số PS)
192681,06512686AA,711375,282,,,29967,2026-07-30 18:00:00,29915,SHIP suy từ cờ Shipped + PS# của WORK ORDER; qty=PIECES; ngày ƯỚC TÍNH (theo số PS)
192681,06512686AA,711376,37,,,26580,2026-07-30 18:00:00,29915,SHIP suy từ cờ Shipped + PS# của WORK ORDER; qty=PIECES; ngày ƯỚC TÍNH (theo số PS)
192681,06512686AA,711377,333,,,33160,2026-07-30 18:00:00,29915,SHIP suy từ cờ Shipped + PS# của WORK ORDER; qty=PIECES; ngày ƯỚC TÍNH (theo số PS)
192681,06512686AA,711378,165,,,28827,2026-07-30 18:00:00,29915,SHIP suy từ cờ Shipped + PS# của WORK ORDER; qty=PIECES; ngày ƯỚC TÍNH (theo số PS)
190673,NU5108-00,711380,245,,,68000,2026-07-05 18:00:00,29801,SHIP suy từ cờ Shipped + PS# của WORK ORDER; qty=PIECES; ngày ƯỚC TÍNH (theo số PS)
190673,NU5108-00,711381,578,,,70000,2026-07-05 18:00:00,29801,SHIP suy từ cờ Shipped + PS# của WORK ORDER; qty=PIECES; ngày ƯỚC TÍNH (theo số PS)
190400,06507109AA,711382,33 CTNS,,,11550,2026-06-17 18:00:00,29723,SHIP suy từ cờ Shipped + PS# của WORK ORDER; qty=PIECES; ngày ƯỚC TÍNH (theo số PS)
190976,22800396-IN-PN,711384,1364,,,30435,2026-07-06 18:00:00,29805,SHIP suy từ cờ Shipped + PS# của WORK ORDER; qty=PIECES; ngày ƯỚC TÍNH (theo số PS)
192681,P7241950-IN-PN,711389,29,,,2279,2026-07-30 18:00:00,29915,SHIP suy từ cờ Shipped + PS# của WORK ORDER; qty=PIECES; ngày ƯỚC TÍNH (theo số PS)
192681,P7241950-IN-PN,711390,1030,,,2110,2026-07-30 18:00:00,29915,SHIP suy từ cờ Shipped + PS# của WORK ORDER; qty=PIECES; ngày ƯỚC TÍNH (theo số PS)
192681,P7241950-IN-PN,711391,421,,,2442,2026-08-06 18:00:00,29944,SHIP suy từ cờ Shipped + PS# của WORK ORDER; qty=PIECES; ngày ƯỚC TÍNH (theo số PS)
192681,P7241950-IN-PN,711392,1589,,,2065,2026-07-30 18:00:00,29915,SHIP suy từ cờ Shipped + PS# của WORK ORDER; qty=PIECES; ngày ƯỚC TÍNH (theo số PS)
192681,P7241950-IN-PN,711393,1592,,,3045,2026-07-30 18:00:00,29915,SHIP suy từ cờ Shipped + PS# của WORK ORDER; qty=PIECES; ngày ƯỚC TÍNH (theo số PS)
192681,P7241950-IN-PN,711394,1315,,,2234,2026-07-30 18:00:00,29915,SHIP suy từ cờ Shipped + PS# của WORK ORDER; qty=PIECES; ngày ƯỚC TÍNH (theo số PS)
190607,11546377-PH-RO,711401,342,,,73182,2026-06-22 18:00:00,29744,SHIP suy từ cờ Shipped + PS# của WORK ORDER; qty=PIECES; ngày ƯỚC TÍNH (theo số PS)
190607,11546377-PH-RO,711402,756,,,54740,2026-06-28 18:00:00,29769,SHIP suy từ cờ Shipped + PS# của WORK ORDER; qty=PIECES; ngày ƯỚC TÍNH (theo số PS)
190621,06101831-A,711403,140,,,25725,2026-06-28 18:00:00,29773,SHIP suy từ cờ Shipped + PS# của WORK ORDER; qty=PIECES; ngày ƯỚC TÍNH (theo số PS)
190621,06101831-A,711404,26,,,33333,2026-06-28 18:00:00,29773,SHIP suy từ cờ Shipped + PS# của WORK ORDER; qty=PIECES; ngày ƯỚC TÍNH (theo số PS)
190621,06101831-A,711406,1419,,,33696,2026-06-28 18:00:00,29773,SHIP suy từ cờ Shipped + PS# của WORK ORDER; qty=PIECES; ngày ƯỚC TÍNH (theo số PS)
190621,06101831-A,711407,117,,,36341,2026-06-28 18:00:00,29773,SHIP suy từ cờ Shipped + PS# của WORK ORDER; qty=PIECES; ngày ƯỚC TÍNH (theo số PS)
190621,06101831-A,711409,1380,,,42681,2026-06-28 18:00:00,29773,SHIP suy từ cờ Shipped + PS# của WORK ORDER; qty=PIECES; ngày ƯỚC TÍNH (theo số PS)
190621,06101831-A,711410,376,,,41739,2026-06-22 18:00:00,29743,SHIP suy từ cờ Shipped + PS# của WORK ORDER; qty=PIECES; ngày ƯỚC TÍNH (theo số PS)
190621,06101831-A,711412,469,,,40942,2026-06-24 18:00:00,29753,SHIP suy từ cờ Shipped + PS# của WORK ORDER; qty=PIECES; ngày ƯỚC TÍNH (theo số PS)
190621,06101831-A,711413,7,,,39203,2026-06-28 18:00:00,29773,SHIP suy từ cờ Shipped + PS# của WORK ORDER; qty=PIECES; ngày ƯỚC TÍNH (theo số PS)
190621,06101831-A,711414,745,,,38116,2026-06-22 18:00:00,29743,SHIP suy từ cờ Shipped + PS# của WORK ORDER; qty=PIECES; ngày ƯỚC TÍNH (theo số PS)
190621,06101831-A,711415,360,,,42138,2026-07-05 18:00:00,29800,SHIP suy từ cờ Shipped + PS# của WORK ORDER; qty=PIECES; ngày ƯỚC TÍNH (theo số PS)
190621,06101831-A,711417,330,,,38768,2026-06-22 18:00:00,29744,SHIP suy từ cờ Shipped + PS# của WORK ORDER; qty=PIECES; ngày ƯỚC TÍNH (theo số PS)
190621,06101831-A,711418,1574,,,37428,2026-06-24 18:00:00,29755,SHIP suy từ cờ Shipped + PS# của WORK ORDER; qty=PIECES; ngày ƯỚC TÍNH (theo số PS)
190607,11546377-PH-RO,711419,1331,,,60844,2026-06-28 18:00:00,29769,SHIP suy từ cờ Shipped + PS# của WORK ORDER; qty=PIECES; ngày ƯỚC TÍNH (theo số PS)
190560,11546377-PH-RO,711420,1379,,,64935,2026-06-22 18:00:00,29744,SHIP suy từ cờ Shipped + PS# của WORK ORDER; qty=PIECES; ngày ƯỚC TÍNH (theo số PS)
190560,11546377-PH-RO,711421,1530,,,69481,2026-06-22 18:00:00,29743,SHIP suy từ cờ Shipped + PS# của WORK ORDER; qty=PIECES; ngày ƯỚC TÍNH (theo số PS)
190560,11546377-PH-RO,711422,1634,,,60519,2026-07-13 18:00:00,29839,SHIP suy từ cờ Shipped + PS# của WORK ORDER; qty=PIECES; ngày ƯỚC TÍNH (theo số PS)
190560,11546377-PH-RO,711423,1025,,,61364,2026-06-22 18:00:00,29743,SHIP suy từ cờ Shipped + PS# của WORK ORDER; qty=PIECES; ngày ƯỚC TÍNH (theo số PS)
190560,11549204,711425,1585,,,75000,2026-06-21 18:00:00,29740,SHIP suy từ cờ Shipped + PS# của WORK ORDER; qty=PIECES; ngày ƯỚC TÍNH (theo số PS)
190560,11549204,711426,919,,,7500,2026-06-21 18:00:00,29740,SHIP suy từ cờ Shipped + PS# của WORK ORDER; qty=PIECES; ngày ƯỚC TÍNH (theo số PS)
190560,11549204,711427,1110,,,7114,2026-06-18 18:00:00,29728,SHIP suy từ cờ Shipped + PS# của WORK ORDER; qty=PIECES; ngày ƯỚC TÍNH (theo số PS)
190560,11549204,711428,91,,,7968,2026-06-18 18:00:00,29728,SHIP suy từ cờ Shipped + PS# của WORK ORDER; qty=PIECES; ngày ƯỚC TÍNH (theo số PS)
190560,11549204,711429,237,,,8021,2026-06-18 18:00:00,29728,SHIP suy từ cờ Shipped + PS# của WORK ORDER; qty=PIECES; ngày ƯỚC TÍNH (theo số PS)
190560,11549204,711430,397,,,7212,2026-06-28 18:00:00,29769,SHIP suy từ cờ Shipped + PS# của WORK ORDER; qty=PIECES; ngày ƯỚC TÍNH (theo số PS)
190648,11549204,711431,1082,,,7101,2026-06-22 18:00:00,29743,SHIP suy từ cờ Shipped + PS# của WORK ORDER; qty=PIECES; ngày ƯỚC TÍNH (theo số PS)
190648,11549204,711432,1569,,,8028,2026-06-22 18:00:00,29744,SHIP suy từ cờ Shipped + PS# của WORK ORDER; qty=PIECES; ngày ƯỚC TÍNH (theo số PS)
190690,11549204,711433,931,,,7857,2026-06-28 18:00:00,29769,SHIP suy từ cờ Shipped + PS# của WORK ORDER; qty=PIECES; ngày ƯỚC TÍNH (theo số PS)
190690,11549204,711434,1001,,,7199,2026-07-01 18:00:00,29784,SHIP suy từ cờ Shipped + PS# của WORK ORDER; qty=PIECES; ngày ƯỚC TÍNH (theo số PS)
190690,11549204,711435,175,,,7173,2026-07-03 18:00:00,29792,SHIP suy từ cờ Shipped + PS# của WORK ORDER; qty=PIECES; ngày ƯỚC TÍNH (theo số PS)
190690,11549204,711436,588,,,7909,2026-07-02 18:00:00,29789,SHIP suy từ cờ Shipped + PS# của WORK ORDER; qty=PIECES; ngày ƯỚC TÍNH (theo số PS)
190648,11546545,711469,424,,,87167,2026-06-25 18:00:00,29756,SHIP suy từ cờ Shipped + PS# của WORK ORDER; qty=PIECES; ngày ƯỚC TÍNH (theo số PS)
190648,11546545,711470,482,,,92917,2026-06-24 18:00:00,29753,SHIP suy từ cờ Shipped + PS# của WORK ORDER; qty=PIECES; ngày ƯỚC TÍNH (theo số PS)
190648,11546545,711471,678,,,100167,2026-06-24 18:00:00,29753,SHIP suy từ cờ Shipped + PS# của WORK ORDER; qty=PIECES; ngày ƯỚC TÍNH (theo số PS)
190648,11546545,711472,763,,,81500,2026-06-25 18:00:00,29758,SHIP suy từ cờ Shipped + PS# của WORK ORDER; qty=PIECES; ngày ƯỚC TÍNH (theo số PS)
190648,11546545,711473,17,,,83750,2026-06-24 18:00:00,29755,SHIP suy từ cờ Shipped + PS# của WORK ORDER; qty=PIECES; ngày ƯỚC TÍNH (theo số PS)
190648,11546545,711474,1583,,,94667,2026-06-22 18:00:00,29744,SHIP suy từ cờ Shipped + PS# của WORK ORDER; qty=PIECES; ngày ƯỚC TÍNH (theo số PS)
190648,11546545,711475,790,,,84167,2026-06-25 18:00:00,29756,SHIP suy từ cờ Shipped + PS# của WORK ORDER; qty=PIECES; ngày ƯỚC TÍNH (theo số PS)
190648,11546545,711476,1073,,,96333,2026-06-25 18:00:00,29756,SHIP suy từ cờ Shipped + PS# của WORK ORDER; qty=PIECES; ngày ƯỚC TÍNH (theo số PS)
190648,11546545,711477,1352,,,91083,2026-06-24 18:00:00,29755,SHIP suy từ cờ Shipped + PS# của WORK ORDER; qty=PIECES; ngày ƯỚC TÍNH (theo số PS)
190648,11546545,711478,811,,,89500,2026-06-24 18:00:00,29755,SHIP suy từ cờ Shipped + PS# của WORK ORDER; qty=PIECES; ngày ƯỚC TÍNH (theo số PS)
190648,11546545,711479,67,,,98417,2026-06-30 18:00:00,29781,SHIP suy từ cờ Shipped + PS# của WORK ORDER; qty=PIECES; ngày ƯỚC TÍNH (theo số PS)
190648,11546545,711480,890,,,82167,2026-06-24 18:00:00,29755,SHIP suy từ cờ Shipped + PS# của WORK ORDER; qty=PIECES; ngày ƯỚC TÍNH (theo số PS)
190648,11549204,711481,954,,,8363,2026-06-22 18:00:00,29743,SHIP suy từ cờ Shipped + PS# của WORK ORDER; qty=PIECES; ngày ƯỚC TÍNH (theo số PS)
190648,11549204,711482,284,,,6594,2026-07-11 18:00:00,29831,SHIP suy từ cờ Shipped + PS# của WORK ORDER; qty=PIECES; ngày ƯỚC TÍNH (theo số PS)
190648,11549204,711483,1537,,,7712,2026-06-22 18:00:00,29743,SHIP suy từ cờ Shipped + PS# của WORK ORDER; qty=PIECES; ngày ƯỚC TÍNH (theo số PS)
190648,11549204,711484,969,,,7331,2026-06-22 18:00:00,29743,SHIP suy từ cờ Shipped + PS# của WORK ORDER; qty=PIECES; ngày ƯỚC TÍNH (theo số PS)
190648,11549204,711485,194,,,7784,2026-06-22 18:00:00,29743,SHIP suy từ cờ Shipped + PS# của WORK ORDER; qty=PIECES; ngày ƯỚC TÍNH (theo số PS)
190648,11549204,711486,690,,,7055,2026-06-22 18:00:00,29744,SHIP suy từ cờ Shipped + PS# của WORK ORDER; qty=PIECES; ngày ƯỚC TÍNH (theo số PS)
190648,11549204,711487,938,,,7436,2026-06-22 18:00:00,29743,SHIP suy từ cờ Shipped + PS# của WORK ORDER; qty=PIECES; ngày ƯỚC TÍNH (theo số PS)
190648,11549204,711488,1054,,,7423,2026-06-22 18:00:00,29744,SHIP suy từ cờ Shipped + PS# của WORK ORDER; qty=PIECES; ngày ƯỚC TÍNH (theo số PS)
190648,11549204,711489,277,,,7554,2026-06-22 18:00:00,29743,SHIP suy từ cờ Shipped + PS# của WORK ORDER; qty=PIECES; ngày ƯỚC TÍNH (theo số PS)
190648,11549204,711490,53,,,7528,2026-06-22 18:00:00,29743,SHIP suy từ cờ Shipped + PS# của WORK ORDER; qty=PIECES; ngày ƯỚC TÍNH (theo số PS)
190732,40161567,711491,427,,,4950,2026-07-03 18:00:00,29792,SHIP suy từ cờ Shipped + PS# của WORK ORDER; qty=PIECES; ngày ƯỚC TÍNH (theo số PS)
190732,40161567,711492,555,,,5093,2026-06-28 18:00:00,29769,SHIP suy từ cờ Shipped + PS# của WORK ORDER; qty=PIECES; ngày ƯỚC TÍNH (theo số PS)
190732,40161567,711493,119,,,5534,2026-06-28 18:00:00,29769,SHIP suy từ cờ Shipped + PS# của WORK ORDER; qty=PIECES; ngày ƯỚC TÍNH (theo số PS)
190732,40161567,711494,1596,,,4590,2026-06-28 18:00:00,29769,SHIP suy từ cờ Shipped + PS# của WORK ORDER; qty=PIECES; ngày ƯỚC TÍNH (theo số PS)
190719,06104725AA,711495,1593,,,100755,2026-06-25 18:00:00,29756,SHIP suy từ cờ Shipped + PS# của WORK ORDER; qty=PIECES; ngày ƯỚC TÍNH (theo số PS)
190719,06104725AA,711496,1513,,,104434,2026-07-01 18:00:00,29784,SHIP suy từ cờ Shipped + PS# của WORK ORDER; qty=PIECES; ngày ƯỚC TÍNH (theo số PS)
190719,06104725AA,711497,737,,,100377,2026-06-29 18:00:00,29774,SHIP suy từ cờ Shipped + PS# của WORK ORDER; qty=PIECES; ngày ƯỚC TÍNH (theo số PS)
190719,06104725AA,711498,1521,,,103113,2026-06-25 18:00:00,29756,SHIP suy từ cờ Shipped + PS# của WORK ORDER; qty=PIECES; ngày ƯỚC TÍNH (theo số PS)
190648,06104388AA,711499,1560,,,21332,2026-06-22 18:00:00,29743,SHIP suy từ cờ Shipped + PS# của WORK ORDER; qty=PIECES; ngày ƯỚC TÍNH (theo số PS)
190648,06104388AA,711500,1575,,,19346,2026-06-22 18:00:00,29743,SHIP suy từ cờ Shipped + PS# của WORK ORDER; qty=PIECES; ngày ƯỚC TÍNH (theo số PS)
190648,06104388AA,711501,1045,,,21235,2026-06-22 18:00:00,29744,SHIP suy từ cờ Shipped + PS# của WORK ORDER; qty=PIECES; ngày ƯỚC TÍNH (theo số PS)
190648,06104388AA,711502,1076,,,19104,2026-06-22 18:00:00,29743,SHIP suy từ cờ Shipped + PS# của WORK ORDER; qty=PIECES; ngày ƯỚC TÍNH (theo số PS)
190648,06104388AA,711503,509,,,19903,2026-06-22 18:00:00,29743,SHIP suy từ cờ Shipped + PS# của WORK ORDER; qty=PIECES; ngày ƯỚC TÍNH (theo số PS)
190648,06104388AA,711504,1638,,,20097,2026-06-22 18:00:00,29743,SHIP suy từ cờ Shipped + PS# của WORK ORDER; qty=PIECES; ngày ƯỚC TÍNH (theo số PS)
191105,06511777AA,711505,1548,,,19708,2026-07-08 18:00:00,29814,SHIP suy từ cờ Shipped + PS# của WORK ORDER; qty=PIECES; ngày ƯỚC TÍNH (theo số PS)
191061,06511777AA,711508,1370,,,19638,2026-07-06 18:00:00,29807,SHIP suy từ cờ Shipped + PS# của WORK ORDER; qty=PIECES; ngày ƯỚC TÍNH (theo số PS)
190695,94012039,711509,521,,,56400,2026-06-25 18:00:00,29758,SHIP suy từ cờ Shipped + PS# của WORK ORDER; qty=PIECES; ngày ƯỚC TÍNH (theo số PS)
191061,W711468-S437,711511,304,,,53295,2026-07-07 18:00:00,29809,SHIP suy từ cờ Shipped + PS# của WORK ORDER; qty=PIECES; ngày ƯỚC TÍNH (theo số PS)
191506,W711468-S437,711512,920,,,57600,2026-07-22 18:00:00,29879,SHIP suy từ cờ Shipped + PS# của WORK ORDER; qty=tổng SELECT; ngày ƯỚC TÍNH (theo số PS)
191061,W711468-S437,711513,1580,,,51850,2026-07-11 18:00:00,29831,SHIP suy từ cờ Shipped + PS# của WORK ORDER; qty=PIECES; ngày ƯỚC TÍNH (theo số PS)
191061,W711468-S437,711514,1659,,,49364,2026-07-07 18:00:00,29809,SHIP suy từ cờ Shipped + PS# của WORK ORDER; qty=PIECES; ngày ƯỚC TÍNH (theo số PS)
190695,7150-3036-W0,711516,244,,,25383,2026-06-24 18:00:00,29753,SHIP suy từ cờ Shipped + PS# của WORK ORDER; qty=PIECES; ngày ƯỚC TÍNH (theo số PS)
190695,7150-3036-W0,711517,827,,,27628,2026-06-24 18:00:00,29753,SHIP suy từ cờ Shipped + PS# của WORK ORDER; qty=PIECES; ngày ƯỚC TÍNH (theo số PS)
191061,HL3W-4320-AA,711519,601,,,5813,2026-07-22 18:00:00,29877,SHIP suy từ cờ Shipped + PS# của WORK ORDER; qty=PIECES; ngày ƯỚC TÍNH (theo số PS)
191276,HL3W-4320-AA,711520,1319,,,5957,2026-07-17 18:00:00,29857,SHIP suy từ cờ Shipped + PS# của WORK ORDER; qty=PIECES; ngày ƯỚC TÍNH (theo số PS)
191276,HL3W-4320-AA,711521,565,,,5609,2026-07-22 18:00:00,29877,SHIP suy từ cờ Shipped + PS# của WORK ORDER; qty=PIECES; ngày ƯỚC TÍNH (theo số PS)
191276,HL3W-4320-AA,711522,232,,,5511,2026-07-17 18:00:00,29854,SHIP suy từ cờ Shipped + PS# của WORK ORDER; qty=PIECES; ngày ƯỚC TÍNH (theo số PS)
190695,40036961,711523,529,,,82045,2026-06-25 18:00:00,29756,SHIP suy từ cờ Shipped + PS# của WORK ORDER; qty=PIECES; ngày ƯỚC TÍNH (theo số PS)
190673,NU5108-00,711526,687,,,67000,2026-07-05 18:00:00,29801,SHIP suy từ cờ Shipped + PS# của WORK ORDER; qty=PIECES; ngày ƯỚC TÍNH (theo số PS)
190673,NU5108-00,711527,525,,,65000,2026-07-05 18:00:00,29801,SHIP suy từ cờ Shipped + PS# của WORK ORDER; qty=PIECES; ngày ƯỚC TÍNH (theo số PS)
190642,06105102AA,711528,KIB,,,40000,2026-06-22 18:00:00,29744,SHIP suy từ cờ Shipped + PS# của WORK ORDER; qty=PIECES; ngày ƯỚC TÍNH (theo số PS)
190642,06105102AA,711529,KIB,,,40000,2026-06-22 18:00:00,29744,SHIP suy từ cờ Shipped + PS# của WORK ORDER; qty=PIECES; ngày ƯỚC TÍNH (theo số PS)
190642,06105102AA,711530,KIB,,,40000,2026-06-28 18:00:00,29773,SHIP suy từ cờ Shipped + PS# của WORK ORDER; qty=PIECES; ngày ƯỚC TÍNH (theo số PS)
190642,06105102AA,711531,KIB,,,40000,2026-06-22 18:00:00,29743,SHIP suy từ cờ Shipped + PS# của WORK ORDER; qty=PIECES; ngày ƯỚC TÍNH (theo số PS)
190719,06509967AA,711532,KIB,,,40000,2026-07-06 18:00:00,29805,SHIP suy từ cờ Shipped + PS# của WORK ORDER; qty=PIECES; ngày ƯỚC TÍNH (theo số PS)
190719,06509967AA,711533,KIB,,,40000,2026-06-25 18:00:00,29758,SHIP suy từ cờ Shipped + PS# của WORK ORDER; qty=PIECES; ngày ƯỚC TÍNH (theo số PS)
190642,11588714,711540,KIB,,,70000,2026-06-22 18:00:00,29743,SHIP suy từ cờ Shipped + PS# của WORK ORDER; qty=PIECES; ngày ƯỚC TÍNH (theo số PS)
190642,11588714,711541,KIB,,,70000,2026-06-25 18:00:00,29756,SHIP suy từ cờ Shipped + PS# của WORK ORDER; qty=PIECES; ngày ƯỚC TÍNH (theo số PS)
190642,11588714,711542,KIB,,,70000,2026-06-24 18:00:00,29755,SHIP suy từ cờ Shipped + PS# của WORK ORDER; qty=PIECES; ngày ƯỚC TÍNH (theo số PS)
190642,11588714,711543,KIB,,,70000,2026-06-24 18:00:00,29755,SHIP suy từ cờ Shipped + PS# của WORK ORDER; qty=PIECES; ngày ƯỚC TÍNH (theo số PS)
190621,06105049AA,711548,KIB,,,20000,2026-06-29 18:00:00,29774,SHIP suy từ cờ Shipped + PS# của WORK ORDER; qty=PIECES; ngày ƯỚC TÍNH (theo số PS)
190621,06105049AA,711549,KIB,,,20000,2026-06-29 18:00:00,29774,SHIP suy từ cờ Shipped + PS# của WORK ORDER; qty=PIECES; ngày ƯỚC TÍNH (theo số PS)
190719,54041001,711552,622,,,7454,2026-06-28 18:00:00,29769,SHIP suy từ cờ Shipped + PS# của WORK ORDER; qty=PIECES; ngày ƯỚC TÍNH (theo số PS)
190719,54041001,711553,1615,,,9304,2026-06-28 18:00:00,29769,SHIP suy từ cờ Shipped + PS# của WORK ORDER; qty=PIECES; ngày ƯỚC TÍNH (theo số PS)
190719,54041001,711554,712,,,8387,2026-06-28 18:00:00,29769,SHIP suy từ cờ Shipped + PS# của WORK ORDER; qty=PIECES; ngày ƯỚC TÍNH (theo số PS)
190719,54041001,711555,775,,,7393,2026-06-28 18:00:00,29769,SHIP suy từ cờ Shipped + PS# của WORK ORDER; qty=PIECES; ngày ƯỚC TÍNH (theo số PS)
190814,NU3019-00,711556,774,,,5187,2026-07-01 18:00:00,29784,SHIP suy từ cờ Shipped + PS# của WORK ORDER; qty=PIECES; ngày ƯỚC TÍNH (theo số PS)
190814,NU3019-00,711557,972,,,4674,2026-07-02 18:00:00,29787,SHIP suy từ cờ Shipped + PS# của WORK ORDER; qty=PIECES; ngày ƯỚC TÍNH (theo số PS)
190814,NU3019-00,711558,1069,,,4871,2026-07-02 18:00:00,29789,SHIP suy từ cờ Shipped + PS# của WORK ORDER; qty=PIECES; ngày ƯỚC TÍNH (theo số PS)
190814,NU3019-00,711559,1512,,,5254,2026-07-01 18:00:00,29784,SHIP suy từ cờ Shipped + PS# của WORK ORDER; qty=PIECES; ngày ƯỚC TÍNH (theo số PS)
190814,NU3019-00,711560,1630,,,4564,2026-07-01 18:00:00,29784,SHIP suy từ cờ Shipped + PS# của WORK ORDER; qty=PIECES; ngày ƯỚC TÍNH (theo số PS)
190814,NU3019-00,711561,742,,,5445,2026-07-02 18:00:00,29787,SHIP suy từ cờ Shipped + PS# của WORK ORDER; qty=PIECES; ngày ƯỚC TÍNH (theo số PS)
190814,NU3019-00,711562,1411,,,4885,2026-07-02 18:00:00,29787,SHIP suy từ cờ Shipped + PS# của WORK ORDER; qty=PIECES; ngày ƯỚC TÍNH (theo số PS)
190814,NU3019-00,711563,1582,,,5216,2026-07-02 18:00:00,29787,SHIP suy từ cờ Shipped + PS# của WORK ORDER; qty=PIECES; ngày ƯỚC TÍNH (theo số PS)
190814,NU3019-00,711564,973,,,5057,2026-07-02 18:00:00,29787,SHIP suy từ cờ Shipped + PS# của WORK ORDER; qty=PIECES; ngày ƯỚC TÍNH (theo số PS)
190814,NU3019-00,711565,739,,,5057,2026-07-02 18:00:00,29789,SHIP suy từ cờ Shipped + PS# của WORK ORDER; qty=PIECES; ngày ƯỚC TÍNH (theo số PS)
190814,NU3019-00,711566,226,,,4832,2026-07-02 18:00:00,29787,SHIP suy từ cờ Shipped + PS# của WORK ORDER; qty=PIECES; ngày ƯỚC TÍNH (theo số PS)
190880,NU3019-00,711567,64,,,5120,2026-07-01 18:00:00,29784,SHIP suy từ cờ Shipped + PS# của WORK ORDER; qty=PIECES; ngày ƯỚC TÍNH (theo số PS)
190814,NU3019-00,711568,1680,,,5489,2026-07-02 18:00:00,29787,SHIP suy từ cờ Shipped + PS# của WORK ORDER; qty=PIECES; ngày ƯỚC TÍNH (theo số PS)
190814,NU3019-00,711569,155,,,4555,2026-07-02 18:00:00,29787,SHIP suy từ cờ Shipped + PS# của WORK ORDER; qty=PIECES; ngày ƯỚC TÍNH (theo số PS)
190814,NU3019-00,711570,1591,,,5211,2026-07-02 18:00:00,29787,SHIP suy từ cờ Shipped + PS# của WORK ORDER; qty=PIECES; ngày ƯỚC TÍNH (theo số PS)
190880,NU3019-00,711571,197,,,4890,2026-07-02 18:00:00,29787,SHIP suy từ cờ Shipped + PS# của WORK ORDER; qty=PIECES; ngày ƯỚC TÍNH (theo số PS)
190880,NU3019-00,711572,699,,,4588,2026-07-02 18:00:00,29787,SHIP suy từ cờ Shipped + PS# của WORK ORDER; qty=PIECES; ngày ƯỚC TÍNH (theo số PS)
190880,NU3019-00,711573,1403,,,5536,2026-07-02 18:00:00,29787,SHIP suy từ cờ Shipped + PS# của WORK ORDER; qty=PIECES; ngày ƯỚC TÍNH (theo số PS)
190880,NU3019-00,711574,329,,,4856,2026-07-02 18:00:00,29787,SHIP suy từ cờ Shipped + PS# của WORK ORDER; qty=PIECES; ngày ƯỚC TÍNH (theo số PS)
190880,NU3019-00,711575,928,,,5077,2026-07-02 18:00:00,29787,SHIP suy từ cờ Shipped + PS# của WORK ORDER; qty=PIECES; ngày ƯỚC TÍNH (theo số PS)
191125,W520113-S440,711576,27,,,37800,2026-07-13 18:00:00,29837,SHIP suy từ cờ Shipped + PS# của WORK ORDER; qty=tổng SELECT; ngày ƯỚC TÍNH (theo số PS)
191125,W520113-S440,711577,983,,,37800,2026-07-15 18:00:00,29845,SHIP suy từ cờ Shipped + PS# của WORK ORDER; qty=tổng SELECT; ngày ƯỚC TÍNH (theo số PS)
192681,91054,711581,598,,,68354,2026-08-02 18:00:00,29927,SHIP suy từ cờ Shipped + PS# của WORK ORDER; qty=PIECES; ngày ƯỚC TÍNH (theo số PS)
190880,NU1136-01,711582,606,,,8744,2026-07-02 18:00:00,29789,SHIP suy từ cờ Shipped + PS# của WORK ORDER; qty=PIECES; ngày ƯỚC TÍNH (theo số PS)
190880,NU1136-01,711583,135,,,7460,2026-07-02 18:00:00,29787,SHIP suy từ cờ Shipped + PS# của WORK ORDER; qty=PIECES; ngày ƯỚC TÍNH (theo số PS)
190880,NU1136-01,711584,584,,,7713,2026-07-01 18:00:00,29784,SHIP suy từ cờ Shipped + PS# của WORK ORDER; qty=PIECES; ngày ƯỚC TÍNH (theo số PS)
190880,NU1136-01,711585,883,,,8557,2026-07-02 18:00:00,29787,SHIP suy từ cờ Shipped + PS# của WORK ORDER; qty=PIECES; ngày ƯỚC TÍNH (theo số PS)
190779,11546370-MY-AK,711586,346,,,7403,2026-06-29 18:00:00,29776,SHIP suy từ cờ Shipped + PS# của WORK ORDER; qty=PIECES; ngày ƯỚC TÍNH (theo số PS)
190779,11546370-MY-AK,711587,22,,,7362,2026-07-02 18:00:00,29789,SHIP suy từ cờ Shipped + PS# của WORK ORDER; qty=PIECES; ngày ƯỚC TÍNH (theo số PS)
190779,11546370-MY-AK,711588,778,,,7450,2026-07-03 18:00:00,29792,SHIP suy từ cờ Shipped + PS# của WORK ORDER; qty=PIECES; ngày ƯỚC TÍNH (theo số PS)
190779,11546370-MY-AK,711589,114,,,7584,2026-06-30 18:00:00,29781,SHIP suy từ cờ Shipped + PS# của WORK ORDER; qty=PIECES; ngày ƯỚC TÍNH (theo số PS)
192681,91054,711590,259,,,75949,2026-08-01 18:00:00,29921,SHIP suy từ cờ Shipped + PS# của WORK ORDER; qty=PIECES; ngày ƯỚC TÍNH (theo số PS)
190779,11546370-MY-AK,711592,749,,,8289,2026-07-03 18:00:00,29792,SHIP suy từ cờ Shipped + PS# của WORK ORDER; qty=PIECES; ngày ƯỚC TÍNH (theo số PS)
190779,11546370-MY-AK,711593,153,,,6597,2026-07-08 18:00:00,29816,SHIP suy từ cờ Shipped + PS# của WORK ORDER; qty=PIECES; ngày ƯỚC TÍNH (theo số PS)
190779,11546370-MY-AK,711594,788,,,7181,2026-06-29 18:00:00,29776,SHIP suy từ cờ Shipped + PS# của WORK ORDER; qty=PIECES; ngày ƯỚC TÍNH (theo số PS)
190779,11546370-MY-AK,711595,674,,,7631,2026-07-02 18:00:00,29789,SHIP suy từ cờ Shipped + PS# của WORK ORDER; qty=PIECES; ngày ƯỚC TÍNH (theo số PS)
190779,11546370-MY-AK,711596,1101,,,7725,2026-07-06 18:00:00,29805,SHIP suy từ cờ Shipped + PS# của WORK ORDER; qty=PIECES; ngày ƯỚC TÍNH (theo số PS)
190779,11546370-MY-AK,711597,20,,,7255,2026-07-03 18:00:00,29792,SHIP suy từ cờ Shipped + PS# của WORK ORDER; qty=PIECES; ngày ƯỚC TÍNH (theo số PS)
190642,11549171-MY-AK,711598,464,,,9713,2026-06-24 18:00:00,29753,SHIP suy từ cờ Shipped + PS# của WORK ORDER; qty=PIECES; ngày ƯỚC TÍNH (theo số PS)
190642,11549171-MY-AK,711599,514,,,9643,2026-06-24 18:00:00,29753,SHIP suy từ cờ Shipped + PS# của WORK ORDER; qty=PIECES; ngày ƯỚC TÍNH (theo số PS)
190642,11549171-MY-AK,711600,1307,,,9583,2026-06-24 18:00:00,29753,SHIP suy từ cờ Shipped + PS# của WORK ORDER; qty=PIECES; ngày ƯỚC TÍNH (theo số PS)
190642,11549171-MY-AK,711601,1063,,,9957,2026-06-24 18:00:00,29755,SHIP suy từ cờ Shipped + PS# của WORK ORDER; qty=PIECES; ngày ƯỚC TÍNH (theo số PS)
190642,11549171-MY-AK,711602,581,,,9261,2026-07-06 18:00:00,29805,SHIP suy từ cờ Shipped + PS# của WORK ORDER; qty=PIECES; ngày ƯỚC TÍNH (theo số PS)
190642,11549171-MY-AK,711603,917,,,10357,2026-06-24 18:00:00,29753,SHIP suy từ cờ Shipped + PS# của WORK ORDER; qty=PIECES; ngày ƯỚC TÍNH (theo số PS)
190642,11549171-MY-AK,711604,551,,,9313,2026-06-24 18:00:00,29753,SHIP suy từ cờ Shipped + PS# của WORK ORDER; qty=PIECES; ngày ƯỚC TÍNH (theo số PS)
190642,11549171-MY-AK,711605,734,,,10130,2026-06-24 18:00:00,29753,SHIP suy từ cờ Shipped + PS# của WORK ORDER; qty=PIECES; ngày ƯỚC TÍNH (theo số PS)
190642,11549171-MY-AK,711606,893,,,9809,2026-06-25 18:00:00,29756,SHIP suy từ cờ Shipped + PS# của WORK ORDER; qty=PIECES; ngày ƯỚC TÍNH (theo số PS)
190642,11549171-MY-AK,711607,159,,,9817,2026-06-24 18:00:00,29753,SHIP suy từ cờ Shipped + PS# của WORK ORDER; qty=PIECES; ngày ƯỚC TÍNH (theo số PS)
190732,06101968-A,711618,1448,,,74091,2026-06-30 18:00:00,29779,SHIP suy từ cờ Shipped + PS# của WORK ORDER; qty=PIECES; ngày ƯỚC TÍNH (theo số PS)
190732,06101968-A,711619,664,,,61600,2026-07-15 18:00:00,29848,SHIP suy từ cờ Shipped + PS# của WORK ORDER; qty=tổng SELECT; ngày ƯỚC TÍNH (theo số PS)
190690,06511834AA,711626,394,,,2747,2026-06-25 18:00:00,29756,SHIP suy từ cờ Shipped + PS# của WORK ORDER; qty=PIECES; ngày ƯỚC TÍNH (theo số PS)
190690,06511834AA,711627,1529,,,2946,2026-06-25 18:00:00,29756,SHIP suy từ cờ Shipped + PS# của WORK ORDER; qty=PIECES; ngày ƯỚC TÍNH (theo số PS)
190690,06511834AA,711628,789,,,2933,2026-06-25 18:00:00,29756,SHIP suy từ cờ Shipped + PS# của WORK ORDER; qty=PIECES; ngày ƯỚC TÍNH (theo số PS)
190690,06511834AA,711629,1671,,,2720,2026-06-29 18:00:00,29776,SHIP suy từ cờ Shipped + PS# của WORK ORDER; qty=PIECES; ngày ƯỚC TÍNH (theo số PS)
190690,06511834AA,711630,449,,,1957,2026-06-25 18:00:00,29756,SHIP suy từ cờ Shipped + PS# của WORK ORDER; qty=PIECES; ngày ƯỚC TÍNH (theo số PS)
190732,06104725AA,711632,1636,,,102736,2026-06-29 18:00:00,29776,SHIP suy từ cờ Shipped + PS# của WORK ORDER; qty=PIECES; ngày ƯỚC TÍNH (theo số PS)
190732,06104725AA,711633,1699,,,98491,2026-06-29 18:00:00,29774,SHIP suy từ cờ Shipped + PS# của WORK ORDER; qty=PIECES; ngày ƯỚC TÍNH (theo số PS)
190732,06104725AA,711634,1683,,,106792,2026-07-01 18:00:00,29784,SHIP suy từ cờ Shipped + PS# của WORK ORDER; qty=PIECES; ngày ƯỚC TÍNH (theo số PS)
190732,06104725AA,711635,641,,,96509,2026-06-30 18:00:00,29781,SHIP suy từ cờ Shipped + PS# của WORK ORDER; qty=PIECES; ngày ƯỚC TÍNH (theo số PS)
191380,11546774-MY-AK,711638,1052,,,11440,2026-07-19 18:00:00,29867,SHIP suy từ cờ Shipped + PS# của WORK ORDER; qty=PIECES; ngày ƯỚC TÍNH (theo số PS)
191380,11546774-MY-AK,711639,186,,,15346,2026-07-19 18:00:00,29867,SHIP suy từ cờ Shipped + PS# của WORK ORDER; qty=PIECES; ngày ƯỚC TÍNH (theo số PS)
191380,11546774-MY-AK,711640,910,,,11579,2026-07-19 18:00:00,29867,SHIP suy từ cờ Shipped + PS# của WORK ORDER; qty=PIECES; ngày ƯỚC TÍNH (theo số PS)
191380,11546774-MY-AK,711641,57,,,15596,2026-07-19 18:00:00,29865,SHIP suy từ cờ Shipped + PS# của WORK ORDER; qty=PIECES; ngày ƯỚC TÍNH (theo số PS)
190642,06511847AA,711644,326,,,24627,2026-06-25 18:00:00,29756,SHIP suy từ cờ Shipped + PS# của WORK ORDER; qty=PIECES; ngày ƯỚC TÍNH (theo số PS)
190642,06511847AA,711645,665,,,24602,2026-06-25 18:00:00,29756,SHIP suy từ cờ Shipped + PS# của WORK ORDER; qty=PIECES; ngày ƯỚC TÍNH (theo số PS)
190864,11546448,711646,1397,,,72600,2026-07-06 18:00:00,29805,SHIP suy từ cờ Shipped + PS# của WORK ORDER; qty=tổng SELECT; ngày ƯỚC TÍNH (theo số PS)
190864,11546448,711647,1651,,,118800,2026-07-05 18:00:00,29803,SHIP suy từ cờ Shipped + PS# của WORK ORDER; qty=tổng SELECT; ngày ƯỚC TÍNH (theo số PS)
190577,11502717-TH-TC,711648,1049,,,41494,2026-07-06 18:00:00,29807,SHIP suy từ cờ Shipped + PS# của WORK ORDER; qty=PIECES; ngày ƯỚC TÍNH (theo số PS)
190577,11502717-TH-TC,711649,75,,,37969,2026-07-06 18:00:00,29805,SHIP suy từ cờ Shipped + PS# của WORK ORDER; qty=PIECES; ngày ƯỚC TÍNH (theo số PS)
190577,11502717-TH-TC,711650,864,,,43563,2026-07-06 18:00:00,29807,SHIP suy từ cờ Shipped + PS# của WORK ORDER; qty=PIECES; ngày ƯỚC TÍNH (theo số PS)
190577,11502717-TH-TC,711652,1384,,,32146,2026-07-02 18:00:00,29790,SHIP suy từ cờ Shipped + PS# của WORK ORDER; qty=PIECES; ngày ƯỚC TÍNH (theo số PS)
190577,11502717-TH-TC,711653,262,,,30038,2026-07-07 18:00:00,29809,SHIP suy từ cờ Shipped + PS# của WORK ORDER; qty=PIECES; ngày ƯỚC TÍNH (theo số PS)
190695,NU1305-01,711654,1074,,,65000,2026-07-03 18:00:00,29792,SHIP suy từ cờ Shipped + PS# của WORK ORDER; qty=PIECES; ngày ƯỚC TÍNH (theo số PS)
190740,NU1305-01,711655,393,,,68000,2026-07-03 18:00:00,29792,SHIP suy từ cờ Shipped + PS# của WORK ORDER; qty=PIECES; ngày ƯỚC TÍNH (theo số PS)
190719,11546449,711656,1510,,,90000,2026-06-30 18:00:00,29779,SHIP suy từ cờ Shipped + PS# của WORK ORDER; qty=tổng SELECT; ngày ƯỚC TÍNH (theo số PS)
190719,11546449,711657,1416,,,90000,2026-06-30 18:00:00,29781,SHIP suy từ cờ Shipped + PS# của WORK ORDER; qty=tổng SELECT; ngày ƯỚC TÍNH (theo số PS)
190719,11546449,711658,915,,,67500,2026-06-30 18:00:00,29779,SHIP suy từ cờ Shipped + PS# của WORK ORDER; qty=tổng SELECT; ngày ƯỚC TÍNH (theo số PS)
190719,11546449,711659,459,,,50000,2026-07-02 18:00:00,29789,SHIP suy từ cờ Shipped + PS# của WORK ORDER; qty=tổng SELECT; ngày ƯỚC TÍNH (theo số PS)
190719,11546449,711660,823,,,100000,2026-07-01 18:00:00,29784,SHIP suy từ cờ Shipped + PS# của WORK ORDER; qty=tổng SELECT; ngày ƯỚC TÍNH (theo số PS)
190719,11546449,711661,829,,,90000,2026-07-02 18:00:00,29787,SHIP suy từ cờ Shipped + PS# của WORK ORDER; qty=tổng SELECT; ngày ƯỚC TÍNH (theo số PS)
190719,11546449,711662,1616,,,91356,2026-06-25 18:00:00,29758,SHIP suy từ cờ Shipped + PS# của WORK ORDER; qty=PIECES; ngày ƯỚC TÍNH (theo số PS)
190719,11546449,711663,1698,,,75000,2026-06-30 18:00:00,29779,SHIP suy từ cờ Shipped + PS# của WORK ORDER; qty=tổng SELECT; ngày ƯỚC TÍNH (theo số PS)
190719,11546449,711664,1573,,,90000,2026-06-30 18:00:00,29779,SHIP suy từ cờ Shipped + PS# của WORK ORDER; qty=tổng SELECT; ngày ƯỚC TÍNH (theo số PS)
190732,11546449,711666,289,,,85085,2026-07-03 18:00:00,29792,SHIP suy từ cờ Shipped + PS# của WORK ORDER; qty=PIECES; ngày ƯỚC TÍNH (theo số PS)
190732,11546449,711667,616,,,87915,2026-07-05 18:00:00,29800,SHIP suy từ cờ Shipped + PS# của WORK ORDER; qty=PIECES; ngày ƯỚC TÍNH (theo số PS)
190732,11546449,711668,526,,,88559,2026-06-28 18:00:00,29769,SHIP suy từ cờ Shipped + PS# của WORK ORDER; qty=PIECES; ngày ƯỚC TÍNH (theo số PS)
190732,11546449,711669,1092,,,85678,2026-06-29 18:00:00,29776,SHIP suy từ cờ Shipped + PS# của WORK ORDER; qty=PIECES; ngày ƯỚC TÍNH (theo số PS)
190732,11546449,711670,839,,,83559,2026-07-03 18:00:00,29792,SHIP suy từ cờ Shipped + PS# của WORK ORDER; qty=PIECES; ngày ƯỚC TÍNH (theo số PS)
190732,11546449,711671,486,,,75000,2026-07-03 18:00:00,29792,SHIP suy từ cờ Shipped + PS# của WORK ORDER; qty=tổng SELECT; ngày ƯỚC TÍNH (theo số PS)
190732,11546449,711672,1317,,,82034,2026-07-01 18:00:00,29784,SHIP suy từ cờ Shipped + PS# của WORK ORDER; qty=PIECES; ngày ƯỚC TÍNH (theo số PS)
190732,11546449,711673,233,,,90966,2026-07-03 18:00:00,29792,SHIP suy từ cờ Shipped + PS# của WORK ORDER; qty=PIECES; ngày ƯỚC TÍNH (theo số PS)
190732,11546449,711674,58,,,89915,2026-06-28 18:00:00,29773,SHIP suy từ cờ Shipped + PS# của WORK ORDER; qty=PIECES; ngày ƯỚC TÍNH (theo số PS)
190732,11546449,711675,199,,,83085,2026-06-28 18:00:00,29773,SHIP suy từ cờ Shipped + PS# của WORK ORDER; qty=PIECES; ngày ƯỚC TÍNH (theo số PS)
190690,11546377,711676,1543,,,62013,2026-06-28 18:00:00,29773,SHIP suy từ cờ Shipped + PS# của WORK ORDER; qty=PIECES; ngày ƯỚC TÍNH (theo số PS)
190690,11546377,711677,97,,,73442,2026-07-03 18:00:00,29792,SHIP suy từ cờ Shipped + PS# của WORK ORDER; qty=PIECES; ngày ƯỚC TÍNH (theo số PS)
190690,11546377,711678,879,,,63247,2026-06-28 18:00:00,29769,SHIP suy từ cờ Shipped + PS# của WORK ORDER; qty=PIECES; ngày ƯỚC TÍNH (theo số PS)
190690,11546377,711679,882,,,70065,2026-06-25 18:00:00,29758,SHIP suy từ cờ Shipped + PS# của WORK ORDER; qty=PIECES; ngày ƯỚC TÍNH (theo số PS)
190690,11546377,711680,208,,,69091,2026-06-25 18:00:00,29758,SHIP suy từ cờ Shipped + PS# của WORK ORDER; qty=PIECES; ngày ƯỚC TÍNH (theo số PS)
190690,11546377,711681,1062,,,69221,2026-06-28 18:00:00,29773,SHIP suy từ cờ Shipped + PS# của WORK ORDER; qty=PIECES; ngày ƯỚC TÍNH (theo số PS)
190690,40073474,711688,1342,,,4966,2026-06-24 18:00:00,29755,SHIP suy từ cờ Shipped + PS# của WORK ORDER; qty=PIECES; ngày ƯỚC TÍNH (theo số PS)
190690,40073474,711689,1430,,,4960,2026-06-24 18:00:00,29755,SHIP suy từ cờ Shipped + PS# của WORK ORDER; qty=PIECES; ngày ƯỚC TÍNH (theo số PS)
190732,40109770,711690,1637,,,8922,2026-07-02 18:00:00,29789,SHIP suy từ cờ Shipped + PS# của WORK ORDER; qty=PIECES; ngày ƯỚC TÍNH (theo số PS)
190732,40109770,711691,1031,,,8000,2026-07-02 18:00:00,29789,SHIP suy từ cờ Shipped + PS# của WORK ORDER; qty=PIECES; ngày ƯỚC TÍNH (theo số PS)
190732,11546389-PH-RO,711693,702,,,58052,2026-07-03 18:00:00,29792,SHIP suy từ cờ Shipped + PS# của WORK ORDER; qty=PIECES; ngày ƯỚC TÍNH (theo số PS)
191213,11569605,711694,627,,,46720,2026-07-21 18:00:00,29873,SHIP suy từ cờ Shipped + PS# của WORK ORDER; qty=PIECES; ngày ƯỚC TÍNH (theo số PS)
191213,11569605,711696,1607,,,44000,2026-07-21 18:00:00,29873,SHIP suy từ cờ Shipped + PS# của WORK ORDER; qty=PIECES; ngày ƯỚC TÍNH (theo số PS)
191241,11739913,711702,1016,,,43200,2026-07-16 18:00:00,29852,SHIP suy từ cờ Shipped + PS# của WORK ORDER; qty=tổng SELECT; ngày ƯỚC TÍNH (theo số PS)
191241,11739913,711703,1572,,,40800,2026-07-19 18:00:00,29865,SHIP suy từ cờ Shipped + PS# của WORK ORDER; qty=tổng SELECT; ngày ƯỚC TÍNH (theo số PS)
190958,11546366-MY-AK,711704,596,,,36000,2026-07-19 18:00:00,29867,SHIP suy từ cờ Shipped + PS# của WORK ORDER; qty=tổng SELECT; ngày ƯỚC TÍNH (theo số PS)
190958,11546366-MY-AK,711705,618,,,36000,2026-07-19 18:00:00,29865,SHIP suy từ cờ Shipped + PS# của WORK ORDER; qty=tổng SELECT; ngày ƯỚC TÍNH (theo số PS)
190958,11546366-MY-AK,711706,220,,,36000,2026-07-15 18:00:00,29848,SHIP suy từ cờ Shipped + PS# của WORK ORDER; qty=tổng SELECT; ngày ƯỚC TÍNH (theo số PS)
190958,11546366-MY-AK,711707,1587,,,36000,2026-07-11 18:00:00,29831,SHIP suy từ cờ Shipped + PS# của WORK ORDER; qty=tổng SELECT; ngày ƯỚC TÍNH (theo số PS)
190958,11546366-MY-AK,711708,1710,,,45000,2026-07-09 18:00:00,29818,SHIP suy từ cờ Shipped + PS# của WORK ORDER; qty=tổng SELECT; ngày ƯỚC TÍNH (theo số PS)
190958,11546366-MY-AK,711709,652,,,72000,2026-07-21 18:00:00,29874,SHIP suy từ cờ Shipped + PS# của WORK ORDER; qty=tổng SELECT; ngày ƯỚC TÍNH (theo số PS)
190814,11546571,711722,1105,,,45749,2026-06-29 18:00:00,29776,SHIP suy từ cờ Shipped + PS# của WORK ORDER; qty=PIECES; ngày ƯỚC TÍNH (theo số PS)
190814,11546571,711723,832,,,53413,2026-06-29 18:00:00,29776,SHIP suy từ cờ Shipped + PS# của WORK ORDER; qty=PIECES; ngày ƯỚC TÍNH (theo số PS)
190814,11546571,711724,1538,,,52455,2026-06-29 18:00:00,29776,SHIP suy từ cờ Shipped + PS# của WORK ORDER; qty=PIECES; ngày ƯỚC TÍNH (theo số PS)
190814,11546571,711725,1514,,,47246,2026-06-29 18:00:00,29776,SHIP suy từ cờ Shipped + PS# của WORK ORDER; qty=PIECES; ngày ƯỚC TÍNH (theo số PS)
191024,7150-3033-02,711726,32 CTNS,,,48000,2026-07-07 18:00:00,29809,SHIP suy từ cờ Shipped + PS# của WORK ORDER; qty=PIECES; ngày ƯỚC TÍNH (theo số PS)
190695,7150-3033-02,711726-,303,,,40900,2026-06-24 18:00:00,29753,SHIP suy từ cờ Shipped + PS# của WORK ORDER; qty=PIECES; ngày ƯỚC TÍNH (theo số PS)
190990,7150-3033-02,711727,26 CTNS,,,39000,2026-07-06 18:00:00,29805,SHIP suy từ cờ Shipped + PS# của WORK ORDER; qty=PIECES; ngày ƯỚC TÍNH (theo số PS)
190695,7150-3033-02,711727-,507,,,37800,2026-06-24 18:00:00,29753,SHIP suy từ cờ Shipped + PS# của WORK ORDER; qty=PIECES; ngày ƯỚC TÍNH (theo số PS)
190990,7150-3033-02,711728,36 CTNS,,,54000,2026-07-06 18:00:00,29805,SHIP suy từ cờ Shipped + PS# của WORK ORDER; qty=PIECES; ngày ƯỚC TÍNH (theo số PS)
190695,7150-3033-02,711728-,1584,,,47250,2026-06-24 18:00:00,29753,SHIP suy từ cờ Shipped + PS# của WORK ORDER; qty=PIECES; ngày ƯỚC TÍNH (theo số PS)
191024,7150-3033-02,711729,21 CTNS,,,31500,2026-07-07 18:00:00,29811,SHIP suy từ cờ Shipped + PS# của WORK ORDER; qty=PIECES; ngày ƯỚC TÍNH (theo số PS)
190695,7150-3033-02,711729-,206,,,32500,2026-06-24 18:00:00,29753,SHIP suy từ cờ Shipped + PS# của WORK ORDER; qty=PIECES; ngày ƯỚC TÍNH (theo số PS)
190690,382802-S440,711730,399,,,45750,2026-06-22 18:00:00,29744,SHIP suy từ cờ Shipped + PS# của WORK ORDER; qty=PIECES; ngày ƯỚC TÍNH (theo số PS)
190690,382802-S440,711731,5,,,46083,2026-06-28 18:00:00,29769,SHIP suy từ cờ Shipped + PS# của WORK ORDER; qty=PIECES; ngày ƯỚC TÍNH (theo số PS)
190740,NU3014-02,711734,520,,,10099,2026-07-02 18:00:00,29789,SHIP suy từ cờ Shipped + PS# của WORK ORDER; qty=PIECES; ngày ƯỚC TÍNH (theo số PS)
190740,NU3014-02,711735,252,,,10027,2026-06-26 18:00:00,29764,SHIP suy từ cờ Shipped + PS# của WORK ORDER; qty=PIECES; ngày ƯỚC TÍNH (theo số PS)
190796,NU1305-01,711740,294,,,62520,2026-07-02 18:00:00,29787,SHIP suy từ cờ Shipped + PS# của WORK ORDER; qty=tổng SELECT; ngày ƯỚC TÍNH (theo số PS)
190837,NU1305-01,711741,1714,,,70490,2026-07-02 18:00:00,29787,SHIP suy từ cờ Shipped + PS# của WORK ORDER; qty=tổng SELECT; ngày ƯỚC TÍNH (theo số PS)
192681,06512686AA,711742,68,,,31042,2026-07-30 18:00:00,29915,SHIP suy từ cờ Shipped + PS# của WORK ORDER; qty=PIECES; ngày ƯỚC TÍNH (theo số PS)
192745,06512686AA,711743,1371,,,33420,2026-08-03 18:00:00,29934,SHIP suy từ cờ Shipped + PS# của WORK ORDER; qty=PIECES; ngày lấy từ dòng khác cùng PS
191457,9442939-CA-IN,711745,1729,,,15000,2026-07-21 18:00:00,29874,SHIP suy từ cờ Shipped + PS# của WORK ORDER; qty=PIECES; ngày ƯỚC TÍNH (theo số PS)
190535,SL2404-00,711746,KIB,,,5040,2026-06-18 18:00:00,29725,SHIP suy từ cờ Shipped + PS# của WORK ORDER; qty=PIECES; ngày ƯỚC TÍNH (theo số PS)
190535,SL2404-00,711747,KIB,,,5040,2026-06-18 18:00:00,29727,SHIP suy từ cờ Shipped + PS# của WORK ORDER; qty=PIECES; ngày ƯỚC TÍNH (theo số PS)
190535,SL2404-00,711748,KIB,,,4960,2026-06-18 18:00:00,29727,SHIP suy từ cờ Shipped + PS# của WORK ORDER; qty=PIECES; ngày ƯỚC TÍNH (theo số PS)
190535,SL2404-00,711749,KIB,,,4960,2026-06-18 18:00:00,29727,SHIP suy từ cờ Shipped + PS# của WORK ORDER; qty=PIECES; ngày ƯỚC TÍNH (theo số PS)
190535,SP2103-03,711750,KIB,,,6000,2026-06-18 18:00:00,29727,SHIP suy từ cờ Shipped + PS# của WORK ORDER; qty=PIECES; ngày ƯỚC TÍNH (theo số PS)
190535,SP2103-03,711751,KIB,,,6000,2026-06-18 18:00:00,29727,SHIP suy từ cờ Shipped + PS# của WORK ORDER; qty=PIECES; ngày ƯỚC TÍNH (theo số PS)
190535,SP2103-03,711752,KIB,,,3986,2026-06-18 18:00:00,29727,SHIP suy từ cờ Shipped + PS# của WORK ORDER; qty=PIECES; ngày ƯỚC TÍNH (theo số PS)
190535,SP2103-03,711753,KIB,,,3986,2026-06-18 18:00:00,29727,SHIP suy từ cờ Shipped + PS# của WORK ORDER; qty=PIECES; ngày ƯỚC TÍNH (theo số PS)
190958,11549204-BR-MT,711756,845,,,965,2026-07-13 18:00:00,29837,SHIP suy từ cờ Shipped + PS# của WORK ORDER; qty=PIECES; ngày ƯỚC TÍNH (theo số PS)
190690,382802-S440,711757,676,,,33167,2026-07-08 18:00:00,29816,SHIP suy từ cờ Shipped + PS# của WORK ORDER; qty=PIECES; ngày ƯỚC TÍNH (theo số PS)
190690,382802-S440,711758,810,,,35500,2026-07-03 18:00:00,29792,SHIP suy từ cờ Shipped + PS# của WORK ORDER; qty=PIECES; ngày ƯỚC TÍNH (theo số PS)
190976,W711953-S900,711759,663,,,63000,2026-07-07 18:00:00,29809,SHIP suy từ cờ Shipped + PS# của WORK ORDER; qty=tổng SELECT; ngày ƯỚC TÍNH (theo số PS)
190976,W711953-S900,711760,1373,,,64750,2026-07-06 18:00:00,29807,SHIP suy từ cờ Shipped + PS# của WORK ORDER; qty=tổng SELECT; ngày ƯỚC TÍNH (theo số PS)
190976,W711953-S900,711761,446,,,63000,2026-07-06 18:00:00,29805,SHIP suy từ cờ Shipped + PS# của WORK ORDER; qty=tổng SELECT; ngày ƯỚC TÍNH (theo số PS)
190976,W711953-S900,711762,397,,,70000,2026-07-08 18:00:00,29811,SHIP suy từ cờ Shipped + PS# của WORK ORDER; qty=tổng SELECT; ngày ƯỚC TÍNH (theo số PS); nâng lên ngày sản xuất cuối
191506,11546703,711763,6,,,118889,2026-07-30 18:00:00,29913,SHIP suy từ cờ Shipped + PS# của WORK ORDER; qty=PIECES; ngày ƯỚC TÍNH (theo số PS)
191506,11546703,711764,880,,,131975,2026-07-22 18:00:00,29877,SHIP suy từ cờ Shipped + PS# của WORK ORDER; qty=PIECES; ngày ƯỚC TÍNH (theo số PS)
192708,11546703,711765,42,,,148765,2026-08-01 18:00:00,29921,SHIP suy từ cờ Shipped + PS# của WORK ORDER; qty=PIECES; ngày ƯỚC TÍNH (theo số PS)
191506,11546703,711766,442,,,144000,2026-07-24 18:00:00,29888,SHIP suy từ cờ Shipped + PS# của WORK ORDER; qty=tổng SELECT; ngày ƯỚC TÍNH (theo số PS)
190976,11610128,711767,1534,,,29250,2026-07-06 18:00:00,29805,SHIP suy từ cờ Shipped + PS# của WORK ORDER; qty=tổng SELECT; ngày ƯỚC TÍNH (theo số PS)
190976,11610128,711768,495,,,34875,2026-07-06 18:00:00,29805,SHIP suy từ cờ Shipped + PS# của WORK ORDER; qty=tổng SELECT; ngày ƯỚC TÍNH (theo số PS)
190976,W716298-S450,711769,1559,,,126000,2026-07-07 18:00:00,29811,SHIP suy từ cờ Shipped + PS# của WORK ORDER; qty=tổng SELECT; ngày ƯỚC TÍNH (theo số PS)
190976,W716298-S450,711770,387,,,126000,2026-07-09 18:00:00,29818,SHIP suy từ cờ Shipped + PS# của WORK ORDER; qty=tổng SELECT; ngày ƯỚC TÍNH (theo số PS)
192708,06511672AA,711773,1000,,,43017,2026-08-02 18:00:00,29929,SHIP suy từ cờ Shipped + PS# của WORK ORDER; qty=PIECES; ngày ƯỚC TÍNH (theo số PS)
193079,06511672AA,711774,1358,,,43400,2026-08-13 18:00:00,29977,SHIP suy từ cờ Shipped + PS# của WORK ORDER; qty=tổng SELECT; ngày lấy từ dòng khác cùng PS
190976,11604439,711776,1012,,,19600,2026-07-06 18:00:00,29805,SHIP suy từ cờ Shipped + PS# của WORK ORDER; qty=tổng SELECT; ngày ƯỚC TÍNH (theo số PS)
190976,715150010W,711777,1110,,,57500,2026-07-06 18:00:00,29807,SHIP suy từ cờ Shipped + PS# của WORK ORDER; qty=tổng SELECT; ngày ƯỚC TÍNH (theo số PS)
190976,715150010W,711778,711,,,90000,2026-07-06 18:00:00,29805,SHIP suy từ cờ Shipped + PS# của WORK ORDER; qty=tổng SELECT; ngày ƯỚC TÍNH (theo số PS)
190976,11609411,711781,935,,,61111,2026-07-07 18:00:00,29811,SHIP suy từ cờ Shipped + PS# của WORK ORDER; qty=PIECES; ngày ƯỚC TÍNH (theo số PS)
190976,11609411,711782,1303,,,63000,2026-07-12 18:00:00,29835,SHIP suy từ cờ Shipped + PS# của WORK ORDER; qty=tổng SELECT; ngày ƯỚC TÍNH (theo số PS)
190864,11548414-MY-AK,711795,1700,,,17460,2026-07-02 18:00:00,29787,SHIP suy từ cờ Shipped + PS# của WORK ORDER; qty=tổng SELECT; ngày ƯỚC TÍNH (theo số PS)
190864,11548414-MY-AK,711796,173,,,17460,2026-07-03 18:00:00,29792,SHIP suy từ cờ Shipped + PS# của WORK ORDER; qty=tổng SELECT; ngày ƯỚC TÍNH (theo số PS)
190864,11548414-MY-AK,711801,562,,,22310,2026-07-05 18:00:00,29803,SHIP suy từ cờ Shipped + PS# của WORK ORDER; qty=tổng SELECT; ngày ƯỚC TÍNH (theo số PS)
190864,11548414-MY-AK,711802,1089,,,7275,2026-07-05 18:00:00,29800,SHIP suy từ cờ Shipped + PS# của WORK ORDER; qty=tổng SELECT; ngày ƯỚC TÍNH (theo số PS)
190864,11548414-MY-AK,711803,305,,,17460,2026-07-06 18:00:00,29805,SHIP suy từ cờ Shipped + PS# của WORK ORDER; qty=tổng SELECT; ngày ƯỚC TÍNH (theo số PS)
190864,11548414-MY-AK,711804,15,,,13580,2026-07-08 18:00:00,29814,SHIP suy từ cờ Shipped + PS# của WORK ORDER; qty=tổng SELECT; ngày ƯỚC TÍNH (theo số PS)
190864,11548414-MY-AK,711805,540,,,17460,2026-07-08 18:00:00,29814,SHIP suy từ cờ Shipped + PS# của WORK ORDER; qty=tổng SELECT; ngày ƯỚC TÍNH (theo số PS)
190864,11548414-MY-AK,711806,1426,,,21340,2026-07-08 18:00:00,29814,SHIP suy từ cờ Shipped + PS# của WORK ORDER; qty=tổng SELECT; ngày ƯỚC TÍNH (theo số PS)
190864,11548414-MY-AK,711811,591,,,17460,2026-07-01 18:00:00,29784,SHIP suy từ cờ Shipped + PS# của WORK ORDER; qty=tổng SELECT; ngày ƯỚC TÍNH (theo số PS)
190864,11548414-MY-AK,711812,1067,,,17460,2026-07-11 18:00:00,29831,SHIP suy từ cờ Shipped + PS# của WORK ORDER; qty=tổng SELECT; ngày ƯỚC TÍNH (theo số PS)
192681,06512686AA,711813,1545,,,33094,2026-07-30 18:00:00,29915,SHIP suy từ cờ Shipped + PS# của WORK ORDER; qty=PIECES; ngày ƯỚC TÍNH (theo số PS)
190976,06513554AA,711815,1060,,,11120,2026-07-05 18:00:00,29803,SHIP suy từ cờ Shipped + PS# của WORK ORDER; qty=PIECES; ngày ƯỚC TÍNH (theo số PS)
190976,06513554AA,711816,132,,,9486,2026-07-06 18:00:00,29805,SHIP suy từ cờ Shipped + PS# của WORK ORDER; qty=PIECES; ngày ƯỚC TÍNH (theo số PS)
190779,06104725AA,711817,979,,,100800,2026-07-05 18:00:00,29803,SHIP suy từ cờ Shipped + PS# của WORK ORDER; qty=tổng SELECT; ngày ƯỚC TÍNH (theo số PS)
190779,06104725AA,711818,39,,,100800,2026-07-05 18:00:00,29800,SHIP suy từ cờ Shipped + PS# của WORK ORDER; qty=tổng SELECT; ngày ƯỚC TÍNH (theo số PS)
190779,06104725AA,711819,1071,,,98000,2026-07-07 18:00:00,29811,SHIP suy từ cờ Shipped + PS# của WORK ORDER; qty=tổng SELECT; ngày ƯỚC TÍNH (theo số PS)
190779,06104725AA,711820,721,,,109200,2026-07-08 18:00:00,29811,SHIP suy từ cờ Shipped + PS# của WORK ORDER; qty=tổng SELECT; ngày ƯỚC TÍNH (theo số PS); nâng lên ngày sản xuất cuối
190779,06104725AA,711821,1043,,,95200,2026-07-07 18:00:00,29809,SHIP suy từ cờ Shipped + PS# của WORK ORDER; qty=tổng SELECT; ngày ƯỚC TÍNH (theo số PS)
190779,06104725AA,711822,903,,,96981,2026-07-06 18:00:00,29807,SHIP suy từ cờ Shipped + PS# của WORK ORDER; qty=PIECES; ngày ƯỚC TÍNH (theo số PS)
190779,06104725AA,711823,1721,,,98000,2026-07-06 18:00:00,29803,SHIP suy từ cờ Shipped + PS# của WORK ORDER; qty=tổng SELECT; ngày ƯỚC TÍNH (theo số PS); nâng lên ngày sản xuất cuối
190732,11546389,711825,1363,,,130500,2026-07-01 18:00:00,29784,SHIP suy từ cờ Shipped + PS# của WORK ORDER; qty=tổng SELECT; ngày ƯỚC TÍNH (theo số PS)
190732,11546389,711826,782,,,162000,2026-07-01 18:00:00,29784,SHIP suy từ cờ Shipped + PS# của WORK ORDER; qty=tổng SELECT; ngày ƯỚC TÍNH (theo số PS)
190779,11546389BR,711827,45,,,140400,2026-07-06 18:00:00,29803,SHIP suy từ cờ Shipped + PS# của WORK ORDER; qty=tổng SELECT; ngày ƯỚC TÍNH (theo số PS); nâng lên ngày sản xuất cuối
190779,11546389BR,711828,237,,,93600,2026-07-06 18:00:00,29807,SHIP suy từ cờ Shipped + PS# của WORK ORDER; qty=tổng SELECT; ngày ƯỚC TÍNH (theo số PS)
190732,11546389,711829,382,,,121500,2026-07-08 18:00:00,29814,SHIP suy từ cờ Shipped + PS# của WORK ORDER; qty=tổng SELECT; ngày ƯỚC TÍNH (theo số PS)
190732,11546389,711830,272,,,36000,2026-07-08 18:00:00,29814,SHIP suy từ cờ Shipped + PS# của WORK ORDER; qty=tổng SELECT; ngày ƯỚC TÍNH (theo số PS)
190732,11546389,711831,1585,,,117000,2026-07-11 18:00:00,29831,SHIP suy từ cờ Shipped + PS# của WORK ORDER; qty=tổng SELECT; ngày ƯỚC TÍNH (theo số PS)
190732,11546389,711832,1055,,,122338,2026-07-02 18:00:00,29789,SHIP suy từ cờ Shipped + PS# của WORK ORDER; qty=PIECES; ngày ƯỚC TÍNH (theo số PS)
190779,11546377BR,711841,168,,,71429,2026-06-29 18:00:00,29776,SHIP suy từ cờ Shipped + PS# của WORK ORDER; qty=PIECES; ngày ƯỚC TÍNH (theo số PS)
190779,11546377BR,711842,298,,,62987,2026-06-29 18:00:00,29776,SHIP suy từ cờ Shipped + PS# của WORK ORDER; qty=PIECES; ngày ƯỚC TÍNH (theo số PS)
190719,11546449,711843,1068,,,67500,2026-06-30 18:00:00,29779,SHIP suy từ cờ Shipped + PS# của WORK ORDER; qty=tổng SELECT; ngày ƯỚC TÍNH (theo số PS)
190719,11546449,711844,462,,,90000,2026-07-13 18:00:00,29839,SHIP suy từ cờ Shipped + PS# của WORK ORDER; qty=tổng SELECT; ngày ƯỚC TÍNH (theo số PS)
190719,11546449,711845,846,,,93898,2026-06-29 18:00:00,29776,SHIP suy từ cờ Shipped + PS# của WORK ORDER; qty=PIECES; ngày ƯỚC TÍNH (theo số PS)
190719,11546449,711846,547,,,105000,2026-07-01 18:00:00,29784,SHIP suy từ cờ Shipped + PS# của WORK ORDER; qty=tổng SELECT; ngày ƯỚC TÍNH (theo số PS)
190719,11546449,711847,1325,,,90678,2026-06-29 18:00:00,29776,SHIP suy từ cờ Shipped + PS# của WORK ORDER; qty=PIECES; ngày ƯỚC TÍNH (theo số PS)
190719,11546449,711848,1686,,,90000,2026-06-30 18:00:00,29779,SHIP suy từ cờ Shipped + PS# của WORK ORDER; qty=tổng SELECT; ngày ƯỚC TÍNH (theo số PS)
190719,11546449,711849,1415,,,94576,2026-06-28 18:00:00,29769,SHIP suy từ cờ Shipped + PS# của WORK ORDER; qty=PIECES; ngày ƯỚC TÍNH (theo số PS)
190719,11546449,711850,1391,,,75000,2026-07-02 18:00:00,29787,SHIP suy từ cờ Shipped + PS# của WORK ORDER; qty=tổng SELECT; ngày ƯỚC TÍNH (theo số PS)
190719,11546449,711851,605,,,105000,2026-07-02 18:00:00,29787,SHIP suy từ cờ Shipped + PS# của WORK ORDER; qty=tổng SELECT; ngày ƯỚC TÍNH (theo số PS)
190719,11546449,711852,1421,,,97119,2026-06-29 18:00:00,29776,SHIP suy từ cờ Shipped + PS# của WORK ORDER; qty=PIECES; ngày ƯỚC TÍNH (theo số PS)
190719,11546449,711853,813,,,89746,2026-06-28 18:00:00,29769,SHIP suy từ cờ Shipped + PS# của WORK ORDER; qty=PIECES; ngày ƯỚC TÍNH (theo số PS)
190719,11546449,711854,748,,,88814,2026-06-28 18:00:00,29773,SHIP suy từ cờ Shipped + PS# của WORK ORDER; qty=PIECES; ngày ƯỚC TÍNH (theo số PS)
191398,11549168-CA-IN,711860,198,,,36000,2026-07-29 18:00:00,29911,SHIP suy từ cờ Shipped + PS# của WORK ORDER; qty=tổng SELECT; ngày ƯỚC TÍNH (theo số PS)
191012,06101968-A,711882,409,,,70400,2026-07-12 18:00:00,29835,SHIP suy từ cờ Shipped + PS# của WORK ORDER; qty=tổng SELECT; ngày ƯỚC TÍNH (theo số PS)
191012,06101968-A,711883,522,,,79200,2026-07-07 18:00:00,29809,SHIP suy từ cờ Shipped + PS# của WORK ORDER; qty=tổng SELECT; ngày ƯỚC TÍNH (theo số PS)
190845,06511701AA,711884,1546,,,80500,2026-07-05 18:00:00,29800,SHIP suy từ cờ Shipped + PS# của WORK ORDER; qty=tổng SELECT; ngày ƯỚC TÍNH (theo số PS)
190845,06511701AA,711885,1423,,,82800,2026-07-02 18:00:00,29789,SHIP suy từ cờ Shipped + PS# của WORK ORDER; qty=tổng SELECT; ngày ƯỚC TÍNH (theo số PS)
190938,11602326,711886,740,,,4165,2026-07-08 18:00:00,29816,SHIP suy từ cờ Shipped + PS# của WORK ORDER; qty=PIECES; ngày ƯỚC TÍNH (theo số PS)
190938,11602326,711887,1355,,,4641,2026-07-06 18:00:00,29807,SHIP suy từ cờ Shipped + PS# của WORK ORDER; qty=PIECES; ngày ƯỚC TÍNH (theo số PS)
190938,11602326,711888,603,,,4324,2026-07-06 18:00:00,29807,SHIP suy từ cờ Shipped + PS# của WORK ORDER; qty=PIECES; ngày ƯỚC TÍNH (theo số PS)
190938,11602326,711889,1526,,,4524,2026-07-06 18:00:00,29807,SHIP suy từ cờ Shipped + PS# của WORK ORDER; qty=PIECES; ngày ƯỚC TÍNH (theo số PS)
190938,11602326,711890,1382,,,4320,2026-07-06 18:00:00,29807,SHIP suy từ cờ Shipped + PS# của WORK ORDER; qty=tổng SELECT; ngày ƯỚC TÍNH (theo số PS)
190938,11602326,711891,224,,,4320,2026-07-08 18:00:00,29816,SHIP suy từ cờ Shipped + PS# của WORK ORDER; qty=tổng SELECT; ngày ƯỚC TÍNH (theo số PS)
190938,11602326,711892,381,,,4320,2026-07-06 18:00:00,29807,SHIP suy từ cờ Shipped + PS# của WORK ORDER; qty=tổng SELECT; ngày ƯỚC TÍNH (theo số PS)
190938,11602326,711893,378,,,46883,2026-07-11 18:00:00,29831,SHIP suy từ cờ Shipped + PS# của WORK ORDER; qty=PIECES; ngày ƯỚC TÍNH (theo số PS)
191012,11546456,711894,99,,,78300,2026-07-19 18:00:00,29865,SHIP suy từ cờ Shipped + PS# của WORK ORDER; qty=tổng SELECT; ngày ƯỚC TÍNH (theo số PS)
191012,11546456,711895,1674,,,97200,2026-07-08 18:00:00,29814,SHIP suy từ cờ Shipped + PS# của WORK ORDER; qty=tổng SELECT; ngày ƯỚC TÍNH (theo số PS)
191012,11546456,711896,820,,,97200,2026-07-09 18:00:00,29818,SHIP suy từ cờ Shipped + PS# của WORK ORDER; qty=tổng SELECT; ngày ƯỚC TÍNH (theo số PS)
191012,11546456,711897,760,,,45900,2026-07-11 18:00:00,29828,SHIP suy từ cờ Shipped + PS# của WORK ORDER; qty=tổng SELECT; ngày ƯỚC TÍNH (theo số PS)
190797,11602031,711898,312,,,4067,2026-06-29 18:00:00,29776,SHIP suy từ cờ Shipped + PS# của WORK ORDER; qty=PIECES; ngày ƯỚC TÍNH (theo số PS)
190797,11602031,711899,1024,,,4757,2026-06-29 18:00:00,29776,SHIP suy từ cờ Shipped + PS# của WORK ORDER; qty=PIECES; ngày ƯỚC TÍNH (theo số PS)
190797,11602031,711900,793,,,4081,2026-06-29 18:00:00,29776,SHIP suy từ cờ Shipped + PS# của WORK ORDER; qty=PIECES; ngày ƯỚC TÍNH (theo số PS)
190797,11602031,711901,358,,,4434,2026-06-30 18:00:00,29779,SHIP suy từ cờ Shipped + PS# của WORK ORDER; qty=PIECES; ngày ƯỚC TÍNH (theo số PS)
190797,11602031,711902,1711,,,4312,2026-06-30 18:00:00,29781,SHIP suy từ cờ Shipped + PS# của WORK ORDER; qty=PIECES; ngày ƯỚC TÍNH (theo số PS)
190797,11602031,711903,93,,,4282,2026-06-29 18:00:00,29776,SHIP suy từ cờ Shipped + PS# của WORK ORDER; qty=PIECES; ngày ƯỚC TÍNH (theo số PS)
190797,11602031,711904,724,,,4062,2026-06-30 18:00:00,29781,SHIP suy từ cờ Shipped + PS# của WORK ORDER; qty=PIECES; ngày ƯỚC TÍNH (theo số PS)
190797,11602031,711905,1428,,,4473,2026-06-30 18:00:00,29781,SHIP suy từ cờ Shipped + PS# của WORK ORDER; qty=PIECES; ngày ƯỚC TÍNH (theo số PS)
190864,11546437-MY-AK,711913,729,,,91500,2026-07-03 18:00:00,29792,SHIP suy từ cờ Shipped + PS# của WORK ORDER; qty=tổng SELECT; ngày ƯỚC TÍNH (theo số PS)
190864,11546437-MY-AK,711914,943,,,73500,2026-07-03 18:00:00,29792,SHIP suy từ cờ Shipped + PS# của WORK ORDER; qty=tổng SELECT; ngày ƯỚC TÍNH (theo số PS)
190864,11546437-MY-AK,711915,1645,,,87000,2026-07-05 18:00:00,29800,SHIP suy từ cờ Shipped + PS# của WORK ORDER; qty=tổng SELECT; ngày ƯỚC TÍNH (theo số PS)
190864,11546437-MY-AK,711916,154,,,84000,2026-07-02 18:00:00,29789,SHIP suy từ cờ Shipped + PS# của WORK ORDER; qty=tổng SELECT; ngày ƯỚC TÍNH (theo số PS)
190864,11546437-MY-AK,711917,1670,,,90000,2026-07-02 18:00:00,29787,SHIP suy từ cờ Shipped + PS# của WORK ORDER; qty=tổng SELECT; ngày ƯỚC TÍNH (theo số PS)
190797,06105102AA,711918,KIB,,,40000,2026-07-11 18:00:00,29831,SHIP suy từ cờ Shipped + PS# của WORK ORDER; qty=PIECES; ngày ƯỚC TÍNH (theo số PS)
190797,06105102AA,711920,KIB,,,40000,2026-07-11 18:00:00,29831,SHIP suy từ cờ Shipped + PS# của WORK ORDER; qty=PIECES; ngày ƯỚC TÍNH (theo số PS)
190797,06105102AA,711921,KIB,,,15410,2026-07-05 18:00:00,29803,SHIP suy từ cờ Shipped + PS# của WORK ORDER; qty=tổng SELECT; ngày ƯỚC TÍNH (theo số PS)
190797,06105102AA,711922,KIB,,,40000,2026-06-29 18:00:00,29776,SHIP suy từ cờ Shipped + PS# của WORK ORDER; qty=PIECES; ngày ƯỚC TÍNH (theo số PS)
190797,06105102AA,711924,KIB,,,40000,2026-06-30 18:00:00,29781,SHIP suy từ cờ Shipped + PS# của WORK ORDER; qty=PIECES; ngày ƯỚC TÍNH (theo số PS)
190797,06105048AA,711926,KIB,,,28800,2026-06-30 18:00:00,29779,SHIP suy từ cờ Shipped + PS# của WORK ORDER; qty=tổng SELECT; ngày ƯỚC TÍNH (theo số PS)
190797,06105048AA,711927,KIB,,,28800,2026-07-01 18:00:00,29784,SHIP suy từ cờ Shipped + PS# của WORK ORDER; qty=tổng SELECT; ngày ƯỚC TÍNH (theo số PS)
190797,06105048AA,711928,KIB,,,8000,2026-07-02 18:00:00,29789,SHIP suy từ cờ Shipped + PS# của WORK ORDER; qty=tổng SELECT; ngày ƯỚC TÍNH (theo số PS)
190797,06105048AA,711929,KIB,,,8800,2026-07-02 18:00:00,29789,SHIP suy từ cờ Shipped + PS# của WORK ORDER; qty=tổng SELECT; ngày ƯỚC TÍNH (theo số PS)
190845,11547830,711932,KIB,,,9570,2026-07-02 18:00:00,29789,SHIP suy từ cờ Shipped + PS# của WORK ORDER; qty=PIECES; ngày ƯỚC TÍNH (theo số PS)
190845,11547830,711933,KIB,,,9570,2026-07-02 18:00:00,29789,SHIP suy từ cờ Shipped + PS# của WORK ORDER; qty=PIECES; ngày ƯỚC TÍNH (theo số PS)
190958,11549204,711934,672,,,7613,2026-07-05 18:00:00,29803,SHIP suy từ cờ Shipped + PS# của WORK ORDER; qty=PIECES; ngày ƯỚC TÍNH (theo số PS)
190958,11549204,711935,814,,,7442,2026-07-13 18:00:00,29837,SHIP suy từ cờ Shipped + PS# của WORK ORDER; qty=PIECES; ngày ƯỚC TÍNH (theo số PS)
190958,11549204,711936,1579,,,7475,2026-07-05 18:00:00,29803,SHIP suy từ cờ Shipped + PS# của WORK ORDER; qty=PIECES; ngày ƯỚC TÍNH (theo số PS)
190958,11549204,711937,493,,,7725,2026-07-08 18:00:00,29816,SHIP suy từ cờ Shipped + PS# của WORK ORDER; qty=PIECES; ngày ƯỚC TÍNH (theo số PS)
190958,11549204,711938,1048,,,7364,2026-07-08 18:00:00,29814,SHIP suy từ cờ Shipped + PS# của WORK ORDER; qty=PIECES; ngày ƯỚC TÍNH (theo số PS)
190958,11549204,711939,222,,,7560,2026-07-05 18:00:00,29803,SHIP suy từ cờ Shipped + PS# của WORK ORDER; qty=tổng SELECT; ngày ƯỚC TÍNH (theo số PS)
190938,11549204,711940,376,,,7955,2026-07-13 18:00:00,29839,SHIP suy từ cờ Shipped + PS# của WORK ORDER; qty=PIECES; ngày ƯỚC TÍNH (theo số PS)
190938,11549204,711941,1609,,,7048,2026-07-08 18:00:00,29816,SHIP suy từ cờ Shipped + PS# của WORK ORDER; qty=PIECES; ngày ƯỚC TÍNH (theo số PS)
190938,11549204,711942,593,,,6857,2026-07-08 18:00:00,29816,SHIP suy từ cờ Shipped + PS# của WORK ORDER; qty=PIECES; ngày ƯỚC TÍNH (theo số PS)
190938,11549204,711943,7,,,8021,2026-07-15 18:00:00,29848,SHIP suy từ cờ Shipped + PS# của WORK ORDER; qty=PIECES; ngày ƯỚC TÍNH (theo số PS)
190864,11546462,711944,444,,,28600,2026-07-08 18:00:00,29814,SHIP suy từ cờ Shipped + PS# của WORK ORDER; qty=tổng SELECT; ngày ƯỚC TÍNH (theo số PS)
190864,11546462,711945,293,,,23400,2026-07-08 18:00:00,29816,SHIP suy từ cờ Shipped + PS# của WORK ORDER; qty=tổng SELECT; ngày ƯỚC TÍNH (theo số PS)
190864,11546462,711946,545,,,23400,2026-07-08 18:00:00,29816,SHIP suy từ cờ Shipped + PS# của WORK ORDER; qty=tổng SELECT; ngày ƯỚC TÍNH (theo số PS)
190864,11546462,711947,1681,,,23400,2026-07-11 18:00:00,29831,SHIP suy từ cờ Shipped + PS# của WORK ORDER; qty=tổng SELECT; ngày ƯỚC TÍNH (theo số PS)
190864,11546462,711948,404,,,20800,2026-07-08 18:00:00,29816,SHIP suy từ cờ Shipped + PS# của WORK ORDER; qty=tổng SELECT; ngày ƯỚC TÍNH (theo số PS)
190864,11546462,711950,1649,,,23400,2026-07-07 18:00:00,29811,SHIP suy từ cờ Shipped + PS# của WORK ORDER; qty=tổng SELECT; ngày ƯỚC TÍNH (theo số PS)
190864,11546462,711952,283,,,25225,2026-07-11 18:00:00,29831,SHIP suy từ cờ Shipped + PS# của WORK ORDER; qty=PIECES; ngày ƯỚC TÍNH (theo số PS)
190864,11546462,711953,852,,,23400,2026-07-08 18:00:00,29814,SHIP suy từ cờ Shipped + PS# của WORK ORDER; qty=tổng SELECT; ngày ƯỚC TÍNH (theo số PS)
190845,06102612AA,711956,130,,,64970,2026-06-30 18:00:00,29779,SHIP suy từ cờ Shipped + PS# của WORK ORDER; qty=PIECES; ngày ƯỚC TÍNH (theo số PS)
190845,06102612AA,711957,642,,,62424,2026-06-30 18:00:00,29779,SHIP suy từ cờ Shipped + PS# của WORK ORDER; qty=PIECES; ngày ƯỚC TÍNH (theo số PS)
190740,SA-7000-13,711958,1446,,,3524,2026-06-25 18:00:00,29758,SHIP suy từ cờ Shipped + PS# của WORK ORDER; qty=PIECES; ngày ƯỚC TÍNH (theo số PS)
190691,SA-7000-13,711962,693,,,3513,2026-06-24 18:00:00,29753,SHIP suy từ cờ Shipped + PS# của WORK ORDER; qty=PIECES; ngày ƯỚC TÍNH (theo số PS)
190691,SA-7000-13,711963,1111,,,3510,2026-06-24 18:00:00,29753,SHIP suy từ cờ Shipped + PS# của WORK ORDER; qty=PIECES; ngày ƯỚC TÍNH (theo số PS)
190740,SA-7000-13,711964,650,,,3089,2026-06-25 18:00:00,29756,SHIP suy từ cờ Shipped + PS# của WORK ORDER; qty=PIECES; ngày ƯỚC TÍNH (theo số PS)
190740,SA-7000-13,711965,625,,,2969,2026-06-28 18:00:00,29769,SHIP suy từ cờ Shipped + PS# của WORK ORDER; qty=PIECES; ngày ƯỚC TÍNH (theo số PS)
190740,SA-7000-13,711966,1010,,,3061,2026-06-25 18:00:00,29756,SHIP suy từ cờ Shipped + PS# của WORK ORDER; qty=PIECES; ngày ƯỚC TÍNH (theo số PS)
190740,SA-7000-13,711967,1556,,,2955,2026-06-25 18:00:00,29758,SHIP suy từ cờ Shipped + PS# của WORK ORDER; qty=PIECES; ngày ƯỚC TÍNH (theo số PS)
190740,SA-7000-13,711968,411,,,2800,2026-06-25 18:00:00,29758,SHIP suy từ cờ Shipped + PS# của WORK ORDER; qty=PIECES; ngày ƯỚC TÍNH (theo số PS)
190740,SA-7000-13,711969,1599,,,3161,2026-06-28 18:00:00,29769,SHIP suy từ cờ Shipped + PS# của WORK ORDER; qty=PIECES; ngày ƯỚC TÍNH (theo số PS)
190673,82244,711971,5CTNS,,,3000,2026-06-24 18:00:00,29753,SHIP suy từ cờ Shipped + PS# của WORK ORDER; qty=PIECES; ngày ƯỚC TÍNH (theo số PS)
190673,61525,712014,KIB,,,175000,2026-06-22 18:00:00,29743,SHIP suy từ cờ Shipped + PS# của WORK ORDER; qty=PIECES; ngày ƯỚC TÍNH (theo số PS)
190673,61525,712015,KIB,,,175000,2026-06-22 18:00:00,29743,SHIP suy từ cờ Shipped + PS# của WORK ORDER; qty=PIECES; ngày ƯỚC TÍNH (theo số PS)
191304,06514720AA,712067,749,,,24796,2026-07-16 18:00:00,29850,SHIP suy từ cờ Shipped + PS# của WORK ORDER; qty=PIECES; ngày ƯỚC TÍNH (theo số PS)
191304,06514720AA,712068,674,,,34208,2026-07-16 18:00:00,29850,SHIP suy từ cờ Shipped + PS# của WORK ORDER; qty=PIECES; ngày ƯỚC TÍNH (theo số PS)
191304,06514720AA,712069,153,,,26109,2026-07-16 18:00:00,29852,SHIP suy từ cờ Shipped + PS# của WORK ORDER; qty=PIECES; ngày ƯỚC TÍNH (theo số PS)
191304,06514720AA,712070,20,,,34027,2026-07-16 18:00:00,29850,SHIP suy từ cờ Shipped + PS# của WORK ORDER; qty=PIECES; ngày ƯỚC TÍNH (theo số PS)
191424,06513485AA,712072,365,,,56181,2026-07-20 18:00:00,29869,SHIP suy từ cờ Shipped + PS# của WORK ORDER; qty=PIECES; ngày ƯỚC TÍNH (theo số PS)
191424,06513485AA,712074,114,,,68125,2026-07-20 18:00:00,29871,SHIP suy từ cờ Shipped + PS# của WORK ORDER; qty=PIECES; ngày ƯỚC TÍNH (theo số PS)
192745,F1302AB,712075,22,,,18479,2026-08-02 18:00:00,29929,SHIP suy từ cờ Shipped + PS# của WORK ORDER; qty=PIECES; ngày ƯỚC TÍNH (theo số PS)
192639,F1302AB,712076,778,,,23800,2026-07-31 18:00:00,29919,SHIP suy từ cờ Shipped + PS# của WORK ORDER; qty=tổng SELECT; ngày ƯỚC TÍNH (theo số PS)
192708,F1302AB,712077,788,,,9385,2026-08-01 18:00:00,29921,SHIP suy từ cờ Shipped + PS# của WORK ORDER; qty=PIECES; ngày ƯỚC TÍNH (theo số PS)
191340,06503825-A,712080,1599,,,76231,2026-07-19 18:00:00,29867,SHIP suy từ cờ Shipped + PS# của WORK ORDER; qty=PIECES; ngày ƯỚC TÍNH (theo số PS)
191340,06503825-A,712081,651,,,77769,2026-07-19 18:00:00,29867,SHIP suy từ cờ Shipped + PS# của WORK ORDER; qty=PIECES; ngày ƯỚC TÍNH (theo số PS)
191340,06503825-A,712082,882,,,78308,2026-07-17 18:00:00,29857,SHIP suy từ cờ Shipped + PS# của WORK ORDER; qty=PIECES; ngày ƯỚC TÍNH (theo số PS)
191424,06506707AA,712083,363,,,22767,2026-07-20 18:00:00,29869,SHIP suy từ cờ Shipped + PS# của WORK ORDER; qty=PIECES; ngày ƯỚC TÍNH (theo số PS)
191424,06506707AA,712084,1637,,,28700,2026-07-21 18:00:00,29873,SHIP suy từ cờ Shipped + PS# của WORK ORDER; qty=tổng SELECT; ngày ƯỚC TÍNH (theo số PS)
191340,06502979-A,712085,1334,,,27000,2026-07-21 18:00:00,29873,SHIP suy từ cờ Shipped + PS# của WORK ORDER; qty=tổng SELECT; ngày ƯỚC TÍNH (theo số PS)
191340,06502979-A,712086,171,,,18000,2026-07-21 18:00:00,29873,SHIP suy từ cờ Shipped + PS# của WORK ORDER; qty=tổng SELECT; ngày ƯỚC TÍNH (theo số PS)
190975,NU3019-00,712087,1612,,,4722,2026-07-09 18:00:00,29819,SHIP suy từ cờ Shipped + PS# của WORK ORDER; qty=PIECES; ngày ƯỚC TÍNH (theo số PS)
190975,NU3019-00,712088,871,,,5321,2026-07-09 18:00:00,29819,SHIP suy từ cờ Shipped + PS# của WORK ORDER; qty=PIECES; ngày ƯỚC TÍNH (theo số PS)
190975,NU3019-00,712089,1343,,,4866,2026-07-09 18:00:00,29819,SHIP suy từ cờ Shipped + PS# của WORK ORDER; qty=PIECES; ngày ƯỚC TÍNH (theo số PS)
190975,NU3019-00,712090,801,,,5233,2026-07-09 18:00:00,29819,SHIP suy từ cờ Shipped + PS# của WORK ORDER; qty=PIECES; ngày ƯỚC TÍNH (theo số PS)
190975,NU3019-00,712091,1357,,,5599,2026-07-09 18:00:00,29819,SHIP suy từ cờ Shipped + PS# của WORK ORDER; qty=PIECES; ngày ƯỚC TÍNH (theo số PS)
190975,NU3019-00,712092,219,,,4526,2026-07-09 18:00:00,29819,SHIP suy từ cờ Shipped + PS# của WORK ORDER; qty=PIECES; ngày ƯỚC TÍNH (theo số PS)
191105,NU3019-00,712093,965,,,5354,2026-07-09 18:00:00,29819,SHIP suy từ cờ Shipped + PS# của WORK ORDER; qty=PIECES; ngày ƯỚC TÍNH (theo số PS)
191145,NU3019-00,712094,433,,,4703,2026-07-09 18:00:00,29819,SHIP suy từ cờ Shipped + PS# của WORK ORDER; qty=PIECES; ngày ƯỚC TÍNH (theo số PS)
191024,NU3019-00,712095,1673,,,4828,2026-07-09 18:00:00,29819,SHIP suy từ cờ Shipped + PS# của WORK ORDER; qty=PIECES; ngày ƯỚC TÍNH (theo số PS)
191105,NU3019-00,712096,321,,,5139,2026-07-09 18:00:00,29819,SHIP suy từ cờ Shipped + PS# của WORK ORDER; qty=PIECES; ngày ƯỚC TÍNH (theo số PS)
190975,NU3019-00,712097,797,,,5326,2026-07-09 18:00:00,29819,SHIP suy từ cờ Shipped + PS# của WORK ORDER; qty=PIECES; ngày ƯỚC TÍNH (theo số PS)
191024,NU3019-00,712098,496,,,4617,2026-07-09 18:00:00,29819,SHIP suy từ cờ Shipped + PS# của WORK ORDER; qty=PIECES; ngày ƯỚC TÍNH (theo số PS)
190975,NU3019-00,712099,48,,,5043,2026-07-09 18:00:00,29819,SHIP suy từ cờ Shipped + PS# của WORK ORDER; qty=PIECES; ngày ƯỚC TÍNH (theo số PS)
190975,NU3019-00,712100,1618,,,4943,2026-07-09 18:00:00,29819,SHIP suy từ cờ Shipped + PS# của WORK ORDER; qty=PIECES; ngày ƯỚC TÍNH (theo số PS)
191241,11546367-MY-AK,712101,917,,,25200,2026-07-21 18:00:00,29874,SHIP suy từ cờ Shipped + PS# của WORK ORDER; qty=tổng SELECT; ngày ƯỚC TÍNH (theo số PS)
191241,11546367-MY-AK,712102,1638,,,21700,2026-07-20 18:00:00,29871,SHIP suy từ cờ Shipped + PS# của WORK ORDER; qty=tổng SELECT; ngày ƯỚC TÍNH (theo số PS)
191125,11546367-MY-AK,712103,464,,,25200,2026-07-13 18:00:00,29839,SHIP suy từ cờ Shipped + PS# của WORK ORDER; qty=tổng SELECT; ngày ƯỚC TÍNH (theo số PS)
191125,11546367-MY-AK,712104,373,,,25200,2026-07-13 18:00:00,29837,SHIP suy từ cờ Shipped + PS# của WORK ORDER; qty=tổng SELECT; ngày ƯỚC TÍNH (theo số PS)
191125,11546367-MY-AK,712105,1323,,,25200,2026-07-09 18:00:00,29818,SHIP suy từ cờ Shipped + PS# của WORK ORDER; qty=tổng SELECT; ngày ƯỚC TÍNH (theo số PS)
191125,11546367-MY-AK,712106,708,,,24645,2026-07-09 18:00:00,29818,SHIP suy từ cờ Shipped + PS# của WORK ORDER; qty=PIECES; ngày ƯỚC TÍNH (theo số PS)
191125,11546367-MY-AK,712107,1528,,,25200,2026-07-09 18:00:00,29818,SHIP suy từ cờ Shipped + PS# của WORK ORDER; qty=tổng SELECT; ngày ƯỚC TÍNH (theo số PS)
191125,11546367-MY-AK,712108,1520,,,25200,2026-07-09 18:00:00,29818,SHIP suy từ cờ Shipped + PS# của WORK ORDER; qty=tổng SELECT; ngày ƯỚC TÍNH (theo số PS)
191125,11546367-MY-AK,712109,1076,,,25200,2026-07-11 18:00:00,29828,SHIP suy từ cờ Shipped + PS# của WORK ORDER; qty=tổng SELECT; ngày ƯỚC TÍNH (theo số PS)
191125,11546367-MY-AK,712110,514,,,25900,2026-07-11 18:00:00,29831,SHIP suy từ cờ Shipped + PS# của WORK ORDER; qty=tổng SELECT; ngày ƯỚC TÍNH (theo số PS)
191125,11546367-MY-AK,712111,51,,,25200,2026-07-09 18:00:00,29818,SHIP suy từ cờ Shipped + PS# của WORK ORDER; qty=tổng SELECT; ngày ƯỚC TÍNH (theo số PS)
191125,11546367-MY-AK,712112,764,,,25200,2026-07-11 18:00:00,29828,SHIP suy từ cờ Shipped + PS# của WORK ORDER; qty=tổng SELECT; ngày ƯỚC TÍNH (theo số PS)
191034,11546378-MY-AK,712113,290,,,37500,2026-07-11 18:00:00,29828,SHIP suy từ cờ Shipped + PS# của WORK ORDER; qty=tổng SELECT; ngày ƯỚC TÍNH (theo số PS)
191034,11546378-MY-AK,712114,1524,,,45000,2026-07-07 18:00:00,29809,SHIP suy từ cờ Shipped + PS# của WORK ORDER; qty=tổng SELECT; ngày ƯỚC TÍNH (theo số PS)
191034,11546378-MY-AK,712115,258,,,45000,2026-07-08 18:00:00,29811,SHIP suy từ cờ Shipped + PS# của WORK ORDER; qty=tổng SELECT; ngày ƯỚC TÍNH (theo số PS); nâng lên ngày sản xuất cuối
191034,11546378-MY-AK,712116,1696,,,45000,2026-07-08 18:00:00,29811,SHIP suy từ cờ Shipped + PS# của WORK ORDER; qty=tổng SELECT; ngày ƯỚC TÍNH (theo số PS); nâng lên ngày sản xuất cuối
191034,11546378-MY-AK,712117,1575,,,45000,2026-07-07 18:00:00,29809,SHIP suy từ cờ Shipped + PS# của WORK ORDER; qty=tổng SELECT; ngày ƯỚC TÍNH (theo số PS)
191034,11546378-MY-AK,712118,938,,,45000,2026-07-08 18:00:00,29811,SHIP suy từ cờ Shipped + PS# của WORK ORDER; qty=tổng SELECT; ngày ƯỚC TÍNH (theo số PS); nâng lên ngày sản xuất cuối
191034,11546378-MY-AK,712120,53,,,45000,2026-07-08 18:00:00,29816,SHIP suy từ cờ Shipped + PS# của WORK ORDER; qty=tổng SELECT; ngày ƯỚC TÍNH (theo số PS)
191034,11546378-MY-AK,712121,1621,,,45000,2026-07-09 18:00:00,29818,SHIP suy từ cờ Shipped + PS# của WORK ORDER; qty=tổng SELECT; ngày ƯỚC TÍNH (theo số PS)
191034,11546378-MY-AK,712122,893,,,45900,2026-07-07 18:00:00,29809,SHIP suy từ cờ Shipped + PS# của WORK ORDER; qty=PIECES; ngày ƯỚC TÍNH (theo số PS)
191034,11546378-MY-AK,712123,1362,,,45000,2026-07-09 18:00:00,29818,SHIP suy từ cờ Shipped + PS# của WORK ORDER; qty=tổng SELECT; ngày ƯỚC TÍNH (theo số PS)
191034,11546378-MY-AK,712124,330,,,37165,2026-07-09 18:00:00,29818,SHIP suy từ cờ Shipped + PS# của WORK ORDER; qty=PIECES; ngày ƯỚC TÍNH (theo số PS)
191034,11546378-MY-AK,712125,489,,,45000,2026-07-08 18:00:00,29814,SHIP suy từ cờ Shipped + PS# của WORK ORDER; qty=tổng SELECT; ngày ƯỚC TÍNH (theo số PS)
191034,11546378-MY-AK,712126,190,,,45000,2026-07-08 18:00:00,29814,SHIP suy từ cờ Shipped + PS# của WORK ORDER; qty=tổng SELECT; ngày ƯỚC TÍNH (theo số PS)
191034,11546378-MY-AK,712127,687,,,45000,2026-07-08 18:00:00,29811,SHIP suy từ cờ Shipped + PS# của WORK ORDER; qty=tổng SELECT; ngày ƯỚC TÍNH (theo số PS); nâng lên ngày sản xuất cuối
191034,11546378-MY-AK,712128,551,,,45000,2026-07-08 18:00:00,29814,SHIP suy từ cờ Shipped + PS# của WORK ORDER; qty=tổng SELECT; ngày ƯỚC TÍNH (theo số PS)
190958,11546545,712129,1346,,,100000,2026-07-13 18:00:00,29837,SHIP suy từ cờ Shipped + PS# của WORK ORDER; qty=tổng SELECT; ngày ƯỚC TÍNH (theo số PS)
190958,11546545,712130,194,,,90000,2026-07-11 18:00:00,29828,SHIP suy từ cờ Shipped + PS# của WORK ORDER; qty=tổng SELECT; ngày ƯỚC TÍNH (theo số PS)
190864,40073474,712131,1523,,,4987,2026-07-02 18:00:00,29787,SHIP suy từ cờ Shipped + PS# của WORK ORDER; qty=PIECES; ngày ƯỚC TÍNH (theo số PS)
190864,40073474,712132,1072,,,5047,2026-07-02 18:00:00,29787,SHIP suy từ cờ Shipped + PS# của WORK ORDER; qty=PIECES; ngày ƯỚC TÍNH (theo số PS)
190881,11612025,712133,1537,,,28047,2026-07-06 18:00:00,29805,SHIP suy từ cờ Shipped + PS# của WORK ORDER; qty=PIECES; ngày ƯỚC TÍNH (theo số PS)
190958,11546545,712135,918,,,90000,2026-07-08 18:00:00,29811,SHIP suy từ cờ Shipped + PS# của WORK ORDER; qty=tổng SELECT; ngày ƯỚC TÍNH (theo số PS); nâng lên ngày sản xuất cuối
190958,11546545,712136,3,,,90000,2026-07-08 18:00:00,29816,SHIP suy từ cờ Shipped + PS# của WORK ORDER; qty=tổng SELECT; ngày ƯỚC TÍNH (theo số PS)
190864,11604183,712137,1004,,,15840,2026-06-30 18:00:00,29781,SHIP suy từ cờ Shipped + PS# của WORK ORDER; qty=PIECES; ngày ƯỚC TÍNH (theo số PS)
190864,11604183,712138,109,,,14430,2026-06-30 18:00:00,29781,SHIP suy từ cờ Shipped + PS# của WORK ORDER; qty=tổng SELECT; ngày ƯỚC TÍNH (theo số PS)
190797,06513555AA,712140,159,,,21150,2026-06-29 18:00:00,29776,SHIP suy từ cờ Shipped + PS# của WORK ORDER; qty=PIECES; ngày ƯỚC TÍNH (theo số PS)
191594,06509787AA,712142,1569,,,25000,2026-07-30 18:00:00,29913,SHIP suy từ cờ Shipped + PS# của WORK ORDER; qty=PIECES; ngày ƯỚC TÍNH (theo số PS)
190864,11546389BR,712143,284,,,101400,2026-07-16 18:00:00,29850,SHIP suy từ cờ Shipped + PS# của WORK ORDER; qty=tổng SELECT; ngày ƯỚC TÍNH (theo số PS)
190864,11546389BR,712144,1045,,,136500,2026-07-05 18:00:00,29800,SHIP suy từ cờ Shipped + PS# của WORK ORDER; qty=tổng SELECT; ngày ƯỚC TÍNH (theo số PS)
190864,06511847AA,712145,944,,,22500,2026-07-05 18:00:00,29800,SHIP suy từ cờ Shipped + PS# của WORK ORDER; qty=tổng SELECT; ngày ƯỚC TÍNH (theo số PS)
190864,06511847AA,712146,73,,,27000,2026-07-13 18:00:00,29839,SHIP suy từ cờ Shipped + PS# của WORK ORDER; qty=tổng SELECT; ngày ƯỚC TÍNH (theo số PS)
190845,06104384AA,712149,1735,,,24735,2026-06-30 18:00:00,29779,SHIP suy từ cờ Shipped + PS# của WORK ORDER; qty=PIECES; ngày ƯỚC TÍNH (theo số PS)
190845,06104384AA,712150,1742,,,23228,2026-06-30 18:00:00,29779,SHIP suy từ cờ Shipped + PS# của WORK ORDER; qty=PIECES; ngày ƯỚC TÍNH (theo số PS)
190845,06104388AA,712151,1740,,,20775,2026-06-30 18:00:00,29781,SHIP suy từ cờ Shipped + PS# của WORK ORDER; qty=PIECES; ngày ƯỚC TÍNH (theo số PS)
190845,06104388AA,712152,1730,,,21090,2026-06-30 18:00:00,29781,SHIP suy từ cờ Shipped + PS# của WORK ORDER; qty=PIECES; ngày ƯỚC TÍNH (theo số PS)
190845,06104388AA,712153,1743,,,17160,2026-06-30 18:00:00,29781,SHIP suy từ cờ Shipped + PS# của WORK ORDER; qty=tổng SELECT; ngày ƯỚC TÍNH (theo số PS)
190845,06104388AA,712154,1739,,,23245,2026-06-30 18:00:00,29781,SHIP suy từ cờ Shipped + PS# của WORK ORDER; qty=PIECES; ngày ƯỚC TÍNH (theo số PS)
192681,11546774-MY-AK,712155,1574,,,12150,2026-07-31 18:00:00,29919,SHIP suy từ cờ Shipped + PS# của WORK ORDER; qty=tổng SELECT; ngày ƯỚC TÍNH (theo số PS)
192681,11546774-MY-AK,712156,579,,,13500,2026-08-02 18:00:00,29929,SHIP suy từ cờ Shipped + PS# của WORK ORDER; qty=tổng SELECT; ngày ƯỚC TÍNH (theo số PS)
192681,11546774-MY-AK,712157,276,,,14400,2026-08-02 18:00:00,29927,SHIP suy từ cờ Shipped + PS# của WORK ORDER; qty=tổng SELECT; ngày ƯỚC TÍNH (theo số PS)
192681,11546774-MY-AK,712158,46,,,9000,2026-07-30 18:00:00,29915,SHIP suy từ cờ Shipped + PS# của WORK ORDER; qty=tổng SELECT; ngày ƯỚC TÍNH (theo số PS)
190845,06104384AA,712159,1728,,,24286,2026-07-01 18:00:00,29784,SHIP suy từ cờ Shipped + PS# của WORK ORDER; qty=PIECES; ngày ƯỚC TÍNH (theo số PS)
190845,06104384AA,712160,1729,,,23677,2026-07-01 18:00:00,29784,SHIP suy từ cờ Shipped + PS# của WORK ORDER; qty=PIECES; ngày ƯỚC TÍNH (theo số PS)
191305,11546367,712161,245,,,25390,2026-07-20 18:00:00,29869,SHIP suy từ cờ Shipped + PS# của WORK ORDER; qty=PIECES; ngày ƯỚC TÍNH (theo số PS)
191305,11546367,712162,347,,,23800,2026-07-21 18:00:00,29873,SHIP suy từ cờ Shipped + PS# của WORK ORDER; qty=tổng SELECT; ngày ƯỚC TÍNH (theo số PS)
191125,11546367-MY-AK,712165,614,,,25200,2026-07-15 18:00:00,29845,SHIP suy từ cờ Shipped + PS# của WORK ORDER; qty=tổng SELECT; ngày ƯỚC TÍNH (theo số PS)
191090,11546449,712166,1749,,,90000,2026-07-13 18:00:00,29839,SHIP suy từ cờ Shipped + PS# của WORK ORDER; qty=tổng SELECT; ngày ƯỚC TÍNH (theo số PS)
191090,11546449,712167,1750,,,90000,2026-07-11 18:00:00,29831,SHIP suy từ cờ Shipped + PS# của WORK ORDER; qty=tổng SELECT; ngày ƯỚC TÍNH (theo số PS)
191090,11546449,712168,1736,,,90000,2026-07-11 18:00:00,29828,SHIP suy từ cờ Shipped + PS# của WORK ORDER; qty=tổng SELECT; ngày ƯỚC TÍNH (theo số PS)
191090,11546449,712169,1741,,,90000,2026-07-13 18:00:00,29837,SHIP suy từ cờ Shipped + PS# của WORK ORDER; qty=tổng SELECT; ngày ƯỚC TÍNH (theo số PS)
191090,11546449,712170,1727,,,90000,2026-07-11 18:00:00,29831,SHIP suy từ cờ Shipped + PS# của WORK ORDER; qty=tổng SELECT; ngày ƯỚC TÍNH (theo số PS)
191090,11546449,712171,509,,,89068,2026-07-11 18:00:00,29828,SHIP suy từ cờ Shipped + PS# của WORK ORDER; qty=PIECES; ngày ƯỚC TÍNH (theo số PS)
190845,06513514AA,712172,1560,,,10526,2026-06-30 18:00:00,29781,SHIP suy từ cờ Shipped + PS# của WORK ORDER; qty=PIECES; ngày ƯỚC TÍNH (theo số PS)
190845,06513514AA,712173,690,,,10440,2026-06-30 18:00:00,29781,SHIP suy từ cờ Shipped + PS# của WORK ORDER; qty=tổng SELECT; ngày ƯỚC TÍNH (theo số PS)
190845,06513514AA,712174,1733,,,10086,2026-06-30 18:00:00,29781,SHIP suy từ cờ Shipped + PS# của WORK ORDER; qty=PIECES; ngày ƯỚC TÍNH (theo số PS)
190845,06513514AA,712175,1747,,,9878,2026-06-30 18:00:00,29781,SHIP suy từ cờ Shipped + PS# của WORK ORDER; qty=PIECES; ngày ƯỚC TÍNH (theo số PS)
191192,11561645,712176,1583,,,144000,2026-07-17 18:00:00,29854,SHIP suy từ cờ Shipped + PS# của WORK ORDER; qty=tổng SELECT; ngày ƯỚC TÍNH (theo số PS)
191192,11561645,712177,228,,,60000,2026-07-19 18:00:00,29865,SHIP suy từ cờ Shipped + PS# của WORK ORDER; qty=tổng SELECT; ngày ƯỚC TÍNH (theo số PS)
191223,11561645,712178,1112,,,144000,2026-07-16 18:00:00,29850,SHIP suy từ cờ Shipped + PS# của WORK ORDER; qty=tổng SELECT; ngày ƯỚC TÍNH (theo số PS)
191223,11561645,712179,342,,,144000,2026-07-17 18:00:00,29857,SHIP suy từ cờ Shipped + PS# của WORK ORDER; qty=tổng SELECT; ngày ƯỚC TÍNH (theo số PS)
190845,11546462,712180,765,,,23400,2026-07-07 18:00:00,29811,SHIP suy từ cờ Shipped + PS# của WORK ORDER; qty=tổng SELECT; ngày ƯỚC TÍNH (theo số PS)
190845,11546462,712181,678,,,20800,2026-07-13 18:00:00,29839,SHIP suy từ cờ Shipped + PS# của WORK ORDER; qty=tổng SELECT; ngày ƯỚC TÍNH (theo số PS)
190845,11546462,712182,734,,,22100,2026-07-15 18:00:00,29848,SHIP suy từ cờ Shipped + PS# của WORK ORDER; qty=tổng SELECT; ngày ƯỚC TÍNH (theo số PS)
190845,11546462,712183,951,,,23400,2026-07-07 18:00:00,29811,SHIP suy từ cờ Shipped + PS# của WORK ORDER; qty=tổng SELECT; ngày ƯỚC TÍNH (theo số PS)
190845,11546462,712184,1734,,,23400,2026-07-12 18:00:00,29835,SHIP suy từ cờ Shipped + PS# của WORK ORDER; qty=tổng SELECT; ngày ƯỚC TÍNH (theo số PS)
190845,11546462,712185,1722,,,23400,2026-07-08 18:00:00,29816,SHIP suy từ cờ Shipped + PS# của WORK ORDER; qty=tổng SELECT; ngày ƯỚC TÍNH (theo số PS)
190845,11546462,712186,1723,,,23400,2026-07-08 18:00:00,29816,SHIP suy từ cờ Shipped + PS# của WORK ORDER; qty=tổng SELECT; ngày ƯỚC TÍNH (theo số PS)
190845,11546462,712187,1721,,,23400,2026-07-19 18:00:00,29865,SHIP suy từ cờ Shipped + PS# của WORK ORDER; qty=tổng SELECT; ngày ƯỚC TÍNH (theo số PS)
190845,11546462,712188,1731,,,23400,2026-07-13 18:00:00,29839,SHIP suy từ cờ Shipped + PS# của WORK ORDER; qty=tổng SELECT; ngày ƯỚC TÍNH (theo số PS)
190845,11546462,712189,1732,,,23400,2026-08-10 18:00:00,29964,SHIP suy từ cờ Shipped + PS# của WORK ORDER; qty=tổng SELECT; ngày lấy từ dòng khác cùng PS
191034,11546449,712190,1724,,,85000,2026-07-13 18:00:00,29837,SHIP suy từ cờ Shipped + PS# của WORK ORDER; qty=tổng SELECT; ngày ƯỚC TÍNH (theo số PS)
191034,11546449,712191,1737,,,90000,2026-07-09 18:00:00,29818,SHIP suy từ cờ Shipped + PS# của WORK ORDER; qty=tổng SELECT; ngày ƯỚC TÍNH (theo số PS)
191034,11546449,712192,1726,,,75000,2026-07-13 18:00:00,29839,SHIP suy từ cờ Shipped + PS# của WORK ORDER; qty=tổng SELECT; ngày ƯỚC TÍNH (theo số PS)
191034,11546449,712193,1725,,,90000,2026-07-15 18:00:00,29845,SHIP suy từ cờ Shipped + PS# của WORK ORDER; qty=tổng SELECT; ngày ƯỚC TÍNH (theo số PS)
191034,11546449,712194,1744,,,67500,2026-07-11 18:00:00,29831,SHIP suy từ cờ Shipped + PS# của WORK ORDER; qty=tổng SELECT; ngày ƯỚC TÍNH (theo số PS)
191034,11546449,712195,1745,,,90000,2026-07-08 18:00:00,29816,SHIP suy từ cờ Shipped + PS# của WORK ORDER; qty=tổng SELECT; ngày ƯỚC TÍNH (theo số PS)
190938,06101736-A,712196,149,,,125056,2026-07-05 18:00:00,29803,SHIP suy từ cờ Shipped + PS# của WORK ORDER; qty=PIECES; ngày ƯỚC TÍNH (theo số PS)
190938,06101736-A,712197,1628,,,126742,2026-07-02 18:00:00,29789,SHIP suy từ cờ Shipped + PS# của WORK ORDER; qty=PIECES; ngày ƯỚC TÍNH (theo số PS)
190938,06101736-A,712198,712,,,134400,2026-07-06 18:00:00,29807,SHIP suy từ cờ Shipped + PS# của WORK ORDER; qty=tổng SELECT; ngày ƯỚC TÍNH (theo số PS)
190938,06101736-A,712199,1021,,,128000,2026-07-06 18:00:00,29805,SHIP suy từ cờ Shipped + PS# của WORK ORDER; qty=tổng SELECT; ngày ƯỚC TÍNH (theo số PS)
190938,06101736-A,712200,810,,,133034,2026-07-08 18:00:00,29814,SHIP suy từ cờ Shipped + PS# của WORK ORDER; qty=PIECES; ngày ƯỚC TÍNH (theo số PS)
190938,06101736-A,712201,297,,,128000,2026-07-07 18:00:00,29809,SHIP suy từ cờ Shipped + PS# của WORK ORDER; qty=tổng SELECT; ngày ƯỚC TÍNH (theo số PS)
190938,06101736-A,712202,827,,,125843,2026-07-02 18:00:00,29789,SHIP suy từ cờ Shipped + PS# của WORK ORDER; qty=PIECES; ngày ƯỚC TÍNH (theo số PS)
190938,06101736-A,712203,487,,,129101,2026-07-02 18:00:00,29789,SHIP suy từ cờ Shipped + PS# của WORK ORDER; qty=PIECES; ngày ƯỚC TÍNH (theo số PS)
191560,W520101-S437,712208,332,,,81000,2026-07-26 18:00:00,29895,SHIP suy từ cờ Shipped + PS# của WORK ORDER; qty=tổng SELECT; ngày ƯỚC TÍNH (theo số PS)
191560,W520101-S437,712209,639,,,138000,2026-07-27 18:00:00,29902,SHIP suy từ cờ Shipped + PS# của WORK ORDER; qty=tổng SELECT; ngày ƯỚC TÍNH (theo số PS)
191560,W520101-S437,712210,116,,,121818,2026-07-24 18:00:00,29888,SHIP suy từ cờ Shipped + PS# của WORK ORDER; qty=PIECES; ngày ƯỚC TÍNH (theo số PS)
191560,W520101-S437,712211,709,,,168000,2026-07-26 18:00:00,29898,SHIP suy từ cờ Shipped + PS# của WORK ORDER; qty=tổng SELECT; ngày ƯỚC TÍNH (theo số PS)
191256,W520101-S450,712212,878,,,122273,2026-07-15 18:00:00,29845,SHIP suy từ cờ Shipped + PS# của WORK ORDER; qty=PIECES; ngày ƯỚC TÍNH (theo số PS)
191256,W520101-S450,712213,1313,,,114000,2026-07-22 18:00:00,29879,SHIP suy từ cờ Shipped + PS# của WORK ORDER; qty=tổng SELECT; ngày ƯỚC TÍNH (theo số PS)
191256,W520101-S450,712214,870,,,108000,2026-07-20 18:00:00,29869,SHIP suy từ cờ Shipped + PS# của WORK ORDER; qty=tổng SELECT; ngày ƯỚC TÍNH (theo số PS)
191256,W520101-S450,712215,966,,,108000,2026-07-15 18:00:00,29845,SHIP suy từ cờ Shipped + PS# của WORK ORDER; qty=tổng SELECT; ngày ƯỚC TÍNH (theo số PS)
191256,W520101-S450,712216,1374,,,216000,2026-07-20 18:00:00,29869,SHIP suy từ cờ Shipped + PS# của WORK ORDER; qty=tổng SELECT; ngày ƯỚC TÍNH (theo số PS)
191256,W520101-S450,712217,1369,,,108000,2026-07-16 18:00:00,29852,SHIP suy từ cờ Shipped + PS# của WORK ORDER; qty=tổng SELECT; ngày ƯỚC TÍNH (theo số PS)
191256,W520101-S450,712218,368,,,108000,2026-07-17 18:00:00,29857,SHIP suy từ cờ Shipped + PS# của WORK ORDER; qty=tổng SELECT; ngày ƯỚC TÍNH (theo số PS)
191256,W520101-S450,712219,326,,,122727,2026-07-15 18:00:00,29845,SHIP suy từ cờ Shipped + PS# của WORK ORDER; qty=PIECES; ngày ƯỚC TÍNH (theo số PS)
191252,11546370-MY-AK,712220,756,,,7302,2026-07-20 18:00:00,29871,SHIP suy từ cờ Shipped + PS# của WORK ORDER; qty=PIECES; ngày ƯỚC TÍNH (theo số PS)
191252,11546370-MY-AK,712221,610,,,7597,2026-07-19 18:00:00,29865,SHIP suy từ cờ Shipped + PS# của WORK ORDER; qty=PIECES; ngày ƯỚC TÍNH (theo số PS)
191252,11546370-MY-AK,712222,17,,,7631,2026-07-20 18:00:00,29871,SHIP suy từ cờ Shipped + PS# của WORK ORDER; qty=PIECES; ngày ƯỚC TÍNH (theo số PS)
191252,11546370-MY-AK,712223,1311,,,7228,2026-07-20 18:00:00,29871,SHIP suy từ cờ Shipped + PS# của WORK ORDER; qty=PIECES; ngày ƯỚC TÍNH (theo số PS)
191252,11546370-MY-AK,712224,303,,,7839,2026-08-02 18:00:00,29927,SHIP suy từ cờ Shipped + PS# của WORK ORDER; qty=PIECES; ngày ƯỚC TÍNH (theo số PS)
191213,11546366-MY-AK,712230,469,,,41300,2026-07-21 18:00:00,29874,SHIP suy từ cờ Shipped + PS# của WORK ORDER; qty=PIECES; ngày ƯỚC TÍNH (theo số PS)
191213,11546366-MY-AK,712231,5,,,40794,2026-07-22 18:00:00,29877,SHIP suy từ cờ Shipped + PS# của WORK ORDER; qty=PIECES; ngày ƯỚC TÍNH (theo số PS)
191213,11546366-MY-AK,712232,1351,,,43791,2026-07-17 18:00:00,29857,SHIP suy từ cờ Shipped + PS# của WORK ORDER; qty=PIECES; ngày ƯỚC TÍNH (theo số PS)
191213,11546366-MY-AK,712233,175,,,38303,2026-07-22 18:00:00,29877,SHIP suy từ cờ Shipped + PS# của WORK ORDER; qty=PIECES; ngày ƯỚC TÍNH (theo số PS)
191213,11546366-MY-AK,712234,211,,,39928,2026-07-21 18:00:00,29873,SHIP suy từ cờ Shipped + PS# của WORK ORDER; qty=PIECES; ngày ƯỚC TÍNH (theo số PS)
191213,11546366-MY-AK,712235,502,,,41336,2026-07-17 18:00:00,29857,SHIP suy từ cờ Shipped + PS# của WORK ORDER; qty=PIECES; ngày ƯỚC TÍNH (theo số PS)
191173,11549169-MY-AK,712236,775,,,23760,2026-07-13 18:00:00,29837,SHIP suy từ cờ Shipped + PS# của WORK ORDER; qty=tổng SELECT; ngày ƯỚC TÍNH (theo số PS)
191173,11549169-MY-AK,712237,622,,,25080,2026-07-13 18:00:00,29837,SHIP suy từ cờ Shipped + PS# của WORK ORDER; qty=tổng SELECT; ngày ƯỚC TÍNH (theo số PS)
191213,11549169-MY-AK,712238,968,,,21932,2026-07-19 18:00:00,29865,SHIP suy từ cờ Shipped + PS# của WORK ORDER; qty=PIECES; ngày ƯỚC TÍNH (theo số PS)
191173,11549169-MY-AK,712239,766,,,25740,2026-07-13 18:00:00,29837,SHIP suy từ cờ Shipped + PS# của WORK ORDER; qty=tổng SELECT; ngày ƯỚC TÍNH (theo số PS)
191173,11549169-MY-AK,712240,1342,,,23760,2026-07-21 18:00:00,29874,SHIP suy từ cờ Shipped + PS# của WORK ORDER; qty=tổng SELECT; ngày ƯỚC TÍNH (theo số PS)
191173,11549169-MY-AK,712241,525,,,23760,2026-07-13 18:00:00,29837,SHIP suy từ cờ Shipped + PS# của WORK ORDER; qty=tổng SELECT; ngày ƯỚC TÍNH (theo số PS)
190958,11546545,712254,145,,,90000,2026-07-09 18:00:00,29816,SHIP suy từ cờ Shipped + PS# của WORK ORDER; qty=tổng SELECT; ngày ƯỚC TÍNH (theo số PS); nâng lên ngày sản xuất cuối
190958,11546545,712255,1682,,,90000,2026-07-08 18:00:00,29814,SHIP suy từ cờ Shipped + PS# của WORK ORDER; qty=tổng SELECT; ngày ƯỚC TÍNH (theo số PS)
190958,11546545,712256,1073,,,90000,2026-07-07 18:00:00,29809,SHIP suy từ cờ Shipped + PS# của WORK ORDER; qty=tổng SELECT; ngày ƯỚC TÍNH (theo số PS)
190958,11546545,712257,445,,,90000,2026-07-07 18:00:00,29811,SHIP suy từ cờ Shipped + PS# của WORK ORDER; qty=tổng SELECT; ngày ƯỚC TÍNH (theo số PS)
190958,11546545,712258,597,,,90000,2026-07-07 18:00:00,29807,SHIP suy từ cờ Shipped + PS# của WORK ORDER; qty=tổng SELECT; ngày ƯỚC TÍNH (theo số PS); nâng lên ngày sản xuất cuối
190958,11546545,712259,169,,,82500,2026-07-13 18:00:00,29839,SHIP suy từ cờ Shipped + PS# của WORK ORDER; qty=tổng SELECT; ngày ƯỚC TÍNH (theo số PS)
190938,11546545,712260,12,,,88417,2026-07-16 18:00:00,29852,SHIP suy từ cờ Shipped + PS# của WORK ORDER; qty=PIECES; ngày ƯỚC TÍNH (theo số PS)
190938,11546545,712261,921,,,90000,2026-07-06 18:00:00,29807,SHIP suy từ cờ Shipped + PS# của WORK ORDER; qty=tổng SELECT; ngày ƯỚC TÍNH (theo số PS)
190958,11546545,712262,400,,,180000,2026-07-13 18:00:00,29839,SHIP suy từ cờ Shipped + PS# của WORK ORDER; qty=tổng SELECT; ngày ƯỚC TÍNH (theo số PS)
190958,11546545,712263,574,,,90000,2026-07-12 18:00:00,29835,SHIP suy từ cờ Shipped + PS# của WORK ORDER; qty=tổng SELECT; ngày ƯỚC TÍNH (theo số PS)
191147,82253,712265,277,,,42269,2026-07-08 18:00:00,29816,SHIP suy từ cờ Shipped + PS# của WORK ORDER; qty=PIECES; ngày ƯỚC TÍNH (theo số PS)
191147,82253,712266,577,,,43151,2026-07-08 18:00:00,29816,SHIP suy từ cờ Shipped + PS# của WORK ORDER; qty=PIECES; ngày ƯỚC TÍNH (theo số PS)
190740,SL2404-00,712277,KIB,,,3360,2026-06-25 18:00:00,29758,SHIP suy từ cờ Shipped + PS# của WORK ORDER; qty=PIECES; ngày ƯỚC TÍNH (theo số PS)
190740,SL2404-00,712278,KIB,,,3360,2026-06-25 18:00:00,29758,SHIP suy từ cờ Shipped + PS# của WORK ORDER; qty=PIECES; ngày ƯỚC TÍNH (theo số PS)
190740,SL2404-00,712279,KIB,,,4200,2026-06-25 18:00:00,29758,SHIP suy từ cờ Shipped + PS# của WORK ORDER; qty=PIECES; ngày ƯỚC TÍNH (theo số PS)
190740,SL2404-00,712280,KIB,,,4081,2026-06-25 18:00:00,29758,SHIP suy từ cờ Shipped + PS# của WORK ORDER; qty=PIECES; ngày ƯỚC TÍNH (theo số PS)
191105,NU1305-01,712281,480,,,63500,2026-07-18 18:00:00,29862,SHIP suy từ cờ Shipped + PS# của WORK ORDER; qty=tổng SELECT; ngày ƯỚC TÍNH (theo số PS)
190975,NU1305-01,712282,181,,,64455,2026-07-05 18:00:00,29801,SHIP suy từ cờ Shipped + PS# của WORK ORDER; qty=tổng SELECT; ngày ƯỚC TÍNH (theo số PS)
191061,NU1305-01,712292,482,,,65000,2026-07-09 18:00:00,29819,SHIP suy từ cờ Shipped + PS# của WORK ORDER; qty=tổng SELECT; ngày ƯỚC TÍNH (theo số PS)
191061,NU1305-01,712293,1584,,,58430,2026-07-18 18:00:00,29862,SHIP suy từ cờ Shipped + PS# của WORK ORDER; qty=tổng SELECT; ngày ƯỚC TÍNH (theo số PS)
190938,82248,712294,1401,,,36750,2026-07-07 18:00:00,29809,SHIP suy từ cờ Shipped + PS# của WORK ORDER; qty=tổng SELECT; ngày ƯỚC TÍNH (theo số PS)
190938,82248,712295,1061,,,36750,2026-07-07 18:00:00,29809,SHIP suy từ cờ Shipped + PS# của WORK ORDER; qty=tổng SELECT; ngày ƯỚC TÍNH (theo số PS)
190938,11602031,712298,424,,,4047,2026-07-13 18:00:00,29839,SHIP suy từ cờ Shipped + PS# của WORK ORDER; qty=PIECES; ngày ƯỚC TÍNH (theo số PS)
190938,11602031,712299,841,,,4350,2026-07-08 18:00:00,29814,SHIP suy từ cờ Shipped + PS# của WORK ORDER; qty=tổng SELECT; ngày ƯỚC TÍNH (theo số PS)
190938,11602031,712300,555,,,4205,2026-07-06 18:00:00,29805,SHIP suy từ cờ Shipped + PS# của WORK ORDER; qty=tổng SELECT; ngày ƯỚC TÍNH (theo số PS)
190938,11602031,712301,119,,,4473,2026-07-05 18:00:00,29803,SHIP suy từ cờ Shipped + PS# của WORK ORDER; qty=PIECES; ngày ƯỚC TÍNH (theo số PS)
190938,11602031,712302,1671,,,3045,2026-07-05 18:00:00,29803,SHIP suy từ cờ Shipped + PS# của WORK ORDER; qty=tổng SELECT; ngày ƯỚC TÍNH (theo số PS)
191012,06101968-A,712310,826,,,79200,2026-07-08 18:00:00,29814,SHIP suy từ cờ Shipped + PS# của WORK ORDER; qty=tổng SELECT; ngày ƯỚC TÍNH (theo số PS)
191012,06101968-A,712311,604,,,70400,2026-07-09 18:00:00,29818,SHIP suy từ cờ Shipped + PS# của WORK ORDER; qty=tổng SELECT; ngày ƯỚC TÍNH (theo số PS)
190958,06105049AA,712312,KIB,,,29600,2026-07-07 18:00:00,29809,SHIP suy từ cờ Shipped + PS# của WORK ORDER; qty=tổng SELECT; ngày ƯỚC TÍNH (theo số PS)
190958,06105049AA,712313,KIB,,,16000,2026-07-11 18:00:00,29831,SHIP suy từ cờ Shipped + PS# của WORK ORDER; qty=tổng SELECT; ngày ƯỚC TÍNH (theo số PS)
190958,06105049AA,712314,KIB,,,20000,2026-07-08 18:00:00,29814,SHIP suy từ cờ Shipped + PS# của WORK ORDER; qty=tổng SELECT; ngày ƯỚC TÍNH (theo số PS)
190958,06105049AA,712315,KIB,,,16000,2026-07-08 18:00:00,29814,SHIP suy từ cờ Shipped + PS# của WORK ORDER; qty=tổng SELECT; ngày ƯỚC TÍNH (theo số PS)
190958,06105049AA,712316,KIB,,,40000,2026-07-05 18:00:00,29800,SHIP suy từ cờ Shipped + PS# của WORK ORDER; qty=PIECES; ngày ƯỚC TÍNH (theo số PS)
190958,06105049AA,712317,KIB,,,40000,2026-07-05 18:00:00,29800,SHIP suy từ cờ Shipped + PS# của WORK ORDER; qty=PIECES; ngày ƯỚC TÍNH (theo số PS)
191012,06509967AA,712318,KIB,,,40000,2026-07-07 18:00:00,29809,SHIP suy từ cờ Shipped + PS# của WORK ORDER; qty=PIECES; ngày ƯỚC TÍNH (theo số PS)
191012,06509967AA,712319,KIB,,,40000,2026-07-07 18:00:00,29809,SHIP suy từ cờ Shipped + PS# của WORK ORDER; qty=PIECES; ngày ƯỚC TÍNH (theo số PS)
191012,06509967AA,712320,KIB,,,16500,2026-07-09 18:00:00,29818,SHIP suy từ cờ Shipped + PS# của WORK ORDER; qty=tổng SELECT; ngày ƯỚC TÍNH (theo số PS)
191012,06509967AA,712321,KIB,,,14850,2026-07-09 18:00:00,29818,SHIP suy từ cờ Shipped + PS# của WORK ORDER; qty=tổng SELECT; ngày ƯỚC TÍNH (theo số PS)
191012,06509967AA,712322,KIB,,,40000,2026-07-07 18:00:00,29809,SHIP suy từ cờ Shipped + PS# của WORK ORDER; qty=PIECES; ngày ƯỚC TÍNH (theo số PS)
191012,06509967AA,712323,KIB,,,40000,2026-07-07 18:00:00,29809,SHIP suy từ cờ Shipped + PS# của WORK ORDER; qty=PIECES; ngày ƯỚC TÍNH (theo số PS)
191034,M1482AC,712328,KIB,,,10000,2026-07-07 18:00:00,29809,SHIP suy từ cờ Shipped + PS# của WORK ORDER; qty=PIECES; ngày ƯỚC TÍNH (theo số PS)
191034,M1482AC,712329,KIB,,,10000,2026-07-07 18:00:00,29809,SHIP suy từ cờ Shipped + PS# của WORK ORDER; qty=PIECES; ngày ƯỚC TÍNH (theo số PS)
190845,11588714,712330,KIB,,,32200,2026-07-06 18:00:00,29805,SHIP suy từ cờ Shipped + PS# của WORK ORDER; qty=tổng SELECT; ngày ƯỚC TÍNH (theo số PS)
190845,11588714,712331,KIB,,,35000,2026-07-05 18:00:00,29800,SHIP suy từ cờ Shipped + PS# của WORK ORDER; qty=tổng SELECT; ngày ƯỚC TÍNH (theo số PS)
190845,06105102AA,712332,KIB,,,40000,2026-06-30 18:00:00,29781,SHIP suy từ cờ Shipped + PS# của WORK ORDER; qty=PIECES; ngày ƯỚC TÍNH (theo số PS)
190845,06105102AA,712333,KIB,,,22780,2026-06-30 18:00:00,29781,SHIP suy từ cờ Shipped + PS# của WORK ORDER; qty=tổng SELECT; ngày ƯỚC TÍNH (theo số PS)
190845,06105102AA,712334,KIB,,,16080,2026-06-30 18:00:00,29781,SHIP suy từ cờ Shipped + PS# của WORK ORDER; qty=tổng SELECT; ngày ƯỚC TÍNH (theo số PS)
190845,06105102AA,712335,KIB,,,40000,2026-06-30 18:00:00,29781,SHIP suy từ cờ Shipped + PS# của WORK ORDER; qty=PIECES; ngày ƯỚC TÍNH (theo số PS)
191397,11516382-MY-AK,712338,1041,,,16200,2026-08-02 18:00:00,29927,SHIP suy từ cờ Shipped + PS# của WORK ORDER; qty=tổng SELECT; ngày ƯỚC TÍNH (theo số PS)
191397,11516382-MY-AK,712339,235,,,14850,2026-08-10 18:00:00,29972,SHIP suy từ cờ Shipped + PS# của WORK ORDER; qty=tổng SELECT; ngày lấy từ dòng khác cùng PS
191061,NU1405-00,712376,1448,,,77900,2026-07-09 18:00:00,29819,SHIP suy từ cờ Shipped + PS# của WORK ORDER; qty=tổng SELECT; ngày ƯỚC TÍNH (theo số PS)
191061,NU1405-00,712377,1079,,,75000,2026-07-09 18:00:00,29819,SHIP suy từ cờ Shipped + PS# của WORK ORDER; qty=tổng SELECT; ngày ƯỚC TÍNH (theo số PS)
191061,NU1405-00,712378,1344,,,43300,2026-07-18 18:00:00,29862,SHIP suy từ cờ Shipped + PS# của WORK ORDER; qty=tổng SELECT; ngày ƯỚC TÍNH (theo số PS)
191061,NU1405-00,712379,1314,,,68377,2026-07-09 18:00:00,29819,SHIP suy từ cờ Shipped + PS# của WORK ORDER; qty=PIECES; ngày ƯỚC TÍNH (theo số PS)
191061,NU1405-00,712380,1513,,,82000,2026-07-09 18:00:00,29819,SHIP suy từ cờ Shipped + PS# của WORK ORDER; qty=tổng SELECT; ngày ƯỚC TÍNH (theo số PS)
191061,NU1405-00,712381,41,,,75000,2026-07-18 18:00:00,29862,SHIP suy từ cờ Shipped + PS# của WORK ORDER; qty=tổng SELECT; ngày ƯỚC TÍNH (theo số PS)
191061,NU1405-00,712382,948,,,76444,2026-07-09 18:00:00,29819,SHIP suy từ cờ Shipped + PS# của WORK ORDER; qty=tổng SELECT; ngày ƯỚC TÍNH (theo số PS)
191061,NU1405-00,712383,252,,,72348,2026-07-18 18:00:00,29862,SHIP suy từ cờ Shipped + PS# của WORK ORDER; qty=tổng SELECT; ngày ƯỚC TÍNH (theo số PS)
191061,NU1405-00,712384,1352,,,75000,2026-07-09 18:00:00,29819,SHIP suy từ cờ Shipped + PS# của WORK ORDER; qty=tổng SELECT; ngày ƯỚC TÍNH (theo số PS)
191061,NU1405-00,712385,451,,,75000,2026-07-09 18:00:00,29819,SHIP suy từ cờ Shipped + PS# của WORK ORDER; qty=tổng SELECT; ngày ƯỚC TÍNH (theo số PS)
191397,11516133,712386,702,,,18000,2026-08-10 18:00:00,29972,SHIP suy từ cờ Shipped + PS# của WORK ORDER; qty=tổng SELECT; ngày lấy từ dòng khác cùng PS
191397,11516133,712387,748,,,13000,2026-07-24 18:00:00,29888,SHIP suy từ cờ Shipped + PS# của WORK ORDER; qty=tổng SELECT; ngày ƯỚC TÍNH (theo số PS)
192696,E6267AB,712388,625,,,23015,2026-07-31 18:00:00,29917,SHIP suy từ cờ Shipped + PS# của WORK ORDER; qty=PIECES; ngày ƯỚC TÍNH (theo số PS)
192696,E6267AB,712389,265,,,25563,2026-08-01 18:00:00,29921,SHIP suy từ cờ Shipped + PS# của WORK ORDER; qty=PIECES; ngày ƯỚC TÍNH (theo số PS)
192696,E6267AB,712390,1596,,,40000,2026-08-01 18:00:00,29921,SHIP suy từ cờ Shipped + PS# của WORK ORDER; qty=tổng SELECT; ngày ƯỚC TÍNH (theo số PS)
192696,E6267AB,712391,909,,,24310,2026-07-31 18:00:00,29917,SHIP suy từ cờ Shipped + PS# của WORK ORDER; qty=PIECES; ngày ƯỚC TÍNH (theo số PS)
191213,7320491,712392,97,,,68554,2026-07-25 18:00:00,29893,SHIP suy từ cờ Shipped + PS# của WORK ORDER; qty=PIECES; ngày ƯỚC TÍNH (theo số PS)
191213,7320491,712393,427,,,64759,2026-07-17 18:00:00,29857,SHIP suy từ cờ Shipped + PS# của WORK ORDER; qty=PIECES; ngày ƯỚC TÍNH (theo số PS)
191105,NU3019-00,712394,1551,,,5575,2026-07-09 18:00:00,29819,SHIP suy từ cờ Shipped + PS# của WORK ORDER; qty=PIECES; ngày ƯỚC TÍNH (theo số PS)
191105,NU3019-00,712395,1441,,,4535,2026-07-09 18:00:00,29819,SHIP suy từ cờ Shipped + PS# của WORK ORDER; qty=PIECES; ngày ƯỚC TÍNH (theo số PS)
190975,NU3019-00,712396,67,,,5599,2026-07-09 18:00:00,29819,SHIP suy từ cờ Shipped + PS# của WORK ORDER; qty=PIECES; ngày ƯỚC TÍNH (theo số PS)
191145,NU3019-00,712397,557,,,4425,2026-07-09 18:00:00,29819,SHIP suy từ cờ Shipped + PS# của WORK ORDER; qty=PIECES; ngày ƯỚC TÍNH (theo số PS)
191145,NU3019-00,712398,529,,,4875,2026-07-09 18:00:00,29819,SHIP suy từ cờ Shipped + PS# của WORK ORDER; qty=PIECES; ngày ƯỚC TÍNH (theo số PS)
191145,NU3019-00,712399,578,,,5263,2026-07-09 18:00:00,29819,SHIP suy từ cờ Shipped + PS# của WORK ORDER; qty=PIECES; ngày ƯỚC TÍNH (theo số PS)
191145,NU3019-00,712400,1415,,,5335,2026-07-09 18:00:00,29819,SHIP suy từ cờ Shipped + PS# của WORK ORDER; qty=PIECES; ngày ƯỚC TÍNH (theo số PS)
191145,NU3019-00,712401,301,,,4751,2026-07-09 18:00:00,29819,SHIP suy từ cờ Shipped + PS# của WORK ORDER; qty=PIECES; ngày ƯỚC TÍNH (theo số PS)
191215,W520414-S440,712404,1577,,,41440,2026-07-21 18:00:00,29874,SHIP suy từ cờ Shipped + PS# của WORK ORDER; qty=tổng SELECT; ngày ƯỚC TÍNH (theo số PS)
191034,W520414-S440,712405,1511,,,38080,2026-07-08 18:00:00,29816,SHIP suy từ cờ Shipped + PS# của WORK ORDER; qty=tổng SELECT; ngày ƯỚC TÍNH (theo số PS)
191215,W520414-S440,712406,1661,,,40320,2026-07-20 18:00:00,29871,SHIP suy từ cờ Shipped + PS# của WORK ORDER; qty=tổng SELECT; ngày ƯỚC TÍNH (theo số PS)
191473,40110160,712410,407,,,4816,2026-07-21 18:00:00,29874,SHIP suy từ cờ Shipped + PS# của WORK ORDER; qty=PIECES; ngày ƯỚC TÍNH (theo số PS)
191473,40110160,712411,71,,,5114,2026-07-21 18:00:00,29874,SHIP suy từ cờ Shipped + PS# của WORK ORDER; qty=PIECES; ngày ƯỚC TÍNH (theo số PS)
190975,94012038,712412,542,,,47949,2026-07-07 18:00:00,29811,SHIP suy từ cờ Shipped + PS# của WORK ORDER; qty=PIECES; ngày ƯỚC TÍNH (theo số PS)
191213,11516076-MY-AK,712414,1031,,,64261,2026-07-21 18:00:00,29873,SHIP suy từ cờ Shipped + PS# của WORK ORDER; qty=PIECES; ngày ƯỚC TÍNH (theo số PS)
191213,11516076-MY-AK,712415,1556,,,66761,2026-07-21 18:00:00,29873,SHIP suy từ cờ Shipped + PS# của WORK ORDER; qty=PIECES; ngày ƯỚC TÍNH (theo số PS)
191012,11546456,712416,1600,,,75656,2026-07-08 18:00:00,29814,SHIP suy từ cờ Shipped + PS# của WORK ORDER; qty=PIECES; ngày ƯỚC TÍNH (theo số PS)
191012,11546456,712417,1529,,,97200,2026-07-12 18:00:00,29835,SHIP suy từ cờ Shipped + PS# của WORK ORDER; qty=tổng SELECT; ngày ƯỚC TÍNH (theo số PS)
191012,11546456,712418,763,,,51300,2026-07-08 18:00:00,29814,SHIP suy từ cờ Shipped + PS# của WORK ORDER; qty=tổng SELECT; ngày ƯỚC TÍNH (theo số PS)
191012,11546456,712419,394,,,45900,2026-07-08 18:00:00,29814,SHIP suy từ cờ Shipped + PS# của WORK ORDER; qty=tổng SELECT; ngày ƯỚC TÍNH (theo số PS)
191126,06511834AA,712420,1567,,,2946,2026-07-15 18:00:00,29845,SHIP suy từ cờ Shipped + PS# của WORK ORDER; qty=PIECES; ngày ƯỚC TÍNH (theo số PS)
191126,06511834AA,712421,289,,,2658,2026-07-15 18:00:00,29845,SHIP suy từ cờ Shipped + PS# của WORK ORDER; qty=PIECES; ngày ƯỚC TÍNH (theo số PS)
191126,06511834AA,712422,616,,,2981,2026-07-13 18:00:00,29839,SHIP suy từ cờ Shipped + PS# của WORK ORDER; qty=PIECES; ngày ƯỚC TÍNH (theo số PS)
191126,06511834AA,712423,683,,,2679,2026-07-13 18:00:00,29839,SHIP suy từ cờ Shipped + PS# của WORK ORDER; qty=PIECES; ngày ƯỚC TÍNH (theo số PS)
191090,11546449,712424,671,,,90000,2026-07-09 18:00:00,29818,SHIP suy từ cờ Shipped + PS# của WORK ORDER; qty=tổng SELECT; ngày ƯỚC TÍNH (theo số PS)
191090,11546449,712425,217,,,90000,2026-07-11 18:00:00,29828,SHIP suy từ cờ Shipped + PS# của WORK ORDER; qty=tổng SELECT; ngày ƯỚC TÍNH (theo số PS)
191090,11546449,712426,839,,,90000,2026-07-08 18:00:00,29814,SHIP suy từ cờ Shipped + PS# của WORK ORDER; qty=tổng SELECT; ngày ƯỚC TÍNH (theo số PS)
191090,11546449,712427,851,,,81441,2026-07-11 18:00:00,29828,SHIP suy từ cờ Shipped + PS# của WORK ORDER; qty=PIECES; ngày ƯỚC TÍNH (theo số PS)
191252,06510997AA,712428,879,,,2273,2026-07-19 18:00:00,29867,SHIP suy từ cờ Shipped + PS# của WORK ORDER; qty=PIECES; ngày ƯỚC TÍNH (theo số PS)
191252,06510997AA,712429,873,,,2175,2026-07-19 18:00:00,29867,SHIP suy từ cờ Shipped + PS# của WORK ORDER; qty=tổng SELECT; ngày ƯỚC TÍNH (theo số PS)
191090,11549204,712442,1685,,,7429,2026-07-08 18:00:00,29814,SHIP suy từ cờ Shipped + PS# của WORK ORDER; qty=PIECES; ngày ƯỚC TÍNH (theo số PS)
191090,11549204,712443,210,,,7541,2026-07-07 18:00:00,29811,SHIP suy từ cờ Shipped + PS# của WORK ORDER; qty=PIECES; ngày ƯỚC TÍNH (theo số PS)
191090,11549204,712444,1611,,,7226,2026-08-07 18:00:00,29954,SHIP suy từ cờ Shipped + PS# của WORK ORDER; qty=PIECES; ngày lấy từ dòng khác cùng PS
191090,11549204,712445,637,,,7712,2026-07-08 18:00:00,29816,SHIP suy từ cờ Shipped + PS# của WORK ORDER; qty=PIECES; ngày ƯỚC TÍNH (theo số PS)
191090,11549204,712446,743,,,7272,2026-08-06 18:00:00,29946,SHIP suy từ cờ Shipped + PS# của WORK ORDER; qty=PIECES; ngày lấy từ dòng khác cùng PS
191090,11549204,712447,1446,,,7903,2026-07-08 18:00:00,29814,SHIP suy từ cờ Shipped + PS# của WORK ORDER; qty=PIECES; ngày ƯỚC TÍNH (theo số PS)
191125,11549204,712448,566,,,7561,2026-07-12 18:00:00,29835,SHIP suy từ cờ Shipped + PS# của WORK ORDER; qty=PIECES; ngày ƯỚC TÍNH (theo số PS)
191125,11549204,712449,559,,,7515,2026-07-09 18:00:00,29818,SHIP suy từ cờ Shipped + PS# của WORK ORDER; qty=PIECES; ngày ƯỚC TÍNH (theo số PS)
191090,11549204,712450,1563,,,7666,2026-07-31 18:00:00,29919,SHIP suy từ cờ Shipped + PS# của WORK ORDER; qty=PIECES; ngày ƯỚC TÍNH (theo số PS)
191090,11549204,712451,1007,,,7423,2026-07-07 18:00:00,29811,SHIP suy từ cờ Shipped + PS# của WORK ORDER; qty=PIECES; ngày ƯỚC TÍNH (theo số PS)
191090,11549204,712452,980,,,7028,2026-07-07 18:00:00,29811,SHIP suy từ cờ Shipped + PS# của WORK ORDER; qty=PIECES; ngày ƯỚC TÍNH (theo số PS)
191090,11549204,712453,1643,,,8146,2026-07-07 18:00:00,29811,SHIP suy từ cờ Shipped + PS# của WORK ORDER; qty=PIECES; ngày ƯỚC TÍNH (theo số PS)
191473,06512851AA,712555,375,,,46200,2026-07-26 18:00:00,29898,SHIP suy từ cờ Shipped + PS# của WORK ORDER; qty=tổng SELECT; ngày ƯỚC TÍNH (theo số PS)
191473,06512851AA,712556,624,,,37800,2026-07-26 18:00:00,29895,SHIP suy từ cờ Shipped + PS# của WORK ORDER; qty=tổng SELECT; ngày ƯỚC TÍNH (theo số PS)
191241,4519-19,712557,728,,,44000,2026-07-22 18:00:00,29879,SHIP suy từ cờ Shipped + PS# của WORK ORDER; qty=tổng SELECT; ngày ƯỚC TÍNH (theo số PS)
191241,4519-19,712558,1092,,,39600,2026-07-20 18:00:00,29871,SHIP suy từ cờ Shipped + PS# của WORK ORDER; qty=tổng SELECT; ngày ƯỚC TÍNH (theo số PS)
191105,06100050-A,712567,1716,,,53883,2026-07-08 18:00:00,29814,SHIP suy từ cờ Shipped + PS# của WORK ORDER; qty=PIECES; ngày ƯỚC TÍNH (theo số PS)
191105,06100050-A,712568,1550,,,56383,2026-07-08 18:00:00,29814,SHIP suy từ cờ Shipped + PS# của WORK ORDER; qty=PIECES; ngày ƯỚC TÍNH (theo số PS)
191506,W711468-S437,712569,588,,,86400,2026-07-26 18:00:00,29898,SHIP suy từ cờ Shipped + PS# của WORK ORDER; qty=tổng SELECT; ngày ƯỚC TÍNH (theo số PS)
192708,W711468-S437,712571,300,,,43200,2026-08-02 18:00:00,29927,SHIP suy từ cờ Shipped + PS# của WORK ORDER; qty=tổng SELECT; ngày ƯỚC TÍNH (theo số PS)
192745,W711468-S437,712572,782,,,57600,2026-08-02 18:00:00,29929,SHIP suy từ cờ Shipped + PS# của WORK ORDER; qty=tổng SELECT; ngày ƯỚC TÍNH (theo số PS)
191506,W711468-S437,712573,1735,,,32000,2026-07-25 18:00:00,29893,SHIP suy từ cờ Shipped + PS# của WORK ORDER; qty=tổng SELECT; ngày ƯỚC TÍNH (theo số PS)
192708,W711468-S437,712575,1539,,,57600,2026-08-01 18:00:00,29921,SHIP suy từ cờ Shipped + PS# của WORK ORDER; qty=tổng SELECT; ngày ƯỚC TÍNH (theo số PS)
191506,W711468-S437,712576,1698,,,25600,2026-07-25 18:00:00,29893,SHIP suy từ cờ Shipped + PS# của WORK ORDER; qty=tổng SELECT; ngày ƯỚC TÍNH (theo số PS)
192708,11546703,712580,296,,,112099,2026-08-01 18:00:00,29921,SHIP suy từ cờ Shipped + PS# của WORK ORDER; qty=PIECES; ngày ƯỚC TÍNH (theo số PS)
192708,11546703,712582,511,,,123457,2026-08-02 18:00:00,29929,SHIP suy từ cờ Shipped + PS# của WORK ORDER; qty=PIECES; ngày ƯỚC TÍNH (theo số PS)
192708,11546703,712583,66,,,122222,2026-08-02 18:00:00,29929,SHIP suy từ cờ Shipped + PS# của WORK ORDER; qty=PIECES; ngày ƯỚC TÍNH (theo số PS)
192708,11546703,712584,233,,,124568,2026-08-02 18:00:00,29929,SHIP suy từ cờ Shipped + PS# của WORK ORDER; qty=PIECES; ngày ƯỚC TÍNH (theo số PS)
192708,11546703,712588,1062,,,137160,2026-08-02 18:00:00,29929,SHIP suy từ cờ Shipped + PS# của WORK ORDER; qty=PIECES; ngày ƯỚC TÍNH (theo số PS)
191192,W520101-S442,712589,205,,,108000,2026-07-14 18:00:00,29839,SHIP suy từ cờ Shipped + PS# của WORK ORDER; qty=tổng SELECT; ngày ƯỚC TÍNH (theo số PS); nâng lên ngày sản xuất cuối
191192,W520101-S442,712590,1522,,,252000,2026-07-19 18:00:00,29867,SHIP suy từ cờ Shipped + PS# của WORK ORDER; qty=tổng SELECT; ngày ƯỚC TÍNH (theo số PS)
191192,1K2GZ0-00,712591,541,,,120469,2026-07-11 18:00:00,29831,SHIP suy từ cờ Shipped + PS# của WORK ORDER; qty=PIECES; ngày ƯỚC TÍNH (theo số PS)
191223,1K2GZ0-00,712592,1108,,,122812,2026-07-13 18:00:00,29837,SHIP suy từ cờ Shipped + PS# của WORK ORDER; qty=PIECES; ngày ƯỚC TÍNH (theo số PS)
191192,1K2GZ0-00,712593,1428,,,139500,2026-07-11 18:00:00,29831,SHIP suy từ cờ Shipped + PS# của WORK ORDER; qty=tổng SELECT; ngày ƯỚC TÍNH (theo số PS)
191223,11610091-MY-AK,712595,912,,,60000,2026-07-16 18:00:00,29852,SHIP suy từ cờ Shipped + PS# của WORK ORDER; qty=tổng SELECT; ngày ƯỚC TÍNH (theo số PS)
191223,11610091-MY-AK,712596,581,,,90000,2026-07-16 18:00:00,29850,SHIP suy từ cờ Shipped + PS# của WORK ORDER; qty=tổng SELECT; ngày ƯỚC TÍNH (theo số PS)
191223,W719080-S450,712597,90,,,31208,2026-07-24 18:00:00,29888,SHIP suy từ cờ Shipped + PS# của WORK ORDER; qty=PIECES; ngày ƯỚC TÍNH (theo số PS)
191223,W719080-S450,712598,199,,,44833,2026-07-25 18:00:00,29893,SHIP suy từ cờ Shipped + PS# của WORK ORDER; qty=PIECES; ngày ƯỚC TÍNH (theo số PS)
191223,7151143403,712600,713,,,59500,2026-07-15 18:00:00,29845,SHIP suy từ cờ Shipped + PS# của WORK ORDER; qty=tổng SELECT; ngày ƯỚC TÍNH (theo số PS)
191223,11561114,712601,792,,,9456,2026-07-13 18:00:00,29837,SHIP suy từ cờ Shipped + PS# của WORK ORDER; qty=PIECES; ngày ƯỚC TÍNH (theo số PS)
191223,11561114,712602,125,,,10375,2026-07-12 18:00:00,29835,SHIP suy từ cờ Shipped + PS# của WORK ORDER; qty=PIECES; ngày ƯỚC TÍNH (theo số PS)
191304,06508200AA,712603,967,,,19543,2026-07-16 18:00:00,29850,SHIP suy từ cờ Shipped + PS# của WORK ORDER; qty=PIECES; ngày ƯỚC TÍNH (theo số PS)
191304,06508200AA,712605,1552,,,16178,2026-07-16 18:00:00,29850,SHIP suy từ cờ Shipped + PS# của WORK ORDER; qty=PIECES; ngày ƯỚC TÍNH (theo số PS)
191223,92468,712607,9,,,27209,2026-07-12 18:00:00,29835,SHIP suy từ cờ Shipped + PS# của WORK ORDER; qty=PIECES; ngày ƯỚC TÍNH (theo số PS)
191223,92468,712608,148,,,22147,2026-07-12 18:00:00,29835,SHIP suy từ cờ Shipped + PS# của WORK ORDER; qty=PIECES; ngày ƯỚC TÍNH (theo số PS)
191192,11548453,712609,1435,,,6772,2026-08-06 18:00:00,29944,SHIP suy từ cờ Shipped + PS# của WORK ORDER; qty=PIECES; ngày ƯỚC TÍNH (theo số PS)
191192,11548453,712610,141,,,7519,2026-07-15 18:00:00,29845,SHIP suy từ cờ Shipped + PS# của WORK ORDER; qty=PIECES; ngày ƯỚC TÍNH (theo số PS)
191340,30769388,712611,319,,,30682,2026-07-19 18:00:00,29865,SHIP suy từ cờ Shipped + PS# của WORK ORDER; qty=PIECES; ngày ƯỚC TÍNH (theo số PS)
191090,06101831-A,712622,498,,,46000,2026-07-09 18:00:00,29818,SHIP suy từ cờ Shipped + PS# của WORK ORDER; qty=tổng SELECT; ngày ƯỚC TÍNH (theo số PS)
191090,06101831-A,712623,312,,,41000,2026-07-09 18:00:00,29818,SHIP suy từ cờ Shipped + PS# của WORK ORDER; qty=tổng SELECT; ngày ƯỚC TÍNH (theo số PS)
191090,06101831-A,712624,83,,,36000,2026-07-11 18:00:00,29828,SHIP suy từ cờ Shipped + PS# của WORK ORDER; qty=tổng SELECT; ngày ƯỚC TÍNH (theo số PS)
191090,06101831-A,712626,510,,,36000,2026-07-07 18:00:00,29811,SHIP suy từ cờ Shipped + PS# của WORK ORDER; qty=tổng SELECT; ngày ƯỚC TÍNH (theo số PS)
191090,06101831-A,712627,358,,,36000,2026-07-08 18:00:00,29811,SHIP suy từ cờ Shipped + PS# của WORK ORDER; qty=tổng SELECT; ngày ƯỚC TÍNH (theo số PS); nâng lên ngày sản xuất cuối
191090,06101831-A,712628,1672,,,36000,2026-07-11 18:00:00,29831,SHIP suy từ cờ Shipped + PS# của WORK ORDER; qty=tổng SELECT; ngày ƯỚC TÍNH (theo số PS)
191090,06101831-A,712630,130,,,42000,2026-07-11 18:00:00,29828,SHIP suy từ cờ Shipped + PS# của WORK ORDER; qty=tổng SELECT; ngày ƯỚC TÍNH (theo số PS)
191090,06101831-A,712632,1676,,,44000,2026-07-11 18:00:00,29831,SHIP suy từ cờ Shipped + PS# của WORK ORDER; qty=tổng SELECT; ngày ƯỚC TÍNH (theo số PS)
191090,06101831-A,712633,984,,,36000,2026-07-08 18:00:00,29814,SHIP suy từ cờ Shipped + PS# của WORK ORDER; qty=tổng SELECT; ngày ƯỚC TÍNH (theo số PS)
191090,06101831-A,712634,410,,,36000,2026-07-13 18:00:00,29837,SHIP suy từ cờ Shipped + PS# của WORK ORDER; qty=tổng SELECT; ngày ƯỚC TÍNH (theo số PS)
191340,NU1136-01,712652,673,,,6954,2026-07-18 18:00:00,29862,SHIP suy từ cờ Shipped + PS# của WORK ORDER; qty=PIECES; ngày ƯỚC TÍNH (theo số PS)
191276,NU1136-01,712653,1034,,,9391,2026-07-18 18:00:00,29862,SHIP suy từ cờ Shipped + PS# của WORK ORDER; qty=PIECES; ngày ƯỚC TÍNH (theo số PS)
191276,NU1136-01,712655,1632,,,7113,2026-07-18 18:00:00,29862,SHIP suy từ cờ Shipped + PS# của WORK ORDER; qty=PIECES; ngày ƯỚC TÍNH (theo số PS)
191241,11546365-MY-AK,712656,1105,,,87400,2026-07-21 18:00:00,29874,SHIP suy từ cờ Shipped + PS# của WORK ORDER; qty=tổng SELECT; ngày ƯỚC TÍNH (theo số PS)
191241,11546365-MY-AK,712657,1636,,,68400,2026-07-20 18:00:00,29869,SHIP suy từ cờ Shipped + PS# của WORK ORDER; qty=tổng SELECT; ngày ƯỚC TÍNH (theo số PS)
191241,11546365-MY-AK,712658,1514,,,41800,2026-07-19 18:00:00,29867,SHIP suy từ cờ Shipped + PS# của WORK ORDER; qty=tổng SELECT; ngày ƯỚC TÍNH (theo số PS)
191241,11546365-MY-AK,712659,4,,,68400,2026-07-22 18:00:00,29879,SHIP suy từ cờ Shipped + PS# của WORK ORDER; qty=tổng SELECT; ngày ƯỚC TÍNH (theo số PS)
191288,11549171-MY-AK,712660,1728,,,10470,2026-07-17 18:00:00,29854,SHIP suy từ cờ Shipped + PS# của WORK ORDER; qty=PIECES; ngày ƯỚC TÍNH (theo số PS)
191288,11549171-MY-AK,712661,1742,,,7560,2026-07-16 18:00:00,29852,SHIP suy từ cờ Shipped + PS# của WORK ORDER; qty=tổng SELECT; ngày ƯỚC TÍNH (theo số PS)
191215,11549171-MY-AK,712662,1107,,,10530,2026-07-17 18:00:00,29857,SHIP suy từ cờ Shipped + PS# của WORK ORDER; qty=PIECES; ngày ƯỚC TÍNH (theo số PS)
191215,11549171-MY-AK,712663,940,,,10080,2026-07-15 18:00:00,29845,SHIP suy từ cờ Shipped + PS# của WORK ORDER; qty=tổng SELECT; ngày ƯỚC TÍNH (theo số PS)
191215,11549171-MY-AK,712664,93,,,10080,2026-07-15 18:00:00,29845,SHIP suy từ cờ Shipped + PS# của WORK ORDER; qty=tổng SELECT; ngày ƯỚC TÍNH (theo số PS)
191215,11549171-MY-AK,712665,1711,,,10080,2026-07-15 18:00:00,29845,SHIP suy từ cờ Shipped + PS# của WORK ORDER; qty=tổng SELECT; ngày ƯỚC TÍNH (theo số PS)
191215,11549171-MY-AK,712666,692,,,10080,2026-07-15 18:00:00,29845,SHIP suy từ cờ Shipped + PS# của WORK ORDER; qty=tổng SELECT; ngày ƯỚC TÍNH (theo số PS)
191215,11549171-MY-AK,712667,881,,,10080,2026-07-15 18:00:00,29845,SHIP suy từ cờ Shipped + PS# của WORK ORDER; qty=tổng SELECT; ngày ƯỚC TÍNH (theo số PS)
191125,11546369-MY-AK,712668,361,,,10321,2026-07-16 18:00:00,29850,SHIP suy từ cờ Shipped + PS# của WORK ORDER; qty=PIECES; ngày ƯỚC TÍNH (theo số PS)
191125,11546369-MY-AK,712669,1068,,,9234,2026-07-15 18:00:00,29848,SHIP suy từ cờ Shipped + PS# của WORK ORDER; qty=PIECES; ngày ƯỚC TÍNH (theo số PS)
191125,11546369-MY-AK,712670,688,,,10428,2026-07-15 18:00:00,29848,SHIP suy từ cờ Shipped + PS# của WORK ORDER; qty=PIECES; ngày ƯỚC TÍNH (theo số PS)
191125,11546369-MY-AK,712671,1417,,,9100,2026-07-16 18:00:00,29850,SHIP suy từ cờ Shipped + PS# của WORK ORDER; qty=PIECES; ngày ƯỚC TÍNH (theo số PS)
191241,11546367-MY-AK,712672,142,,,25200,2026-07-17 18:00:00,29854,SHIP suy từ cờ Shipped + PS# của WORK ORDER; qty=tổng SELECT; ngày ƯỚC TÍNH (theo số PS)
191241,11546367-MY-AK,712673,1686,,,25200,2026-07-22 18:00:00,29879,SHIP suy từ cờ Shipped + PS# của WORK ORDER; qty=tổng SELECT; ngày ƯỚC TÍNH (theo số PS)
192708,06511777AA,712674,1706,,,19430,2026-08-01 18:00:00,29921,SHIP suy từ cờ Shipped + PS# của WORK ORDER; qty=PIECES; ngày ƯỚC TÍNH (theo số PS)
191192,W520101-S442,712676,1325,,,128295,2026-07-12 18:00:00,29835,SHIP suy từ cờ Shipped + PS# của WORK ORDER; qty=PIECES; ngày ƯỚC TÍNH (theo số PS)
191192,W520101-S442,712677,1024,,,120000,2026-07-16 18:00:00,29852,SHIP suy từ cờ Shipped + PS# của WORK ORDER; qty=tổng SELECT; ngày ƯỚC TÍNH (theo số PS)
191192,W520101-S442,712678,585,,,116250,2026-07-13 18:00:00,29837,SHIP suy từ cờ Shipped + PS# của WORK ORDER; qty=PIECES; ngày ƯỚC TÍNH (theo số PS)
191192,W520101-S442,712679,18,,,108000,2026-07-13 18:00:00,29837,SHIP suy từ cờ Shipped + PS# của WORK ORDER; qty=tổng SELECT; ngày ƯỚC TÍNH (theo số PS)
191125,11546369-MY-AK,712680,1538,,,10847,2026-07-16 18:00:00,29850,SHIP suy từ cờ Shipped + PS# của WORK ORDER; qty=PIECES; ngày ƯỚC TÍNH (theo số PS)
191125,11546369-MY-AK,712681,567,,,8806,2026-07-16 18:00:00,29850,SHIP suy từ cờ Shipped + PS# của WORK ORDER; qty=PIECES; ngày ƯỚC TÍNH (theo số PS)
191241,11546367-MY-AK,712682,589,,,25200,2026-07-17 18:00:00,29857,SHIP suy từ cờ Shipped + PS# của WORK ORDER; qty=tổng SELECT; ngày ƯỚC TÍNH (theo số PS)
191241,11546367-MY-AK,712683,1663,,,25200,2026-07-16 18:00:00,29852,SHIP suy từ cờ Shipped + PS# của WORK ORDER; qty=tổng SELECT; ngày ƯỚC TÍNH (theo số PS)
191241,11546367-MY-AK,712684,517,,,25200,2026-07-19 18:00:00,29867,SHIP suy từ cờ Shipped + PS# của WORK ORDER; qty=tổng SELECT; ngày ƯỚC TÍNH (theo số PS)
191241,11546367-MY-AK,712685,1093,,,25200,2026-07-20 18:00:00,29871,SHIP suy từ cờ Shipped + PS# của WORK ORDER; qty=tổng SELECT; ngày ƯỚC TÍNH (theo số PS)
191213,11546389,712686,180,,,72000,2026-07-22 18:00:00,29879,SHIP suy từ cờ Shipped + PS# của WORK ORDER; qty=tổng SELECT; ngày ƯỚC TÍNH (theo số PS)
191213,11546389,712687,786,,,162000,2026-07-16 18:00:00,29850,SHIP suy từ cờ Shipped + PS# của WORK ORDER; qty=tổng SELECT; ngày ƯỚC TÍNH (theo số PS)
191213,11546389,712688,923,,,117000,2026-07-17 18:00:00,29854,SHIP suy từ cờ Shipped + PS# của WORK ORDER; qty=tổng SELECT; ngày ƯỚC TÍNH (theo số PS)
191213,11546389,712689,193,,,162000,2026-07-15 18:00:00,29848,SHIP suy từ cờ Shipped + PS# của WORK ORDER; qty=tổng SELECT; ngày ƯỚC TÍNH (theo số PS)
191213,11546389,712690,92,,,90000,2026-07-17 18:00:00,29854,SHIP suy từ cờ Shipped + PS# của WORK ORDER; qty=tổng SELECT; ngày ƯỚC TÍNH (theo số PS)
191213,11546389,712691,1406,,,54000,2026-07-19 18:00:00,29867,SHIP suy từ cờ Shipped + PS# của WORK ORDER; qty=tổng SELECT; ngày ƯỚC TÍNH (theo số PS)
191213,11546389,712692,691,,,117000,2026-07-17 18:00:00,29857,SHIP suy từ cờ Shipped + PS# của WORK ORDER; qty=tổng SELECT; ngày ƯỚC TÍNH (theo số PS)
191213,11546389,712693,221,,,162000,2026-07-15 18:00:00,29848,SHIP suy từ cờ Shipped + PS# của WORK ORDER; qty=tổng SELECT; ngày ƯỚC TÍNH (theo số PS)
191213,11546389,712694,166,,,112500,2026-07-20 18:00:00,29869,SHIP suy từ cờ Shipped + PS# của WORK ORDER; qty=tổng SELECT; ngày ƯỚC TÍNH (theo số PS)
191213,11546389,712695,731,,,108000,2026-07-19 18:00:00,29867,SHIP suy từ cờ Shipped + PS# của WORK ORDER; qty=tổng SELECT; ngày ƯỚC TÍNH (theo số PS)
191340,W520412-S442,712696,1086,,,106400,2026-07-20 18:00:00,29871,SHIP suy từ cờ Shipped + PS# của WORK ORDER; qty=tổng SELECT; ngày ƯỚC TÍNH (theo số PS)
191340,W520412-S442,712697,155,,,136800,2026-07-19 18:00:00,29867,SHIP suy từ cờ Shipped + PS# của WORK ORDER; qty=tổng SELECT; ngày ƯỚC TÍNH (theo số PS)
191126,11546463,712698,590,,,16200,2026-07-21 18:00:00,29874,SHIP suy từ cờ Shipped + PS# của WORK ORDER; qty=tổng SELECT; ngày ƯỚC TÍNH (theo số PS)
191126,11546463,712699,877,,,12600,2026-07-24 18:00:00,29888,SHIP suy từ cờ Shipped + PS# của WORK ORDER; qty=tổng SELECT; ngày ƯỚC TÍNH (theo số PS)
191126,11546463,712700,466,,,16200,2026-07-20 18:00:00,29871,SHIP suy từ cờ Shipped + PS# của WORK ORDER; qty=tổng SELECT; ngày ƯỚC TÍNH (theo số PS)
191126,11546463,712701,730,,,12150,2026-07-15 18:00:00,29848,SHIP suy từ cờ Shipped + PS# của WORK ORDER; qty=tổng SELECT; ngày ƯỚC TÍNH (theo số PS)
191126,11546463,712702,1629,,,16200,2026-07-15 18:00:00,29848,SHIP suy từ cờ Shipped + PS# của WORK ORDER; qty=tổng SELECT; ngày ƯỚC TÍNH (theo số PS)
191126,11546463,712703,417,,,16200,2026-07-21 18:00:00,29874,SHIP suy từ cờ Shipped + PS# của WORK ORDER; qty=tổng SELECT; ngày ƯỚC TÍNH (theo số PS)
191215,06104725AA,712704,488,,,100800,2026-07-13 18:00:00,29839,SHIP suy từ cờ Shipped + PS# của WORK ORDER; qty=tổng SELECT; ngày ƯỚC TÍNH (theo số PS)
191215,06104725AA,712705,976,,,100800,2026-07-15 18:00:00,29848,SHIP suy từ cờ Shipped + PS# của WORK ORDER; qty=tổng SELECT; ngày ƯỚC TÍNH (theo số PS)
191215,06104725AA,712706,1704,,,100800,2026-07-15 18:00:00,29848,SHIP suy từ cờ Shipped + PS# của WORK ORDER; qty=tổng SELECT; ngày ƯỚC TÍNH (theo số PS)
191215,06104725AA,712707,1109,,,100800,2026-07-15 18:00:00,29848,SHIP suy từ cờ Shipped + PS# của WORK ORDER; qty=tổng SELECT; ngày ƯỚC TÍNH (theo số PS)
191215,06104725AA,712708,1422,,,100800,2026-07-16 18:00:00,29850,SHIP suy từ cờ Shipped + PS# của WORK ORDER; qty=tổng SELECT; ngày ƯỚC TÍNH (theo số PS)
191215,06104725AA,712709,123,,,117600,2026-07-17 18:00:00,29854,SHIP suy từ cờ Shipped + PS# của WORK ORDER; qty=tổng SELECT; ngày ƯỚC TÍNH (theo số PS)
191126,11546437-MY-AK,712710,1395,,,54000,2026-07-20 18:00:00,29871,SHIP suy từ cờ Shipped + PS# của WORK ORDER; qty=tổng SELECT; ngày ƯỚC TÍNH (theo số PS)
191126,11546437-MY-AK,712711,1732,,,82500,2026-07-21 18:00:00,29874,SHIP suy từ cờ Shipped + PS# của WORK ORDER; qty=tổng SELECT; ngày ƯỚC TÍNH (theo số PS)
191126,11546437-MY-AK,712712,288,,,162000,2026-07-22 18:00:00,29877,SHIP suy từ cờ Shipped + PS# của WORK ORDER; qty=tổng SELECT; ngày ƯỚC TÍNH (theo số PS)
191126,11546437-MY-AK,712713,757,,,108000,2026-07-19 18:00:00,29865,SHIP suy từ cờ Shipped + PS# của WORK ORDER; qty=tổng SELECT; ngày ƯỚC TÍNH (theo số PS)
191126,11546377,712714,174,,,64935,2026-07-08 18:00:00,29814,SHIP suy từ cờ Shipped + PS# của WORK ORDER; qty=PIECES; ngày ƯỚC TÍNH (theo số PS)
191126,11546377,712715,408,,,71169,2026-07-12 18:00:00,29835,SHIP suy từ cờ Shipped + PS# của WORK ORDER; qty=PIECES; ngày ƯỚC TÍNH (theo số PS)
191126,11546377,712716,1677,,,58050,2026-07-11 18:00:00,29828,SHIP suy từ cờ Shipped + PS# của WORK ORDER; qty=tổng SELECT; ngày ƯỚC TÍNH (theo số PS)
191126,11546377,712718,1549,,,73100,2026-07-12 18:00:00,29835,SHIP suy từ cờ Shipped + PS# của WORK ORDER; qty=tổng SELECT; ngày ƯỚC TÍNH (theo số PS)
191126,11546377,712719,1035,,,77400,2026-07-13 18:00:00,29839,SHIP suy từ cờ Shipped + PS# của WORK ORDER; qty=tổng SELECT; ngày ƯỚC TÍNH (theo số PS)
191126,11546377,712720,849,,,51600,2026-07-11 18:00:00,29831,SHIP suy từ cờ Shipped + PS# của WORK ORDER; qty=tổng SELECT; ngày ƯỚC TÍNH (theo số PS)
191126,11546377,712721,735,,,64500,2026-07-15 18:00:00,29845,SHIP suy từ cờ Shipped + PS# của WORK ORDER; qty=tổng SELECT; ngày ƯỚC TÍNH (theo số PS)
192639,HL3W-4320-AA,712724,501,,,5288,2026-08-02 18:00:00,29927,SHIP suy từ cờ Shipped + PS# của WORK ORDER; qty=PIECES; ngày ƯỚC TÍNH (theo số PS)
192639,HL3W-4320-AA,712725,1359,,,6566,2026-08-02 18:00:00,29929,SHIP suy từ cờ Shipped + PS# của WORK ORDER; qty=PIECES; ngày ƯỚC TÍNH (theo số PS)
191276,HL3W-4320-AA,712726,705,,,5872,2026-07-17 18:00:00,29854,SHIP suy từ cờ Shipped + PS# của WORK ORDER; qty=PIECES; ngày ƯỚC TÍNH (theo số PS)
192639,HL3W-4320-AA,712727,1510,,,6035,2026-08-02 18:00:00,29927,SHIP suy từ cờ Shipped + PS# của WORK ORDER; qty=PIECES; ngày ƯỚC TÍNH (theo số PS)
191125,54041001,712728,101,,,7783,2026-07-22 18:00:00,29877,SHIP suy từ cờ Shipped + PS# của WORK ORDER; qty=PIECES; ngày ƯỚC TÍNH (theo số PS)
191125,54041001,712729,271,,,8876,2026-07-19 18:00:00,29867,SHIP suy từ cờ Shipped + PS# của WORK ORDER; qty=PIECES; ngày ƯỚC TÍNH (theo số PS)
190975,W705606-S440,712730,KIB,,,20880,2026-07-12 18:00:00,29835,SHIP suy từ cờ Shipped + PS# của WORK ORDER; qty=tổng SELECT; ngày ƯỚC TÍNH (theo số PS)
190975,W705606-S440,712731,KIB,,,17980,2026-07-15 18:00:00,29848,SHIP suy từ cờ Shipped + PS# của WORK ORDER; qty=tổng SELECT; ngày ƯỚC TÍNH (theo số PS)
190975,W705606-S440,712732,KIB,,,35000,2026-07-15 18:00:00,29848,SHIP suy từ cờ Shipped + PS# của WORK ORDER; qty=PIECES; ngày ƯỚC TÍNH (theo số PS)
190975,W705606-S440,712733,KIB,,,35000,2026-07-05 18:00:00,29803,SHIP suy từ cờ Shipped + PS# của WORK ORDER; qty=PIECES; ngày ƯỚC TÍNH (theo số PS)
190975,W520203-S440,712734,KIB,,,50000,2026-07-08 18:00:00,29816,SHIP suy từ cờ Shipped + PS# của WORK ORDER; qty=PIECES; ngày ƯỚC TÍNH (theo số PS)
190975,W520203-S440,712735,KIB,,,50000,2026-07-06 18:00:00,29807,SHIP suy từ cờ Shipped + PS# của WORK ORDER; qty=PIECES; ngày ƯỚC TÍNH (theo số PS)
190975,11588293,712736,KIB,,,70000,2026-07-05 18:00:00,29800,SHIP suy từ cờ Shipped + PS# của WORK ORDER; qty=PIECES; ngày ƯỚC TÍNH (theo số PS)
190975,11588293,712737,KIB,,,70000,2026-07-06 18:00:00,29805,SHIP suy từ cờ Shipped + PS# của WORK ORDER; qty=PIECES; ngày ƯỚC TÍNH (theo số PS)
190975,11588293,712738,KIB,,,70000,2026-07-05 18:00:00,29800,SHIP suy từ cờ Shipped + PS# của WORK ORDER; qty=PIECES; ngày ƯỚC TÍNH (theo số PS)
190975,11588293,712739,KIB,,,70000,2026-07-06 18:00:00,29805,SHIP suy từ cờ Shipped + PS# của WORK ORDER; qty=PIECES; ngày ƯỚC TÍNH (theo số PS)
190975,11588293,712740,KIB,,,30000,2026-07-05 18:00:00,29800,SHIP suy từ cờ Shipped + PS# của WORK ORDER; qty=PIECES; ngày ƯỚC TÍNH (theo số PS)
190975,11588293,712741,KIB,,,30000,2026-07-05 18:00:00,29800,SHIP suy từ cờ Shipped + PS# của WORK ORDER; qty=PIECES; ngày ƯỚC TÍNH (theo số PS)
190921,82250,712742,KIB,,,8750,2026-07-03 18:00:00,29792,SHIP suy từ cờ Shipped + PS# của WORK ORDER; qty=tổng SELECT; ngày ƯỚC TÍNH (theo số PS)
190921,82250,712743,KIB,,,10625,2026-07-06 18:00:00,29805,SHIP suy từ cờ Shipped + PS# của WORK ORDER; qty=tổng SELECT; ngày ƯỚC TÍNH (theo số PS)
190921,82250,712744,KIB,,,10625,2026-07-13 18:00:00,29839,SHIP suy từ cờ Shipped + PS# của WORK ORDER; qty=tổng SELECT; ngày ƯỚC TÍNH (theo số PS)
190921,82250,712745,KIB,,,10000,2026-07-13 18:00:00,29839,SHIP suy từ cờ Shipped + PS# của WORK ORDER; qty=tổng SELECT; ngày ƯỚC TÍNH (theo số PS)
191126,11604183,712749,1431,,,13272,2026-07-09 18:00:00,29818,SHIP suy từ cờ Shipped + PS# của WORK ORDER; qty=PIECES; ngày ƯỚC TÍNH (theo số PS)
191126,11604183,712750,231,,,13704,2026-07-09 18:00:00,29818,SHIP suy từ cờ Shipped + PS# của WORK ORDER; qty=PIECES; ngày ƯỚC TÍNH (theo số PS)
191256,NU3014-02,712789,1 BOX,,,10080,2026-07-18 18:00:00,29862,SHIP suy từ cờ Shipped + PS# của WORK ORDER; qty=PIECES; ngày ƯỚC TÍNH (theo số PS)
191145,NU3014-02,712789-,1033,,,2250,2026-07-09 18:00:00,29819,SHIP suy từ cờ Shipped + PS# của WORK ORDER; qty=PIECES; ngày ƯỚC TÍNH (theo số PS)
191256,NU3014-02,712790,1 BOX,,,10450,2026-07-18 18:00:00,29862,SHIP suy từ cờ Shipped + PS# của WORK ORDER; qty=PIECES; ngày ƯỚC TÍNH (theo số PS)
191105,NU3014-02,712790-,605,,,12916,2026-07-09 18:00:00,29819,SHIP suy từ cờ Shipped + PS# của WORK ORDER; qty=PIECES; ngày ƯỚC TÍNH (theo số PS)
191256,NU3014-02,712791,1 BOX,,,10000,2026-07-18 18:00:00,29862,SHIP suy từ cờ Shipped + PS# của WORK ORDER; qty=PIECES; ngày ƯỚC TÍNH (theo số PS)
191145,NU3014-02,712791-,1681,,,12556,2026-07-09 18:00:00,29819,SHIP suy từ cờ Shipped + PS# của WORK ORDER; qty=PIECES; ngày ƯỚC TÍNH (theo số PS)
191256,NU3014-02,712792,1 BOX,,,10095,2026-07-18 18:00:00,29862,SHIP suy từ cờ Shipped + PS# của WORK ORDER; qty=PIECES; ngày ƯỚC TÍNH (theo số PS)
191105,NU3014-02,712792-,824,,,12421,2026-07-09 18:00:00,29819,SHIP suy từ cờ Shipped + PS# của WORK ORDER; qty=PIECES; ngày ƯỚC TÍNH (theo số PS)
191340,P2152051,712793,739,,,35114,2026-07-17 18:00:00,29854,SHIP suy từ cờ Shipped + PS# của WORK ORDER; qty=PIECES; ngày ƯỚC TÍNH (theo số PS)
191340,P2152051,712794,584,,,29915,2026-07-17 18:00:00,29854,SHIP suy từ cờ Shipped + PS# của WORK ORDER; qty=PIECES; ngày ƯỚC TÍNH (theo số PS)
192708,BL3W-4320-BA,712797,197,,,6787,2026-08-01 18:00:00,29921,SHIP suy từ cờ Shipped + PS# của WORK ORDER; qty=PIECES; ngày ƯỚC TÍNH (theo số PS)
191340,204788122,712801,647,,,46458,2026-07-17 18:00:00,29857,SHIP suy từ cờ Shipped + PS# của WORK ORDER; qty=PIECES; ngày ƯỚC TÍNH (theo số PS)
191340,204788122,712802,1055,,,55625,2026-07-19 18:00:00,29865,SHIP suy từ cờ Shipped + PS# của WORK ORDER; qty=PIECES; ngày ƯỚC TÍNH (theo số PS)
191473,0204788122-L,712803,1680,,,28417,2026-07-21 18:00:00,29874,SHIP suy từ cờ Shipped + PS# của WORK ORDER; qty=PIECES; ngày ƯỚC TÍNH (theo số PS)
191125,W520111-S440,712805,972,,,126000,2026-07-16 18:00:00,29850,SHIP suy từ cờ Shipped + PS# của WORK ORDER; qty=tổng SELECT; ngày ƯỚC TÍNH (theo số PS)
191125,W520111-S440,712806,1512,,,115500,2026-07-16 18:00:00,29852,SHIP suy từ cờ Shipped + PS# của WORK ORDER; qty=tổng SELECT; ngày ƯỚC TÍNH (theo số PS)
191125,W520111-S440,712807,1645,,,126000,2026-07-16 18:00:00,29850,SHIP suy từ cờ Shipped + PS# của WORK ORDER; qty=tổng SELECT; ngày ƯỚC TÍNH (theo số PS)
191125,W520111-S440,712808,1730,,,140000,2026-07-16 18:00:00,29850,SHIP suy từ cờ Shipped + PS# của WORK ORDER; qty=tổng SELECT; ngày ƯỚC TÍNH (theo số PS)
191173,11549204,712809,1423,,,7028,2026-07-11 18:00:00,29828,SHIP suy từ cờ Shipped + PS# của WORK ORDER; qty=PIECES; ngày ƯỚC TÍNH (theo số PS)
191173,11549204,712810,434,,,8001,2026-07-11 18:00:00,29828,SHIP suy từ cờ Shipped + PS# của WORK ORDER; qty=PIECES; ngày ƯỚC TÍNH (theo số PS)
191173,11549204,712811,545,,,7350,2026-07-11 18:00:00,29828,SHIP suy từ cờ Shipped + PS# của WORK ORDER; qty=PIECES; ngày ƯỚC TÍNH (theo số PS)
191173,11549204,712812,591,,,7784,2026-07-11 18:00:00,29828,SHIP suy từ cờ Shipped + PS# của WORK ORDER; qty=PIECES; ngày ƯỚC TÍNH (theo số PS)
191173,11549204,712813,414,,,7101,2026-07-11 18:00:00,29828,SHIP suy từ cờ Shipped + PS# của WORK ORDER; qty=PIECES; ngày ƯỚC TÍNH (theo số PS)
191173,11549204,712814,1649,,,7942,2026-07-15 18:00:00,29845,SHIP suy từ cờ Shipped + PS# của WORK ORDER; qty=PIECES; ngày ƯỚC TÍNH (theo số PS)
191173,11549204,712815,973,,,7429,2026-07-11 18:00:00,29828,SHIP suy từ cờ Shipped + PS# của WORK ORDER; qty=PIECES; ngày ƯỚC TÍNH (theo số PS)
191173,11549204,712816,554,,,7673,2026-07-15 18:00:00,29848,SHIP suy từ cờ Shipped + PS# của WORK ORDER; qty=PIECES; ngày ƯỚC TÍNH (theo số PS)
191173,11549204,712817,1531,,,7324,2026-07-11 18:00:00,29828,SHIP suy từ cờ Shipped + PS# của WORK ORDER; qty=PIECES; ngày ƯỚC TÍNH (theo số PS)
191173,11549204,712818,697,,,7936,2026-07-15 18:00:00,29848,SHIP suy từ cờ Shipped + PS# của WORK ORDER; qty=PIECES; ngày ƯỚC TÍNH (theo số PS)
191215,06104388AA,712819,1627,,,20484,2026-07-13 18:00:00,29839,SHIP suy từ cờ Shipped + PS# của WORK ORDER; qty=PIECES; ngày ƯỚC TÍNH (theo số PS)
191215,06104388AA,712820,933,,,19685,2026-07-22 18:00:00,29877,SHIP suy từ cờ Shipped + PS# của WORK ORDER; qty=PIECES; ngày ƯỚC TÍNH (theo số PS)
191215,06104388AA,712821,1087,,,18354,2026-07-13 18:00:00,29839,SHIP suy từ cờ Shipped + PS# của WORK ORDER; qty=PIECES; ngày ƯỚC TÍNH (theo số PS)
191215,06104388AA,712822,686,,,21719,2026-07-22 18:00:00,29877,SHIP suy từ cờ Shipped + PS# của WORK ORDER; qty=PIECES; ngày ƯỚC TÍNH (theo số PS)
191241,06104388AA,712823,47,,,19249,2026-07-21 18:00:00,29874,SHIP suy từ cờ Shipped + PS# của WORK ORDER; qty=PIECES; ngày ƯỚC TÍNH (theo số PS)
191241,06104388AA,712824,444,,,21138,2026-07-21 18:00:00,29874,SHIP suy từ cờ Shipped + PS# của WORK ORDER; qty=PIECES; ngày ƯỚC TÍNH (theo số PS)
191241,06104388AA,712825,1326,,,20654,2026-07-17 18:00:00,29854,SHIP suy từ cờ Shipped + PS# của WORK ORDER; qty=PIECES; ngày ƯỚC TÍNH (theo số PS)
191241,06104388AA,712826,823,,,19927,2026-07-21 18:00:00,29874,SHIP suy từ cờ Shipped + PS# của WORK ORDER; qty=PIECES; ngày ƯỚC TÍNH (theo số PS)
191288,06505246AA,712827,1426,,,28033,2026-07-21 18:00:00,29873,SHIP suy từ cờ Shipped + PS# của WORK ORDER; qty=PIECES; ngày ƯỚC TÍNH (theo số PS)
191288,06505246AA,712828,854,,,19033,2026-07-21 18:00:00,29873,SHIP suy từ cờ Shipped + PS# của WORK ORDER; qty=PIECES; ngày ƯỚC TÍNH (theo số PS)
191215,06101831-A,712829,1096,,,36000,2026-07-13 18:00:00,29839,SHIP suy từ cờ Shipped + PS# của WORK ORDER; qty=tổng SELECT; ngày ƯỚC TÍNH (theo số PS)
191215,06101831-A,712831,1731,,,36000,2026-07-16 18:00:00,29850,SHIP suy từ cờ Shipped + PS# của WORK ORDER; qty=tổng SELECT; ngày ƯỚC TÍNH (theo số PS)
191215,06101831-A,712833,1403,,,36000,2026-07-16 18:00:00,29850,SHIP suy từ cờ Shipped + PS# của WORK ORDER; qty=tổng SELECT; ngày ƯỚC TÍNH (theo số PS)
191215,06101831-A,712834,774,,,36000,2026-07-21 18:00:00,29873,SHIP suy từ cờ Shipped + PS# của WORK ORDER; qty=tổng SELECT; ngày ƯỚC TÍNH (theo số PS)
191215,06101831-A,712835,135,,,36000,2026-07-13 18:00:00,29839,SHIP suy từ cờ Shipped + PS# của WORK ORDER; qty=tổng SELECT; ngày ƯỚC TÍNH (theo số PS)
191215,06101831-A,712837,1647,,,36000,2026-07-13 18:00:00,29837,SHIP suy từ cờ Shipped + PS# của WORK ORDER; qty=tổng SELECT; ngày ƯỚC TÍNH (theo số PS)
191215,06101831-A,712838,1697,,,36000,2026-07-16 18:00:00,29850,SHIP suy từ cờ Shipped + PS# của WORK ORDER; qty=tổng SELECT; ngày ƯỚC TÍNH (theo số PS)
191252,11548535,712839-,19,,,5095,2026-07-18 18:00:00,29862,SHIP suy từ cờ Shipped + PS# của WORK ORDER; qty=PIECES; ngày ƯỚC TÍNH (theo số PS)
191252,11548535,712840-,467,,,5780,2026-07-18 18:00:00,29862,SHIP suy từ cờ Shipped + PS# của WORK ORDER; qty=PIECES; ngày ƯỚC TÍNH (theo số PS)
191241,11546546,712841,1662,,,47202,2026-07-22 18:00:00,29879,SHIP suy từ cờ Shipped + PS# của WORK ORDER; qty=PIECES; ngày ƯỚC TÍNH (theo số PS)
191241,11546546,712842,1365,,,48083,2026-07-21 18:00:00,29873,SHIP suy từ cờ Shipped + PS# của WORK ORDER; qty=PIECES; ngày ƯỚC TÍNH (theo số PS)
191223,NU1510-00,712850,535,,,48110,2026-07-18 18:00:00,29862,SHIP suy từ cờ Shipped + PS# của WORK ORDER; qty=tổng SELECT; ngày ƯỚC TÍNH (theo số PS)
191223,NU1510-00,712851,1038,,,35000,2026-07-18 18:00:00,29862,SHIP suy từ cờ Shipped + PS# của WORK ORDER; qty=tổng SELECT; ngày ƯỚC TÍNH (theo số PS)
191223,NU1510-00,712852,426,,,37944,2026-07-18 18:00:00,29862,SHIP suy từ cờ Shipped + PS# của WORK ORDER; qty=tổng SELECT; ngày ƯỚC TÍNH (theo số PS)
191223,NU1510-00,712853,908,,,35000,2026-07-18 18:00:00,29862,SHIP suy từ cờ Shipped + PS# của WORK ORDER; qty=tổng SELECT; ngày ƯỚC TÍNH (theo số PS)
191252,82246,712854,KIB,,,15000,2026-07-19 18:00:00,29865,SHIP suy từ cờ Shipped + PS# của WORK ORDER; qty=PIECES; ngày ƯỚC TÍNH (theo số PS)
191252,82246,712855,KIB,,,15000,2026-07-19 18:00:00,29865,SHIP suy từ cờ Shipped + PS# của WORK ORDER; qty=PIECES; ngày ƯỚC TÍNH (theo số PS)
191252,82246,712856,KIB,,,4210,2026-07-19 18:00:00,29867,SHIP suy từ cờ Shipped + PS# của WORK ORDER; qty=PIECES; ngày ƯỚC TÍNH (theo số PS)
191252,82246,712857,KIB,,,4210,2026-07-19 18:00:00,29865,SHIP suy từ cờ Shipped + PS# của WORK ORDER; qty=PIECES; ngày ƯỚC TÍNH (theo số PS)
191252,82246,712858,KIB,,,15000,2026-07-17 18:00:00,29854,SHIP suy từ cờ Shipped + PS# của WORK ORDER; qty=PIECES; ngày ƯỚC TÍNH (theo số PS)
191252,82246,712859,KIB,,,15000,2026-07-17 18:00:00,29854,SHIP suy từ cờ Shipped + PS# của WORK ORDER; qty=PIECES; ngày ƯỚC TÍNH (theo số PS)
191252,82246,712860,KIB,,,15000,2026-07-19 18:00:00,29865,SHIP suy từ cờ Shipped + PS# của WORK ORDER; qty=PIECES; ngày ƯỚC TÍNH (theo số PS)
191252,82246,712861,KIB,,,15000,2026-07-19 18:00:00,29865,SHIP suy từ cờ Shipped + PS# của WORK ORDER; qty=PIECES; ngày ƯỚC TÍNH (theo số PS)
191213,06105048AA,712862,KIB,,,40000,2026-07-13 18:00:00,29837,SHIP suy từ cờ Shipped + PS# của WORK ORDER; qty=PIECES; ngày ƯỚC TÍNH (theo số PS)
191213,06105048AA,712863,KIB,,,40000,2026-07-16 18:00:00,29850,SHIP suy từ cờ Shipped + PS# của WORK ORDER; qty=PIECES; ngày ƯỚC TÍNH (theo số PS)
191213,06105102AA,712864,KIB,,,12730,2026-07-17 18:00:00,29857,SHIP suy từ cờ Shipped + PS# của WORK ORDER; qty=tổng SELECT; ngày ƯỚC TÍNH (theo số PS)
191213,06105102AA,712865,KIB,,,21440,2026-07-13 18:00:00,29839,SHIP suy từ cờ Shipped + PS# của WORK ORDER; qty=tổng SELECT; ngày ƯỚC TÍNH (theo số PS)
191213,06105102AA,712866,KIB,,,40000,2026-07-31 18:00:00,29919,SHIP suy từ cờ Shipped + PS# của WORK ORDER; qty=PIECES; ngày ƯỚC TÍNH (theo số PS)
191213,06105102AA,712867,KIB,,,40000,2026-07-13 18:00:00,29839,SHIP suy từ cờ Shipped + PS# của WORK ORDER; qty=PIECES; ngày ƯỚC TÍNH (theo số PS)
191252,11588714,712868,KIB,,,70000,2026-07-15 18:00:00,29848,SHIP suy từ cờ Shipped + PS# của WORK ORDER; qty=PIECES; ngày ƯỚC TÍNH (theo số PS)
191252,11588714,712869,KIB,,,70000,2026-07-15 18:00:00,29848,SHIP suy từ cờ Shipped + PS# của WORK ORDER; qty=PIECES; ngày ƯỚC TÍNH (theo số PS)
191241,82218,712870,KIB,,,16000,2026-07-20 18:00:00,29871,SHIP suy từ cờ Shipped + PS# của WORK ORDER; qty=PIECES; ngày ƯỚC TÍNH (theo số PS)
191241,82218,712871,KIB,,,11520,2026-07-20 18:00:00,29871,SHIP suy từ cờ Shipped + PS# của WORK ORDER; qty=tổng SELECT; ngày ƯỚC TÍNH (theo số PS)
191241,82218,712872,KIB,,,18300,2026-07-19 18:00:00,29867,SHIP suy từ cờ Shipped + PS# của WORK ORDER; qty=PIECES; ngày ƯỚC TÍNH (theo số PS)
191241,82218,712873,KIB,,,18300,2026-07-22 18:00:00,29877,SHIP suy từ cờ Shipped + PS# của WORK ORDER; qty=PIECES; ngày ƯỚC TÍNH (theo số PS)
191252,11611548,712874,KIB,,,5000,2026-07-17 18:00:00,29854,SHIP suy từ cờ Shipped + PS# của WORK ORDER; qty=PIECES; ngày ƯỚC TÍNH (theo số PS)
191252,11611548,712875,KIB,,,2800,2026-07-22 18:00:00,29877,SHIP suy từ cờ Shipped + PS# của WORK ORDER; qty=tổng SELECT; ngày ƯỚC TÍNH (theo số PS)
191252,11611548,712876,KIB,,,5000,2026-07-22 18:00:00,29877,SHIP suy từ cờ Shipped + PS# của WORK ORDER; qty=PIECES; ngày ƯỚC TÍNH (theo số PS)
191252,11611548,712877,KIB,,,5000,2026-07-22 18:00:00,29877,SHIP suy từ cờ Shipped + PS# của WORK ORDER; qty=PIECES; ngày ƯỚC TÍNH (theo số PS)
191252,06509967AA,712878,KIB,,,18150,2026-07-17 18:00:00,29854,SHIP suy từ cờ Shipped + PS# của WORK ORDER; qty=tổng SELECT; ngày ƯỚC TÍNH (theo số PS)
191252,06509967AA,712879,KIB,,,20625,2026-07-19 18:00:00,29865,SHIP suy từ cờ Shipped + PS# của WORK ORDER; qty=tổng SELECT; ngày ƯỚC TÍNH (theo số PS)
191634,11612078-B,712885,495,,,67000,2026-08-01 18:00:00,29922,SHIP suy từ cờ Shipped + PS# của WORK ORDER; qty=PIECES; ngày ƯỚC TÍNH (theo số PS)
191397,11516133,712890,1560,,,12500,2026-08-10 18:00:00,29972,SHIP suy từ cờ Shipped + PS# của WORK ORDER; qty=tổng SELECT; ngày lấy từ dòng khác cùng PS
191397,11516133,712891,595,,,18000,2026-08-10 18:00:00,29961,SHIP suy từ cờ Shipped + PS# của WORK ORDER; qty=tổng SELECT; ngày lấy từ dòng khác cùng PS
,40204491,712894,852,,,22500,2026-07-25 18:00:00,29893,SHIP suy từ cờ Shipped + PS# của WORK ORDER; qty=tổng SELECT; ngày ƯỚC TÍNH (theo số PS)
,40204491,712895,687,,,23125,2026-07-25 18:00:00,29893,SHIP suy từ cờ Shipped + PS# của WORK ORDER; qty=tổng SELECT; ngày ƯỚC TÍNH (theo số PS)
191305,11546367-MY-AK,712896,699,,,25200,2026-07-19 18:00:00,29865,SHIP suy từ cờ Shipped + PS# của WORK ORDER; qty=tổng SELECT; ngày ƯỚC TÍNH (theo số PS)
191305,11546367-MY-AK,712897,291,,,25200,2026-07-19 18:00:00,29867,SHIP suy từ cờ Shipped + PS# của WORK ORDER; qty=tổng SELECT; ngày ƯỚC TÍNH (theo số PS)
191305,11546367-MY-AK,712898,490,,,44800,2026-07-19 18:00:00,29865,SHIP suy từ cờ Shipped + PS# của WORK ORDER; qty=tổng SELECT; ngày ƯỚC TÍNH (theo số PS)
191305,11546367-MY-AK,712899,607,,,25200,2026-07-19 18:00:00,29865,SHIP suy từ cờ Shipped + PS# của WORK ORDER; qty=tổng SELECT; ngày ƯỚC TÍNH (theo số PS)
191305,11546367-MY-AK,712900,292,,,25200,2026-07-21 18:00:00,29873,SHIP suy từ cờ Shipped + PS# của WORK ORDER; qty=tổng SELECT; ngày ƯỚC TÍNH (theo số PS)
191305,11546367-MY-AK,712901,1363,,,25200,2026-07-20 18:00:00,29869,SHIP suy từ cờ Shipped + PS# của WORK ORDER; qty=tổng SELECT; ngày ƯỚC TÍNH (theo số PS)
191398,11546367-MY-AK,712902,729,,,25200,2026-07-22 18:00:00,29877,SHIP suy từ cờ Shipped + PS# của WORK ORDER; qty=tổng SELECT; ngày ƯỚC TÍNH (theo số PS)
191398,11546367-MY-AK,712903,1526,,,25200,2026-07-21 18:00:00,29875,SHIP suy từ cờ Shipped + PS# của WORK ORDER; qty=tổng SELECT; ngày ƯỚC TÍNH (theo số PS)
191398,11546367-MY-AK,712904,928,,,25200,2026-07-22 18:00:00,29879,SHIP suy từ cờ Shipped + PS# của WORK ORDER; qty=tổng SELECT; ngày ƯỚC TÍNH (theo số PS)
191398,11546367-MY-AK,712905,1084,,,25200,2026-07-22 18:00:00,29879,SHIP suy từ cờ Shipped + PS# của WORK ORDER; qty=tổng SELECT; ngày ƯỚC TÍNH (theo số PS)
191305,11546367-MY-AK,712906,1700,,,25200,2026-07-22 18:00:00,29877,SHIP suy từ cờ Shipped + PS# của WORK ORDER; qty=tổng SELECT; ngày ƯỚC TÍNH (theo số PS)
191305,11546367-MY-AK,712907,1005,,,25200,2026-07-22 18:00:00,29877,SHIP suy từ cờ Shipped + PS# của WORK ORDER; qty=tổng SELECT; ngày ƯỚC TÍNH (theo số PS)
191173,11549204,712922,1304,,,7337,2026-07-11 18:00:00,29828,SHIP suy từ cờ Shipped + PS# của WORK ORDER; qty=PIECES; ngày ƯỚC TÍNH (theo số PS)
191173,11549204,712923,149,,,7712,2026-07-15 18:00:00,29845,SHIP suy từ cờ Shipped + PS# của WORK ORDER; qty=PIECES; ngày ƯỚC TÍNH (theo số PS)
191173,11549204,712924,1679,,,6870,2026-07-11 18:00:00,29828,SHIP suy từ cờ Shipped + PS# của WORK ORDER; qty=PIECES; ngày ƯỚC TÍNH (theo số PS)
191173,11549204,712925,1733,,,8376,2026-07-11 18:00:00,29828,SHIP suy từ cờ Shipped + PS# của WORK ORDER; qty=PIECES; ngày ƯỚC TÍNH (theo số PS)
191173,11549204,712926,119,,,7127,2026-07-13 18:00:00,29839,SHIP suy từ cờ Shipped + PS# của WORK ORDER; qty=PIECES; ngày ƯỚC TÍNH (theo số PS)
191173,11549204,712927,1384,,,8041,2026-07-11 18:00:00,29828,SHIP suy từ cờ Shipped + PS# của WORK ORDER; qty=PIECES; ngày ƯỚC TÍNH (theo số PS)
191173,11549204,712928,672,,,7508,2026-07-11 18:00:00,29828,SHIP suy từ cờ Shipped + PS# của WORK ORDER; qty=PIECES; ngày ƯỚC TÍNH (theo số PS)
191173,11549204,712929,1045,,,7502,2026-07-11 18:00:00,29828,SHIP suy từ cờ Shipped + PS# của WORK ORDER; qty=PIECES; ngày ƯỚC TÍNH (theo số PS)
191173,11549204,712930,1412,,,7377,2026-07-13 18:00:00,29839,SHIP suy từ cờ Shipped + PS# của WORK ORDER; qty=PIECES; ngày ƯỚC TÍNH (theo số PS)
191173,11549204,712931,834,,,7765,2026-07-15 18:00:00,29845,SHIP suy từ cờ Shipped + PS# của WORK ORDER; qty=PIECES; ngày ƯỚC TÍNH (theo số PS)
191252,06104388AA,712932,575,,,22440,2026-07-21 18:00:00,29874,SHIP suy từ cờ Shipped + PS# của WORK ORDER; qty=tổng SELECT; ngày ƯỚC TÍNH (theo số PS)
191252,06104388AA,712933,810,,,11880,2026-07-20 18:00:00,29871,SHIP suy từ cờ Shipped + PS# của WORK ORDER; qty=tổng SELECT; ngày ƯỚC TÍNH (theo số PS)
191252,06104388AA,712934,487,,,23760,2026-07-20 18:00:00,29871,SHIP suy từ cờ Shipped + PS# của WORK ORDER; qty=tổng SELECT; ngày ƯỚC TÍNH (theo số PS)
191252,06104388AA,712935,593,,,19467,2026-07-22 18:00:00,29877,SHIP suy từ cờ Shipped + PS# của WORK ORDER; qty=PIECES; ngày ƯỚC TÍNH (theo số PS)
191252,06104388AA,712936,7,,,20048,2026-07-20 18:00:00,29871,SHIP suy từ cờ Shipped + PS# của WORK ORDER; qty=PIECES; ngày ƯỚC TÍNH (theo số PS)
191252,06104388AA,712937,260,,,20218,2026-07-20 18:00:00,29871,SHIP suy từ cờ Shipped + PS# của WORK ORDER; qty=PIECES; ngày ƯỚC TÍNH (theo số PS)
191252,06104388AA,712938,1355,,,12540,2026-07-20 18:00:00,29871,SHIP suy từ cờ Shipped + PS# của WORK ORDER; qty=tổng SELECT; ngày ƯỚC TÍNH (theo số PS)
191252,06104388AA,712939,827,,,20024,2026-07-20 18:00:00,29871,SHIP suy từ cờ Shipped + PS# của WORK ORDER; qty=PIECES; ngày ƯỚC TÍNH (theo số PS)
191443,06104725AA,712940,173,,,100800,2026-07-21 18:00:00,29875,SHIP suy từ cờ Shipped + PS# của WORK ORDER; qty=tổng SELECT; ngày ƯỚC TÍNH (theo số PS)
191443,06104725AA,712941,222,,,100800,2026-07-21 18:00:00,29874,SHIP suy từ cờ Shipped + PS# của WORK ORDER; qty=tổng SELECT; ngày ƯỚC TÍNH (theo số PS)
191443,06104725AA,712942,405,,,100800,2026-07-21 18:00:00,29875,SHIP suy từ cờ Shipped + PS# của WORK ORDER; qty=tổng SELECT; ngày ƯỚC TÍNH (theo số PS)
191443,06104725AA,712943,1061,,,120400,2026-07-27 18:00:00,29902,SHIP suy từ cờ Shipped + PS# của WORK ORDER; qty=tổng SELECT; ngày ƯỚC TÍNH (theo số PS)
191443,06104725AA,712944,486,,,100800,2026-07-21 18:00:00,29875,SHIP suy từ cờ Shipped + PS# của WORK ORDER; qty=tổng SELECT; ngày ƯỚC TÍNH (theo số PS)
191443,06104725AA,712945,424,,,100800,2026-07-21 18:00:00,29875,SHIP suy từ cờ Shipped + PS# của WORK ORDER; qty=tổng SELECT; ngày ƯỚC TÍNH (theo số PS)
191305,06511847AA,712946,12,,,25500,2026-07-16 18:00:00,29852,SHIP suy từ cờ Shipped + PS# của WORK ORDER; qty=tổng SELECT; ngày ƯỚC TÍNH (theo số PS)
191305,06511847AA,712947,157,,,19500,2026-07-16 18:00:00,29852,SHIP suy từ cờ Shipped + PS# của WORK ORDER; qty=tổng SELECT; ngày ƯỚC TÍNH (theo số PS)
191305,06511847AA,712948,329,,,27000,2026-07-16 18:00:00,29852,SHIP suy từ cờ Shipped + PS# của WORK ORDER; qty=tổng SELECT; ngày ƯỚC TÍNH (theo số PS)
191305,06511847AA,712949,1626,,,27000,2026-07-16 18:00:00,29852,SHIP suy từ cờ Shipped + PS# của WORK ORDER; qty=tổng SELECT; ngày ƯỚC TÍNH (theo số PS)
191252,82244,712954,710,,,24000,2026-07-21 18:00:00,29874,SHIP suy từ cờ Shipped + PS# của WORK ORDER; qty=tổng SELECT; ngày ƯỚC TÍNH (theo số PS)
191252,82244,712955,790,,,21600,2026-07-19 18:00:00,29865,SHIP suy từ cờ Shipped + PS# của WORK ORDER; qty=tổng SELECT; ngày ƯỚC TÍNH (theo số PS)
191304,55364498AA,712956,441,,,12368,2026-07-16 18:00:00,29850,SHIP suy từ cờ Shipped + PS# của WORK ORDER; qty=PIECES; ngày ƯỚC TÍNH (theo số PS)
191380,55364498AA,712957,412,,,12509,2026-07-19 18:00:00,29865,SHIP suy từ cờ Shipped + PS# của WORK ORDER; qty=PIECES; ngày ƯỚC TÍNH (theo số PS)
191340,55364498AA,712958,862,,,12526,2026-07-17 18:00:00,29857,SHIP suy từ cờ Shipped + PS# của WORK ORDER; qty=PIECES; ngày ƯỚC TÍNH (theo số PS)
191340,55364498AA,712959,305,,,11860,2026-07-17 18:00:00,29857,SHIP suy từ cờ Shipped + PS# của WORK ORDER; qty=PIECES; ngày ƯỚC TÍNH (theo số PS)
191340,06512732AA,712960,436,,,13959,2026-07-19 18:00:00,29865,SHIP suy từ cờ Shipped + PS# của WORK ORDER; qty=PIECES; ngày ƯỚC TÍNH (theo số PS)
191340,06512732AA,712961,634,,,15296,2026-07-17 18:00:00,29857,SHIP suy từ cờ Shipped + PS# của WORK ORDER; qty=PIECES; ngày ƯỚC TÍNH (theo số PS)
192745,F1302AB,712962,315,,,19709,2026-08-02 18:00:00,29929,SHIP suy từ cờ Shipped + PS# của WORK ORDER; qty=PIECES; ngày ƯỚC TÍNH (theo số PS)
192745,F1302AB,712963,1652,,,20388,2026-08-02 18:00:00,29929,SHIP suy từ cờ Shipped + PS# của WORK ORDER; qty=PIECES; ngày ƯỚC TÍNH (theo số PS)
192745,F1302AB,712965,184,,,20680,2026-08-02 18:00:00,29929,SHIP suy từ cờ Shipped + PS# của WORK ORDER; qty=PIECES; ngày ƯỚC TÍNH (theo số PS)
192639,F1302AB,712967,429,,,16800,2026-07-29 18:00:00,29911,SHIP suy từ cờ Shipped + PS# của WORK ORDER; qty=tổng SELECT; ngày ƯỚC TÍNH (theo số PS)
191340,06512349AA,712968,1433,,,9588,2026-07-17 18:00:00,29857,SHIP suy từ cờ Shipped + PS# của WORK ORDER; qty=PIECES; ngày ƯỚC TÍNH (theo số PS)
191340,06512349AA,712969,465,,,9797,2026-07-19 18:00:00,29865,SHIP suy từ cờ Shipped + PS# của WORK ORDER; qty=PIECES; ngày ƯỚC TÍNH (theo số PS)
191380,06102398AA,712970,1390,,,120000,2026-07-21 18:00:00,29873,SHIP suy từ cờ Shipped + PS# của WORK ORDER; qty=tổng SELECT; ngày ƯỚC TÍNH (theo số PS)
191380,06102398AA,712971,224,,,120000,2026-07-24 18:00:00,29888,SHIP suy từ cờ Shipped + PS# của WORK ORDER; qty=tổng SELECT; ngày ƯỚC TÍNH (theo số PS)
192708,06511799AA,712974,34 CTNS,,,56745,2026-08-02 18:00:00,29929,SHIP suy từ cờ Shipped + PS# của WORK ORDER; qty=PIECES; ngày ƯỚC TÍNH (theo số PS)
191340,06512834AA,712978,831,,,7075,2026-07-17 18:00:00,29857,SHIP suy từ cờ Shipped + PS# của WORK ORDER; qty=PIECES; ngày ƯỚC TÍNH (theo số PS)
191340,06512834AA,712979,1633,,,9822,2026-07-17 18:00:00,29857,SHIP suy từ cờ Shipped + PS# của WORK ORDER; qty=PIECES; ngày ƯỚC TÍNH (theo số PS)
190975,06512149AA,712980,KIB,,,45000,2026-07-05 18:00:00,29800,SHIP suy từ cờ Shipped + PS# của WORK ORDER; qty=PIECES; ngày ƯỚC TÍNH (theo số PS)
190975,06512149AA,712981,KIB,,,45000,2026-07-05 18:00:00,29800,SHIP suy từ cờ Shipped + PS# của WORK ORDER; qty=PIECES; ngày ƯỚC TÍNH (theo số PS)
191252,06104384AA,712982,376,,,29250,2026-07-19 18:00:00,29865,SHIP suy từ cờ Shipped + PS# của WORK ORDER; qty=tổng SELECT; ngày ƯỚC TÍNH (theo số PS)
191252,06104384AA,712983,825,,,15000,2026-07-16 18:00:00,29852,SHIP suy từ cờ Shipped + PS# của WORK ORDER; qty=tổng SELECT; ngày ƯỚC TÍNH (theo số PS)
191105,82222,712991,KIB,,,11000,2026-07-07 18:00:00,29811,SHIP suy từ cờ Shipped + PS# của WORK ORDER; qty=PIECES; ngày ƯỚC TÍNH (theo số PS)
191105,82222,712992,KIB,,,11000,2026-07-07 18:00:00,29811,SHIP suy từ cờ Shipped + PS# của WORK ORDER; qty=PIECES; ngày ƯỚC TÍNH (theo số PS)
191304,90280051,712995,1609,,,75000,2026-07-16 18:00:00,29852,SHIP suy từ cờ Shipped + PS# của WORK ORDER; qty=PIECES; ngày ƯỚC TÍNH (theo số PS)
191380,06105051AA,712996,860,,,15812,2026-07-19 18:00:00,29867,SHIP suy từ cờ Shipped + PS# của WORK ORDER; qty=PIECES; ngày ƯỚC TÍNH (theo số PS)
191424,06105051AA,712997,1039,,,11780,2026-07-30 18:00:00,29913,SHIP suy từ cờ Shipped + PS# của WORK ORDER; qty=tổng SELECT; ngày ƯỚC TÍNH (theo số PS)
191380,06502979-A,712998,440,,,30000,2026-07-19 18:00:00,29867,SHIP suy từ cờ Shipped + PS# của WORK ORDER; qty=tổng SELECT; ngày ƯỚC TÍNH (theo số PS)
191340,06502979-A,712999,679,,,27750,2026-07-20 18:00:00,29871,SHIP suy từ cờ Shipped + PS# của WORK ORDER; qty=tổng SELECT; ngày ƯỚC TÍNH (theo số PS)
191340,06502979-A,713000,250,,,30750,2026-07-20 18:00:00,29869,SHIP suy từ cờ Shipped + PS# của WORK ORDER; qty=tổng SELECT; ngày ƯỚC TÍNH (theo số PS)
191145,NU1305-01,713002,1648,,,68000,2026-07-09 18:00:00,29819,SHIP suy từ cờ Shipped + PS# của WORK ORDER; qty=PIECES; ngày ƯỚC TÍNH (theo số PS)
191061,NU1305-01,713003,1089,,,65000,2026-07-18 18:00:00,29862,SHIP suy từ cờ Shipped + PS# của WORK ORDER; qty=tổng SELECT; ngày ƯỚC TÍNH (theo số PS)
192681,42068967,713004,643,,,8017,2026-07-30 18:00:00,29915,SHIP suy từ cờ Shipped + PS# của WORK ORDER; qty=PIECES; ngày ƯỚC TÍNH (theo số PS)
192681,42068967,713005,146,,,9550,2026-08-02 18:00:00,29927,SHIP suy từ cờ Shipped + PS# của WORK ORDER; qty=PIECES; ngày ƯỚC TÍNH (theo số PS)
192681,42068967,713006,670,,,9314,2026-08-02 18:00:00,29927,SHIP suy từ cờ Shipped + PS# của WORK ORDER; qty=PIECES; ngày ƯỚC TÍNH (theo số PS)
192681,42068967,713008,1751,,,12433,2026-07-30 18:00:00,29913,SHIP suy từ cờ Shipped + PS# của WORK ORDER; qty=PIECES; ngày ƯỚC TÍNH (theo số PS)
192681,42068967,713009,1449,,,13183,2026-07-30 18:00:00,29915,SHIP suy từ cờ Shipped + PS# của WORK ORDER; qty=PIECES; ngày ƯỚC TÍNH (theo số PS)
192681,42068967,713010,161,,,9960,2026-08-01 18:00:00,29921,SHIP suy từ cờ Shipped + PS# của WORK ORDER; qty=PIECES; ngày ƯỚC TÍNH (theo số PS)
191530,11546369-MY-AK,713012,1631,,,10800,2026-07-25 18:00:00,29893,SHIP suy từ cờ Shipped + PS# của WORK ORDER; qty=tổng SELECT; ngày ƯỚC TÍNH (theo số PS)
191530,11546369-MY-AK,713013,404,,,9000,2026-07-25 18:00:00,29893,SHIP suy từ cờ Shipped + PS# của WORK ORDER; qty=tổng SELECT; ngày ƯỚC TÍNH (theo số PS)
192681,91058,713014,354,,,44627,2026-07-30 18:00:00,29913,SHIP suy từ cờ Shipped + PS# của WORK ORDER; qty=PIECES; ngày ƯỚC TÍNH (theo số PS)
192681,91058,713015,836,,,39403,2026-08-02 18:00:00,29927,SHIP suy từ cờ Shipped + PS# của WORK ORDER; qty=PIECES; ngày ƯỚC TÍNH (theo số PS)
191457,11546366-MY-AK,713016,1579,,,48000,2026-07-22 18:00:00,29879,SHIP suy từ cờ Shipped + PS# của WORK ORDER; qty=tổng SELECT; ngày ƯỚC TÍNH (theo số PS)
191457,11546366-MY-AK,713017,1408,,,36000,2026-07-25 18:00:00,29893,SHIP suy từ cờ Shipped + PS# của WORK ORDER; qty=tổng SELECT; ngày ƯỚC TÍNH (theo số PS)
191457,11546366-MY-AK,713018,1516,,,36000,2026-07-24 18:00:00,29888,SHIP suy từ cờ Shipped + PS# của WORK ORDER; qty=tổng SELECT; ngày ƯỚC TÍNH (theo số PS)
191457,11546366-MY-AK,713019,1651,,,56000,2026-07-22 18:00:00,29879,SHIP suy từ cờ Shipped + PS# của WORK ORDER; qty=tổng SELECT; ngày ƯỚC TÍNH (theo số PS)
191288,11549171-MY-AK,713020,402,,,9817,2026-07-17 18:00:00,29857,SHIP suy từ cờ Shipped + PS# của WORK ORDER; qty=PIECES; ngày ƯỚC TÍNH (theo số PS)
191288,11549171-MY-AK,713021,1048,,,9783,2026-07-16 18:00:00,29852,SHIP suy từ cờ Shipped + PS# của WORK ORDER; qty=PIECES; ngày ƯỚC TÍNH (theo số PS)
191288,11549171-MY-AK,713022,895,,,10104,2026-07-17 18:00:00,29854,SHIP suy từ cờ Shipped + PS# của WORK ORDER; qty=PIECES; ngày ƯỚC TÍNH (theo số PS)
191288,11549171-MY-AK,713023,1040,,,9365,2026-07-20 18:00:00,29871,SHIP suy từ cờ Shipped + PS# của WORK ORDER; qty=PIECES; ngày ƯỚC TÍNH (theo số PS)
191288,11549171-MY-AK,713024,943,,,10252,2026-07-17 18:00:00,29854,SHIP suy từ cờ Shipped + PS# của WORK ORDER; qty=PIECES; ngày ƯỚC TÍNH (theo số PS)
191288,11549171-MY-AK,713025,15,,,9226,2026-07-22 18:00:00,29877,SHIP suy từ cờ Shipped + PS# của WORK ORDER; qty=PIECES; ngày ƯỚC TÍNH (theo số PS)
191288,11549171-MY-AK,713026,226,,,9522,2026-07-21 18:00:00,29874,SHIP suy từ cờ Shipped + PS# của WORK ORDER; qty=PIECES; ngày ƯỚC TÍNH (theo số PS)
191288,11549171-MY-AK,713027,540,,,9913,2026-07-17 18:00:00,29854,SHIP suy từ cờ Shipped + PS# của WORK ORDER; qty=PIECES; ngày ƯỚC TÍNH (theo số PS)
191288,11549171-MY-AK,713028,1501,,,10209,2026-07-20 18:00:00,29871,SHIP suy từ cờ Shipped + PS# của WORK ORDER; qty=PIECES; ngày ƯỚC TÍNH (theo số PS)
191288,11549171-MY-AK,713029,475,,,9991,2026-07-21 18:00:00,29873,SHIP suy từ cờ Shipped + PS# của WORK ORDER; qty=PIECES; ngày ƯỚC TÍNH (theo số PS)
191443,11549171-MY-AK,713030,181,,,10313,2026-07-24 18:00:00,29888,SHIP suy từ cờ Shipped + PS# của WORK ORDER; qty=PIECES; ngày ƯỚC TÍNH (theo số PS)
191443,11549171-MY-AK,713031,88,,,9800,2026-08-04 18:00:00,29936,SHIP suy từ cờ Shipped + PS# của WORK ORDER; qty=tổng SELECT; ngày lấy từ dòng khác cùng PS
191340,W520101-S442,713032,378,,,159000,2026-07-22 18:00:00,29879,SHIP suy từ cờ Shipped + PS# của WORK ORDER; qty=tổng SELECT; ngày ƯỚC TÍNH (theo số PS)
191340,W520101-S442,713033,814,,,108000,2026-07-20 18:00:00,29869,SHIP suy từ cờ Shipped + PS# của WORK ORDER; qty=tổng SELECT; ngày ƯỚC TÍNH (theo số PS)
191340,W520101-S442,713034,837,,,120000,2026-07-22 18:00:00,29879,SHIP suy từ cờ Shipped + PS# của WORK ORDER; qty=tổng SELECT; ngày ƯỚC TÍNH (theo số PS)
191340,W520101-S442,713035,1533,,,108000,2026-07-20 18:00:00,29869,SHIP suy từ cờ Shipped + PS# của WORK ORDER; qty=tổng SELECT; ngày ƯỚC TÍNH (theo số PS)
191223,11546571,713036,1646,,,49222,2026-07-13 18:00:00,29837,SHIP suy từ cờ Shipped + PS# của WORK ORDER; qty=PIECES; ngày ƯỚC TÍNH (theo số PS)
191223,11546571,713037,944,,,49581,2026-07-13 18:00:00,29837,SHIP suy từ cờ Shipped + PS# của WORK ORDER; qty=PIECES; ngày ƯỚC TÍNH (theo số PS)
191223,11546571,713038,188,,,56287,2026-07-13 18:00:00,29837,SHIP suy từ cờ Shipped + PS# của WORK ORDER; qty=PIECES; ngày ƯỚC TÍNH (theo số PS)
191192,11546571,713039,381,,,42934,2026-07-11 18:00:00,29828,SHIP suy từ cờ Shipped + PS# của WORK ORDER; qty=PIECES; ngày ƯỚC TÍNH (theo số PS)
191192,11546571,713040,1571,,,41850,2026-07-15 18:00:00,29848,SHIP suy từ cờ Shipped + PS# của WORK ORDER; qty=tổng SELECT; ngày ƯỚC TÍNH (theo số PS)
191223,11546571,713041,1708,,,55389,2026-07-13 18:00:00,29837,SHIP suy từ cờ Shipped + PS# của WORK ORDER; qty=PIECES; ngày ƯỚC TÍNH (theo số PS)
192708,HL3W-4320-AA,713047,1334,,,5911,2026-08-03 18:00:00,29932,SHIP suy từ cờ Shipped + PS# của WORK ORDER; qty=PIECES; ngày lấy từ dòng khác cùng PS
193530,HL3W-4320-AA,713048,646,,,4800,2026-09-05 18:00:00,30080,SHIP suy từ cờ Shipped + PS# của WORK ORDER; qty=tổng SELECT; ngày ƯỚC TÍNH (theo số PS)
192639,HL3W-4320-AA,713051,830,,,6094,2026-08-02 18:00:00,29929,SHIP suy từ cờ Shipped + PS# của WORK ORDER; qty=PIECES; ngày ƯỚC TÍNH (theo số PS)
191024,11549168,713054,15 CTNS,,,15000,2026-07-07 18:00:00,29809,SHIP suy từ cờ Shipped + PS# của WORK ORDER; qty=PIECES; ngày ƯỚC TÍNH (theo số PS)
191443,11546456-TH-TC,713055,1401,,,13000,2026-07-21 18:00:00,29875,SHIP suy từ cờ Shipped + PS# của WORK ORDER; qty=PIECES; ngày ƯỚC TÍNH (theo số PS)
191288,11602326,713057,258,,,3940,2026-07-22 18:00:00,29877,SHIP suy từ cờ Shipped + PS# của WORK ORDER; qty=PIECES; ngày ƯỚC TÍNH (theo số PS)
191288,11602326,713058,1559,,,4783,2026-07-20 18:00:00,29871,SHIP suy từ cờ Shipped + PS# của WORK ORDER; qty=PIECES; ngày ƯỚC TÍNH (theo số PS)
191215,11602326,713059,1360,,,4090,2026-07-17 18:00:00,29857,SHIP suy từ cờ Shipped + PS# của WORK ORDER; qty=PIECES; ngày ƯỚC TÍNH (theo số PS)
191215,11602326,713060,219,,,3881,2026-07-17 18:00:00,29854,SHIP suy từ cờ Shipped + PS# của WORK ORDER; qty=PIECES; ngày ƯỚC TÍNH (theo số PS)
191215,11602326,713061,574,,,4136,2026-07-17 18:00:00,29857,SHIP suy từ cờ Shipped + PS# của WORK ORDER; qty=PIECES; ngày ƯỚC TÍNH (theo số PS)
191215,11602326,713062,801,,,3840,2026-07-21 18:00:00,29873,SHIP suy từ cờ Shipped + PS# của WORK ORDER; qty=PIECES; ngày ƯỚC TÍNH (theo số PS)
191215,11602326,713063,1343,,,4891,2026-07-17 18:00:00,29857,SHIP suy từ cờ Shipped + PS# của WORK ORDER; qty=PIECES; ngày ƯỚC TÍNH (theo số PS)
191213,11602326,713064,1673,,,3831,2026-08-10 18:00:00,29964,SHIP suy từ cờ Shipped + PS# của WORK ORDER; qty=PIECES; ngày lấy từ dòng khác cùng PS
191213,11602326,713065,821,,,4320,2026-08-02 18:00:00,29927,SHIP suy từ cờ Shipped + PS# của WORK ORDER; qty=tổng SELECT; ngày ƯỚC TÍNH (theo số PS)
191213,11602326,713067,1618,,,4161,2026-08-10 18:00:00,29961,SHIP suy từ cờ Shipped + PS# của WORK ORDER; qty=PIECES; ngày lấy từ dòng khác cùng PS
191213,11602326,713068,871,,,4574,2026-08-06 18:00:00,29946,SHIP suy từ cờ Shipped + PS# của WORK ORDER; qty=PIECES; ngày lấy từ dòng khác cùng PS
191443,06104725AA,713075,864,,,100800,2026-07-22 18:00:00,29877,SHIP suy từ cờ Shipped + PS# của WORK ORDER; qty=tổng SELECT; ngày ƯỚC TÍNH (theo số PS)
191443,06104725AA,713076,431,,,106400,2026-07-22 18:00:00,29875,SHIP suy từ cờ Shipped + PS# của WORK ORDER; qty=tổng SELECT; ngày ƯỚC TÍNH (theo số PS); nâng lên ngày sản xuất cuối
191443,06104725AA,713077,1022,,,100800,2026-07-25 18:00:00,29893,SHIP suy từ cờ Shipped + PS# của WORK ORDER; qty=tổng SELECT; ngày ƯỚC TÍNH (theo số PS)
191443,06104725AA,713078,67,,,100800,2026-07-25 18:00:00,29893,SHIP suy từ cờ Shipped + PS# của WORK ORDER; qty=tổng SELECT; ngày ƯỚC TÍNH (theo số PS)
191443,06104725AA,713079,520,,,104906,2026-07-30 18:00:00,29913,SHIP suy từ cờ Shipped + PS# của WORK ORDER; qty=PIECES; ngày ƯỚC TÍNH (theo số PS)
191443,06104725AA,713080,930,,,100800,2026-07-21 18:00:00,29874,SHIP suy từ cờ Shipped + PS# của WORK ORDER; qty=tổng SELECT; ngày ƯỚC TÍNH (theo số PS)
191288,11546462,713081,170,,,23400,2026-07-22 18:00:00,29879,SHIP suy từ cờ Shipped + PS# của WORK ORDER; qty=tổng SELECT; ngày ƯỚC TÍNH (theo số PS)
191288,11546462,713082,1110,,,23400,2026-07-19 18:00:00,29865,SHIP suy từ cờ Shipped + PS# của WORK ORDER; qty=tổng SELECT; ngày ƯỚC TÍNH (theo số PS)
191288,11546462,713083,472,,,23400,2026-07-19 18:00:00,29865,SHIP suy từ cờ Shipped + PS# của WORK ORDER; qty=tổng SELECT; ngày ƯỚC TÍNH (theo số PS)
191288,11546462,713084,496,,,26000,2026-07-19 18:00:00,29865,SHIP suy từ cờ Shipped + PS# của WORK ORDER; qty=tổng SELECT; ngày ƯỚC TÍNH (theo số PS)
191288,11546462,713085,249,,,28600,2026-07-19 18:00:00,29867,SHIP suy từ cờ Shipped + PS# của WORK ORDER; qty=tổng SELECT; ngày ƯỚC TÍNH (theo số PS)
191288,11546462,713086,1074,,,23400,2026-07-19 18:00:00,29865,SHIP suy từ cờ Shipped + PS# của WORK ORDER; qty=tổng SELECT; ngày ƯỚC TÍNH (theo số PS)
191288,06101736-A,713087,48,,,116966,2026-07-21 18:00:00,29873,SHIP suy từ cờ Shipped + PS# của WORK ORDER; qty=PIECES; ngày ƯỚC TÍNH (theo số PS)
191288,06101736-A,713089,758,,,127528,2026-07-21 18:00:00,29873,SHIP suy từ cờ Shipped + PS# của WORK ORDER; qty=PIECES; ngày ƯỚC TÍNH (theo số PS)
191288,06101736-A,713090,266,,,124045,2026-07-19 18:00:00,29867,SHIP suy từ cờ Shipped + PS# của WORK ORDER; qty=PIECES; ngày ƯỚC TÍNH (theo số PS)
191288,06101736-A,713091,1370,,,135955,2026-07-20 18:00:00,29869,SHIP suy từ cờ Shipped + PS# của WORK ORDER; qty=PIECES; ngày ƯỚC TÍNH (theo số PS)
191288,06101736-A,713092,922,,,118202,2026-07-20 18:00:00,29869,SHIP suy từ cờ Shipped + PS# của WORK ORDER; qty=PIECES; ngày ƯỚC TÍNH (theo số PS)
191215,11548414,713095,256,,,16853,2026-07-13 18:00:00,29837,SHIP suy từ cờ Shipped + PS# của WORK ORDER; qty=PIECES; ngày ƯỚC TÍNH (theo số PS)
191215,11548414,713096,344,,,17039,2026-07-15 18:00:00,29845,SHIP suy từ cờ Shipped + PS# của WORK ORDER; qty=PIECES; ngày ƯỚC TÍNH (theo số PS)
191215,11548414,713097,905,,,16620,2026-07-15 18:00:00,29845,SHIP suy từ cờ Shipped + PS# của WORK ORDER; qty=PIECES; ngày ƯỚC TÍNH (theo số PS)
191215,11548414,713098,707,,,16062,2026-07-15 18:00:00,29845,SHIP suy từ cờ Shipped + PS# của WORK ORDER; qty=PIECES; ngày ƯỚC TÍNH (theo số PS)
191241,06101968-A,713111,343,,,79200,2026-07-15 18:00:00,29848,SHIP suy từ cờ Shipped + PS# của WORK ORDER; qty=tổng SELECT; ngày ƯỚC TÍNH (theo số PS)
191241,06101968-A,713112,1021,,,79200,2026-07-16 18:00:00,29850,SHIP suy từ cờ Shipped + PS# của WORK ORDER; qty=tổng SELECT; ngày ƯỚC TÍNH (theo số PS)
191241,06101968-A,713113,75,,,79200,2026-07-17 18:00:00,29854,SHIP suy từ cờ Shipped + PS# của WORK ORDER; qty=tổng SELECT; ngày ƯỚC TÍNH (theo số PS)
191241,06101968-A,713114,1397,,,57200,2026-07-17 18:00:00,29854,SHIP suy từ cờ Shipped + PS# của WORK ORDER; qty=tổng SELECT; ngày ƯỚC TÍNH (theo số PS)
191241,06101831-A,713115,1570,,,48000,2026-07-19 18:00:00,29865,SHIP suy từ cờ Shipped + PS# của WORK ORDER; qty=tổng SELECT; ngày ƯỚC TÍNH (theo số PS)
191241,06101831-A,713116,1095,,,36000,2026-07-25 18:00:00,29893,SHIP suy từ cờ Shipped + PS# của WORK ORDER; qty=tổng SELECT; ngày ƯỚC TÍNH (theo số PS)
191241,06101831-A,713117,169,,,38000,2026-07-17 18:00:00,29854,SHIP suy từ cờ Shipped + PS# của WORK ORDER; qty=tổng SELECT; ngày ƯỚC TÍNH (theo số PS)
191241,06101831-A,713119,1006,,,40000,2026-07-17 18:00:00,29857,SHIP suy từ cờ Shipped + PS# của WORK ORDER; qty=tổng SELECT; ngày ƯỚC TÍNH (theo số PS)
191241,06101831-A,713120,248,,,36000,2026-07-20 18:00:00,29871,SHIP suy từ cờ Shipped + PS# của WORK ORDER; qty=tổng SELECT; ngày ƯỚC TÍNH (theo số PS)
191252,06101831-A,713121,508,,,36000,2026-07-15 18:00:00,29848,SHIP suy từ cờ Shipped + PS# của WORK ORDER; qty=tổng SELECT; ngày ƯỚC TÍNH (theo số PS)
191252,06101831-A,713123,1305,,,36000,2026-07-21 18:00:00,29873,SHIP suy từ cờ Shipped + PS# của WORK ORDER; qty=tổng SELECT; ngày ƯỚC TÍNH (theo số PS)
191252,06101831-A,713124,1364,,,48000,2026-07-21 18:00:00,29873,SHIP suy từ cờ Shipped + PS# của WORK ORDER; qty=tổng SELECT; ngày ƯỚC TÍNH (theo số PS)
191252,06101831-A,713125,1067,,,36000,2026-07-20 18:00:00,29871,SHIP suy từ cờ Shipped + PS# của WORK ORDER; qty=tổng SELECT; ngày ƯỚC TÍNH (theo số PS)
191473,11548357,713127,1779,,,14865,2026-07-21 18:00:00,29874,SHIP suy từ cờ Shipped + PS# của WORK ORDER; qty=PIECES; ngày ƯỚC TÍNH (theo số PS)
191473,11548357,713128,1780,,,15811,2026-07-21 18:00:00,29874,SHIP suy từ cờ Shipped + PS# của WORK ORDER; qty=PIECES; ngày ƯỚC TÍNH (theo số PS)
191473,W715851-S450B,713129,1761,,,19000,2026-07-21 18:00:00,29874,SHIP suy từ cờ Shipped + PS# của WORK ORDER; qty=PIECES; ngày ƯỚC TÍNH (theo số PS)
191473,06512544AA,713131,1762,,,18000,2026-07-30 18:00:00,29915,SHIP suy từ cờ Shipped + PS# của WORK ORDER; qty=tổng SELECT; ngày ƯỚC TÍNH (theo số PS)
191506,06512544AA,713132,1776,,,21000,2026-07-23 18:00:00,29879,SHIP suy từ cờ Shipped + PS# của WORK ORDER; qty=tổng SELECT; ngày ƯỚC TÍNH (theo số PS); nâng lên ngày sản xuất cuối
191473,54049001,713133,1616,,,16519,2026-07-21 18:00:00,29874,SHIP suy từ cờ Shipped + PS# của WORK ORDER; qty=PIECES; ngày ƯỚC TÍNH (theo số PS)
191473,54049001,713134,50,,,19649,2026-07-21 18:00:00,29875,SHIP suy từ cờ Shipped + PS# của WORK ORDER; qty=PIECES; ngày ƯỚC TÍNH (theo số PS)
191473,54049001,713135,1693,,,15328,2026-07-21 18:00:00,29874,SHIP suy từ cờ Shipped + PS# của WORK ORDER; qty=PIECES; ngày ƯỚC TÍNH (theo số PS)
191506,54049001,713136,1578,,,18321,2026-07-30 18:00:00,29913,SHIP suy từ cờ Shipped + PS# của WORK ORDER; qty=PIECES; ngày ƯỚC TÍNH (theo số PS)
191473,W711953-S900,713137,1615,,,78750,2026-07-27 18:00:00,29902,SHIP suy từ cờ Shipped + PS# của WORK ORDER; qty=tổng SELECT; ngày ƯỚC TÍNH (theo số PS)
191538,06511637AA,713139,522,,,40800,2026-07-25 18:00:00,29893,SHIP suy từ cờ Shipped + PS# của WORK ORDER; qty=tổng SELECT; ngày ƯỚC TÍNH (theo số PS)
191538,06511637AA,713140,1529,,,43200,2026-07-30 18:00:00,29913,SHIP suy từ cờ Shipped + PS# của WORK ORDER; qty=tổng SELECT; ngày ƯỚC TÍNH (theo số PS)
191473,11561645,713141,1754,,,120000,2026-07-22 18:00:00,29877,SHIP suy từ cờ Shipped + PS# của WORK ORDER; qty=tổng SELECT; ngày ƯỚC TÍNH (theo số PS)
191473,11561645,713142,494,,,208000,2026-07-22 18:00:00,29879,SHIP suy từ cờ Shipped + PS# của WORK ORDER; qty=tổng SELECT; ngày ƯỚC TÍNH (theo số PS)
191473,11561645,713143,1778,,,40000,2026-07-22 18:00:00,29877,SHIP suy từ cờ Shipped + PS# của WORK ORDER; qty=tổng SELECT; ngày ƯỚC TÍNH (theo số PS)
191473,11561645,713144,1766,,,144000,2026-07-21 18:00:00,29875,SHIP suy từ cờ Shipped + PS# của WORK ORDER; qty=tổng SELECT; ngày ƯỚC TÍNH (theo số PS)
191560,N620483-S2,713145,1775,,,18600,2026-07-26 18:00:00,29898,SHIP suy từ cờ Shipped + PS# của WORK ORDER; qty=tổng SELECT; ngày ƯỚC TÍNH (theo số PS)
191560,N620483-S2,713146,1763,,,18469,2026-07-26 18:00:00,29898,SHIP suy từ cờ Shipped + PS# của WORK ORDER; qty=PIECES; ngày ƯỚC TÍNH (theo số PS)
191560,W520413-S450L,713148,1769,,,68896,2026-07-26 18:00:00,29895,SHIP suy từ cờ Shipped + PS# của WORK ORDER; qty=PIECES; ngày ƯỚC TÍNH (theo số PS)
191560,W520413-S450,713149,1772,,,68400,2026-07-26 18:00:00,29895,SHIP suy từ cờ Shipped + PS# của WORK ORDER; qty=tổng SELECT; ngày ƯỚC TÍNH (theo số PS)
191560,W520413-S450,713150,1757,,,66500,2026-07-26 18:00:00,29898,SHIP suy từ cờ Shipped + PS# của WORK ORDER; qty=tổng SELECT; ngày ƯỚC TÍNH (theo số PS)
191560,61273,713151,1756,,,7856,2026-07-26 18:00:00,29898,SHIP suy từ cờ Shipped + PS# của WORK ORDER; qty=PIECES; ngày ƯỚC TÍNH (theo số PS)
191560,61273,713152,1755,,,7233,2026-07-30 18:00:00,29913,SHIP suy từ cờ Shipped + PS# của WORK ORDER; qty=PIECES; ngày ƯỚC TÍNH (theo số PS)
191560,61273,713153,269,,,7800,2026-07-26 18:00:00,29895,SHIP suy từ cờ Shipped + PS# của WORK ORDER; qty=tổng SELECT; ngày ƯỚC TÍNH (theo số PS)
191560,61273,713154,28,,,6856,2026-07-30 18:00:00,29913,SHIP suy từ cờ Shipped + PS# của WORK ORDER; qty=PIECES; ngày ƯỚC TÍNH (theo số PS)
191398,11549169-MY-AK,713155,1511,,,27060,2026-07-21 18:00:00,29875,SHIP suy từ cờ Shipped + PS# của WORK ORDER; qty=tổng SELECT; ngày ƯỚC TÍNH (theo số PS)
191398,11549169-MY-AK,713156,306,,,23760,2026-07-22 18:00:00,29879,SHIP suy từ cờ Shipped + PS# của WORK ORDER; qty=tổng SELECT; ngày ƯỚC TÍNH (theo số PS)
191398,11549169-MY-AK,713157,495,,,23992,2026-07-21 18:00:00,29875,SHIP suy từ cờ Shipped + PS# của WORK ORDER; qty=PIECES; ngày ƯỚC TÍNH (theo số PS)
191398,11549169-MY-AK,713158,1517,,,23100,2026-07-21 18:00:00,29875,SHIP suy từ cờ Shipped + PS# của WORK ORDER; qty=tổng SELECT; ngày ƯỚC TÍNH (theo số PS)
191398,11549169-MY-AK,713159,596,,,23760,2026-07-22 18:00:00,29879,SHIP suy từ cờ Shipped + PS# của WORK ORDER; qty=tổng SELECT; ngày ƯỚC TÍNH (theo số PS)
191457,11546367-MY-AK,713163,555,,,25200,2026-07-22 18:00:00,29875,SHIP suy từ cờ Shipped + PS# của WORK ORDER; qty=tổng SELECT; ngày ƯỚC TÍNH (theo số PS); nâng lên ngày sản xuất cuối
191457,11546367-MY-AK,713164,1534,,,25200,2026-07-21 18:00:00,29875,SHIP suy từ cờ Shipped + PS# của WORK ORDER; qty=tổng SELECT; ngày ƯỚC TÍNH (theo số PS)
191398,11546367-MY-AK,713165,747,,,25161,2026-07-22 18:00:00,29877,SHIP suy từ cờ Shipped + PS# của WORK ORDER; qty=PIECES; ngày ƯỚC TÍNH (theo số PS)
191398,11546367-MY-AK,713166,484,,,24559,2026-07-21 18:00:00,29875,SHIP suy từ cờ Shipped + PS# của WORK ORDER; qty=PIECES; ngày ƯỚC TÍNH (theo số PS)
191457,11546367-MY-AK,713167,844,,,25200,2026-07-21 18:00:00,29875,SHIP suy từ cờ Shipped + PS# của WORK ORDER; qty=tổng SELECT; ngày ƯỚC TÍNH (theo số PS)
191457,11546367-MY-AK,713168,392,,,30100,2026-07-22 18:00:00,29879,SHIP suy từ cờ Shipped + PS# của WORK ORDER; qty=tổng SELECT; ngày ƯỚC TÍNH (theo số PS)
191457,11546367-MY-AK,713169,1409,,,25200,2026-07-21 18:00:00,29875,SHIP suy từ cờ Shipped + PS# của WORK ORDER; qty=tổng SELECT; ngày ƯỚC TÍNH (theo số PS)
191457,11546367-MY-AK,713170,136,,,25200,2026-07-21 18:00:00,29875,SHIP suy từ cờ Shipped + PS# của WORK ORDER; qty=tổng SELECT; ngày ƯỚC TÍNH (theo số PS)
191398,11546367-MY-AK,713171,3,,,21000,2026-08-03 18:00:00,29939,SHIP suy từ cờ Shipped + PS# của WORK ORDER; qty=tổng SELECT; ngày lấy từ dòng khác cùng PS
191611,5232-28,713172,1707,,,24565,2026-07-29 18:00:00,29909,SHIP suy từ cờ Shipped + PS# của WORK ORDER; qty=PIECES; ngày ƯỚC TÍNH (theo số PS)
191594,94012078,713173,1773,,,2378,2026-07-26 18:00:00,29895,SHIP suy từ cờ Shipped + PS# của WORK ORDER; qty=PIECES; ngày ƯỚC TÍNH (theo số PS)
191594,94012078,713174,1774,,,1600,2026-07-26 18:00:00,29895,SHIP suy từ cờ Shipped + PS# của WORK ORDER; qty=tổng SELECT; ngày ƯỚC TÍNH (theo số PS)
191594,94012078,713175,1603,,,3600,2026-07-26 18:00:00,29895,SHIP suy từ cờ Shipped + PS# của WORK ORDER; qty=tổng SELECT; ngày ƯỚC TÍNH (theo số PS)
191594,94012078,713176,899,,,1400,2026-07-26 18:00:00,29895,SHIP suy từ cờ Shipped + PS# của WORK ORDER; qty=tổng SELECT; ngày ƯỚC TÍNH (theo số PS)
191594,94012078,713177,237,,,2542,2026-07-26 18:00:00,29895,SHIP suy từ cờ Shipped + PS# của WORK ORDER; qty=PIECES; ngày ƯỚC TÍNH (theo số PS)
191594,94012078,713178,81,,,2453,2026-07-30 18:00:00,29913,SHIP suy từ cờ Shipped + PS# của WORK ORDER; qty=PIECES; ngày ƯỚC TÍNH (theo số PS)
191380,NU1510-00,713179,167,,,40000,2026-07-18 18:00:00,29862,SHIP suy từ cờ Shipped + PS# của WORK ORDER; qty=PIECES; ngày ƯỚC TÍNH (theo số PS)
191340,NU1510-00,713180,903,,,44000,2026-07-18 18:00:00,29862,SHIP suy từ cờ Shipped + PS# của WORK ORDER; qty=PIECES; ngày ƯỚC TÍNH (theo số PS)
191380,NU1510-00,713181,295,,,40000,2026-07-18 18:00:00,29862,SHIP suy từ cờ Shipped + PS# của WORK ORDER; qty=PIECES; ngày ƯỚC TÍNH (theo số PS)
191380,NU1510-00,713182,1106,,,40000,2026-07-18 18:00:00,29862,SHIP suy từ cờ Shipped + PS# của WORK ORDER; qty=PIECES; ngày ƯỚC TÍNH (theo số PS)
191145,NU1305-01,713183,1328,,,65000,2026-07-18 18:00:00,29862,SHIP suy từ cờ Shipped + PS# của WORK ORDER; qty=tổng SELECT; ngày ƯỚC TÍNH (theo số PS)
191145,NU1305-01,713184,384,,,72788,2026-07-18 18:00:00,29862,SHIP suy từ cờ Shipped + PS# của WORK ORDER; qty=tổng SELECT; ngày ƯỚC TÍNH (theo số PS)
191145,NU1305-01,713185,73,,,68000,2026-07-09 18:00:00,29819,SHIP suy từ cờ Shipped + PS# của WORK ORDER; qty=PIECES; ngày ƯỚC TÍNH (theo số PS)
191145,NU1305-01,713186,1419,,,65000,2026-07-09 18:00:00,29819,SHIP suy từ cờ Shipped + PS# của WORK ORDER; qty=tổng SELECT; ngày ƯỚC TÍNH (theo số PS)
191560,N620482-S2,713187,1764,,,42254,2026-07-27 18:00:00,29902,SHIP suy từ cờ Shipped + PS# của WORK ORDER; qty=PIECES; ngày ƯỚC TÍNH (theo số PS)
191560,N620482-S2,713188,1765,,,37500,2026-07-27 18:00:00,29902,SHIP suy từ cờ Shipped + PS# của WORK ORDER; qty=PIECES; ngày ƯỚC TÍNH (theo số PS)
191105,SP2103-03,713190,KIB,,,1950,2026-07-11 18:00:00,29828,SHIP suy từ cờ Shipped + PS# của WORK ORDER; qty=PIECES; ngày ƯỚC TÍNH (theo số PS)
191105,SP2103-03,713192,KIB,,,6000,2026-07-11 18:00:00,29828,SHIP suy từ cờ Shipped + PS# của WORK ORDER; qty=PIECES; ngày ƯỚC TÍNH (theo số PS)
191105,SP2103-03,713194,KIB,,,6000,2026-07-11 18:00:00,29828,SHIP suy từ cờ Shipped + PS# của WORK ORDER; qty=PIECES; ngày ƯỚC TÍNH (theo số PS)
191105,SP2103-03,713196,KIB,,,6000,2026-07-11 18:00:00,29828,SHIP suy từ cờ Shipped + PS# của WORK ORDER; qty=PIECES; ngày ƯỚC TÍNH (theo số PS)
191105,SP2103-03,713197,KIB,,,6000,2026-07-11 18:00:00,29828,SHIP suy từ cờ Shipped + PS# của WORK ORDER; qty=PIECES; ngày ƯỚC TÍNH (theo số PS)
191424,11547059,713206,1705,,,22088,2026-07-21 18:00:00,29874,SHIP suy từ cờ Shipped + PS# của WORK ORDER; qty=PIECES; ngày ƯỚC TÍNH (theo số PS)
191424,11547059,713207,711,,,23473,2026-07-21 18:00:00,29874,SHIP suy từ cờ Shipped + PS# của WORK ORDER; qty=PIECES; ngày ƯỚC TÍNH (theo số PS)
191424,11547059,713208,310,,,24330,2026-07-25 18:00:00,29893,SHIP suy từ cờ Shipped + PS# của WORK ORDER; qty=PIECES; ngày ƯỚC TÍNH (theo số PS)
191424,11547059,713209,1373,,,20923,2026-07-27 18:00:00,29900,SHIP suy từ cờ Shipped + PS# của WORK ORDER; qty=PIECES; ngày ƯỚC TÍNH (theo số PS)
191560,W520101-S450,713228,1767,,,126000,2026-07-29 18:00:00,29911,SHIP suy từ cờ Shipped + PS# của WORK ORDER; qty=tổng SELECT; ngày ƯỚC TÍNH (theo số PS)
191560,W520101-S450,713229,1768,,,120000,2026-07-27 18:00:00,29900,SHIP suy từ cờ Shipped + PS# của WORK ORDER; qty=tổng SELECT; ngày ƯỚC TÍNH (theo số PS)
191145,NU1510-00,713242,263,,,40000,2026-07-18 18:00:00,29862,SHIP suy từ cờ Shipped + PS# của WORK ORDER; qty=PIECES; ngày ƯỚC TÍNH (theo số PS)
191380,NU1510-00,713243,1394,,,30000,2026-07-18 18:00:00,29862,SHIP suy từ cờ Shipped + PS# của WORK ORDER; qty=PIECES; ngày ƯỚC TÍNH (theo số PS)
191145,NU1305-01,713244,1752,,,64904,2026-07-18 18:00:00,29862,SHIP suy từ cờ Shipped + PS# của WORK ORDER; qty=tổng SELECT; ngày ƯỚC TÍNH (theo số PS)
191145,NU1305-01,713245,1753,,,65000,2026-07-18 18:00:00,29862,SHIP suy từ cờ Shipped + PS# của WORK ORDER; qty=tổng SELECT; ngày ƯỚC TÍNH (theo số PS)
191594,82253,713246,439,,,40500,2026-07-30 18:00:00,29913,SHIP suy từ cờ Shipped + PS# của WORK ORDER; qty=tổng SELECT; ngày ƯỚC TÍNH (theo số PS)
191594,82253,713247,1712,,,41597,2026-07-26 18:00:00,29895,SHIP suy từ cờ Shipped + PS# của WORK ORDER; qty=PIECES; ngày ƯỚC TÍNH (theo số PS)
191594,82253,713248,58,,,31050,2026-07-26 18:00:00,29898,SHIP suy từ cờ Shipped + PS# của WORK ORDER; qty=tổng SELECT; ngày ƯỚC TÍNH (theo số PS)
191594,82253,713249,751,,,30882,2026-07-26 18:00:00,29898,SHIP suy từ cờ Shipped + PS# của WORK ORDER; qty=PIECES; ngày ƯỚC TÍNH (theo số PS)
191424,06100050-A,713252,620,,,59043,2026-07-20 18:00:00,29871,SHIP suy từ cờ Shipped + PS# của WORK ORDER; qty=PIECES; ngày ƯỚC TÍNH (theo số PS)
191424,06100050-A,713253,657,,,51000,2026-07-22 18:00:00,29879,SHIP suy từ cờ Shipped + PS# của WORK ORDER; qty=tổng SELECT; ngày ƯỚC TÍNH (theo số PS)
191424,06100050-A,713254,590,,,51383,2026-07-20 18:00:00,29871,SHIP suy từ cờ Shipped + PS# của WORK ORDER; qty=PIECES; ngày ƯỚC TÍNH (theo số PS)
191424,06100050-A,713255,1543,,,59149,2026-07-20 18:00:00,29871,SHIP suy từ cờ Shipped + PS# của WORK ORDER; qty=PIECES; ngày ƯỚC TÍNH (theo số PS)
191424,06100050-A,713257,1434,,,78000,2026-07-21 18:00:00,29873,SHIP suy từ cờ Shipped + PS# của WORK ORDER; qty=tổng SELECT; ngày ƯỚC TÍNH (theo số PS)
191424,06100050-A,713258,635,,,60000,2026-07-22 18:00:00,29877,SHIP suy từ cờ Shipped + PS# của WORK ORDER; qty=tổng SELECT; ngày ƯỚC TÍNH (theo số PS)
191424,06100050-A,713259,889,,,54000,2026-07-21 18:00:00,29873,SHIP suy từ cờ Shipped + PS# của WORK ORDER; qty=tổng SELECT; ngày ƯỚC TÍNH (theo số PS)
191424,06100050-A,713261,655,,,54000,2026-07-21 18:00:00,29874,SHIP suy từ cờ Shipped + PS# của WORK ORDER; qty=tổng SELECT; ngày ƯỚC TÍNH (theo số PS)
191397,W520111-S440,713262,176,,,129500,2026-07-23 18:00:00,29879,SHIP suy từ cờ Shipped + PS# của WORK ORDER; qty=tổng SELECT; ngày ƯỚC TÍNH (theo số PS); nâng lên ngày sản xuất cuối
191397,W520111-S440,713264,512,,,126000,2026-07-24 18:00:00,29888,SHIP suy từ cờ Shipped + PS# của WORK ORDER; qty=tổng SELECT; ngày ƯỚC TÍNH (theo số PS)
191397,W520111-S440,713265,682,,,133735,2026-07-22 18:00:00,29879,SHIP suy từ cờ Shipped + PS# của WORK ORDER; qty=PIECES; ngày ƯỚC TÍNH (theo số PS)
192681,11601733,713302,1368,,,27500,2026-08-02 18:00:00,29927,SHIP suy từ cờ Shipped + PS# của WORK ORDER; qty=PIECES; ngày ƯỚC TÍNH (theo số PS)
192745,82264,713303,129,,,2100,2026-08-03 18:00:00,29932,SHIP suy từ cờ Shipped + PS# của WORK ORDER; qty=PIECES; ngày lấy từ dòng khác cùng PS
192708,10083390-B,713312,113,,,33846,2026-08-01 18:00:00,29921,SHIP suy từ cờ Shipped + PS# của WORK ORDER; qty=PIECES; ngày ƯỚC TÍNH (theo số PS)
191634,W520514-S442,713317,984,,,40500,2026-08-01 18:00:00,29921,SHIP suy từ cờ Shipped + PS# của WORK ORDER; qty=tổng SELECT; ngày ƯỚC TÍNH (theo số PS)
191634,W520514-S442,713318,1550,,,48375,2026-08-02 18:00:00,29927,SHIP suy từ cờ Shipped + PS# của WORK ORDER; qty=tổng SELECT; ngày ƯỚC TÍNH (theo số PS)
191634,W520514-S442,713319,937,,,40500,2026-07-30 18:00:00,29915,SHIP suy từ cờ Shipped + PS# của WORK ORDER; qty=tổng SELECT; ngày ƯỚC TÍNH (theo số PS)
191634,W520514-S442,713320,743,,,40500,2026-07-29 18:00:00,29909,SHIP suy từ cờ Shipped + PS# của WORK ORDER; qty=tổng SELECT; ngày ƯỚC TÍNH (theo số PS)
191223,NU1305-01,713351,524,,,73128,2026-07-18 18:00:00,29862,SHIP suy từ cờ Shipped + PS# của WORK ORDER; qty=tổng SELECT; ngày ƯỚC TÍNH (theo số PS)
191223,NU1305-01,713352,914,,,64240,2026-07-18 18:00:00,29862,SHIP suy từ cờ Shipped + PS# của WORK ORDER; qty=tổng SELECT; ngày ƯỚC TÍNH (theo số PS)
191192,NU1305-01,713353,1716,,,71759,2026-07-18 18:00:00,29862,SHIP suy từ cờ Shipped + PS# của WORK ORDER; qty=tổng SELECT; ngày ƯỚC TÍNH (theo số PS)
191192,NU1305-01,713354,1114,,,65000,2026-07-18 18:00:00,29862,SHIP suy từ cờ Shipped + PS# của WORK ORDER; qty=tổng SELECT; ngày ƯỚC TÍNH (theo số PS)
192745,NU1510-00,713355,880,,,40000,2026-08-01 18:00:00,29922,SHIP suy từ cờ Shipped + PS# của WORK ORDER; qty=PIECES; ngày ƯỚC TÍNH (theo số PS)
192745,NU1510-00,713356,1719,,,40000,2026-08-01 18:00:00,29922,SHIP suy từ cờ Shipped + PS# của WORK ORDER; qty=PIECES; ngày ƯỚC TÍNH (theo số PS)
192708,NU1510-00,713357,837,,,42000,2026-08-01 18:00:00,29922,SHIP suy từ cờ Shipped + PS# của WORK ORDER; qty=PIECES; ngày ƯỚC TÍNH (theo số PS)
192708,NU1510-00,713358,358,,,38000,2026-08-01 18:00:00,29922,SHIP suy từ cờ Shipped + PS# của WORK ORDER; qty=PIECES; ngày ƯỚC TÍNH (theo số PS)
192708,NU1510-00,713359,1548,,,42000,2026-08-01 18:00:00,29922,SHIP suy từ cờ Shipped + PS# của WORK ORDER; qty=PIECES; ngày ƯỚC TÍNH (theo số PS)
192708,NU1510-00,713360,155,,,42000,2026-08-01 18:00:00,29922,SHIP suy từ cờ Shipped + PS# của WORK ORDER; qty=PIECES; ngày ƯỚC TÍNH (theo số PS)
191305,11546449,713369,1007,,,90000,2026-07-20 18:00:00,29869,SHIP suy từ cờ Shipped + PS# của WORK ORDER; qty=tổng SELECT; ngày ƯỚC TÍNH (theo số PS)
191305,11546449,713370,178,,,180000,2026-07-19 18:00:00,29867,SHIP suy từ cờ Shipped + PS# của WORK ORDER; qty=tổng SELECT; ngày ƯỚC TÍNH (theo số PS)
191305,11546449,713371,980,,,90000,2026-08-10 18:00:00,29961,SHIP suy từ cờ Shipped + PS# của WORK ORDER; qty=tổng SELECT; ngày lấy từ dòng khác cùng PS
191305,11546449,713372,357,,,90000,2026-07-19 18:00:00,29867,SHIP suy từ cờ Shipped + PS# của WORK ORDER; qty=tổng SELECT; ngày ƯỚC TÍNH (theo số PS)
191305,11546449,713373,1002,,,82500,2026-07-19 18:00:00,29867,SHIP suy từ cờ Shipped + PS# của WORK ORDER; qty=tổng SELECT; ngày ƯỚC TÍNH (theo số PS)
191305,11546449,713374,223,,,90000,2026-07-19 18:00:00,29865,SHIP suy từ cờ Shipped + PS# của WORK ORDER; qty=tổng SELECT; ngày ƯỚC TÍNH (theo số PS)
191305,11546449,713375,938,,,90000,2026-07-20 18:00:00,29869,SHIP suy từ cờ Shipped + PS# của WORK ORDER; qty=tổng SELECT; ngày ƯỚC TÍNH (theo số PS)
191305,11546449,713376,935,,,67500,2026-07-20 18:00:00,29869,SHIP suy từ cờ Shipped + PS# của WORK ORDER; qty=tổng SELECT; ngày ƯỚC TÍNH (theo số PS)
191305,11546449,713377,1548,,,90000,2026-07-19 18:00:00,29867,SHIP suy từ cờ Shipped + PS# của WORK ORDER; qty=tổng SELECT; ngày ƯỚC TÍNH (theo số PS)
191305,11546449,713378,246,,,90000,2026-07-19 18:00:00,29867,SHIP suy từ cờ Shipped + PS# của WORK ORDER; qty=tổng SELECT; ngày ƯỚC TÍNH (theo số PS)
191305,11546449,713379,358,,,90000,2026-07-20 18:00:00,29869,SHIP suy từ cờ Shipped + PS# của WORK ORDER; qty=tổng SELECT; ngày ƯỚC TÍNH (theo số PS)
191305,11546449,713380,1564,,,90000,2026-07-21 18:00:00,29873,SHIP suy từ cờ Shipped + PS# của WORK ORDER; qty=tổng SELECT; ngày ƯỚC TÍNH (theo số PS)
191457,11546456,713381,510,,,54000,2026-07-21 18:00:00,29875,SHIP suy từ cờ Shipped + PS# của WORK ORDER; qty=tổng SELECT; ngày ƯỚC TÍNH (theo số PS)
191457,11546456,713382,1446,,,81000,2026-07-27 18:00:00,29902,SHIP suy từ cờ Shipped + PS# của WORK ORDER; qty=tổng SELECT; ngày ƯỚC TÍNH (theo số PS)
191457,11546456,713384,394,,,67500,2026-07-22 18:00:00,29877,SHIP suy từ cờ Shipped + PS# của WORK ORDER; qty=tổng SELECT; ngày ƯỚC TÍNH (theo số PS)
191305,06101736-A,713385,85,,,114382,2026-07-20 18:00:00,29869,SHIP suy từ cờ Shipped + PS# của WORK ORDER; qty=PIECES; ngày ƯỚC TÍNH (theo số PS)
191457,06510997AA,713387,1611,,,2293,2026-07-21 18:00:00,29875,SHIP suy từ cờ Shipped + PS# của WORK ORDER; qty=PIECES; ngày ƯỚC TÍNH (theo số PS)
191457,06510997AA,713388,1685,,,2177,2026-07-22 18:00:00,29877,SHIP suy từ cờ Shipped + PS# của WORK ORDER; qty=PIECES; ngày ƯỚC TÍNH (theo số PS)
191305,06101736-A,713389,721,,,123258,2026-07-21 18:00:00,29874,SHIP suy từ cờ Shipped + PS# của WORK ORDER; qty=PIECES; ngày ƯỚC TÍNH (theo số PS)
191305,06101736-A,713390,1513,,,125169,2026-07-21 18:00:00,29874,SHIP suy từ cờ Shipped + PS# của WORK ORDER; qty=PIECES; ngày ƯỚC TÍNH (theo số PS)
191521,06505246AA,713391,918,,,30720,2026-07-25 18:00:00,29893,SHIP suy từ cờ Shipped + PS# của WORK ORDER; qty=tổng SELECT; ngày ƯỚC TÍNH (theo số PS)
191521,06505246AA,713393,698,,,31467,2026-07-27 18:00:00,29902,SHIP suy từ cờ Shipped + PS# của WORK ORDER; qty=PIECES; ngày ƯỚC TÍNH (theo số PS)
191305,06509967AA,713395,190,,,10725,2026-07-19 18:00:00,29867,SHIP suy từ cờ Shipped + PS# của WORK ORDER; qty=tổng SELECT; ngày ƯỚC TÍNH (theo số PS)
191305,06509967AA,713396,841,,,28875,2026-07-20 18:00:00,29869,SHIP suy từ cờ Shipped + PS# của WORK ORDER; qty=tổng SELECT; ngày ƯỚC TÍNH (theo số PS)
191530,11546364,713405,396,,,126000,2026-07-30 18:00:00,29913,SHIP suy từ cờ Shipped + PS# của WORK ORDER; qty=tổng SELECT; ngày ƯỚC TÍNH (theo số PS)
191530,11546364,713406,1435,,,126000,2026-07-29 18:00:00,29911,SHIP suy từ cờ Shipped + PS# của WORK ORDER; qty=tổng SELECT; ngày ƯỚC TÍNH (theo số PS)
191530,11546364,713407,381,,,119000,2026-07-27 18:00:00,29902,SHIP suy từ cờ Shipped + PS# của WORK ORDER; qty=tổng SELECT; ngày ƯỚC TÍNH (theo số PS)
191530,11546364,713408,1585,,,122500,2026-07-29 18:00:00,29911,SHIP suy từ cờ Shipped + PS# của WORK ORDER; qty=tổng SELECT; ngày ƯỚC TÍNH (theo số PS)
191457,06513904AA,713409,1600,,,11381,2026-08-10 18:00:00,29972,SHIP suy từ cờ Shipped + PS# của WORK ORDER; qty=PIECES; ngày lấy từ dòng khác cùng PS
191457,06513904AA,713410,753,,,10514,2026-07-30 18:00:00,29913,SHIP suy từ cờ Shipped + PS# của WORK ORDER; qty=PIECES; ngày ƯỚC TÍNH (theo số PS)
191457,06513904AA,713411,1528,,,10403,2026-07-22 18:00:00,29879,SHIP suy từ cờ Shipped + PS# của WORK ORDER; qty=PIECES; ngày ƯỚC TÍNH (theo số PS)
191457,06513904AA,713412,618,,,11825,2026-07-24 18:00:00,29888,SHIP suy từ cờ Shipped + PS# của WORK ORDER; qty=PIECES; ngày ƯỚC TÍNH (theo số PS)
191611,06105102AA,713413,KIB,,,40000,2026-07-27 18:00:00,29900,SHIP suy từ cờ Shipped + PS# của WORK ORDER; qty=PIECES; ngày ƯỚC TÍNH (theo số PS)
191611,06105102AA,713414,KIB,,,40000,2026-07-26 18:00:00,29898,SHIP suy từ cờ Shipped + PS# của WORK ORDER; qty=PIECES; ngày ƯỚC TÍNH (theo số PS)
191611,06105102AA,713415,KIB,,,40000,2026-07-26 18:00:00,29898,SHIP suy từ cờ Shipped + PS# của WORK ORDER; qty=PIECES; ngày ƯỚC TÍNH (theo số PS)
191611,06105102AA,713416,KIB,,,40000,2026-07-27 18:00:00,29900,SHIP suy từ cờ Shipped + PS# của WORK ORDER; qty=PIECES; ngày ƯỚC TÍNH (theo số PS)
191380,06509967AA,713419,KIB,,,23100,2026-07-21 18:00:00,29875,SHIP suy từ cờ Shipped + PS# của WORK ORDER; qty=tổng SELECT; ngày ƯỚC TÍNH (theo số PS)
191380,06509967AA,713420,KIB,,,15675,2026-07-22 18:00:00,29879,SHIP suy từ cờ Shipped + PS# của WORK ORDER; qty=tổng SELECT; ngày ƯỚC TÍNH (theo số PS)
191380,06513555AA,713421,KIB,,,10560,2026-07-25 18:00:00,29893,SHIP suy từ cờ Shipped + PS# của WORK ORDER; qty=tổng SELECT; ngày ƯỚC TÍNH (theo số PS)
191380,06513555AA,713422,KIB,,,11000,2026-07-24 18:00:00,29888,SHIP suy từ cờ Shipped + PS# của WORK ORDER; qty=tổng SELECT; ngày ƯỚC TÍNH (theo số PS)
191397,11611548,713423,KIB,,,5000,2026-07-24 18:00:00,29888,SHIP suy từ cờ Shipped + PS# của WORK ORDER; qty=PIECES; ngày ƯỚC TÍNH (theo số PS)
191397,11611548,713424,KIB,,,5000,2026-07-24 18:00:00,29888,SHIP suy từ cờ Shipped + PS# của WORK ORDER; qty=PIECES; ngày ƯỚC TÍNH (theo số PS)
191397,11611548,713425,KIB,,,2550,2026-07-24 18:00:00,29888,SHIP suy từ cờ Shipped + PS# của WORK ORDER; qty=PIECES; ngày ƯỚC TÍNH (theo số PS)
191397,11611548,713426,KIB,,,2550,2026-07-24 18:00:00,29888,SHIP suy từ cờ Shipped + PS# của WORK ORDER; qty=PIECES; ngày ƯỚC TÍNH (theo số PS)
191397,11547176,713427,KIB,,,30600,2026-07-22 18:00:00,29875,SHIP suy từ cờ Shipped + PS# của WORK ORDER; qty=tổng SELECT; ngày ƯỚC TÍNH (theo số PS); nâng lên ngày sản xuất cuối
191397,11547176,713428,KIB,,,13600,2026-07-22 18:00:00,29879,SHIP suy từ cờ Shipped + PS# của WORK ORDER; qty=tổng SELECT; ngày ƯỚC TÍNH (theo số PS)
191223,11502717-TH-TC,713431,1538,,,48238,2026-07-21 18:00:00,29875,SHIP suy từ cờ Shipped + PS# của WORK ORDER; qty=PIECES; ngày ƯỚC TÍNH (theo số PS)
191223,11502717-TH-TC,713432,671,,,43831,2026-07-21 18:00:00,29875,SHIP suy từ cờ Shipped + PS# của WORK ORDER; qty=PIECES; ngày ƯỚC TÍNH (theo số PS)
191223,11502717-TH-TC,713433,722,,,31200,2026-07-22 18:00:00,29877,SHIP suy từ cờ Shipped + PS# của WORK ORDER; qty=tổng SELECT; ngày ƯỚC TÍNH (theo số PS)
191223,11502717-TH-TC,713434,1544,,,47050,2026-07-21 18:00:00,29875,SHIP suy từ cờ Shipped + PS# của WORK ORDER; qty=PIECES; ngày ƯỚC TÍNH (theo số PS)
191192,11604000,713436,KIB,,,43000,2026-07-12 18:00:00,29835,SHIP suy từ cờ Shipped + PS# của WORK ORDER; qty=PIECES; ngày ƯỚC TÍNH (theo số PS)
191192,11604000,713437,KIB,,,43000,2026-07-12 18:00:00,29835,SHIP suy từ cờ Shipped + PS# của WORK ORDER; qty=PIECES; ngày ƯỚC TÍNH (theo số PS)
191192,11604000,713438,KIB,,,43000,2026-07-13 18:00:00,29837,SHIP suy từ cờ Shipped + PS# của WORK ORDER; qty=PIECES; ngày ƯỚC TÍNH (theo số PS)
191192,11604000,713439,KIB,,,43000,2026-07-13 18:00:00,29837,SHIP suy từ cờ Shipped + PS# của WORK ORDER; qty=PIECES; ngày ƯỚC TÍNH (theo số PS)
191192,11604000,713440,KIB,,,17000,2026-07-11 18:00:00,29831,SHIP suy từ cờ Shipped + PS# của WORK ORDER; qty=PIECES; ngày ƯỚC TÍNH (theo số PS)
191398,11602031,713442,254,,,4713,2026-07-21 18:00:00,29873,SHIP suy từ cờ Shipped + PS# của WORK ORDER; qty=PIECES; ngày ƯỚC TÍNH (theo số PS)
191398,11602031,713443,1049,,,3910,2026-07-22 18:00:00,29879,SHIP suy từ cờ Shipped + PS# của WORK ORDER; qty=PIECES; ngày ƯỚC TÍNH (theo số PS)
191397,40161567,713444,408,,,4975,2026-07-20 18:00:00,29869,SHIP suy từ cờ Shipped + PS# của WORK ORDER; qty=PIECES; ngày ƯỚC TÍNH (theo số PS)
191397,40161567,713445,121,,,5081,2026-07-20 18:00:00,29869,SHIP suy từ cờ Shipped + PS# của WORK ORDER; qty=PIECES; ngày ƯỚC TÍNH (theo số PS)
191397,40161567,713446,1330,,,5137,2026-07-20 18:00:00,29871,SHIP suy từ cờ Shipped + PS# của WORK ORDER; qty=PIECES; ngày ƯỚC TÍNH (theo số PS)
191398,11602031,713452,1745,,,4998,2026-07-20 18:00:00,29869,SHIP suy từ cờ Shipped + PS# của WORK ORDER; qty=PIECES; ngày ƯỚC TÍNH (theo số PS)
191398,11602031,713453,1441,,,4708,2026-08-10 18:00:00,29961,SHIP suy từ cờ Shipped + PS# của WORK ORDER; qty=PIECES; ngày lấy từ dòng khác cùng PS
191398,11602031,713454,982,,,4454,2026-08-10 18:00:00,29961,SHIP suy từ cờ Shipped + PS# của WORK ORDER; qty=PIECES; ngày lấy từ dòng khác cùng PS
191397,11602031,713455,605,,,4233,2026-07-20 18:00:00,29869,SHIP suy từ cờ Shipped + PS# của WORK ORDER; qty=PIECES; ngày ƯỚC TÍNH (theo số PS)
191397,11602031,713456,965,,,4184,2026-07-20 18:00:00,29869,SHIP suy từ cờ Shipped + PS# của WORK ORDER; qty=PIECES; ngày ƯỚC TÍNH (theo số PS)
191397,11602031,713457,409,,,4459,2026-07-30 18:00:00,29915,SHIP suy từ cờ Shipped + PS# của WORK ORDER; qty=PIECES; ngày ƯỚC TÍNH (theo số PS)
191397,11602031,713458,1551,,,4155,2026-08-06 18:00:00,29946,SHIP suy từ cờ Shipped + PS# của WORK ORDER; qty=PIECES; ngày lấy từ dòng khác cùng PS
191397,11602031,713459,824,,,4669,2026-07-20 18:00:00,29869,SHIP suy từ cờ Shipped + PS# của WORK ORDER; qty=PIECES; ngày ƯỚC TÍNH (theo số PS)
191582,11546378-MY-AK,713460,1687,,,38750,2026-07-27 18:00:00,29898,SHIP suy từ cờ Shipped + PS# của WORK ORDER; qty=tổng SELECT; ngày ƯỚC TÍNH (theo số PS); nâng lên ngày sản xuất cuối
191582,11546378-MY-AK,713461,557,,,45000,2026-07-29 18:00:00,29911,SHIP suy từ cờ Shipped + PS# của WORK ORDER; qty=tổng SELECT; ngày ƯỚC TÍNH (theo số PS)
191582,11546378-MY-AK,713462,1362,,,40000,2026-07-31 18:00:00,29919,SHIP suy từ cờ Shipped + PS# của WORK ORDER; qty=tổng SELECT; ngày ƯỚC TÍNH (theo số PS)
191582,11546378-MY-AK,713463,1419,,,47500,2026-08-01 18:00:00,29921,SHIP suy từ cờ Shipped + PS# của WORK ORDER; qty=tổng SELECT; ngày ƯỚC TÍNH (theo số PS)
191582,11546378-MY-AK,713464,578,,,37500,2026-08-01 18:00:00,29921,SHIP suy từ cờ Shipped + PS# của WORK ORDER; qty=tổng SELECT; ngày ƯỚC TÍNH (theo số PS)
191582,11546378-MY-AK,713465,1415,,,45000,2026-07-30 18:00:00,29915,SHIP suy từ cờ Shipped + PS# của WORK ORDER; qty=tổng SELECT; ngày ƯỚC TÍNH (theo số PS)
191582,11546378-MY-AK,713466,1323,,,28750,2026-07-29 18:00:00,29909,SHIP suy từ cờ Shipped + PS# của WORK ORDER; qty=tổng SELECT; ngày ƯỚC TÍNH (theo số PS)
191582,11546378-MY-AK,713468,708,,,42500,2026-07-30 18:00:00,29915,SHIP suy từ cờ Shipped + PS# của WORK ORDER; qty=tổng SELECT; ngày ƯỚC TÍNH (theo số PS)
191530,11546369-MY-AK,713470,231,,,7200,2026-07-25 18:00:00,29893,SHIP suy từ cờ Shipped + PS# của WORK ORDER; qty=tổng SELECT; ngày ƯỚC TÍNH (theo số PS)
191530,11546369-MY-AK,713471,543,,,10800,2026-07-30 18:00:00,29913,SHIP suy từ cờ Shipped + PS# của WORK ORDER; qty=tổng SELECT; ngày ƯỚC TÍNH (theo số PS)
191530,11546369-MY-AK,713472,1681,,,10800,2026-07-25 18:00:00,29893,SHIP suy từ cờ Shipped + PS# của WORK ORDER; qty=tổng SELECT; ngày ƯỚC TÍNH (theo số PS)
192701,11516133,713474,217,,,15245,2026-08-02 18:00:00,29927,SHIP suy từ cờ Shipped + PS# của WORK ORDER; qty=PIECES; ngày ƯỚC TÍNH (theo số PS)
192701,11516133,713475,1648,,,15187,2026-08-03 18:00:00,29932,SHIP suy từ cờ Shipped + PS# của WORK ORDER; qty=PIECES; ngày lấy từ dòng khác cùng PS
191582,11546365-MY-AK,713476,433,,,60800,2026-08-01 18:00:00,29921,SHIP suy từ cờ Shipped + PS# của WORK ORDER; qty=tổng SELECT; ngày ƯỚC TÍNH (theo số PS)
191582,11546365-MY-AK,713477,688,,,68400,2026-07-27 18:00:00,29900,SHIP suy từ cờ Shipped + PS# của WORK ORDER; qty=tổng SELECT; ngày ƯỚC TÍNH (theo số PS)
191582,11546365-MY-AK,713480,851,,,68400,2026-07-27 18:00:00,29900,SHIP suy từ cờ Shipped + PS# của WORK ORDER; qty=tổng SELECT; ngày ƯỚC TÍNH (theo số PS)
191582,11546365-MY-AK,713481,387,,,68400,2026-07-29 18:00:00,29911,SHIP suy từ cờ Shipped + PS# của WORK ORDER; qty=tổng SELECT; ngày ƯỚC TÍNH (theo số PS)
192629,11549171-MY-AK,713486,1567,,,560,2026-08-02 18:00:00,29929,SHIP suy từ cờ Shipped + PS# của WORK ORDER; qty=tổng SELECT; ngày ƯỚC TÍNH (theo số PS)
192629,11549171-MY-AK,713487,212,,,10080,2026-07-29 18:00:00,29909,SHIP suy từ cờ Shipped + PS# của WORK ORDER; qty=tổng SELECT; ngày ƯỚC TÍNH (theo số PS)
192629,11549171-MY-AK,713488,301,,,8400,2026-07-31 18:00:00,29919,SHIP suy từ cờ Shipped + PS# của WORK ORDER; qty=tổng SELECT; ngày ƯỚC TÍNH (theo số PS)
192629,11549171-MY-AK,713489,1431,,,10017,2026-08-01 18:00:00,29921,SHIP suy từ cờ Shipped + PS# của WORK ORDER; qty=PIECES; ngày ƯỚC TÍNH (theo số PS)
192613,11549171-MY-AK,713490,83,,,9713,2026-07-31 18:00:00,29919,SHIP suy từ cờ Shipped + PS# của WORK ORDER; qty=PIECES; ngày ƯỚC TÍNH (theo số PS)
192613,11549171-MY-AK,713491,663,,,9904,2026-07-31 18:00:00,29919,SHIP suy từ cờ Shipped + PS# của WORK ORDER; qty=PIECES; ngày ƯỚC TÍNH (theo số PS)
192613,11549171-MY-AK,713492,815,,,10643,2026-07-29 18:00:00,29909,SHIP suy từ cờ Shipped + PS# của WORK ORDER; qty=PIECES; ngày ƯỚC TÍNH (theo số PS)
192613,11549171-MY-AK,713493,529,,,8878,2026-07-29 18:00:00,29909,SHIP suy từ cờ Shipped + PS# của WORK ORDER; qty=PIECES; ngày ƯỚC TÍNH (theo số PS)
191192,W705606-S440,713494,KIB,,,34620,2026-07-11 18:00:00,29831,SHIP suy từ cờ Shipped + PS# của WORK ORDER; qty=PIECES; ngày ƯỚC TÍNH (theo số PS)
191192,W705606-S440,713495,KIB,,,34620,2026-07-11 18:00:00,29831,SHIP suy từ cờ Shipped + PS# của WORK ORDER; qty=PIECES; ngày ƯỚC TÍNH (theo số PS)
191192,1420503001,713496,KIB,,,30000,2026-07-11 18:00:00,29831,SHIP suy từ cờ Shipped + PS# của WORK ORDER; qty=PIECES; ngày ƯỚC TÍNH (theo số PS)
191443,11546377-PH-RO,713510,1795,,,77400,2026-07-26 18:00:00,29895,SHIP suy từ cờ Shipped + PS# của WORK ORDER; qty=tổng SELECT; ngày ƯỚC TÍNH (theo số PS)
191443,11546377-PH-RO,713511,1794,,,77400,2026-07-27 18:00:00,29900,SHIP suy từ cờ Shipped + PS# của WORK ORDER; qty=tổng SELECT; ngày ƯỚC TÍNH (theo số PS)
191443,11546377-PH-RO,713512,1792,,,49450,2026-07-25 18:00:00,29893,SHIP suy từ cờ Shipped + PS# của WORK ORDER; qty=tổng SELECT; ngày ƯỚC TÍNH (theo số PS)
191443,11546377-PH-RO,713513,1793,,,21500,2026-07-26 18:00:00,29898,SHIP suy từ cờ Shipped + PS# của WORK ORDER; qty=tổng SELECT; ngày ƯỚC TÍNH (theo số PS)
191443,11546377-PH-RO,713514,1809,,,77400,2026-07-21 18:00:00,29875,SHIP suy từ cờ Shipped + PS# của WORK ORDER; qty=tổng SELECT; ngày ƯỚC TÍNH (theo số PS)
191443,11546377-PH-RO,713515,1810,,,62350,2026-07-22 18:00:00,29879,SHIP suy từ cờ Shipped + PS# của WORK ORDER; qty=tổng SELECT; ngày ƯỚC TÍNH (theo số PS)
191443,11546377-PH-RO,713516,1531,,,73100,2026-07-26 18:00:00,29898,SHIP suy từ cờ Shipped + PS# của WORK ORDER; qty=tổng SELECT; ngày ƯỚC TÍNH (theo số PS)
191443,11546377-PH-RO,713517,119,,,43000,2026-07-21 18:00:00,29875,SHIP suy từ cờ Shipped + PS# của WORK ORDER; qty=tổng SELECT; ngày ƯỚC TÍNH (theo số PS)
191443,11546377-PH-RO,713518,834,,,64500,2026-07-25 18:00:00,29893,SHIP suy từ cờ Shipped + PS# của WORK ORDER; qty=tổng SELECT; ngày ƯỚC TÍNH (theo số PS)
191443,11546377-PH-RO,713519,1443,,,58050,2026-07-22 18:00:00,29879,SHIP suy từ cờ Shipped + PS# của WORK ORDER; qty=tổng SELECT; ngày ƯỚC TÍNH (theo số PS)
191611,47336AE,713526,1804,,,23760,2026-07-29 18:00:00,29909,SHIP suy từ cờ Shipped + PS# của WORK ORDER; qty=tổng SELECT; ngày ƯỚC TÍNH (theo số PS)
191611,47336AE,713527,1801,,,23760,2026-07-31 18:00:00,29919,SHIP suy từ cờ Shipped + PS# của WORK ORDER; qty=tổng SELECT; ngày ƯỚC TÍNH (theo số PS)
191611,47336AE,713528,1805,,,23760,2026-07-27 18:00:00,29902,SHIP suy từ cờ Shipped + PS# của WORK ORDER; qty=tổng SELECT; ngày ƯỚC TÍNH (theo số PS)
191611,47336AE,713529,1806,,,23760,2026-07-29 18:00:00,29911,SHIP suy từ cờ Shipped + PS# của WORK ORDER; qty=tổng SELECT; ngày ƯỚC TÍNH (theo số PS)
191340,NU1405-00,713530,1618,,,75000,2026-07-18 18:00:00,29862,SHIP suy từ cờ Shipped + PS# của WORK ORDER; qty=tổng SELECT; ngày ƯỚC TÍNH (theo số PS)
191340,NU1405-00,713531,1584,,,82430,2026-07-18 18:00:00,29862,SHIP suy từ cờ Shipped + PS# của WORK ORDER; qty=tổng SELECT; ngày ƯỚC TÍNH (theo số PS)
191340,NU1405-00,713532,760,,,61500,2026-07-24 18:00:00,29889,SHIP suy từ cờ Shipped + PS# của WORK ORDER; qty=tổng SELECT; ngày ƯỚC TÍNH (theo số PS)
191340,NU1405-00,713533,51,,,68970,2026-07-24 18:00:00,29889,SHIP suy từ cờ Shipped + PS# của WORK ORDER; qty=tổng SELECT; ngày ƯỚC TÍNH (theo số PS)
192701,H62324A,713536,1752,,,39600,2026-08-02 18:00:00,29927,SHIP suy từ cờ Shipped + PS# của WORK ORDER; qty=tổng SELECT; ngày ƯỚC TÍNH (theo số PS)
192701,H62324A,713537,1753,,,44925,2026-08-03 18:00:00,29932,SHIP suy từ cờ Shipped + PS# của WORK ORDER; qty=PIECES; ngày lấy từ dòng khác cùng PS
192701,W520113-S441,713538,480,,,37800,2026-08-02 18:00:00,29927,SHIP suy từ cờ Shipped + PS# của WORK ORDER; qty=tổng SELECT; ngày ƯỚC TÍNH (theo số PS)
192701,W520113-S441,713539,968,,,37800,2026-08-02 18:00:00,29929,SHIP suy từ cờ Shipped + PS# của WORK ORDER; qty=tổng SELECT; ngày ƯỚC TÍNH (theo số PS)
192701,W520113-S441,713541,1607,,,37800,2026-08-02 18:00:00,29929,SHIP suy từ cờ Shipped + PS# của WORK ORDER; qty=tổng SELECT; ngày ƯỚC TÍNH (theo số PS)
192613,W520113-S440,713542,1036,,,42000,2026-07-31 18:00:00,29919,SHIP suy từ cờ Shipped + PS# của WORK ORDER; qty=tổng SELECT; ngày ƯỚC TÍNH (theo số PS)
192613,W520113-S440,713543,509,,,37800,2026-07-29 18:00:00,29909,SHIP suy từ cờ Shipped + PS# của WORK ORDER; qty=tổng SELECT; ngày ƯỚC TÍNH (theo số PS)
192613,W520113-S440,713544,1328,,,48300,2026-07-31 18:00:00,29919,SHIP suy từ cờ Shipped + PS# của WORK ORDER; qty=tổng SELECT; ngày ƯỚC TÍNH (theo số PS)
192613,W520113-S440,713545,1672,,,37800,2026-08-04 18:00:00,29936,SHIP suy từ cờ Shipped + PS# của WORK ORDER; qty=tổng SELECT; ngày lấy từ dòng khác cùng PS
192629,11549169,713546,1549,,,23760,2026-07-30 18:00:00,29913,SHIP suy từ cờ Shipped + PS# của WORK ORDER; qty=tổng SELECT; ngày ƯỚC TÍNH (theo số PS)
192629,11549169,713547,1428,,,23760,2026-07-30 18:00:00,29913,SHIP suy từ cờ Shipped + PS# của WORK ORDER; qty=tổng SELECT; ngày ƯỚC TÍNH (theo số PS)
192629,11549169,713548,49,,,23760,2026-07-30 18:00:00,29915,SHIP suy từ cờ Shipped + PS# của WORK ORDER; qty=tổng SELECT; ngày ƯỚC TÍNH (theo số PS)
192629,11549169,713549,972,,,23760,2026-08-04 18:00:00,29936,SHIP suy từ cờ Shipped + PS# của WORK ORDER; qty=tổng SELECT; ngày lấy từ dòng khác cùng PS
191380,NU1144,713550,297,,,25605,2026-07-18 18:00:00,29862,SHIP suy từ cờ Shipped + PS# của WORK ORDER; qty=PIECES; ngày ƯỚC TÍNH (theo số PS)
191380,NU1144,713551,445,,,23333,2026-07-18 18:00:00,29862,SHIP suy từ cờ Shipped + PS# của WORK ORDER; qty=PIECES; ngày ƯỚC TÍNH (theo số PS)
191340,P3001150,713560,309,,,39838,2026-07-17 18:00:00,29854,SHIP suy từ cờ Shipped + PS# của WORK ORDER; qty=PIECES; ngày ƯỚC TÍNH (theo số PS)
191340,P3001150,713561,554,,,58649,2026-07-17 18:00:00,29854,SHIP suy từ cờ Shipped + PS# của WORK ORDER; qty=PIECES; ngày ƯỚC TÍNH (theo số PS)
192613,W20-1028-020SL,713568,905,,,7467,2026-08-01 18:00:00,29922,SHIP suy từ cờ Shipped + PS# của WORK ORDER; qty=PIECES; ngày ƯỚC TÍNH (theo số PS)
192613,W20-1028-020SL,713569,416,,,7621,2026-08-01 18:00:00,29922,SHIP suy từ cờ Shipped + PS# của WORK ORDER; qty=PIECES; ngày ƯỚC TÍNH (theo số PS)
192613,W20-1028-020SL,713570,175,,,6955,2026-08-01 18:00:00,29922,SHIP suy từ cờ Shipped + PS# của WORK ORDER; qty=PIECES; ngày ƯỚC TÍNH (theo số PS)
192613,W20-1028-020SL,713571,817,,,8163,2026-08-01 18:00:00,29922,SHIP suy từ cờ Shipped + PS# của WORK ORDER; qty=PIECES; ngày ƯỚC TÍNH (theo số PS)
192613,W20-1028-020SL,713572,1351,,,7899,2026-07-29 18:00:00,29909,SHIP suy từ cờ Shipped + PS# của WORK ORDER; qty=PIECES; ngày ƯỚC TÍNH (theo số PS)
192613,W20-1028-020SL,713573,585,,,7028,2026-08-01 18:00:00,29922,SHIP suy từ cờ Shipped + PS# của WORK ORDER; qty=PIECES; ngày ƯỚC TÍNH (theo số PS)
192613,W20-1028-020SL,713574,344,,,7789,2026-08-01 18:00:00,29922,SHIP suy từ cờ Shipped + PS# của WORK ORDER; qty=PIECES; ngày ƯỚC TÍNH (theo số PS)
192613,W20-1028-020SL,713575,707,,,7174,2026-08-01 18:00:00,29922,SHIP suy từ cờ Shipped + PS# của WORK ORDER; qty=PIECES; ngày ƯỚC TÍNH (theo số PS)
192613,W20-1028-020SL,713576,1304,,,8272,2026-07-29 18:00:00,29909,SHIP suy từ cờ Shipped + PS# của WORK ORDER; qty=PIECES; ngày ƯỚC TÍNH (theo số PS)
192613,W20-1028-020SL,713578,1423,,,6750,2026-08-01 18:00:00,29922,SHIP suy từ cờ Shipped + PS# của WORK ORDER; qty=PIECES; ngày ƯỚC TÍNH (theo số PS)
192613,W20-1028-020SL,713580,498,,,8001,2026-08-01 18:00:00,29922,SHIP suy từ cờ Shipped + PS# của WORK ORDER; qty=PIECES; ngày ƯỚC TÍNH (theo số PS)
192613,W20-1028-020SL,713581,792,,,6903,2026-08-01 18:00:00,29922,SHIP suy từ cờ Shipped + PS# của WORK ORDER; qty=PIECES; ngày ƯỚC TÍNH (theo số PS)
191397,11546545,713592,101,,,90000,2026-07-30 18:00:00,29915,SHIP suy từ cờ Shipped + PS# của WORK ORDER; qty=tổng SELECT; ngày ƯỚC TÍNH (theo số PS)
191397,11546545,713593,194,,,90000,2026-07-20 18:00:00,29869,SHIP suy từ cờ Shipped + PS# của WORK ORDER; qty=tổng SELECT; ngày ƯỚC TÍNH (theo số PS)
191397,11546545,713594,1786,,,82500,2026-07-21 18:00:00,29874,SHIP suy từ cờ Shipped + PS# của WORK ORDER; qty=tổng SELECT; ngày ƯỚC TÍNH (theo số PS)
191397,11546545,713595,1789,,,90000,2026-07-22 18:00:00,29877,SHIP suy từ cờ Shipped + PS# của WORK ORDER; qty=tổng SELECT; ngày ƯỚC TÍNH (theo số PS)
191397,11546545,713596,750,,,90000,2026-07-30 18:00:00,29915,SHIP suy từ cờ Shipped + PS# của WORK ORDER; qty=tổng SELECT; ngày ƯỚC TÍNH (theo số PS)
191397,11546545,713597,1649,,,90000,2026-07-20 18:00:00,29871,SHIP suy từ cờ Shipped + PS# của WORK ORDER; qty=tổng SELECT; ngày ƯỚC TÍNH (theo số PS)
191397,11546545,713598,1412,,,90000,2026-07-21 18:00:00,29874,SHIP suy từ cờ Shipped + PS# của WORK ORDER; qty=tổng SELECT; ngày ƯỚC TÍNH (theo số PS)
191397,11546545,713599,697,,,90000,2026-07-20 18:00:00,29871,SHIP suy từ cờ Shipped + PS# của WORK ORDER; qty=tổng SELECT; ngày ƯỚC TÍNH (theo số PS)
191397,11546545,713600,398,,,90000,2026-07-20 18:00:00,29871,SHIP suy từ cờ Shipped + PS# của WORK ORDER; qty=tổng SELECT; ngày ƯỚC TÍNH (theo số PS)
191397,11546545,713601,274,,,90000,2026-08-10 18:00:00,29972,SHIP suy từ cờ Shipped + PS# của WORK ORDER; qty=tổng SELECT; ngày lấy từ dòng khác cùng PS
191398,11546545,713602,1802,,,90000,2026-07-21 18:00:00,29874,SHIP suy từ cờ Shipped + PS# của WORK ORDER; qty=tổng SELECT; ngày ƯỚC TÍNH (theo số PS)
191398,11546545,713603,591,,,90000,2026-08-02 18:00:00,29927,SHIP suy từ cờ Shipped + PS# của WORK ORDER; qty=tổng SELECT; ngày ƯỚC TÍNH (theo số PS)
191398,11546545,713604,1790,,,47500,2026-07-25 18:00:00,29893,SHIP suy từ cờ Shipped + PS# của WORK ORDER; qty=tổng SELECT; ngày ƯỚC TÍNH (theo số PS)
191398,11546545,713605,1791,,,90000,2026-08-10 18:00:00,29972,SHIP suy từ cờ Shipped + PS# của WORK ORDER; qty=tổng SELECT; ngày lấy từ dòng khác cùng PS
191398,11546545,713606,1068,,,90000,2026-08-10 18:00:00,29972,SHIP suy từ cờ Shipped + PS# của WORK ORDER; qty=tổng SELECT; ngày lấy từ dòng khác cùng PS
191398,11546545,713607,764,,,102500,2026-07-25 18:00:00,29893,SHIP suy từ cờ Shipped + PS# của WORK ORDER; qty=tổng SELECT; ngày ƯỚC TÍNH (theo số PS)
191473,NU5108-00,713608,525,,,68000,2026-07-24 18:00:00,29889,SHIP suy từ cờ Shipped + PS# của WORK ORDER; qty=PIECES; ngày ƯỚC TÍNH (theo số PS)
191473,NU5108-00,713609,587,,,65000,2026-07-24 18:00:00,29889,SHIP suy từ cờ Shipped + PS# của WORK ORDER; qty=tổng SELECT; ngày ƯỚC TÍNH (theo số PS)
191473,NU5108-00,713610,1673,,,65000,2026-07-24 18:00:00,29889,SHIP suy từ cờ Shipped + PS# của WORK ORDER; qty=tổng SELECT; ngày ƯỚC TÍNH (theo số PS)
191473,NU5108-00,713611,1800,,,76000,2026-07-24 18:00:00,29889,SHIP suy từ cờ Shipped + PS# của WORK ORDER; qty=tổng SELECT; ngày ƯỚC TÍNH (theo số PS)
191473,NU5108-00,713612,545,,,65000,2026-07-24 18:00:00,29889,SHIP suy từ cờ Shipped + PS# của WORK ORDER; qty=tổng SELECT; ngày ƯỚC TÍNH (theo số PS)
191530,06104388AA,713617,774,,,21816,2026-07-22 18:00:00,29879,SHIP suy từ cờ Shipped + PS# của WORK ORDER; qty=PIECES; ngày ƯỚC TÍNH (theo số PS)
191530,06104388AA,713618,1708,,,17893,2026-07-22 18:00:00,29879,SHIP suy từ cờ Shipped + PS# của WORK ORDER; qty=PIECES; ngày ƯỚC TÍNH (theo số PS)
191530,06104388AA,713619,1339,,,20048,2026-07-22 18:00:00,29879,SHIP suy từ cờ Shipped + PS# của WORK ORDER; qty=PIECES; ngày ƯỚC TÍNH (theo số PS)
191530,06104388AA,713620,665,,,20412,2026-07-27 18:00:00,29902,SHIP suy từ cờ Shipped + PS# của WORK ORDER; qty=PIECES; ngày ƯỚC TÍNH (theo số PS)
191530,06104388AA,713622,1108,,,23760,2026-07-30 18:00:00,29913,SHIP suy từ cờ Shipped + PS# của WORK ORDER; qty=tổng SELECT; ngày ƯỚC TÍNH (theo số PS)
191530,06104388AA,713623,219,,,9240,2026-07-31 18:00:00,29919,SHIP suy từ cờ Shipped + PS# của WORK ORDER; qty=tổng SELECT; ngày ƯỚC TÍNH (theo số PS)
191530,06104388AA,713624,1345,,,15180,2026-07-29 18:00:00,29911,SHIP suy từ cờ Shipped + PS# của WORK ORDER; qty=tổng SELECT; ngày ƯỚC TÍNH (theo số PS)
191530,06104388AA,713625,574,,,27060,2026-07-27 18:00:00,29900,SHIP suy từ cờ Shipped + PS# của WORK ORDER; qty=tổng SELECT; ngày ƯỚC TÍNH (theo số PS)
191530,06104388AA,713626,713,,,20073,2026-07-22 18:00:00,29879,SHIP suy từ cờ Shipped + PS# của WORK ORDER; qty=PIECES; ngày ƯỚC TÍNH (theo số PS)
191521,40073474,713629,1067,,,4886,2026-07-25 18:00:00,29893,SHIP suy từ cờ Shipped + PS# của WORK ORDER; qty=PIECES; ngày ƯỚC TÍNH (theo số PS)
191521,40073474,713630,810,,,5101,2026-07-22 18:00:00,29879,SHIP suy từ cờ Shipped + PS# của WORK ORDER; qty=PIECES; ngày ƯỚC TÍNH (theo số PS)
191521,40073474,713631,1311,,,5168,2026-07-22 18:00:00,29879,SHIP suy từ cờ Shipped + PS# của WORK ORDER; qty=PIECES; ngày ƯỚC TÍNH (theo số PS)
191521,40073474,713632,1355,,,4745,2026-08-10 18:00:00,29961,SHIP suy từ cờ Shipped + PS# của WORK ORDER; qty=PIECES; ngày lấy từ dòng khác cùng PS
191521,40073474,713633,1661,,,5315,2026-07-25 18:00:00,29893,SHIP suy từ cờ Shipped + PS# của WORK ORDER; qty=PIECES; ngày ƯỚC TÍNH (theo số PS)
191521,40073474,713634,908,,,5060,2026-07-24 18:00:00,29888,SHIP suy từ cờ Shipped + PS# của WORK ORDER; qty=PIECES; ngày ƯỚC TÍNH (theo số PS)
191611,06511701AA,713641,1014,,,75900,2026-07-26 18:00:00,29898,SHIP suy từ cờ Shipped + PS# của WORK ORDER; qty=tổng SELECT; ngày ƯỚC TÍNH (theo số PS)
191611,06511701AA,713642,1439,,,82800,2026-07-29 18:00:00,29909,SHIP suy từ cờ Shipped + PS# của WORK ORDER; qty=tổng SELECT; ngày ƯỚC TÍNH (theo số PS)
191530,06101831-A,713647,393,,,36000,2026-07-26 18:00:00,29898,SHIP suy từ cờ Shipped + PS# của WORK ORDER; qty=tổng SELECT; ngày ƯỚC TÍNH (theo số PS)
191530,06101831-A,713648,1686,,,36000,2026-07-26 18:00:00,29895,SHIP suy từ cờ Shipped + PS# của WORK ORDER; qty=tổng SELECT; ngày ƯỚC TÍNH (theo số PS)
191530,06101831-A,713649,1555,,,36000,2026-07-25 18:00:00,29893,SHIP suy từ cờ Shipped + PS# của WORK ORDER; qty=tổng SELECT; ngày ƯỚC TÍNH (theo số PS)
191530,06101831-A,713651,1053,,,36000,2026-07-26 18:00:00,29895,SHIP suy từ cờ Shipped + PS# của WORK ORDER; qty=tổng SELECT; ngày ƯỚC TÍNH (theo số PS)
191530,06101831-A,713653,979,,,36000,2026-07-26 18:00:00,29898,SHIP suy từ cờ Shipped + PS# của WORK ORDER; qty=tổng SELECT; ngày ƯỚC TÍNH (theo số PS)
191530,06101831-A,713654,1723,,,47000,2026-08-02 18:00:00,29927,SHIP suy từ cờ Shipped + PS# của WORK ORDER; qty=tổng SELECT; ngày ƯỚC TÍNH (theo số PS)
191276,500009196,713655,1395,,,43993,2026-07-15 18:00:00,29848,SHIP suy từ cờ Shipped + PS# của WORK ORDER; qty=PIECES; ngày ƯỚC TÍNH (theo số PS)
191304,500009196,713656,410,,,41343,2026-07-15 18:00:00,29848,SHIP suy từ cờ Shipped + PS# của WORK ORDER; qty=PIECES; ngày ƯỚC TÍNH (theo số PS)
191304,500009297,713657,1647,,,43843,2026-07-16 18:00:00,29850,SHIP suy từ cờ Shipped + PS# của WORK ORDER; qty=PIECES; ngày ƯỚC TÍNH (theo số PS)
191304,500009297,713658,1627,,,39776,2026-07-16 18:00:00,29850,SHIP suy từ cờ Shipped + PS# của WORK ORDER; qty=PIECES; ngày ƯỚC TÍNH (theo số PS)
191521,11609280,713659,464,,,43850,2026-07-27 18:00:00,29902,SHIP suy từ cờ Shipped + PS# của WORK ORDER; qty=PIECES; ngày ƯỚC TÍNH (theo số PS)
191521,11609280,713660,427,,,45829,2026-07-25 18:00:00,29893,SHIP suy từ cờ Shipped + PS# của WORK ORDER; qty=PIECES; ngày ƯỚC TÍNH (theo số PS)
191521,11609280,713661,148,,,45027,2026-07-27 18:00:00,29902,SHIP suy từ cờ Shipped + PS# của WORK ORDER; qty=PIECES; ngày ƯỚC TÍNH (theo số PS)
191521,11609280,713662,145,,,48021,2026-07-27 18:00:00,29902,SHIP suy từ cờ Shipped + PS# của WORK ORDER; qty=PIECES; ngày ƯỚC TÍNH (theo số PS)
191538,06100050-A,713665,1101,,,56755,2026-07-24 18:00:00,29888,SHIP suy từ cờ Shipped + PS# của WORK ORDER; qty=PIECES; ngày ƯỚC TÍNH (theo số PS)
191538,06100050-A,713666,737,,,52872,2026-07-30 18:00:00,29913,SHIP suy từ cờ Shipped + PS# của WORK ORDER; qty=PIECES; ngày ƯỚC TÍNH (theo số PS)
191424,06100050-A,713667,823,,,54000,2026-07-22 18:00:00,29879,SHIP suy từ cờ Shipped + PS# của WORK ORDER; qty=tổng SELECT; ngày ƯỚC TÍNH (theo số PS)
191424,06100050-A,713668,1591,,,58298,2026-07-20 18:00:00,29871,SHIP suy từ cờ Shipped + PS# của WORK ORDER; qty=PIECES; ngày ƯỚC TÍNH (theo số PS)
191538,06100050-A,713669,941,,,49894,2026-07-30 18:00:00,29913,SHIP suy từ cờ Shipped + PS# của WORK ORDER; qty=PIECES; ngày ƯỚC TÍNH (theo số PS)
191538,06100050-A,713670,44,,,60904,2026-07-26 18:00:00,29895,SHIP suy từ cờ Shipped + PS# của WORK ORDER; qty=PIECES; ngày ƯỚC TÍNH (theo số PS)
191424,NU3019-00,713671,1593,,,5029,2026-07-24 18:00:00,29889,SHIP suy từ cờ Shipped + PS# của WORK ORDER; qty=PIECES; ngày ƯỚC TÍNH (theo số PS)
191424,NU3019-00,713672,177,,,5096,2026-07-24 18:00:00,29889,SHIP suy từ cờ Shipped + PS# của WORK ORDER; qty=PIECES; ngày ƯỚC TÍNH (theo số PS)
191538,NU3019-00,713673,521,,,5268,2026-07-24 18:00:00,29889,SHIP suy từ cờ Shipped + PS# của WORK ORDER; qty=PIECES; ngày ƯỚC TÍNH (theo số PS)
191424,NU3019-00,713674,861,,,4631,2026-07-24 18:00:00,29889,SHIP suy từ cờ Shipped + PS# của WORK ORDER; qty=PIECES; ngày ƯỚC TÍNH (theo số PS)
191424,NU3019-00,713675,1515,,,5235,2026-07-24 18:00:00,29889,SHIP suy từ cờ Shipped + PS# của WORK ORDER; qty=PIECES; ngày ƯỚC TÍNH (theo số PS)
191424,NU3019-00,713676,1424,,,4971,2026-07-24 18:00:00,29889,SHIP suy từ cờ Shipped + PS# của WORK ORDER; qty=PIECES; ngày ƯỚC TÍNH (theo số PS)
191424,NU3019-00,713677,1437,,,5244,2026-07-24 18:00:00,29889,SHIP suy từ cờ Shipped + PS# của WORK ORDER; qty=PIECES; ngày ƯỚC TÍNH (theo số PS)
191424,NU3019-00,713678,1327,,,4899,2026-07-24 18:00:00,29889,SHIP suy từ cờ Shipped + PS# của WORK ORDER; qty=PIECES; ngày ƯỚC TÍNH (theo số PS)
191424,NU3019-00,713679,811,,,4665,2026-07-24 18:00:00,29889,SHIP suy từ cờ Shipped + PS# của WORK ORDER; qty=PIECES; ngày ƯỚC TÍNH (theo số PS)
191424,NU3019-00,713680,13,,,5378,2026-07-24 18:00:00,29889,SHIP suy từ cờ Shipped + PS# của WORK ORDER; qty=PIECES; ngày ƯỚC TÍNH (theo số PS)
191473,NU5108-00,713715,1385,,,67392,2026-08-01 18:00:00,29922,SHIP suy từ cờ Shipped + PS# của WORK ORDER; qty=tổng SELECT; ngày ƯỚC TÍNH (theo số PS)
192708,NU5108-00,713716,1325,,,65000,2026-08-05 18:00:00,29949,SHIP suy từ cờ Shipped + PS# của WORK ORDER; qty=tổng SELECT; ngày lấy từ dòng khác cùng PS
191473,NU3025-00,713719,1035,,,41000,2026-07-24 18:00:00,29889,SHIP suy từ cờ Shipped + PS# của WORK ORDER; qty=tổng SELECT; ngày ƯỚC TÍNH (theo số PS)
191473,NU3025-00,713720,622,,,39000,2026-07-24 18:00:00,29889,SHIP suy từ cờ Shipped + PS# của WORK ORDER; qty=tổng SELECT; ngày ƯỚC TÍNH (theo số PS)
192708,NU5108-00,713724,1048,,,44100,2026-08-05 18:00:00,29949,SHIP suy từ cờ Shipped + PS# của WORK ORDER; qty=tổng SELECT; ngày lấy từ dòng khác cùng PS
192708,NU5108-00,713726,873,,,65000,2026-08-01 18:00:00,29922,SHIP suy từ cờ Shipped + PS# của WORK ORDER; qty=tổng SELECT; ngày ƯỚC TÍNH (theo số PS)
191530,H62534A,713728,1646,,,24750,2026-07-26 18:00:00,29898,SHIP suy từ cờ Shipped + PS# của WORK ORDER; qty=tổng SELECT; ngày ƯỚC TÍNH (theo số PS)
191530,H62534A,713729,125,,,19500,2026-07-24 18:00:00,29888,SHIP suy từ cờ Shipped + PS# của WORK ORDER; qty=tổng SELECT; ngày ƯỚC TÍNH (theo số PS)
191521,06511834AA,713730,389,,,2802,2026-07-30 18:00:00,29913,SHIP suy từ cờ Shipped + PS# của WORK ORDER; qty=PIECES; ngày ƯỚC TÍNH (theo số PS)
191521,06511834AA,713731,1054,,,2878,2026-07-31 18:00:00,29919,SHIP suy từ cờ Shipped + PS# của WORK ORDER; qty=PIECES; ngày ƯỚC TÍNH (theo số PS)
191521,11546449,713734,1714,,,90000,2026-07-25 18:00:00,29893,SHIP suy từ cờ Shipped + PS# của WORK ORDER; qty=tổng SELECT; ngày ƯỚC TÍNH (theo số PS)
191521,11546449,713735,658,,,90000,2026-07-25 18:00:00,29893,SHIP suy từ cờ Shipped + PS# của WORK ORDER; qty=tổng SELECT; ngày ƯỚC TÍNH (theo số PS)
191521,11546449,713736,617,,,90000,2026-07-25 18:00:00,29893,SHIP suy từ cờ Shipped + PS# của WORK ORDER; qty=tổng SELECT; ngày ƯỚC TÍNH (theo số PS)
191521,11546449,713737,913,,,90000,2026-07-27 18:00:00,29902,SHIP suy từ cờ Shipped + PS# của WORK ORDER; qty=tổng SELECT; ngày ƯỚC TÍNH (theo số PS)
191521,11546449,713738,1663,,,90000,2026-07-25 18:00:00,29893,SHIP suy từ cờ Shipped + PS# của WORK ORDER; qty=tổng SELECT; ngày ƯỚC TÍNH (theo số PS)
191530,11546449,713739,1704,,,90000,2026-07-27 18:00:00,29902,SHIP suy từ cờ Shipped + PS# của WORK ORDER; qty=tổng SELECT; ngày ƯỚC TÍNH (theo số PS)
191530,11546449,713740,1559,,,72500,2026-07-27 18:00:00,29902,SHIP suy từ cờ Shipped + PS# của WORK ORDER; qty=tổng SELECT; ngày ƯỚC TÍNH (theo số PS)
191530,11546449,713741,1306,,,92500,2026-07-30 18:00:00,29913,SHIP suy từ cờ Shipped + PS# của WORK ORDER; qty=tổng SELECT; ngày ƯỚC TÍNH (theo số PS)
191530,11546449,713742,1343,,,90000,2026-07-30 18:00:00,29913,SHIP suy từ cờ Shipped + PS# của WORK ORDER; qty=tổng SELECT; ngày ƯỚC TÍNH (theo số PS)
191530,11546449,713743,508,,,57500,2026-07-26 18:00:00,29895,SHIP suy từ cờ Shipped + PS# của WORK ORDER; qty=tổng SELECT; ngày ƯỚC TÍNH (theo số PS)
191521,11546449,713744,976,,,90000,2026-07-27 18:00:00,29902,SHIP suy từ cờ Shipped + PS# của WORK ORDER; qty=tổng SELECT; ngày ƯỚC TÍNH (theo số PS)
191521,11546449,713745,895,,,90000,2026-07-26 18:00:00,29895,SHIP suy từ cờ Shipped + PS# của WORK ORDER; qty=tổng SELECT; ngày ƯỚC TÍNH (theo số PS)
191521,11546449,713746,1083,,,77500,2026-07-27 18:00:00,29900,SHIP suy từ cờ Shipped + PS# của WORK ORDER; qty=tổng SELECT; ngày ƯỚC TÍNH (theo số PS)
191521,11546449,713747,1525,,,90000,2026-07-27 18:00:00,29902,SHIP suy từ cờ Shipped + PS# của WORK ORDER; qty=tổng SELECT; ngày ƯỚC TÍNH (theo số PS)
191521,11546449,713748,293,,,90000,2026-07-27 18:00:00,29902,SHIP suy từ cờ Shipped + PS# của WORK ORDER; qty=tổng SELECT; ngày ƯỚC TÍNH (theo số PS)
191521,11546449,713749,1501,,,90000,2026-07-27 18:00:00,29902,SHIP suy từ cờ Shipped + PS# của WORK ORDER; qty=tổng SELECT; ngày ƯỚC TÍNH (theo số PS)
191521,11546449,713750,1040,,,57500,2026-07-30 18:00:00,29915,SHIP suy từ cờ Shipped + PS# của WORK ORDER; qty=tổng SELECT; ngày ƯỚC TÍNH (theo số PS)
191521,11546449,713751,976,,,90000,2026-08-04 18:00:00,29936,SHIP suy từ cờ Shipped + PS# của WORK ORDER; qty=tổng SELECT; ngày lấy từ dòng khác cùng PS
191521,11546449,713752,1426,,,90000,2026-07-27 18:00:00,29902,SHIP suy từ cờ Shipped + PS# của WORK ORDER; qty=tổng SELECT; ngày ƯỚC TÍNH (theo số PS)
191521,11546449,713753,540,,,182500,2026-08-07 18:00:00,29954,SHIP suy từ cờ Shipped + PS# của WORK ORDER; qty=tổng SELECT; ngày lấy từ dòng khác cùng PS
191457,11549204,713754,1365,,,7561,2026-07-30 18:00:00,29913,SHIP suy từ cờ Shipped + PS# của WORK ORDER; qty=PIECES; ngày ƯỚC TÍNH (theo số PS)
191457,11549204,713755,435,,,7541,2026-07-24 18:00:00,29888,SHIP suy từ cờ Shipped + PS# của WORK ORDER; qty=PIECES; ngày ƯỚC TÍNH (theo số PS)
191457,11549204,713756,326,,,7442,2026-07-21 18:00:00,29875,SHIP suy từ cờ Shipped + PS# của WORK ORDER; qty=PIECES; ngày ƯỚC TÍNH (theo số PS)
191457,11549204,713757,878,,,7817,2026-07-21 18:00:00,29875,SHIP suy từ cờ Shipped + PS# của WORK ORDER; qty=PIECES; ngày ƯỚC TÍNH (theo số PS)
191457,11549204,713758,1305,,,5227,2026-07-21 18:00:00,29875,SHIP suy từ cờ Shipped + PS# của WORK ORDER; qty=PIECES; ngày ƯỚC TÍNH (theo số PS)
191457,11549204,713759,735,,,8771,2026-07-21 18:00:00,29875,SHIP suy từ cờ Shipped + PS# của WORK ORDER; qty=PIECES; ngày ƯỚC TÍNH (theo số PS)
191457,11549204,713760,786,,,7482,2026-07-21 18:00:00,29875,SHIP suy từ cờ Shipped + PS# của WORK ORDER; qty=PIECES; ngày ƯỚC TÍNH (theo số PS)
191457,11549204,713761,943,,,7686,2026-07-30 18:00:00,29913,SHIP suy từ cờ Shipped + PS# của WORK ORDER; qty=PIECES; ngày ƯỚC TÍNH (theo số PS)
191457,11549204,713762,288,,,7291,2026-07-24 18:00:00,29888,SHIP suy từ cờ Shipped + PS# của WORK ORDER; qty=PIECES; ngày ƯỚC TÍNH (theo số PS)
191457,11549204,713763,1570,,,7811,2026-07-24 18:00:00,29888,SHIP suy từ cờ Shipped + PS# của WORK ORDER; qty=PIECES; ngày ƯỚC TÍNH (theo số PS)
191457,11549204,713764,426,,,7561,2026-07-21 18:00:00,29875,SHIP suy từ cờ Shipped + PS# của WORK ORDER; qty=PIECES; ngày ƯỚC TÍNH (theo số PS)
191457,11549204,713765,1021,,,7495,2026-07-21 18:00:00,29875,SHIP suy từ cờ Shipped + PS# của WORK ORDER; qty=PIECES; ngày ƯỚC TÍNH (theo số PS)
191521,W720123-S440,713766,790,,,22429,2026-07-30 18:00:00,29913,SHIP suy từ cờ Shipped + PS# của WORK ORDER; qty=PIECES; ngày ƯỚC TÍNH (theo số PS)
191634,W520514-S442,713769,650,,,186200,2026-07-27 18:00:00,29900,SHIP suy từ cờ Shipped + PS# của WORK ORDER; qty=tổng SELECT; ngày ƯỚC TÍNH (theo số PS)
191473,98055704,713771,475,,,66700,2026-07-22 18:00:00,29877,SHIP suy từ cờ Shipped + PS# của WORK ORDER; qty=tổng SELECT; ngày ƯỚC TÍNH (theo số PS)
191634,06100050-A,713774,971,,,56277,2026-07-27 18:00:00,29900,SHIP suy từ cờ Shipped + PS# của WORK ORDER; qty=PIECES; ngày ƯỚC TÍNH (theo số PS)
191634,06100050-A,713775,593,,,53457,2026-07-26 18:00:00,29898,SHIP suy từ cờ Shipped + PS# của WORK ORDER; qty=PIECES; ngày ƯỚC TÍNH (theo số PS)
191634,06100050-A,713776,142,,,48830,2026-07-27 18:00:00,29900,SHIP suy từ cờ Shipped + PS# của WORK ORDER; qty=PIECES; ngày ƯỚC TÍNH (theo số PS)
191634,06100050-A,713777,710,,,60479,2026-07-27 18:00:00,29900,SHIP suy từ cờ Shipped + PS# của WORK ORDER; qty=PIECES; ngày ƯỚC TÍNH (theo số PS)
191538,NU3019-00,713778,307,,,4880,2026-07-24 18:00:00,29889,SHIP suy từ cờ Shipped + PS# của WORK ORDER; qty=PIECES; ngày ƯỚC TÍNH (theo số PS)
191538,NU3019-00,713779,561,,,5077,2026-07-24 18:00:00,29889,SHIP suy từ cờ Shipped + PS# của WORK ORDER; qty=PIECES; ngày ƯỚC TÍNH (theo số PS)
191538,NU3019-00,713780,1082,,,5086,2026-07-24 18:00:00,29889,SHIP suy từ cờ Shipped + PS# của WORK ORDER; qty=PIECES; ngày ƯỚC TÍNH (theo số PS)
191538,NU3019-00,713781,822,,,5010,2026-07-24 18:00:00,29889,SHIP suy từ cờ Shipped + PS# của WORK ORDER; qty=PIECES; ngày ƯỚC TÍNH (theo số PS)
191538,NU3019-00,713784,279,,,4497,2026-07-24 18:00:00,29889,SHIP suy từ cờ Shipped + PS# của WORK ORDER; qty=PIECES; ngày ƯỚC TÍNH (theo số PS)
191538,NU3019-00,713785,890,,,5455,2026-07-24 18:00:00,29889,SHIP suy từ cờ Shipped + PS# của WORK ORDER; qty=PIECES; ngày ƯỚC TÍNH (theo số PS)
191538,NU3019-00,713786,95,,,5000,2026-07-24 18:00:00,29889,SHIP suy từ cờ Shipped + PS# của WORK ORDER; qty=PIECES; ngày ƯỚC TÍNH (theo số PS)
191538,NU3019-00,713787,105,,,5163,2026-07-24 18:00:00,29889,SHIP suy từ cờ Shipped + PS# của WORK ORDER; qty=PIECES; ngày ƯỚC TÍNH (theo số PS)
191538,NU3019-00,713788,371,,,4617,2026-07-24 18:00:00,29889,SHIP suy từ cờ Shipped + PS# của WORK ORDER; qty=PIECES; ngày ƯỚC TÍNH (theo số PS)
191538,NU3019-00,713789,1521,,,5412,2026-07-24 18:00:00,29889,SHIP suy từ cờ Shipped + PS# của WORK ORDER; qty=PIECES; ngày ƯỚC TÍNH (theo số PS)
191380,SL2404-00,713793,KIB,,,6000,2026-07-25 18:00:00,29893,SHIP suy từ cờ Shipped + PS# của WORK ORDER; qty=PIECES; ngày ƯỚC TÍNH (theo số PS)
191380,SL2404-00,713794,KIB,,,6000,2026-07-24 18:00:00,29889,SHIP suy từ cờ Shipped + PS# của WORK ORDER; qty=PIECES; ngày ƯỚC TÍNH (theo số PS)
191380,SL2404-00,713795,KIB,,,6000,2026-07-25 18:00:00,29893,SHIP suy từ cờ Shipped + PS# của WORK ORDER; qty=PIECES; ngày ƯỚC TÍNH (theo số PS)
191380,SL2404-00,713796,KIB,,,6000,2026-07-25 18:00:00,29893,SHIP suy từ cờ Shipped + PS# của WORK ORDER; qty=PIECES; ngày ƯỚC TÍNH (theo số PS)
191380,SL2404-00,713797,KIB,,,6000,2026-07-24 18:00:00,29889,SHIP suy từ cờ Shipped + PS# của WORK ORDER; qty=PIECES; ngày ƯỚC TÍNH (theo số PS)
191380,SL2404-00,713798,KIB,,,6000,2026-07-24 18:00:00,29889,SHIP suy từ cờ Shipped + PS# của WORK ORDER; qty=PIECES; ngày ƯỚC TÍNH (theo số PS)
191380,SL2404-00,713799,KIB,,,6000,2026-07-24 18:00:00,29889,SHIP suy từ cờ Shipped + PS# của WORK ORDER; qty=PIECES; ngày ƯỚC TÍNH (theo số PS)
191380,SL2404-00,713800,KIB,,,6000,2026-07-24 18:00:00,29889,SHIP suy từ cờ Shipped + PS# của WORK ORDER; qty=PIECES; ngày ƯỚC TÍNH (theo số PS)
191521,06511834AA,713806,532,,,3036,2026-08-10 18:00:00,29961,SHIP suy từ cờ Shipped + PS# của WORK ORDER; qty=PIECES; ngày lấy từ dòng khác cùng PS
191521,06511834AA,713807,1038,,,2576,2026-08-10 18:00:00,29964,SHIP suy từ cờ Shipped + PS# của WORK ORDER; qty=PIECES; ngày lấy từ dòng khác cùng PS
193079,11546703,713852,1393,,,124000,2026-08-13 18:00:00,29977,SHIP suy từ cờ Shipped + PS# của WORK ORDER; qty=tổng SELECT; ngày lấy từ dòng khác cùng PS
193079,11546703,713855,1395,,,136000,2026-08-13 18:00:00,29977,SHIP suy từ cờ Shipped + PS# của WORK ORDER; qty=tổng SELECT; ngày lấy từ dòng khác cùng PS
192639,11561645,713860,524,,,100000,2026-08-01 18:00:00,29921,SHIP suy từ cờ Shipped + PS# của WORK ORDER; qty=tổng SELECT; ngày ƯỚC TÍNH (theo số PS)
192639,11561645,713861,619,,,144000,2026-07-30 18:00:00,29913,SHIP suy từ cờ Shipped + PS# của WORK ORDER; qty=tổng SELECT; ngày ƯỚC TÍNH (theo số PS)
192639,06511637AA,713862,1690,,,39600,2026-08-02 18:00:00,29929,SHIP suy từ cờ Shipped + PS# của WORK ORDER; qty=tổng SELECT; ngày ƯỚC TÍNH (theo số PS)
192639,06511637AA,713863,275,,,43200,2026-07-31 18:00:00,29919,SHIP suy từ cờ Shipped + PS# của WORK ORDER; qty=tổng SELECT; ngày ƯỚC TÍNH (theo số PS)
192639,11610091,713864,1627,,,75000,2026-07-29 18:00:00,29911,SHIP suy từ cờ Shipped + PS# của WORK ORDER; qty=tổng SELECT; ngày ƯỚC TÍNH (theo số PS)
192639,11610091,713865,1016,,,67500,2026-08-04 18:00:00,29936,SHIP suy từ cờ Shipped + PS# của WORK ORDER; qty=tổng SELECT; ngày lấy từ dòng khác cùng PS
193079,06511672AA,713867,517,,,46200,2026-08-31 18:00:00,30059,SHIP suy từ cờ Shipped + PS# của WORK ORDER; qty=tổng SELECT; ngày ƯỚC TÍNH (theo số PS)
192639,W716298-S450,713868,1422,,,87500,2026-07-30 18:00:00,29915,SHIP suy từ cờ Shipped + PS# của WORK ORDER; qty=tổng SELECT; ngày ƯỚC TÍNH (theo số PS)
192639,W716298-S450,713869,1112,,,238000,2026-08-04 18:00:00,29936,SHIP suy từ cờ Shipped + PS# của WORK ORDER; qty=tổng SELECT; ngày lấy từ dòng khác cùng PS
192639,06513554AA,713870,1024,,,16340,2026-07-29 18:00:00,29909,SHIP suy từ cờ Shipped + PS# của WORK ORDER; qty=tổng SELECT; ngày ƯỚC TÍNH (theo số PS)
192639,06513554AA,713871,749,,,11502,2026-07-29 18:00:00,29909,SHIP suy từ cờ Shipped + PS# của WORK ORDER; qty=PIECES; ngày ƯỚC TÍNH (theo số PS)
191582,11602031,713872,1397,,,2610,2026-07-26 18:00:00,29898,SHIP suy từ cờ Shipped + PS# của WORK ORDER; qty=tổng SELECT; ngày ƯỚC TÍNH (theo số PS)
191582,11602031,713873,645,,,4547,2026-07-26 18:00:00,29898,SHIP suy từ cờ Shipped + PS# của WORK ORDER; qty=PIECES; ngày ƯỚC TÍNH (theo số PS)
191582,11602031,713874,648,,,4350,2026-07-25 18:00:00,29893,SHIP suy từ cờ Shipped + PS# của WORK ORDER; qty=tổng SELECT; ngày ƯỚC TÍNH (theo số PS)
191582,11602031,713875,632,,,4571,2026-07-27 18:00:00,29902,SHIP suy từ cờ Shipped + PS# của WORK ORDER; qty=PIECES; ngày ƯỚC TÍNH (theo số PS)
191582,11602031,713876,240,,,3743,2026-07-26 18:00:00,29895,SHIP suy từ cờ Shipped + PS# của WORK ORDER; qty=PIECES; ngày ƯỚC TÍNH (theo số PS)
191582,11602031,713877,4,,,4738,2026-07-25 18:00:00,29893,SHIP suy từ cờ Shipped + PS# của WORK ORDER; qty=PIECES; ngày ƯỚC TÍNH (theo số PS)
191582,11602031,713878,923,,,4410,2026-07-26 18:00:00,29898,SHIP suy từ cờ Shipped + PS# của WORK ORDER; qty=PIECES; ngày ƯỚC TÍNH (theo số PS)
191582,11602031,713879,728,,,4116,2026-07-29 18:00:00,29911,SHIP suy từ cờ Shipped + PS# của WORK ORDER; qty=PIECES; ngày ƯỚC TÍNH (theo số PS)
191582,11602031,713880,1512,,,4346,2026-07-25 18:00:00,29893,SHIP suy từ cờ Shipped + PS# của WORK ORDER; qty=PIECES; ngày ƯỚC TÍNH (theo số PS)
191582,11602031,713881,626,,,4179,2026-07-31 18:00:00,29919,SHIP suy từ cờ Shipped + PS# của WORK ORDER; qty=PIECES; ngày ƯỚC TÍNH (theo số PS)
191582,11602031,713882,914,,,4495,2026-07-25 18:00:00,29893,SHIP suy từ cờ Shipped + PS# của WORK ORDER; qty=tổng SELECT; ngày ƯỚC TÍNH (theo số PS)
191582,11602031,713883,847,,,4370,2026-07-26 18:00:00,29895,SHIP suy từ cờ Shipped + PS# của WORK ORDER; qty=PIECES; ngày ƯỚC TÍNH (theo số PS)
191611,11549204,713884,693,,,7646,2026-07-26 18:00:00,29898,SHIP suy từ cờ Shipped + PS# của WORK ORDER; qty=PIECES; ngày ƯỚC TÍNH (theo số PS)
191611,11549204,713885,399,,,7429,2026-07-29 18:00:00,29911,SHIP suy từ cờ Shipped + PS# của WORK ORDER; qty=PIECES; ngày ƯỚC TÍNH (theo số PS)
191611,11549204,713886,230,,,7377,2026-07-31 18:00:00,29919,SHIP suy từ cờ Shipped + PS# của WORK ORDER; qty=PIECES; ngày ƯỚC TÍNH (theo số PS)
191611,11549204,713887,1336,,,7804,2026-07-26 18:00:00,29898,SHIP suy từ cờ Shipped + PS# của WORK ORDER; qty=PIECES; ngày ƯỚC TÍNH (theo số PS)
191611,11549204,713888,668,,,7436,2026-07-30 18:00:00,29913,SHIP suy từ cờ Shipped + PS# của WORK ORDER; qty=PIECES; ngày ƯỚC TÍNH (theo số PS)
191611,11549204,713889,694,,,7633,2026-07-29 18:00:00,29909,SHIP suy từ cờ Shipped + PS# của WORK ORDER; qty=PIECES; ngày ƯỚC TÍNH (theo số PS)
191611,11549204,713890,769,,,7416,2026-08-02 18:00:00,29929,SHIP suy từ cờ Shipped + PS# của WORK ORDER; qty=PIECES; ngày ƯỚC TÍNH (theo số PS)
191611,11549204,713891,350,,,7692,2026-07-31 18:00:00,29919,SHIP suy từ cờ Shipped + PS# của WORK ORDER; qty=PIECES; ngày ƯỚC TÍNH (theo số PS)
191611,11549204,713892,187,,,8001,2026-07-31 18:00:00,29919,SHIP suy từ cờ Shipped + PS# của WORK ORDER; qty=PIECES; ngày ƯỚC TÍNH (theo số PS)
191611,11549204,713893,953,,,7173,2026-07-27 18:00:00,29900,SHIP suy từ cờ Shipped + PS# của WORK ORDER; qty=PIECES; ngày ƯỚC TÍNH (theo số PS)
191611,06101968-A,713908,1066,,,72600,2026-07-27 18:00:00,29900,SHIP suy từ cờ Shipped + PS# của WORK ORDER; qty=tổng SELECT; ngày ƯỚC TÍNH (theo số PS)
191611,06101968-A,713909,45,,,72600,2026-08-04 18:00:00,29936,SHIP suy từ cờ Shipped + PS# của WORK ORDER; qty=tổng SELECT; ngày lấy từ dòng khác cùng PS
192639,11546566,713910,1107,,,54000,2026-07-29 18:00:00,29909,SHIP suy từ cờ Shipped + PS# của WORK ORDER; qty=PIECES; ngày ƯỚC TÍNH (theo số PS)
192639,11546566,713911,1628,,,32400,2026-07-29 18:00:00,29909,SHIP suy từ cờ Shipped + PS# của WORK ORDER; qty=tổng SELECT; ngày ƯỚC TÍNH (theo số PS)
192639,11546566,713912,1653,,,45611,2026-07-29 18:00:00,29911,SHIP suy từ cờ Shipped + PS# của WORK ORDER; qty=PIECES; ngày ƯỚC TÍNH (theo số PS)
192639,11546566,713913,103,,,44778,2026-07-29 18:00:00,29909,SHIP suy từ cờ Shipped + PS# của WORK ORDER; qty=PIECES; ngày ƯỚC TÍNH (theo số PS)
192639,11546566,713914,139,,,64800,2026-07-29 18:00:00,29911,SHIP suy từ cờ Shipped + PS# của WORK ORDER; qty=tổng SELECT; ngày ƯỚC TÍNH (theo số PS)
192639,11546566,713915,1582,,,45000,2026-07-29 18:00:00,29909,SHIP suy từ cờ Shipped + PS# của WORK ORDER; qty=PIECES; ngày ƯỚC TÍNH (theo số PS)
192639,11610128,713916,60,,,28071,2026-07-29 18:00:00,29911,SHIP suy từ cờ Shipped + PS# của WORK ORDER; qty=PIECES; ngày ƯỚC TÍNH (theo số PS)
192639,11610128,713917,20,,,34179,2026-07-29 18:00:00,29909,SHIP suy từ cờ Shipped + PS# của WORK ORDER; qty=PIECES; ngày ƯỚC TÍNH (theo số PS)
192737,06105102AA,713930,KIB,,,40000,2026-08-03 18:00:00,29934,SHIP suy từ cờ Shipped + PS# của WORK ORDER; qty=PIECES; ngày lấy từ dòng khác cùng PS
192737,06105102AA,713931,KIB,,,40000,2026-08-03 18:00:00,29932,SHIP suy từ cờ Shipped + PS# của WORK ORDER; qty=PIECES; ngày lấy từ dòng khác cùng PS
192737,06105102AA,713932,KIB,,,40000,2026-08-03 18:00:00,29932,SHIP suy từ cờ Shipped + PS# của WORK ORDER; qty=PIECES; ngày lấy từ dòng khác cùng PS
192737,06105102AA,713933,KIB,,,40000,2026-08-03 18:00:00,29934,SHIP suy từ cờ Shipped + PS# của WORK ORDER; qty=PIECES; ngày lấy từ dòng khác cùng PS
192737,06105102AA,713934,KIB,,,40000,2026-08-03 18:00:00,29934,SHIP suy từ cờ Shipped + PS# của WORK ORDER; qty=PIECES; ngày lấy từ dòng khác cùng PS
192737,06105102AA,713935,KIB,,,40000,2026-08-03 18:00:00,29939,SHIP suy từ cờ Shipped + PS# của WORK ORDER; qty=PIECES; ngày lấy từ dòng khác cùng PS
191611,06105102AA,713936,KIB,,,40000,2026-07-26 18:00:00,29898,SHIP suy từ cờ Shipped + PS# của WORK ORDER; qty=PIECES; ngày ƯỚC TÍNH (theo số PS)
191611,06105102AA,713937,KIB,,,40000,2026-07-31 18:00:00,29919,SHIP suy từ cờ Shipped + PS# của WORK ORDER; qty=PIECES; ngày ƯỚC TÍNH (theo số PS)
191611,06105048AA,713938,KIB,,,20000,2026-07-27 18:00:00,29900,SHIP suy từ cờ Shipped + PS# của WORK ORDER; qty=tổng SELECT; ngày ƯỚC TÍNH (theo số PS)
191611,06105048AA,713939,KIB,,,17600,2026-08-04 18:00:00,29936,SHIP suy từ cờ Shipped + PS# của WORK ORDER; qty=tổng SELECT; ngày lấy từ dòng khác cùng PS
192696,11547176,713940,KIB,,,30600,2026-08-01 18:00:00,29921,SHIP suy từ cờ Shipped + PS# của WORK ORDER; qty=tổng SELECT; ngày ƯỚC TÍNH (theo số PS)
192696,11547176,713941,KIB,,,14450,2026-08-03 18:00:00,29939,SHIP suy từ cờ Shipped + PS# của WORK ORDER; qty=tổng SELECT; ngày lấy từ dòng khác cùng PS
191380,11604000,713942,KIB,,,43000,2026-07-20 18:00:00,29871,SHIP suy từ cờ Shipped + PS# của WORK ORDER; qty=PIECES; ngày ƯỚC TÍNH (theo số PS)
191380,11604000,713943,KIB,,,43000,2026-07-19 18:00:00,29867,SHIP suy từ cờ Shipped + PS# của WORK ORDER; qty=PIECES; ngày ƯỚC TÍNH (theo số PS)
191380,11604000,713944,KIB,,,27300,2026-07-21 18:00:00,29873,SHIP suy từ cờ Shipped + PS# của WORK ORDER; qty=PIECES; ngày ƯỚC TÍNH (theo số PS)
191380,11604000,713945,KIB,,,27300,2026-08-04 18:00:00,29936,SHIP suy từ cờ Shipped + PS# của WORK ORDER; qty=PIECES; ngày lấy từ dòng khác cùng PS
191380,11604000,713946,KIB,,,16000,2026-07-20 18:00:00,29869,SHIP suy từ cờ Shipped + PS# của WORK ORDER; qty=PIECES; ngày ƯỚC TÍNH (theo số PS)
191611,06101831-A,713948,1674,,,36000,2026-07-31 18:00:00,29919,SHIP suy từ cờ Shipped + PS# của WORK ORDER; qty=tổng SELECT; ngày ƯỚC TÍNH (theo số PS)
191611,06101831-A,713951,560,,,36000,2026-07-29 18:00:00,29909,SHIP suy từ cờ Shipped + PS# của WORK ORDER; qty=tổng SELECT; ngày ƯỚC TÍNH (theo số PS)
191611,06101831-A,713952,903,,,36000,2026-07-27 18:00:00,29900,SHIP suy từ cờ Shipped + PS# của WORK ORDER; qty=tổng SELECT; ngày ƯỚC TÍNH (theo số PS)
191611,06101831-A,713953,171,,,36000,2026-07-29 18:00:00,29911,SHIP suy từ cờ Shipped + PS# của WORK ORDER; qty=tổng SELECT; ngày ƯỚC TÍNH (theo số PS)
191611,06101831-A,713954,400,,,40000,2026-07-27 18:00:00,29900,SHIP suy từ cờ Shipped + PS# của WORK ORDER; qty=tổng SELECT; ngày ƯỚC TÍNH (theo số PS)
191611,06101831-A,713955,1316,,,36000,2026-07-29 18:00:00,29911,SHIP suy từ cờ Shipped + PS# của WORK ORDER; qty=tổng SELECT; ngày ƯỚC TÍNH (theo số PS)
192629,06101831-A,713958,1655,,,61000,2026-08-01 18:00:00,29921,SHIP suy từ cờ Shipped + PS# của WORK ORDER; qty=tổng SELECT; ngày ƯỚC TÍNH (theo số PS)
192629,06101831-A,713959,1599,,,36000,2026-07-30 18:00:00,29913,SHIP suy từ cờ Shipped + PS# của WORK ORDER; qty=tổng SELECT; ngày ƯỚC TÍNH (theo số PS)
192629,06101831-A,713960,882,,,36000,2026-07-30 18:00:00,29915,SHIP suy từ cờ Shipped + PS# của WORK ORDER; qty=tổng SELECT; ngày ƯỚC TÍNH (theo số PS)
192629,06101831-A,713962,1394,,,52000,2026-08-02 18:00:00,29927,SHIP suy từ cờ Shipped + PS# của WORK ORDER; qty=tổng SELECT; ngày ƯỚC TÍNH (theo số PS)
192629,06101831-A,713963,902,,,36000,2026-07-30 18:00:00,29913,SHIP suy từ cờ Shipped + PS# của WORK ORDER; qty=tổng SELECT; ngày ƯỚC TÍNH (theo số PS)
191521,11547349,713968,123,,,10237,2026-08-02 18:00:00,29929,SHIP suy từ cờ Shipped + PS# của WORK ORDER; qty=PIECES; ngày ƯỚC TÍNH (theo số PS)
191521,11547349,713969,1430,,,12377,2026-08-02 18:00:00,29929,SHIP suy từ cờ Shipped + PS# của WORK ORDER; qty=PIECES; ngày ƯỚC TÍNH (theo số PS)
191521,11548414,713970,789,,,17460,2026-07-27 18:00:00,29902,SHIP suy từ cờ Shipped + PS# của WORK ORDER; qty=tổng SELECT; ngày ƯỚC TÍNH (theo số PS)
191521,11548414,713971,166,,,17460,2026-07-27 18:00:00,29902,SHIP suy từ cờ Shipped + PS# của WORK ORDER; qty=tổng SELECT; ngày ƯỚC TÍNH (theo số PS)
191521,11548414,713972,1643,,,17460,2026-07-26 18:00:00,29895,SHIP suy từ cờ Shipped + PS# của WORK ORDER; qty=tổng SELECT; ngày ƯỚC TÍNH (theo số PS)
191521,11548414,713973,297,,,14550,2026-07-29 18:00:00,29911,SHIP suy từ cờ Shipped + PS# của WORK ORDER; qty=tổng SELECT; ngày ƯỚC TÍNH (theo số PS)
191521,11548414,713974,1666,,,17460,2026-07-27 18:00:00,29902,SHIP suy từ cờ Shipped + PS# của WORK ORDER; qty=tổng SELECT; ngày ƯỚC TÍNH (theo số PS)
191530,11548414,713975,170,,,17460,2026-07-26 18:00:00,29895,SHIP suy từ cờ Shipped + PS# của WORK ORDER; qty=tổng SELECT; ngày ƯỚC TÍNH (theo số PS)
191530,11548414,713976,1398,,,17460,2026-07-25 18:00:00,29893,SHIP suy từ cờ Shipped + PS# của WORK ORDER; qty=tổng SELECT; ngày ƯỚC TÍNH (theo số PS)
191530,11548414,713977,607,,,17460,2026-07-26 18:00:00,29895,SHIP suy từ cờ Shipped + PS# của WORK ORDER; qty=tổng SELECT; ngày ƯỚC TÍNH (theo số PS)
191530,11548414,713978,760,,,17460,2026-07-25 18:00:00,29893,SHIP suy từ cờ Shipped + PS# của WORK ORDER; qty=tổng SELECT; ngày ƯỚC TÍNH (theo số PS)
191530,11548414,713979,412,,,17460,2026-07-24 18:00:00,29888,SHIP suy từ cờ Shipped + PS# của WORK ORDER; qty=tổng SELECT; ngày ƯỚC TÍNH (theo số PS)
192681,06506707AA,713980,232,,,30356,2026-07-30 18:00:00,29915,SHIP suy từ cờ Shipped + PS# của WORK ORDER; qty=PIECES; ngày ƯỚC TÍNH (theo số PS)
192887,06502979-A,713989-,496,,,22273,2026-08-06 18:00:00,29946,SHIP suy từ cờ Shipped + PS# của WORK ORDER; qty=PIECES; ngày lấy từ dòng khác cùng PS
192681,06512349AA,713997,691,,,8621,2026-07-30 18:00:00,29915,SHIP suy từ cờ Shipped + PS# của WORK ORDER; qty=PIECES; ngày ƯỚC TÍNH (theo số PS)
192745,06512349AA,713998,491,,,11749,2026-08-03 18:00:00,29934,SHIP suy từ cờ Shipped + PS# của WORK ORDER; qty=PIECES; ngày lấy từ dòng khác cùng PS
192701,11516076,714017,584,,,63800,2026-08-02 18:00:00,29927,SHIP suy từ cờ Shipped + PS# của WORK ORDER; qty=tổng SELECT; ngày ƯỚC TÍNH (theo số PS)
192701,11516133,714026,507,,,16210,2026-08-03 18:00:00,29934,SHIP suy từ cờ Shipped + PS# của WORK ORDER; qty=PIECES; ngày lấy từ dòng khác cùng PS
192701,11516133,714027,1429,,,14265,2026-08-02 18:00:00,29929,SHIP suy từ cờ Shipped + PS# của WORK ORDER; qty=PIECES; ngày ƯỚC TÍNH (theo số PS)
192639,W711953-S900,714046,1640,,,63000,2026-07-30 18:00:00,29913,SHIP suy từ cờ Shipped + PS# của WORK ORDER; qty=tổng SELECT; ngày ƯỚC TÍNH (theo số PS)
192639,W711953-S900,714047,1410,,,50750,2026-08-02 18:00:00,29927,SHIP suy từ cờ Shipped + PS# của WORK ORDER; qty=tổng SELECT; ngày ƯỚC TÍNH (theo số PS)
192639,W711953-S900,714048,132,,,66500,2026-08-01 18:00:00,29921,SHIP suy từ cờ Shipped + PS# của WORK ORDER; qty=tổng SELECT; ngày ƯỚC TÍNH (theo số PS)
192639,W711953-S900,714049,261,,,52500,2026-08-04 18:00:00,29936,SHIP suy từ cờ Shipped + PS# của WORK ORDER; qty=tổng SELECT; ngày lấy từ dòng khác cùng PS
192639,22800396,714050,115,,,50538,2026-07-29 18:00:00,29909,SHIP suy từ cờ Shipped + PS# của WORK ORDER; qty=PIECES; ngày ƯỚC TÍNH (theo số PS)
192639,22800396,714051,630,,,40852,2026-07-29 18:00:00,29911,SHIP suy từ cờ Shipped + PS# của WORK ORDER; qty=PIECES; ngày ƯỚC TÍNH (theo số PS)
192639,06512313AA,714052,1547,,,122500,2026-07-29 18:00:00,29911,SHIP suy từ cờ Shipped + PS# của WORK ORDER; qty=tổng SELECT; ngày ƯỚC TÍNH (theo số PS)
192639,W715851-S450B,714054,236,,,51300,2026-07-29 18:00:00,29909,SHIP suy từ cờ Shipped + PS# của WORK ORDER; qty=tổng SELECT; ngày ƯỚC TÍNH (theo số PS)
192639,W715851-S450B,714055,241,,,60649,2026-07-29 18:00:00,29911,SHIP suy từ cờ Shipped + PS# của WORK ORDER; qty=PIECES; ngày ƯỚC TÍNH (theo số PS)
192737,11547369,714066,1583,,,9876,2026-08-03 18:00:00,29932,SHIP suy từ cờ Shipped + PS# của WORK ORDER; qty=PIECES; ngày lấy từ dòng khác cùng PS
192737,11547369,714067,1074,,,10950,2026-08-03 18:00:00,29939,SHIP suy từ cờ Shipped + PS# của WORK ORDER; qty=PIECES; ngày lấy từ dòng khác cùng PS
192696,11516782,714068,445,,,17000,2026-08-02 18:00:00,29929,SHIP suy từ cờ Shipped + PS# của WORK ORDER; qty=tổng SELECT; ngày ƯỚC TÍNH (theo số PS)
192696,11516782,714069,676,,,18229,2026-07-30 18:00:00,29915,SHIP suy từ cờ Shipped + PS# của WORK ORDER; qty=PIECES; ngày ƯỚC TÍNH (theo số PS)
192681,06506707AA,714070,614,,,31370,2026-08-02 18:00:00,29927,SHIP suy từ cờ Shipped + PS# của WORK ORDER; qty=PIECES; ngày ƯỚC TÍNH (theo số PS)
191424,W705606-S440,714072,KIB,,,20880,2026-07-21 18:00:00,29873,SHIP suy từ cờ Shipped + PS# của WORK ORDER; qty=tổng SELECT; ngày ƯỚC TÍNH (theo số PS)
191424,W705606-S440,714073,KIB,,,13920,2026-07-21 18:00:00,29874,SHIP suy từ cờ Shipped + PS# của WORK ORDER; qty=tổng SELECT; ngày ƯỚC TÍNH (theo số PS)
193407,L0668498AA02,714080,85,,,80000,2026-08-28 18:00:00,30044,SHIP suy từ cờ Shipped + PS# của WORK ORDER; qty=tổng SELECT; ngày ƯỚC TÍNH (theo số PS)
192701,W520111-S440,714083,1049,,,126000,2026-08-02 18:00:00,29927,SHIP suy từ cờ Shipped + PS# của WORK ORDER; qty=tổng SELECT; ngày ƯỚC TÍNH (theo số PS)
192708,11546571,714088,870,,,54970,2026-08-01 18:00:00,29921,SHIP suy từ cờ Shipped + PS# của WORK ORDER; qty=PIECES; ngày ƯỚC TÍNH (theo số PS)
192708,11546571,714089,1551,,,41856,2026-08-02 18:00:00,29929,SHIP suy từ cờ Shipped + PS# của WORK ORDER; qty=PIECES; ngày ƯỚC TÍNH (theo số PS)
192708,11546571,714090,907,,,48084,2026-08-01 18:00:00,29921,SHIP suy từ cờ Shipped + PS# của WORK ORDER; qty=PIECES; ngày ƯỚC TÍNH (theo số PS)
192708,11546571,714091,41,,,52156,2026-08-01 18:00:00,29921,SHIP suy từ cờ Shipped + PS# của WORK ORDER; qty=PIECES; ngày ƯỚC TÍNH (theo số PS)
191594,P3001150,714093,1743,,,48825,2026-07-26 18:00:00,29895,SHIP suy từ cờ Shipped + PS# của WORK ORDER; qty=tổng SELECT; ngày ƯỚC TÍNH (theo số PS)
192737,11546367-MY-AK,714108,215,,,25200,2026-08-03 18:00:00,29934,SHIP suy từ cờ Shipped + PS# của WORK ORDER; qty=tổng SELECT; ngày lấy từ dòng khác cùng PS
192737,11546367-MY-AK,714109,245,,,25200,2026-08-03 18:00:00,29934,SHIP suy từ cờ Shipped + PS# của WORK ORDER; qty=tổng SELECT; ngày lấy từ dòng khác cùng PS
192737,11546367-MY-AK,714111,581,,,25200,2026-08-03 18:00:00,29934,SHIP suy từ cờ Shipped + PS# của WORK ORDER; qty=tổng SELECT; ngày lấy từ dòng khác cùng PS
192737,11546367-MY-AK,714113,1374,,,25200,2026-08-03 18:00:00,29932,SHIP suy từ cờ Shipped + PS# của WORK ORDER; qty=tổng SELECT; ngày lấy từ dòng khác cùng PS
192696,11546370-MY-AK,714123,1052,,,7081,2026-07-30 18:00:00,29913,SHIP suy từ cờ Shipped + PS# của WORK ORDER; qty=PIECES; ngày ƯỚC TÍNH (theo số PS)
192696,11546370-MY-AK,714124,1601,,,7638,2026-07-31 18:00:00,29919,SHIP suy từ cờ Shipped + PS# của WORK ORDER; qty=PIECES; ngày ƯỚC TÍNH (theo số PS)
192696,11546370-MY-AK,714125,1002,,,7215,2026-08-04 18:00:00,29936,SHIP suy từ cờ Shipped + PS# của WORK ORDER; qty=PIECES; ngày lấy từ dòng khác cùng PS
192696,11546370-MY-AK,714126,440,,,7369,2026-07-30 18:00:00,29913,SHIP suy từ cờ Shipped + PS# của WORK ORDER; qty=PIECES; ngày ƯỚC TÍNH (theo số PS)
192737,11547369,714137,1584,,,12174,2026-08-03 18:00:00,29932,SHIP suy từ cờ Shipped + PS# của WORK ORDER; qty=PIECES; ngày lấy từ dòng khác cùng PS
192701,06511847AA,714152,1305,,,18000,2026-08-03 18:00:00,29932,SHIP suy từ cờ Shipped + PS# của WORK ORDER; qty=tổng SELECT; ngày lấy từ dòng khác cùng PS
192701,06511847AA,714153,878,,,27000,2026-08-03 18:00:00,29934,SHIP suy từ cờ Shipped + PS# của WORK ORDER; qty=tổng SELECT; ngày lấy từ dòng khác cùng PS
192701,06511847AA,714154,1409,,,27000,2026-08-02 18:00:00,29929,SHIP suy từ cờ Shipped + PS# của WORK ORDER; qty=tổng SELECT; ngày ƯỚC TÍNH (theo số PS)
192701,06511847AA,714155,1794,,,27750,2026-08-02 18:00:00,29927,SHIP suy từ cờ Shipped + PS# của WORK ORDER; qty=tổng SELECT; ngày ƯỚC TÍNH (theo số PS)
192629,11547103,714157,1526,,,8376,2026-07-31 18:00:00,29919,SHIP suy từ cờ Shipped + PS# của WORK ORDER; qty=PIECES; ngày ƯỚC TÍNH (theo số PS)
192761,06513514AA,714160,222,,,9437,2026-08-06 18:00:00,29946,SHIP suy từ cờ Shipped + PS# của WORK ORDER; qty=PIECES; ngày lấy từ dòng khác cùng PS
191611,06104384AA,714166,702,,,32250,2026-07-26 18:00:00,29898,SHIP suy từ cờ Shipped + PS# của WORK ORDER; qty=tổng SELECT; ngày ƯỚC TÍNH (theo số PS)
191611,06104384AA,714167,398,,,25397,2026-07-26 18:00:00,29898,SHIP suy từ cờ Shipped + PS# của WORK ORDER; qty=PIECES; ngày ƯỚC TÍNH (theo số PS)
192629,11602326,714218,843,,,4161,2026-07-29 18:00:00,29909,SHIP suy từ cờ Shipped + PS# của WORK ORDER; qty=PIECES; ngày ƯỚC TÍNH (theo số PS)
192629,11602326,714219,114,,,4466,2026-07-29 18:00:00,29909,SHIP suy từ cờ Shipped + PS# của WORK ORDER; qty=PIECES; ngày ƯỚC TÍNH (theo số PS)
192629,11602326,714220,889,,,4261,2026-07-29 18:00:00,29911,SHIP suy từ cờ Shipped + PS# của WORK ORDER; qty=PIECES; ngày ƯỚC TÍNH (theo số PS)
192629,11602326,714221,1649,,,4240,2026-07-29 18:00:00,29909,SHIP suy từ cờ Shipped + PS# của WORK ORDER; qty=PIECES; ngày ƯỚC TÍNH (theo số PS)
192629,11602326,714222,365,,,3468,2026-07-30 18:00:00,29913,SHIP suy từ cờ Shipped + PS# của WORK ORDER; qty=PIECES; ngày ƯỚC TÍNH (theo số PS)
192629,11602326,714223,605,,,4649,2026-07-30 18:00:00,29913,SHIP suy từ cờ Shipped + PS# của WORK ORDER; qty=PIECES; ngày ƯỚC TÍNH (theo số PS)
192629,11602326,714224,590,,,4082,2026-07-29 18:00:00,29911,SHIP suy từ cờ Shipped + PS# của WORK ORDER; qty=PIECES; ngày ƯỚC TÍNH (theo số PS)
192629,11602326,714225,194,,,4616,2026-07-29 18:00:00,29909,SHIP suy từ cờ Shipped + PS# của WORK ORDER; qty=PIECES; ngày ƯỚC TÍNH (theo số PS)
192629,11602326,714226,824,,,4407,2026-07-29 18:00:00,29909,SHIP suy từ cờ Shipped + PS# của WORK ORDER; qty=PIECES; ngày ƯỚC TÍNH (theo số PS)
192629,11602326,714227,1007,,,4332,2026-07-31 18:00:00,29919,SHIP suy từ cờ Shipped + PS# của WORK ORDER; qty=PIECES; ngày ƯỚC TÍNH (theo số PS)
192629,11602326,714228,596,,,3990,2026-07-29 18:00:00,29909,SHIP suy từ cờ Shipped + PS# của WORK ORDER; qty=PIECES; ngày ƯỚC TÍNH (theo số PS)
192629,11602326,714229,982,,,1920,2026-07-31 18:00:00,29919,SHIP suy từ cờ Shipped + PS# của WORK ORDER; qty=tổng SELECT; ngày ƯỚC TÍNH (theo số PS)
192701,06511701AA,714230,484,,,75900,2026-08-02 18:00:00,29929,SHIP suy từ cờ Shipped + PS# của WORK ORDER; qty=tổng SELECT; ngày ƯỚC TÍNH (theo số PS)
192701,06511701AA,714231,363,,,82800,2026-08-01 18:00:00,29921,SHIP suy từ cờ Shipped + PS# của WORK ORDER; qty=tổng SELECT; ngày ƯỚC TÍNH (theo số PS)
191538,W705606-S440,714236,KIB,,,18560,2026-07-25 18:00:00,29893,SHIP suy từ cờ Shipped + PS# của WORK ORDER; qty=tổng SELECT; ngày ƯỚC TÍNH (theo số PS)
191538,W705606-S440,714237,KIB,,,20880,2026-07-24 18:00:00,29888,SHIP suy từ cờ Shipped + PS# của WORK ORDER; qty=tổng SELECT; ngày ƯỚC TÍNH (theo số PS)
192745,NU3019-00,714238,388,,,5192,2026-08-01 18:00:00,29922,SHIP suy từ cờ Shipped + PS# của WORK ORDER; qty=PIECES; ngày ƯỚC TÍNH (theo số PS)
192745,NU3019-00,714239,1722,,,5024,2026-08-01 18:00:00,29922,SHIP suy từ cờ Shipped + PS# của WORK ORDER; qty=PIECES; ngày ƯỚC TÍNH (theo số PS)
192745,NU3019-00,714240,510,,,5728,2026-08-01 18:00:00,29922,SHIP suy từ cờ Shipped + PS# của WORK ORDER; qty=PIECES; ngày ƯỚC TÍNH (theo số PS)
192745,NU3019-00,714241,1511,,,4377,2026-08-01 18:00:00,29922,SHIP suy từ cờ Shipped + PS# của WORK ORDER; qty=PIECES; ngày ƯỚC TÍNH (theo số PS)
192745,NU3019-00,714242,256,,,4612,2026-08-01 18:00:00,29922,SHIP suy từ cờ Shipped + PS# của WORK ORDER; qty=PIECES; ngày ƯỚC TÍNH (theo số PS)
192745,NU3019-00,714243,552,,,5469,2026-08-01 18:00:00,29922,SHIP suy từ cờ Shipped + PS# của WORK ORDER; qty=PIECES; ngày ƯỚC TÍNH (theo số PS)
193530,HL3W-4320-AA,714252,468,,,4800,2026-09-05 18:00:00,30080,SHIP suy từ cờ Shipped + PS# của WORK ORDER; qty=tổng SELECT; ngày ƯỚC TÍNH (theo số PS)
193407,L0668498AA02,714262,609,,,96000,2026-08-28 18:00:00,30044,SHIP suy từ cờ Shipped + PS# của WORK ORDER; qty=tổng SELECT; ngày ƯỚC TÍNH (theo số PS)
192613,11549204,714264,928,,,7429,2026-07-31 18:00:00,29919,SHIP suy từ cờ Shipped + PS# của WORK ORDER; qty=PIECES; ngày ƯỚC TÍNH (theo số PS)
192613,11549204,714265,1514,,,7589,2026-07-31 18:00:00,29919,SHIP suy từ cờ Shipped + PS# của WORK ORDER; qty=PIECES; ngày ƯỚC TÍNH (theo số PS)
192613,11549204,714266,1412,,,6989,2026-07-31 18:00:00,29919,SHIP suy từ cờ Shipped + PS# của WORK ORDER; qty=PIECES; ngày ƯỚC TÍNH (theo số PS)
192613,11549204,714267,794,,,8070,2026-07-31 18:00:00,29919,SHIP suy từ cờ Shipped + PS# của WORK ORDER; qty=PIECES; ngày ƯỚC TÍNH (theo số PS)
192696,11549204,714268,1370,,,7436,2026-08-02 18:00:00,29927,SHIP suy từ cờ Shipped + PS# của WORK ORDER; qty=PIECES; ngày ƯỚC TÍNH (theo số PS)
192696,11549204,714269,51,,,7689,2026-08-02 18:00:00,29927,SHIP suy từ cờ Shipped + PS# của WORK ORDER; qty=PIECES; ngày ƯỚC TÍNH (theo số PS)
192696,11549204,714272,292,,,7410,2026-08-04 18:00:00,29936,SHIP suy từ cờ Shipped + PS# của WORK ORDER; qty=PIECES; ngày lấy từ dòng khác cùng PS
192696,11549204,714273,1383,,,7751,2026-08-03 18:00:00,29939,SHIP suy từ cờ Shipped + PS# của WORK ORDER; qty=PIECES; ngày lấy từ dòng khác cùng PS
192696,11546377,714312,525,,,77400,2026-08-01 18:00:00,29921,SHIP suy từ cờ Shipped + PS# của WORK ORDER; qty=tổng SELECT; ngày ƯỚC TÍNH (theo số PS)
192696,11546377,714316,515,,,77400,2026-08-02 18:00:00,29927,SHIP suy từ cờ Shipped + PS# của WORK ORDER; qty=tổng SELECT; ngày ƯỚC TÍNH (theo số PS)
192696,11546377,714317,555,,,73100,2026-08-02 18:00:00,29927,SHIP suy từ cờ Shipped + PS# của WORK ORDER; qty=tổng SELECT; ngày ƯỚC TÍNH (theo số PS)
192696,11546377,714318,1022,,,77400,2026-08-02 18:00:00,29927,SHIP suy từ cờ Shipped + PS# của WORK ORDER; qty=tổng SELECT; ngày ƯỚC TÍNH (theo số PS)
192696,11546377,714320,127,,,77400,2026-08-02 18:00:00,29927,SHIP suy từ cờ Shipped + PS# của WORK ORDER; qty=tổng SELECT; ngày ƯỚC TÍNH (theo số PS)
192761,06104388AA,714339,678,,,19831,2026-08-07 18:00:00,29954,SHIP suy từ cờ Shipped + PS# của WORK ORDER; qty=PIECES; ngày lấy từ dòng khác cùng PS
192761,06104388AA,714341,1772,,,20291,2026-08-03 18:00:00,29939,SHIP suy từ cờ Shipped + PS# của WORK ORDER; qty=PIECES; ngày lấy từ dòng khác cùng PS
192761,06104388AA,714342,439,,,20339,2026-08-03 18:00:00,29939,SHIP suy từ cờ Shipped + PS# của WORK ORDER; qty=PIECES; ngày lấy từ dòng khác cùng PS
192761,06104388AA,714343,432,,,20145,2026-08-07 18:00:00,29954,SHIP suy từ cờ Shipped + PS# của WORK ORDER; qty=PIECES; ngày lấy từ dòng khác cùng PS
191538,W705606-S440,714394,KIB,,,20880,2026-07-26 18:00:00,29895,SHIP suy từ cờ Shipped + PS# của WORK ORDER; qty=tổng SELECT; ngày ƯỚC TÍNH (theo số PS)
191538,W705606-S440,714395,KIB,,,18560,2026-07-29 18:00:00,29911,SHIP suy từ cờ Shipped + PS# của WORK ORDER; qty=tổng SELECT; ngày ƯỚC TÍNH (theo số PS)
192761,11611548,714400,KIB,,,5000,2026-08-03 18:00:00,29939,SHIP suy từ cờ Shipped + PS# của WORK ORDER; qty=PIECES; ngày lấy từ dòng khác cùng PS
192761,11611548,714401,KIB,,,5000,2026-08-03 18:00:00,29939,SHIP suy từ cờ Shipped + PS# của WORK ORDER; qty=PIECES; ngày lấy từ dòng khác cùng PS
192761,11611548,714402,KIB,,,5000,2026-08-07 18:00:00,29954,SHIP suy từ cờ Shipped + PS# của WORK ORDER; qty=PIECES; ngày lấy từ dòng khác cùng PS
192761,11611548,714403,KIB,,,5000,2026-08-06 18:00:00,29946,SHIP suy từ cờ Shipped + PS# của WORK ORDER; qty=PIECES; ngày lấy từ dòng khác cùng PS
192761,M1482AC,714415,KIB,,,10000,2026-08-03 18:00:00,29939,SHIP suy từ cờ Shipped + PS# của WORK ORDER; qty=PIECES; ngày lấy từ dòng khác cùng PS
192761,M1482AC,714416,KIB,,,5000,2026-08-03 18:00:00,29939,SHIP suy từ cờ Shipped + PS# của WORK ORDER; qty=PIECES; ngày lấy từ dòng khác cùng PS
192745,NU1405-00,714462,1598,,,74800,2026-08-05 18:00:00,29949,SHIP suy từ cờ Shipped + PS# của WORK ORDER; qty=tổng SELECT; ngày lấy từ dòng khác cùng PS
192745,NU1405-00,714463,1761,,,75000,2026-08-02 18:00:00,29927,SHIP suy từ cờ Shipped + PS# của WORK ORDER; qty=tổng SELECT; ngày ƯỚC TÍNH (theo số PS)
192745,NU1405-00,714464,448,,,75000,2026-08-02 18:00:00,29927,SHIP suy từ cờ Shipped + PS# của WORK ORDER; qty=tổng SELECT; ngày ƯỚC TÍNH (theo số PS)
192745,NU1405-00,714465,1067,,,75000,2026-08-02 18:00:00,29927,SHIP suy từ cờ Shipped + PS# của WORK ORDER; qty=tổng SELECT; ngày ƯỚC TÍNH (theo số PS)
192745,NU1510-00,714468,1612,,,44000,2026-08-01 18:00:00,29922,SHIP suy từ cờ Shipped + PS# của WORK ORDER; qty=PIECES; ngày ƯỚC TÍNH (theo số PS)
192745,NU1510-00,714470,633,,,40000,2026-08-01 18:00:00,29922,SHIP suy từ cờ Shipped + PS# của WORK ORDER; qty=PIECES; ngày ƯỚC TÍNH (theo số PS)
192696,11546364-MY-AK,714488,703,,,122500,2026-08-03 18:00:00,29932,SHIP suy từ cờ Shipped + PS# của WORK ORDER; qty=tổng SELECT; ngày lấy từ dòng khác cùng PS
192696,11546364-MY-AK,714489,1651,,,126000,2026-08-06 18:00:00,29946,SHIP suy từ cờ Shipped + PS# của WORK ORDER; qty=tổng SELECT; ngày lấy từ dòng khác cùng PS
192696,11546364-MY-AK,714491,389,,,126000,2026-08-01 18:00:00,29921,SHIP suy từ cờ Shipped + PS# của WORK ORDER; qty=tổng SELECT; ngày ƯỚC TÍNH (theo số PS)
192696,11546364-MY-AK,714493,655,,,126000,2026-08-01 18:00:00,29921,SHIP suy từ cờ Shipped + PS# của WORK ORDER; qty=tổng SELECT; ngày ƯỚC TÍNH (theo số PS)
192696,11546364-MY-AK,714494,1501,,,126000,2026-08-01 18:00:00,29921,SHIP suy từ cờ Shipped + PS# của WORK ORDER; qty=tổng SELECT; ngày ƯỚC TÍNH (theo số PS)
192696,11546364-MY-AK,714495,1038,,,126000,2026-08-02 18:00:00,29927,SHIP suy từ cờ Shipped + PS# của WORK ORDER; qty=tổng SELECT; ngày ƯỚC TÍNH (theo số PS)
192701,40109770,714496,665,,,8862,2026-08-02 18:00:00,29927,SHIP suy từ cờ Shipped + PS# của WORK ORDER; qty=PIECES; ngày ƯỚC TÍNH (theo số PS)
192701,40109770,714497,293,,,8223,2026-08-02 18:00:00,29929,SHIP suy từ cờ Shipped + PS# của WORK ORDER; qty=PIECES; ngày ƯỚC TÍNH (theo số PS)
192701,40109770,714498,379,,,8104,2026-08-02 18:00:00,29927,SHIP suy từ cờ Shipped + PS# của WORK ORDER; qty=PIECES; ngày ƯỚC TÍNH (theo số PS)
192701,40109770,714499,1631,,,8736,2026-08-02 18:00:00,29929,SHIP suy từ cờ Shipped + PS# của WORK ORDER; qty=PIECES; ngày ƯỚC TÍNH (theo số PS)
192701,06511701AA,714500,374,,,82800,2026-08-01 18:00:00,29921,SHIP suy từ cờ Shipped + PS# của WORK ORDER; qty=tổng SELECT; ngày ƯỚC TÍNH (theo số PS)
192701,06511701AA,714501,427,,,82800,2026-08-02 18:00:00,29927,SHIP suy từ cờ Shipped + PS# của WORK ORDER; qty=tổng SELECT; ngày ƯỚC TÍNH (theo số PS)
192737,06101831-A,714516,725,,,36000,2026-08-03 18:00:00,29934,SHIP suy từ cờ Shipped + PS# của WORK ORDER; qty=tổng SELECT; ngày lấy từ dòng khác cùng PS
192737,06101831-A,714517,1448,,,36000,2026-08-03 18:00:00,29932,SHIP suy từ cờ Shipped + PS# của WORK ORDER; qty=tổng SELECT; ngày lấy từ dòng khác cùng PS
192745,06100050-A,714608,1635,,,49681,2026-08-02 18:00:00,29929,SHIP suy từ cờ Shipped + PS# của WORK ORDER; qty=PIECES; ngày ƯỚC TÍNH (theo số PS)
192745,06100050-A,714612,87,,,53085,2026-08-03 18:00:00,29932,SHIP suy từ cờ Shipped + PS# của WORK ORDER; qty=PIECES; ngày lấy từ dòng khác cùng PS
192745,06100050-A,714613,663,,,56649,2026-08-02 18:00:00,29929,SHIP suy từ cờ Shipped + PS# của WORK ORDER; qty=PIECES; ngày ƯỚC TÍNH (theo số PS)
193262,11546774-MY-AK,714652,219,,,16200,2026-09-03 18:00:00,30069,SHIP suy từ cờ Shipped + PS# của WORK ORDER; qty=tổng SELECT; ngày ƯỚC TÍNH (theo số PS)
193267,W520101-S442,714693,147,,,270000,2026-08-31 18:00:00,30059,SHIP suy từ cờ Shipped + PS# của WORK ORDER; qty=tổng SELECT; ngày ƯỚC TÍNH (theo số PS)
193079,11546566,715790,1416,,,48600,2026-08-13 18:00:00,29977,SHIP suy từ cờ Shipped + PS# của WORK ORDER; qty=tổng SELECT; ngày lấy từ dòng khác cùng PS
193079,22800396,715802,161,,,29900,2026-08-13 18:00:00,29977,SHIP suy từ cờ Shipped + PS# của WORK ORDER; qty=tổng SELECT; ngày lấy từ dòng khác cùng PS
193398,11546369-MY-AK,715952,1377,,,11100,2026-08-28 18:00:00,30044,SHIP suy từ cờ Shipped + PS# của WORK ORDER; qty=tổng SELECT; ngày ƯỚC TÍNH (theo số PS)
193079,11546571,716000,341,,,52700,2026-08-28 18:00:00,30044,SHIP suy từ cờ Shipped + PS# của WORK ORDER; qty=tổng SELECT; ngày ƯỚC TÍNH (theo số PS)
193398,11547369-BR-HA,716030,107,,,9500,2026-08-28 18:00:00,30044,SHIP suy từ cờ Shipped + PS# của WORK ORDER; qty=tổng SELECT; ngày ƯỚC TÍNH (theo số PS)
193322,11546367-MY-AK,716139,432,,,25200,2026-08-25 18:00:00,30031,SHIP suy từ cờ Shipped + PS# của WORK ORDER; qty=tổng SELECT; ngày ƯỚC TÍNH (theo số PS)
193550,11549168,716231,1519,,,36000,2026-08-28 18:00:00,30043,SHIP suy từ cờ Shipped + PS# của WORK ORDER; qty=tổng SELECT; ngày ƯỚC TÍNH (theo số PS)
193336,11547059,716256,510,,,39600,2026-08-25 18:00:00,30030,SHIP suy từ cờ Shipped + PS# của WORK ORDER; qty=tổng SELECT; ngày ƯỚC TÍNH (theo số PS)
192887,PZ18-7P483-AA,716404-,1083,,,7515,2026-08-06 18:00:00,29946,SHIP suy từ cờ Shipped + PS# của WORK ORDER; qty=PIECES; ngày lấy từ dòng khác cùng PS
192887,PZ18-7P483-AA,716412-,799,,,963,2026-08-06 18:00:00,29946,SHIP suy từ cờ Shipped + PS# của WORK ORDER; qty=PIECES; ngày lấy từ dòng khác cùng PS
193378,06502979-A,716537,1445,,,21000,2026-09-10 18:00:00,30101,SHIP suy từ cờ Shipped + PS# của WORK ORDER; qty=tổng SELECT; ngày ƯỚC TÍNH (theo số PS)
193570,11546365-MY-AK,716821,1653,,,68400,2026-09-10 18:00:00,30101,SHIP suy từ cờ Shipped + PS# của WORK ORDER; qty=tổng SELECT; ngày ƯỚC TÍNH (theo số PS)
193398,11546448,716855,264,,,118800,2026-08-28 18:00:00,30044,SHIP suy từ cờ Shipped + PS# của WORK ORDER; qty=tổng SELECT; ngày ƯỚC TÍNH (theo số PS)
193322,11546449,716875,1074,,,90000,2026-08-26 18:00:00,30037,SHIP suy từ cờ Shipped + PS# của WORK ORDER; qty=tổng SELECT; ngày ƯỚC TÍNH (theo số PS)
193322,11546449,716876,1620,,,90000,2026-09-02 18:00:00,30065,SHIP suy từ cờ Shipped + PS# của WORK ORDER; qty=tổng SELECT; ngày ƯỚC TÍNH (theo số PS)
193398,06101831-A,716893,431,,,36000,2026-08-28 18:00:00,30044,SHIP suy từ cờ Shipped + PS# của WORK ORDER; qty=tổng SELECT; ngày ƯỚC TÍNH (theo số PS)
193339,11548414,717051,44,,,17460,2026-08-31 18:00:00,30059,SHIP suy từ cờ Shipped + PS# của WORK ORDER; qty=tổng SELECT; ngày ƯỚC TÍNH (theo số PS)
193407,11546463,717061,854,,,16200,2026-08-28 18:00:00,30044,SHIP suy từ cờ Shipped + PS# của WORK ORDER; qty=tổng SELECT; ngày ƯỚC TÍNH (theo số PS)
193407,11546463,717064,364,,,16200,2026-08-28 18:00:00,30044,SHIP suy từ cờ Shipped + PS# của WORK ORDER; qty=tổng SELECT; ngày ƯỚC TÍNH (theo số PS)
193398,06101736-A,717111,1545,,,83200,2026-08-28 18:00:00,30044,SHIP suy từ cờ Shipped + PS# của WORK ORDER; qty=tổng SELECT; ngày ƯỚC TÍNH (theo số PS)
193407,11602031-IN-PN,717130,54,,,4060,2026-08-28 18:00:00,30044,SHIP suy từ cờ Shipped + PS# của WORK ORDER; qty=tổng SELECT; ngày ƯỚC TÍNH (theo số PS)
193407,11546463-TH-TC,717147,901,,,14400,2026-08-28 18:00:00,30044,SHIP suy từ cờ Shipped + PS# của WORK ORDER; qty=tổng SELECT; ngày ƯỚC TÍNH (theo số PS)
193407,11546463-TH-TC,717149,417,,,14850,2026-08-28 18:00:00,30044,SHIP suy từ cờ Shipped + PS# của WORK ORDER; qty=tổng SELECT; ngày ƯỚC TÍNH (theo số PS)
193530,06100050-A,717260,513,,,54000,2026-09-05 18:00:00,30080,SHIP suy từ cờ Shipped + PS# của WORK ORDER; qty=tổng SELECT; ngày ƯỚC TÍNH (theo số PS)
193627,11610091-MY-AK,717285,399,,,110000,2026-09-05 18:00:00,30080,SHIP suy từ cờ Shipped + PS# của WORK ORDER; qty=tổng SELECT; ngày ƯỚC TÍNH (theo số PS)
193267,715150010W,717442,34CTNS,,,85000,2026-09-02 18:00:00,30065,SHIP suy từ cờ Shipped + PS# của WORK ORDER; qty=tổng SELECT; ngày ƯỚC TÍNH (theo số PS)
193751,06511637AA,717530,1341,,,43200,2026-09-05 18:00:00,30080,SHIP suy từ cờ Shipped + PS# của WORK ORDER; qty=tổng SELECT; ngày ƯỚC TÍNH (theo số PS)
193627,11610091-MY-AK,717566,1806,,,90000,2026-09-05 18:00:00,30080,SHIP suy từ cờ Shipped + PS# của WORK ORDER; qty=tổng SELECT; ngày ƯỚC TÍNH (theo số PS)
193696,06101736-A,717765,1352,,,243200,2026-09-12 18:00:00,30111,SHIP suy từ cờ Shipped + PS# của WORK ORDER; qty=tổng SELECT; ngày ƯỚC TÍNH (theo số PS)
193827,06509967AA,717791,KIB,,,16500,2026-09-14 18:00:00,30122,SHIP suy từ cờ Shipped + PS# của WORK ORDER; qty=tổng SELECT; ngày ƯỚC TÍNH (theo số PS)
193842,11546370-IN-PN,717818,236,,,8140,2026-09-14 18:00:00,30122,SHIP suy từ cờ Shipped + PS# của WORK ORDER; qty=tổng SELECT; ngày ƯỚC TÍNH (theo số PS)
193778,NU3019-00,717822,1019,,,4700,2026-09-05 18:00:00,30080,SHIP suy từ cờ Shipped + PS# của WORK ORDER; qty=tổng SELECT; ngày ƯỚC TÍNH (theo số PS)
193778,NU3019-00,717824,1408,,,4700,2026-09-05 18:00:00,30080,SHIP suy từ cờ Shipped + PS# của WORK ORDER; qty=tổng SELECT; ngày ƯỚC TÍNH (theo số PS)
193778,NU3019-00,717825,426,,,4700,2026-09-05 18:00:00,30080,SHIP suy từ cờ Shipped + PS# của WORK ORDER; qty=tổng SELECT; ngày ƯỚC TÍNH (theo số PS)
193778,NU3019-00,717826,760,,,4700,2026-09-05 18:00:00,30080,SHIP suy từ cờ Shipped + PS# của WORK ORDER; qty=tổng SELECT; ngày ƯỚC TÍNH (theo số PS)
193778,NU3019-00,717827,935,,,4700,2026-09-05 18:00:00,30080,SHIP suy từ cờ Shipped + PS# của WORK ORDER; qty=tổng SELECT; ngày ƯỚC TÍNH (theo số PS)
193778,NU3019-00,717828,1536,,,4700,2026-09-05 18:00:00,30080,SHIP suy từ cờ Shipped + PS# của WORK ORDER; qty=tổng SELECT; ngày ƯỚC TÍNH (theo số PS)
193778,NU3019-00,717829,466,,,5270,2026-09-05 18:00:00,30080,SHIP suy từ cờ Shipped + PS# của WORK ORDER; qty=tổng SELECT; ngày ƯỚC TÍNH (theo số PS)
193778,NU3019-00,717830,1690,,,4700,2026-09-05 18:00:00,30080,SHIP suy từ cờ Shipped + PS# của WORK ORDER; qty=tổng SELECT; ngày ƯỚC TÍNH (theo số PS)
193778,NU3019-00,717831,1357,,,5900,2026-09-05 18:00:00,30080,SHIP suy từ cờ Shipped + PS# của WORK ORDER; qty=tổng SELECT; ngày ƯỚC TÍNH (theo số PS)
193696,06101831-A,717912,1092,,,12000,2026-09-13 18:00:00,30117,SHIP suy từ cờ Shipped + PS# của WORK ORDER; qty=tổng SELECT; ngày ƯỚC TÍNH (theo số PS)
193696,11546377-PH-RO,718124,1011,,,10750,2026-09-05 18:00:00,30080,SHIP suy từ cờ Shipped + PS# của WORK ORDER; qty=tổng SELECT; ngày ƯỚC TÍNH (theo số PS)
193696,11546377,718131,1363,,,70950,2026-09-10 18:00:00,30101,SHIP suy từ cờ Shipped + PS# của WORK ORDER; qty=tổng SELECT; ngày ƯỚC TÍNH (theo số PS)
193696,11546377,718132,1526,,,43000,2026-09-05 18:00:00,30080,SHIP suy từ cờ Shipped + PS# của WORK ORDER; qty=tổng SELECT; ngày ƯỚC TÍNH (theo số PS)
193696,11546377,718134,85,,,77400,2026-09-10 18:00:00,30101,SHIP suy từ cờ Shipped + PS# của WORK ORDER; qty=tổng SELECT; ngày ƯỚC TÍNH (theo số PS)
193696,11546377,718138,1668,,,77400,2026-09-13 18:00:00,30117,SHIP suy từ cờ Shipped + PS# của WORK ORDER; qty=tổng SELECT; ngày ƯỚC TÍNH (theo số PS)
193696,11546377,718140,401,,,34400,2026-09-05 18:00:00,30080,SHIP suy từ cờ Shipped + PS# của WORK ORDER; qty=tổng SELECT; ngày ƯỚC TÍNH (theo số PS)
193696,11546377,718141,1551,,,79550,2026-09-10 18:00:00,30101,SHIP suy từ cờ Shipped + PS# của WORK ORDER; qty=tổng SELECT; ngày ƯỚC TÍNH (theo số PS)
193751,SL2404-00,718803,KIB,,,2800,2026-09-12 18:00:00,30111,SHIP suy từ cờ Shipped + PS# của WORK ORDER; qty=tổng SELECT; ngày ƯỚC TÍNH (theo số PS)
