traveler,partNo,pot,weight,pieces,po,date,labelFormat,finalLot,note,shipped,ps
11546368-my-ak,714105,339,,,,2026-08-14,,6-224-25-D,,,
171647,11546389-PH-RO-T,1060,1050,136364,193611,2026-09-01,,,,0,0
176287,117546774-MY-AK,1346,993,13753,193665,2026-09-01,,6-243-36-D,,0,0
660087,55718-S2,1098,1369,41000,193262,2026-08-18,,6-230-39-A,,Shipped,30006
660088,55718-S2,1713,1069,32000,193262,2026-08-18,,6-230-39-B,,Shipped,30008
660149,91054CH,36 CTNS,1077,61200,181897,2025-11-07,,5-354-16-C,,0,0
670132,N620482-S2,568,712,25070,181458,2025-10-21,,INFASCO,,0,0
671620,91054,7CTNS,209,11900,181897,2025-11-07,,5-014-15-A,,0,0
676312,11612078-B,243,1311,74489,180092,2025-08-27,,5-239-19-C,,0,0
676584,06100050-A,1552,1156,61489,181112,2025-10-07,,5-272-31-a,,0,0
681306,11612078-B,475,1021,58000,181022,2025-10-03,,5-275-16-A,,0,0
684286,11612078-B,1699,1167,66307,180092,2025-08-27,,5-239-19-A,,0,0
685327,11546377BR,681,1044,67792,181873,2025-11-07,,TRAVELERRECEIVED,,0,0
686566,11612078-B,1701,1285,73000,181861,2025-11-05,,5-307-37-A,,0,0
686571,11546364,1618,750,90361,181929,2025-11-10,,TRAVELERRECEIVED,RED TRAVELER,0,0
686574,11546364,1019,925,111446,181929,2025-11-10,,TRAVELERRECEIVED,RED TRAVELER,0,0
686591,11612078-B,239,1320,75000,181362,2025-10-16,,5-28835-B,,0,0
686933,11549168-B,1046,1160,40845,181144,2025-10-08,,TRAVELERRECEIVED,,0,0
686935,11549168-B,48,1221,43000,181144,2025-10-08,,TRAVELERRECEIVED,,0,0
686936,11549168-B,1326,1221,43000,181144,2025-10-08,,TRAVELERRECEIVED,,0,0
687133,11612078-B,762,1408,80000,181861,2025-11-05,,5-307-36-A,,0,0
687873,11612078-B,1316,1197,68000,181861,2025-11-05,,5-307-35-A,,0,0
687902,11549168-B,1553,1136,40000,181144,2025-10-08,,TRAVELERRECEIVED,,0,0
687904,11549168-B,855,1164,41000,181356,2025-10-16,,TRAVELERRECEIVED,,0,0
687906,11549168-B,15,1250,44000,181851,2025-11-06,,TRAVELERRECEIVED,,0,0
687907,11549168-B,839,1136,40000,181851,2025-11-06,,TRAVELERRECEIVED,,0,0
688059,91054CH,15 CTNS,1167,66300,181897,2025-11-07,,5-290-19-A,,0,0
688378,91054CH,39 CTNS,1167,66300,181897,2025-11-07,,5-290-19-B,,0,0
688756,11546370,221,1127,7564,181208,2025-10-10,,TRAVELERRECEIVED,,0,0
688785,11549168-B,1083,1250,44000,181851,2025-11-06,,TRAVELERRECEIVED,,0,0
688787,11549168-B,496,1306,46000,181851,2025-11-06,,TRAVELERRECEIVED,,0,0
688789,11549168-B,834,1164,41000,181851,2025-11-06,,TRAVELERRECEIVED,,0,0
688790,11549168-B,1369,1250,44000,181851,2025-11-06,,TRAVELERRECEIVED,,0,0
689010,W520111-S440,1003,1204,98689,181458,2025-10-21,,SORT & RETURN,WAS P3001650,0,0
689047,11546367-B,434,1133,24366,181873,2025-11-07,,TRAVELERRECEIVED,,0,0
689123,11546368-B,752,1206,16612,182045,2025-11-14,,TRAVELERRECEIVED,,0,0
689180,11548535,41CTNS,1230,6150,182026,2025-11-13,,5-294-28-D,,0,0
689440,06511672AA,503,889,36138,181861,2025-11-05,,5-310-31-A,,0,0
689607,11546364-MY-AK,1581,191,23000,181873,2025-11-07,,TRAVELERRECEIVED,,0,0
689931,W520111-S440,453,1124,135422,181406,2025-10-20,,TRAVELERRECEIVED,DOUBLE SORT,0,0
689987,11549168-B,828,1278,45000,181851,2025-11-06,,TRAVELERRECEIVED,,0,0
690011,NU6100-B,729,1096,14517,182064,2025-11-14,,,,0,0
690016,NU6100-B,673,1093,14477,182064,2025-11-14,,,,0,0
690062,11611883,1373,728,125517,181586,2025-10-27,,5-293-50-A,,0,0
690079,11611883,1684,765,131897,181586,2025-10-27,,5-293-53-B,,0,0
690080,11611883,1066,711,122586,181586,2025-10-27,,5-293-54-A,,0,0
690142,11546370,306,1071,7188,181978,2025-11-12,,TRAVELERRECEIVED,,0,0
690147,91058,414,1188,41831,182073,2025-11-14,,5-315-20-a,,0,0
690148,91058,815,1126,39648,182073,2025-11-14,,5-315-20-b,,0,0
690151,E6267AB,1678,1101,23376,181873,2025-11-07,,TRAVELERRECEIVED,,0,0
690161,11546378,794,1157,44330,181978,2025-11-12,,TRAVELERRECEIVED,,0,0
690162,11546378,692,1112,42605,181978,2025-11-12,,TRAVELERRECEIVED,,0,0
690165,11546369,751,1148,10232,182045,2025-11-14,,,,0,0
690166,11546369,410,1043,9296,182045,2025-11-14,,,,0,0
690226,11546368-B,357,1146,15785,182045,2025-11-14,,TRAVELERRECEIVED,,0,0
690348,11546367-B,1016,1210,26022,181873,2025-11-07,,TRAVELERRECEIVED,,0,0
690465,11612078-B,755,1267,72000,181937,2025-11-10,,SORT&RETURN,,0,0
690472,91054,328,1258,71477,182073,2025-11-14,,5-315-21-A,,0,0
690473,91054,298,1017,57784,182073,2025-11-14,,5-315-21-B,,0,0
690526,11546703,109,1043,135455,181861,2025-11-05,,5-310-29-A,,0,0
690552,11546389,579,945,122727,181541,2025-10-24,,TRAVELERRECEIVED,,0,0
690553,11546389,375,926,120260,181541,2025-10-24,,TRAVELERRECEIVED,,0,0
690588,15047163,659,1210,66120,181978,2025-11-12,,TRAVELERRECEIVED,,0,0
690745,W520113-S440,221,1135,39965,181888,2025-11-07,,TRAVELERRECEIVED,,0,0
690750,11549169,233,1214,25775,181851,2025-11-06,,TRAVELERRECEIVED,,0,0
690751,11549169,502,1081,22951,181851,2025-11-06,,TRAVELERRECEIVED,,0,0
690754,11516077,1625,1187,43640,181888,2025-11-07,,TRAVELERRECEIVED,,0,0
690755,11516077,241,1122,41250,181888,2025-11-07,,TRAVELERRECEIVED,,0,0
690757,11609789,1519,1097,102523,181897,2025-11-07,,5-316-25-A,,0,0
690758,11546378,230,1025,39272,181804,2025-11-05,,TRAVELERRECEIVED,,0,0
690808,06511799aa,43CTNS,1028,66753,182073,2025-11-14,,5-318-31-A,,0,0
690809,06511799AA,40CTNS,1012,65714,182073,2025-11-14,,5-318-31-B,,0,0
690811,06511799AA,33 CTNS,982,63766,181861,2025-11-05,,5-310-26-B,,0,0
690812,06511799AA,41CTNS,999,64870,182073,2025-11-14,,5-318-32-A,,0,0
690816,06511799AA,43CTNS,1000,64935,182073,2025-11-14,,5-318-32-B,,0,0
690817,06511799AA,43CTNS,1043,67727,182073,2025-11-14,,5-318-32-C,,0,0
690819,NU5108-00,1051,1144,65000,181814,2025-11-05,,5-309-27-A,,0,0
690820,NU5108-00,979,1144,65000,181897,2025-11-07,,5-314-42-A,,0,0
690821,NU5108-00,209,1197,68000,181648,2025-10-29,,5-302-23-A,,0,0
690980,11546369,332,1046,9323,182045,2025-11-14,,,,0,0
690981,11546369,1694,1125,10027,182045,2025-11-14,,,,0,0
690982,11546369,1108,1090,9715,182045,2025-11-14,,,,0,0
690983,11546369,309,1119,9973,182045,2025-11-14,,,,0,0
690984,11546378,550,1179,45172,181978,2025-11-12,,TRAVELERRECEIVED,,0,0
690985,11546378,750,1098,42069,181978,2025-11-12,,TRAVELERRECEIVED,,0,0
691040,W716298-S450,1059,687,90395,181785,2025-11-04,,5-307-44-A,,0,0
691045,W711953-S900,1557,968,58667,181937,2025-11-10,,5-314-37-A,,0,0
691056,11610091,631,1220,79221,181937,2025-11-10,,5-314-35-A,,0,0
691057,11610091,787,1152,74805,181785,2025-11-04,,5-307-41-A,,0,0
691058,11610091,1018,1208,78442,181785,2025-11-04,,5-307-40-A,,0,0
691059,11610091,321,1147,74481,181785,2025-11-04,,5-307-40-B,,0,0
691061,11610091,1302,1127,73182,181785,2025-11-04,,5-307-42-B,,0,0
691063,91054CH,100,,,181621,2025-10-28,,SORT&RETURN,,0,0
691067,11546368-B,30,1197,16488,182045,2025-11-14,,TRAVELERRECEIVED,,0,0
691068,11546368-B,313,1142,15730,182045,2025-11-14,,TRAVELERRECEIVED,,0,0
691071,11546368-B,232,1203,16570,182045,2025-11-14,,TRAVELERRECEIVED,,0,0
691111,11546367,1421,1192,25634,182064,2025-11-14,,,,0,0
691112,11546367,263,1091,23462,182064,2025-11-14,,,,0,0
691125,11546367,363,1125,24194,182064,2025-11-14,,,,0,0
691126,11546367,1359,1168,25118,182064,2025-11-14,,,,0,0
691131,55364498AA,1647,835,14649,182073,2025-11-14,,5-311-28-A,,0,0
691132,55364498AA,466,564,9895,182073,2025-11-14,,5-311-28-B,,0,0
691168,11612078-B,1095,1302,74000,181897,2025-11-07,,SORT&RETURN,,0,0
691169,11612078,1520,1514,86000,182026,2025-11-13,,SORT AND RETURN,,0,0
691176,11612078-B,1617,1285,73000,192899,2026-08-06,,SORT&RETURN,,Shipped,0
691176-,11612078-B,1101,1285,73000,187142,2026-02-13,,SORT&RETURN,,Shipped,29801
691177,11612078-B,8,1197,68000,181897,2025-11-07,,SORT&RETURN,,0,0
691192,11546364,336,1006,121205,181851,2025-11-06,,TRAVELERRECEIVED,,0,0
691194,11546364,21,1062,127952,181851,2025-11-06,,TRAVELERRECEIVED,,0,0
691195,11546364,1060,1043,125663,181851,2025-11-06,,TRAVELERRECEIVED,,0,0
691198,11546389,900,964,125195,181745,2025-11-03,,TRAVELERRECEIVED,,0,0
691199,11546389,1601,962,124935,181745,2025-11-03,,TRAVELERRECEIVED,,0,0
691200,11546389,200,864,112208,181745,2025-11-03,,TRAVELERRECEIVED,,0,0
691202,11546377,1367,1046,67922,181873,2025-11-07,,TRAVELERRECEIVED,,0,0
691203,11546377,316,1082,70260,181873,2025-11-07,,TRAVELERRECEIVED,,0,0
691210,11546456,46,950,77869,181930,2025-11-10,,TRAVELERRECEIVED,,0,0
691211,11546456,1510,909,74508,181930,2025-11-10,,TRAVELERRECEIVED,,0,0
691212,11546456,1696,896,73443,181930,2025-11-10,,TRAVELERRECEIVED,,0,0
691213,11546456,1366,953,78115,181930,2025-11-10,,TRAVELERRECEIVED,,0,0
691215,11546456,1317,890,72951,181930,2025-11-10,,TRAVELERRECEIVED,,0,0
691216,11546456,518,985,80738,181930,2025-11-10,,TRAVELERRECEIVED,,0,0
691217,11546456,771,872,71475,181930,2025-11-10,,TRAVELERRECEIVED,,0,0
691245,W520217-S440,1037,1083,4912,181873,2025-11-07,,TRAVELERRECEIVED,,0,0
691305,06509474AA,1621,758,19386,182026,2025-11-13,,5-315-19-A,,0,0
691307,06509475AA,679,634,9650,182026,2025-11-13,,5-317-17-A,,0,0
691308,06509475AA,1662,623,9482,182026,2025-11-13,,5-317-17-B,,0,0
691311,11546449,404,1039,81172,181745,2025-11-03,,TRAVELERRECEIVED,,0,0
691330,11546545,1535,1101,84692,181804,2025-11-05,,TRAVELERRECEIVED,,0,0
691333,11549204,1575,1145,7633,181745,2025-11-03,,TRAVELERRECEIVED,CERTIFIED,0,0
691351,11546448,23,862,95778,182045,2025-11-14,,,,0,0
691352,11546448,1368,897,99667,182045,2025-11-14,,,,0,0
691367,NU5108-00,950,1144,65000,181897,2025-11-07,,5-314-42-B,,0,0
691368,NU5108-00,135,1162,66000,181666,2025-10-30,,SORT&RETURN,,0,0
691463,06101831-A,952,622,22536,181803,2025-11-05,,TRAVELERRECEIVED,,0,0
691464,06101831-A,1626,583,21123,181803,2025-11-05,,TRAVELERRECEIVED,,0,0
691465,06101831-A,968,809,29312,181803,2025-11-05,,TRAVELERRECEIVED,,0,0
691466,06101831-A,1413,811,29384,181803,2025-11-05,,TRAVELERRECEIVED,,0,0
691467,06101831-A,1589,820,29710,181803,2025-11-05,,TRAVELERRECEIVED,,0,0
691468,06101831-A,569,825,29891,181803,2025-11-05,,TRAVELERRECEIVED,,0,0
691478,06511689AA,1675,816,7096,181873,2025-11-07,,TRAVELERRECEIVED,,0,0
691503,11546463,478,999,14333,181776,2025-11-04,,TRAVELERRECEIVED,,0,0
691505,11546463,432,953,13673,181776,2025-11-04,,TRAVELERRECEIVED,,0,0
691507,11546463,586,1010,14491,181776,2025-11-04,,TRAVELERRECEIVED,,0,0
691509,11546463,219,995,14275,181776,2025-11-04,,TRAVELERRECEIVED,,0,0
691555,06511637AA,753,991,39960,181937,2025-11-10,,5-314-36-A,,0,0
691691,NU5108-00,1434,1144,65000,181897,2025-11-07,,5-314-40-A,,0,0
691692,NU5108-00,217,1144,65000,181897,2025-11-07,,5-314-40-B,,0,0
691713,11602031,519,833,3927,181804,2025-11-05,,TRAVELERRECEIVED,,0,0
691715,11602031,1344,838,3951,181804,2025-11-05,,TRAVELERRECEIVED,,0,0
691716,11546389,874,944,122597,181888,2025-11-07,,TRAVELERRECEIVED,,0,0
691718,11546389,521,1016,131948,181888,2025-11-07,,TRAVELERRECEIVED,,0,0
691722,11546389,663,953,123766,181888,2025-11-07,,TRAVELERRECEIVED,,0,0
691723,11546389,474,875,113636,181888,2025-11-07,,TRAVELERRECEIVED,,0,0
691729,11546437,1448,1114,85692,181930,2025-11-10,,TRAVELERRECEIVED,,0,0
691786,11611883,1333,949,163621,181897,2025-11-07,,5-316-28-A,,0,0
691788,11611883,636,1030,177586,181897,2025-11-07,,5-316-28-B,,0,0
691790,11611883,62,925,159483,181897,2025-11-07,,5-316-29-A,,0,0
691793,11611883,146,1013,174655,181937,2025-11-10,,5-314-26-B,,0,0
691795,11611883,220,967,166724,182026,2025-11-13,,5-316-29-b,,0,0
691796,11611883,813,996,171724,181897,2025-11-07,,5-316-30-A,,0,0
691797,11611883,1506,982,169310,181897,2025-11-07,,5-316-30-B,,0,0
691798,11611883,795,936,161379,181937,2025-11-10,,5-314-28-A,,0,0
691801,11611883,1099,1004,173103,181897,2025-11-07,,5-316-31-B,,0,0
691804,11611883,1009,958,165172,181897,2025-11-07,,5-316-31-B,,0,0
691807,11611883,310,943,162586,181897,2025-11-07,,5-316-32-A,,0,0
691808,11611883,1592,1030,177586,181897,2025-11-07,,5-316-32-B,,0,0
691813,NU5108-00,1584,1162,66000,181897,2025-11-07,,5-314-41-A,,0,0
691814,NU5108-00,544,1162,66000,181897,2025-11-07,,5-314-41-B,,0,0
691829,55364498AA,1303,720,12632,182026,2025-11-13,,5-311-29-a,,0,0
691831,06512104AA,346,1404,25027,182026,2025-11-13,,5-315-26-A,,0,0
691974,11546571,975,851,50958,181937,2025-11-10,,5-314-38-B,,0,0
691976,11546571,391,756,45269,181937,2025-11-10,,5-314-38-D,,0,0
691993,11547103,87,543,4805,181929,2025-11-10,,TRAVELERRECEIVED,,0,0
691994,11547103,553,543,4805,181929,2025-11-10,,TRAVELERRECEIVED,,0,0
692004,06511701AA,675,1046,75252,181978,2025-11-12,,TRAVELERRECEIVED,,0,0
692007,11602326,1570,1003,4186,181929,2025-11-10,,,,0,0
692014,06104725AA,52,1050,99057,181978,2025-11-12,,TRAVELERRECEIVED,,0,0
692015,06104725AA,1075,1059,99906,181978,2025-11-12,,TRAVELERRECEIVED,,0,0
692016,06104725AA,161,1092,103019,181978,2025-11-12,,TRAVELERRECEIVED,,0,0
692017,06104725AA,1081,1078,101698,181978,2025-11-12,,TRAVELERRECEIVED,,0,0
692022,06511689AA,361,1135,9870,182064,2025-11-14,,,,0,0
692023,06511689AA,360,1190,10348,182064,2025-11-14,,,,0,0
692024,06511689AA,32,946,8226,182064,2025-11-14,,,,0,0
692027,10-79087-B,291,243,14379,181897,2025-11-07,,5-316-26-A,,0,0
692121,06509967AA,KIB,1444,40000,181979,2025-11-12,,TRAVELERRECEIVED,,0,0
692122,06509967AA,KIB,,,181979,,,SPLIT FROM: 692121,,0,0
692136,06104388AA,1565,825,18623,181929,2025-11-10,,,,0,0
692137,06104388AA,91,912,20587,181929,2025-11-10,,,,0,0
692147,06510997AA,722,703,2281,182045,2025-11-14,,,,0,0
692148,06510997AA,705,657,2132,182045,2025-11-14,,,,0,0
692309,06105048AA,KIB,1468,40000,181979,2025-11-12,,TRAVELERRECEIVED,,0,0
692310,06105048AA,KIB,,,181979,,,SPLIT FORM: 692309,,0,0
692311,M1495AB,KIB,1847,10000,181978,2025-11-12,,TRAVELERRECEIVED,,0,0
692312,M1495AB,KIB,1847,10000,181978,2025-11-12,,SPLIT FROM TR#692311,,0,0
692316,M1482AC,BOX,,,181929,2025-11-10,,SPLIT FROM TR#692315,,0,0
692317,11548147,KIB,1575,12500,181979,2025-11-12,,TRAVELERRECEIVED,,0,0
692318,11548147,KIB,,,181979,,,SPLIT FORM: 692318,,0,0
692319,11548147,KIB,1575,12500,181979,2025-11-12,,TRAVELERRECEIVED,,0,0
692321,11547176,KIB,1710,45000,181979,2025-11-12,,TRAVELERRECEIVED,,0,0
692322,11547176,KIB,,,181979,,,SPLIT FROM: 692321,,0,0
692329,06509967AA,KIB,1444,40000,181979,2025-11-12,,TRAVELERRECEIVED,,0,0
692331,06509967AA,KIB,1444,40000,181979,2025-11-12,,TRAVELERRECEIVED,,0,0
692332,06509967AA,KIB,,,,,,,,0,0
692333,06509967AA,KIB,1444,40000,181979,2025-11-12,,TRAVELERRECEIVED,,0,0
692336,06509967AA,KIB,,,,,,,,0,0
692337,06509967AA,KIB,1444,40000,181979,2025-11-12,,TRAVELERRECEIVED,,0,0
692339,06509967AA,KIB,1444,40000,181979,2025-11-12,,TRAVELERRECEIVED,,0,0
692340,06509967AA,KIB,,,181979,,,SPLIT FROM: 692339,,0,0
692341,06509967AA,KIB,1444,40000,181979,2025-11-12,,TRAVELERRECEIVED,,0,0
692357,11548414,1394,1115,17287,181979,2025-11-12,,TRAVELERRECEIVED,,0,0
692359,11548414,1395,1065,16512,181979,2025-11-12,,TRAVELERRECEIVED,,0,0
692363,11548414,1057,1140,17674,181979,2025-11-12,,TRAVELERRECEIVED,,0,0
692389,11546389,589,978,127013,182064,2025-11-14,,,,0,0
692390,11546389,1348,816,105974,182064,2025-11-14,,,,0,0
692391,11546389,1670,941,122208,182064,2025-11-14,,,,0,0
692392,11546389,1111,841,109221,182064,2025-11-14,,,,0,0
692393,11546389,50,936,121558,182064,2025-11-14,,,,0,0
692394,11546389,47,863,112078,182064,2025-11-14,,,,0,0
692449,NU1305-01,666,1320,75000,182026,2025-11-13,,5-317-16-A,,0,0
692453,NU5108-00,1070,1196,67955,181897,2025-11-07,,,,0,0
692454,NU5108-00,1042,,,182026,2025-11-13,,,,0,0
692463,11514596-ca-in,1685,,,,2026-01-27,,6-023-03-a,,,
692466,11546571,945,747,44731,182026,2025-11-13,,5-317-12-A,,0,0
692468,06101831-A,499,1058,38333,182064,2025-11-14,,,,0,0
692470,06101831-A,852,1180,42754,182064,2025-11-14,,,,0,0
692471,06101831-A,370,1052,38116,182064,2025-11-14,,,,0,0
692472,06101831-A,1329,730,26449,182064,2025-11-14,,,,0,0
692473,06101831-A,458,902,32681,182064,2025-11-14,,,,0,0
692474,06101831-A,488,1084,39275,182045,2025-11-14,,TRAVELERRECEIVED,,0,0
692475,06101831-A,1313,1129,40906,182045,2025-11-14,,TRAVELERRECEIVED,,0,0
692477,06101831-A,902,1051,38080,182045,2025-11-14,,TRAVELERRECEIVED,,0,0
692478,06101831-A,1628,1090,39493,182045,2025-11-14,,TRAVELERRECEIVED,,0,0
692479,06101831-A,1069,1120,40580,182045,2025-11-14,,TRAVELERRECEIVED,,0,0
692480,06101831-A,179,1041,37717,182045,2025-11-14,,TRAVELERRECEIVED,,0,0
692482,06101831-A,982,1078,39058,182045,2025-11-14,,TRAVELERRECEIVED,,0,0
692483,06101831-A,174,1117,40471,182045,2025-11-14,,TRAVELERRECEIVED,,0,0
692485,06101831-A,1568,1096,39710,182045,2025-11-14,,TRAVELERRECEIVED,,0,0
692567,382802-S440,476,762,31750,182064,2025-11-14,,,,0,0
692573,54041001,1705,1080,8257,182064,2025-11-14,,,,0,0
692574,54041001,605,1143,8739,182064,2025-11-14,,,,0,0
692575,54041001,905,787,6017,182064,2025-11-14,,,,0,0
692576,54041001,966,922,7049,182064,2025-11-14,,,,0,0
692921,06510997AA,58,645,2093,182026,2025-11-13,,5-317-11-B,,0,0
693022,W705606-S440,KIB,1694,35000,182073,2025-11-14,,5-318-25-A,,0,0
693024,W705606-S440,KIB,1694,35000,182073,2025-11-14,,5-318-26-A,,0,0
693026,11518428,KIB,2003,63000,182073,2025-11-14,,5-318-23-A,,0,0
693028,11518428,KIB,350,11000,182073,2025-11-14,,5-318-24-A,,0,0
701126,11612078-B,669,1355,77000,188424,2026-04-02,,6-091-39-B,,0,0
701127,11612078-B,1576,1320,75000,188424,2026-04-02,,6-091-39-C,,0,0
701128,11612078-B,556,1232,70000,188424,2026-04-02,,6-092-10-A,,Shipped,0
702495,11612078-B,1347,1320,75000,188424,2026-04-02,,6-092-10-C,,Shipped,0
703118,11612078-B,308,,,189099,2026-04-28,,6-118-19-B,,0,0
703121,11612078-B,1665,1056,60000,193443,2026-08-24,,6-236-29-A,,0,0
703943,11610091-CA-IN,1503,1190,77273,192887,2026-08-05,,6-216-36-A,,Shipped,#REF!
704503,11549168-CA-IN,100,,,,2026-07-20,,6-190-20-A,,,
704521,11546367-MY-AK,1644,,,,2026-07-25,,6-203-43-A,,,
704553,11612078-B,1418,1162,66000,189099,2026-04-28,,6-118-22-B,,Shipped,#REF!
704976,11549168-CA-IN,457,,,,2026-07-25,,6-201-02-A,,,
704977,11549168-CA-IN,920,1179,44000,193793,2026-09-04,,TRAVELERRECEIVED,,0,0
704978,11549168-CA-IN,742,1179,44000,192613,2026-07-27,,TRAVELERRECEIVED,,Shipped,#REF!
705253,11549168-in-ba,1557,,,,2026-08-06,,6-205-10-a,,,
705483,11549168-CA-IN,900,1126,42000,192845,2026-08-04,,TRAVELERRECEIVED,,Shipped,29994
705484,11549168-CA-IN,491,,,192613,2026-08-07,,,,,
705485,11549168-CA-IN,1057,,,192613,2026-08-05,,,,,
705865,11516078-CA-IN,726,1238,26000,191398,2026-07-17,,TRAVELERRECEIVED,DOUBLE SORT ON TABLE FOR DAMAGE LOCKING,Shipped,30098
705986,11612078-B,134,1232,70000,190436,2026-06-12,,6-163-19-B,,0,0
705988,11612078-B,287,1285,73000,190436,2026-06-12,,6-163-21-A,,Shipped,30039
705989,11612078-B,537,1197,68000,190152,2026-06-03,,6-152-60-B,,0,0
705990,11612078,1620,,,,2026-07-30,,6-152-60-c,,,
706391,11612078,227,,,,2026-07-17,,6-181-35-a,,,
706392,11612078,508,,,,2026-07-02,,6-152-59-A,,,
706394,11612078-B,1542,1373,78000,192933,2026-08-06,,6-218-35-A,,0,0
706394-,11612078-B,1440,1373,78000,190796,2026-06-25,,SORT&RETURN,,Shipped,29801
706395-,11612078-B,1359,1232,70000,189264,2026-05-05,,SORT&RETURN,,Shipped,29577
706582,11546367-my-ak,1678,,,,2026-07-27,,6-203-44-a,,,
706583,11546367-MY-AK,564,,,,2026-07-25,,6-203-44-B,,,
706596,11549168-ca-in,631,,,,2026-07-20,,6-190-21-a,,,
706808,11612078-B,327,1338,76000,190152,2026-06-03,,6-152-59-C,,0,0
706809,11612078,1409,,,,2026-06-30,,6-163-21-B,,,
706809-,11612078-B,216,1232,70000,189264,2026-05-05,,SORT&RETURN,,Shipped,29577
706810-,11612078-B,1409,1214,69000,189250,2026-05-04,,SORT&RETURN,,Shipped,29577
706811,11612078-B,1026,1162,66000,190436,2026-06-12,,6-163-20-A,,Shipped,30018
706811-,11612078-B,363,1162,66000,189280,2026-05-05,,SORT&RETURN,,Shipped,29577
706812,11612078,640,,,,2026-08-05,,6-181-34-a,,,
706812-,11612078-B,815,1144,65000,189760,2026-05-21,,SORT&RETURN,,Shipped,29641
706890-,PZ18-7P483-AA,32 TOTES,841,6240,190114,2026-06-02,,6-125-36-A,,Shipped,29691
706921,11612078-B,227,1197,68000,190921,2026-06-30,,6-181-35-A,,0,0
707097,11561645-MY-AK,727,121,15690,192887,2026-08-05,,6-217-07-A,,Shipped,29946
707148,11516078-ca-in,136,,,,2026-08-05,,6-198-25-c,,,
707150,11516078-CA-IN,310,,,191012,2026-08-05,,,,,
707151,11516078-CA-IN,1610,,,,2026-07-15,,6-183-25-B,,,
707202,11549168-CA-IN,893,1072,40000,193263,2026-08-19,,TRAVELERRECEIVED,SPECIAL SORT,0,0
707203,11549168-CA-IN,677,,,,2026-07-22,,6-190-20-B,,,
707204,11549168-CA-IN,1413,1045,39000,193263,2026-08-19,,TRAVELERRECEIVED,SPECIAL SORT,0,0
707322,11612078,1389,,,,2026-07-21,,6-181-32-A,,,
707322-,11612078-B,341,1285,73000,189724,2026-05-20,,SORT&RETURN,,Shipped,29641
707323,11612078,1037,,,,2026-08-03,,6-181-32-b,,,
707323-,11612078-B,227,1144,65000,189816,2026-05-25,,SORT&RETURN,,Shipped,29641
707324,11612078,705,,,,2026-07-07,,6-181-32-C,,,
707324-,11612078-B,70,1197,68000,189943,2026-05-27,,SORT&RETURN,,Shipped,29641
707325,11612078-B,1391,1302,74000,193443,2026-08-24,,6-236-28-A,,0,0
707326,11612078,23,,,,2026-07-27,,6-181-32-D,,,
707326-,11612078-B,131,1179,67000,189803,2026-05-22,,SORT&RETURN,,Shipped,29641
707327,11612078,1442,,,,2026-08-10,,6-181-33-a,,,
707327-,11612078-B,118,1056,60000,189943,2026-05-27,,SORT&RETURN,,Shipped,29641
707328,11612078-B,800,1232,70000,192899,2026-08-06,,SORT&RETURN,,0,0
707328-,11612078-B,80,1232,70000,190220,2026-06-05,,SORT&RETURN,,Shipped,29801
707329,11612078,485,,,,2026-07-28,,6-181-34-b,,,
707329-,11612078-B,503,1320,75000,190152,2026-06-03,,SORT&RETURN,,Shipped,29667
707330,11612078-B,216,1408,80000,190436,2026-06-12,,6-163-19-A,,0,0
707330-,11612078-B,1077,1408,80000,189280,2026-05-05,,SORT&RETURN,,Shipped,29577
707331,11612078-B,131,1232,70000,190976,2026-07-02,,6-181-34-C,,0,0
707331-,11612078-B,640,1232,70000,189803,2026-05-22,,SORT&RETURN,,Shipped,29641
707332,11612078-B,1622,1320,75000,190976,2026-07-02,,6-181-36-A,,0,0
707332-,11612078-B,152,1320,75000,190033,2026-05-29,,SORT&RETURN,,Shipped,29667
707404,11546364-MY-AK,689,,,,2026-07-20,,6-198-13-A,,,
707552,11549168-CA-IN,1754,1286,48000,193793,2026-09-04,,TRAVELERRECEIVED,,0,0
707554,11549168-CA-IN,1109,1072,40000,193793,2026-09-04,,TRAVELERRECEIVED,,0,0
707555,11549168-CA-IN,950,1126,42000,193252,2026-08-18,,TRAVELERRECEIVED,SPECIAL SORT,0,0
707556,11549168-CA-IN,567,1126,42000,193252,2026-08-18,,TRAVELERRECEIVED,SPECIAL SORT,0,0
707561,11546378,515,,,,2026-07-22,,6-201-09-A,,,
707753-,06511689AA,606,982,8539,189280,2026-05-05,,SORT&RETURN,,Shipped,29577
707987,11546368-CA-IN,1104,,,,2026-07-24,,6-203-47-A,,,
707995,11549168-ca-in,87,,,,2026-07-27,,6-201-02-b,,,
707997,11549168-CA-IN,848,,,,2026-07-24,,6-201-02-C,,,
707998,11549168-CA-IN,533,1126,42000,192613,2026-07-27,,TRAVELERRECEIVED,,Shipped,29987
707999,11549168-CA-IN,513,,,,2026-07-24,,6-190-21-b,,,
708064,11549168-CA-IN,1619,,,,2026-07-23,,6-190-21-C,,,
708066,11549168-CA-IN,1381,,,,2026-07-27,,6-201-02-D,,,
708067,11549168-CA-IN,926,,,,2026-07-21,,6-190-21-D,,,
708068,11549168-ca-in,420,,,,2026-07-30,,6-198-20-a,,,
708158,11612078,541,,,,2026-07-22,,6-181-35-B,,,
708158-,11612078-B,843,1232,70000,189943,2026-05-27,,SORT&RETURN,,Shipped,29667
708159,11612078-B,583,1267,72000,192899,2026-08-06,,SORT&RETURN,,0,0
708159-,11612078-B,1624,1267,72000,190400,2026-06-11,,SORT&RETURN,,Shipped,29801
708160,11612078,118,,,,2026-07-14,,6-181-35-C,,,
708160-,11612078-B,703,1232,70000,189943,2026-05-27,,SORT&RETURN,,Shipped,29641
708161,11612078-B,152,1250,71000,190976,2026-07-02,,6-181-36-B,,0,0
708161-,11612078-B,1328,1250,71000,190033,2026-05-29,,SORT&RETURN,,Shipped,29667
708162,11612078-B,1624,1197,68000,192681,2026-07-28,,6-208-46-B,,0,0
708162-,11612078-B,800,1197,68000,190270,2026-06-08,,SORT&RETURN,,Shipped,29801
708333-,11548535,1627,1156,5780,189556,2026-05-14,,,,Shipped,29577
708334-,11548535,175,1087,5435,189556,2026-05-14,,,,Shipped,29577
708335-,11548535,147,1085,5425,189556,2026-05-14,,,,Shipped,29577
708336-,11548535,21,1115,5575,189556,2026-05-14,,,,Shipped,29577
708434,11612078-B,700,1338,76000,190976,2026-07-02,,6-181-36-A,,0,0
708434-,11612078-B,1622,1338,76000,190114,2026-06-02,,SORT&RETURN,,Shipped,29667
708435,11612078,626,,,,2026-07-16,,6-181-33-B,,,
708435-,11612078-B,1382,1197,68000,189724,2026-05-20,,SORT&RETURN,,Shipped,29641
708436,11612078-B,242,1144,65000,193443,2026-08-24,,6-236-28-B,,0,0
708437,11612078-B,815,1232,70000,190921,2026-06-30,,6-181-33-C,,Shipped,29835
708437-,11612078-B,1037,1232,70000,189760,2026-05-21,,SORT&RETURN,,Shipped,29835
708438,11612078-B,352,1267,72000,192899,2026-08-06,,SORT&RETURN,,Shipped,30061
708438-,11612078-B,1542,1267,72000,190577,2026-06-17,,SORT&RETURN,,Shipped,29801
708439,11561645,1001,904,117403,189682,2026-05-19,,6-139-27-A,,Shipped,30067
708440,11561645,1614,953,123766,189682,2026-05-19,,6-139-27-B,,Shipped,30030
708441,11561645,673,1017,132078,189682,2026-05-19,,6-139-28-A,,Shipped,29609
708442,11561645,66,870,112987,189682,2026-05-19,,6-139-28-B,,Shipped,29609
708443,11546377-CA-IN,607,974,63247,190128,2026-06-03,,TRAVELERRECEIVED,,Shipped,29684
708444,11546377-CA-IN,824,1126,73117,190128,2026-06-03,,TRAVELERRECEIVED,,Shipped,29681
708445,11546377-CA-IN,1300,886,57532,190128,2026-06-03,,TRAVELERRECEIVED,,Shipped,30049
708448,06513514AA,141,803,9829,189699,2026-05-20,,TRAVELERRECEIVED,,Shipped,29607
708449,06513514AA,616,772,9449,189699,2026-05-20,,TRAVELERRECEIVED,,Shipped,29643
708450,06509474AA,760,757,19361,189724,2026-05-20,,6-139-39-A,,Shipped,29609
708451,06509474AA,172,667,17059,189724,2026-05-20,,6-139-39-B,,Shipped,29607
708453,06509787AA,578,1099,25091,190033,2026-05-29,,6-149-40-A,,Shipped,29653
708454,06509494AA,50,652,16590,189905,2026-05-26,,6-145-44-A,,Shipped,29630
708455,06509494AA,666,860,21883,189905,2026-05-26,,6-145-44-B,,Shipped,#REF!
708456,06512349AA,462,520,10700,189682,2026-05-19,,6-139-25-A,,Shipped,29597
708457,06512349AA,181,434,8930,189682,2026-05-19,,6-139-25-B,,Shipped,30042
708458,F1302AB,940,695,22492,189975,2026-05-28,,6-148-38-A,,Shipped,30065
708459,F1302AB,1039,554,17929,189975,2026-05-28,,6-148-38-B,,Shipped,29643
708460,F1302AB,105,602,19482,189975,2026-05-28,,6-148-38-C,,Shipped,30042
708461,F1302AB,1372,659,21327,189975,2026-05-28,,6-148-38-D,,Shipped,29643
708463,55364498AA,264,1425,25000,189724,2026-05-20,,6-139-40-A,,Shipped,29607
708464,40179995,44,955,8429,189724,2026-05-20,,6-140-26-A,,Shipped,29607
708466,40179994,115,956,5344,189724,2026-05-20,,6-139-41-A,,Shipped,29609
708467,40179994,836,771,4310,189724,2026-05-20,,6-139-41-B,,Shipped,30044
708476,06502979-A,679,843,21288,189724,2026-05-20,,6-139-31-A,,Shipped,30065
708477,06502979-A,126,773,19520,189724,2026-05-20,,6-139-31-B,,Shipped,30065
708478,NU5108-00,595,1194,69000,189648,2026-05-18,,6-138-33-A,,Shipped,30065
708479,NU5108-00,108,1125,65000,189648,2026-05-18,,6-138-33-B,,Shipped,29703
708480,NU5108-00,912,1142,66000,189648,2026-05-18,,6-138-33-C,,Shipped,30042
708481,NU5108-00,1369,1142,66000,189648,2026-05-18,,6-138-33-D,,Shipped,30069
708482,NU5108-00,786,1125,65000,189648,2026-05-18,,6-138-36-A,,Shipped,30042
708483,NU5108-00,99,1142,66000,189648,2026-05-18,,6-138-36-B,,Shipped,29611
708484,06509967AA,KIB,1320,40000,189699,2026-05-20,,TRAVELERRECEIVED,,Shipped,0
708485,06509967AA,KIB,660,20000,189699,2026-05-20,,SPLIT FROM TR#708484,,Shipped,30049
708486,06509967AA,KIB,660,20000,189699,2026-05-20,,TRAVELERRECEIVED,,Shipped,30065
708487,06509967AA,KIB,660,20000,189699,2026-05-20,,SPLIT FROM TR#708486,,Shipped,30067
708488,11546389,231,969,125844,189610,2026-05-15,,TRAVELERRECEIVED,,Shipped,30031
708489,11546389,788,876,113766,189610,2026-05-15,,TRAVELERRECEIVED,,Shipped,29597
708490,11546377,1544,1126,73117,189610,2026-05-15,,TRAVELERRECEIVED,,Shipped,29597
708491,11546377,1417,945,61364,189610,2026-05-15,,TRAVELERRECEIVED,,Shipped,29594
708492,W520111-S440,1376,1118,134699,189795,2026-05-22,,TRAVELERRECEIVED,,Shipped,29632
708493,W520111-S440,305,1026,123614,189795,2026-05-22,,TRAVELERRECEIVED,,Shipped,29645
708498,47336AE,1377,1076,24126,189960,2026-05-28,,TRAVELERRECEIVED,,Shipped,30042
708499,47336AE,708,1058,23722,189960,2026-05-28,,TRAVELERRECEIVED,,Shipped,29648
708500,47336AE,675,1091,24462,189960,2026-05-28,,TRAVELERRECEIVED,,Shipped,30042
708501,47336AE,889,1025,22982,189960,2026-05-28,,TRAVELERRECEIVED,,Shipped,30037
708502,W520113-S440,532,1178,43955,190128,2026-06-03,,TRAVELERRECEIVED,,Shipped,30042
708503,W520113-S440,951,1080,40299,190128,2026-06-03,,TRAVELERRECEIVED,,Shipped,29702
708506,11546370-MY-AK,1514,1110,7450,189640,2026-05-18,,TRAVELERRECEIVED,,Shipped,30037
708507,11546370-MY-AK,959,1109,7443,189640,2026-05-18,,TRAVELERRECEIVED,,Shipped,29597
708508,11546370-MY-AK,169,1103,7403,189640,2026-05-18,,TRAVELERRECEIVED,,Shipped,30030
708509,11546370-MY-AK,1413,1111,7456,189640,2026-05-18,,TRAVELERRECEIVED,,Shipped,29604
708510,11546370-MY-AK,531,1125,7550,189640,2026-05-18,,TRAVELERRECEIVED,,Shipped,29597
708511,11546370-MY-AK,1572,1070,7181,189640,2026-05-18,,TRAVELERRECEIVED,,Shipped,30030
708512,11546370-MY-AK,575,1201,8060,189699,2026-05-20,,TRAVELERRECEIVED,,Shipped,30039
708513,11546370-MY-AK,953,1014,6805,189699,2026-05-20,,TRAVELERRECEIVED,,Shipped,30039
708514,11546370-MY-AK,7,1123,7537,189699,2026-05-20,,TRAVELERRECEIVED,,Shipped,30057
708515,11546370-MY-AK,409,1077,7228,189699,2026-05-20,,TRAVELERRECEIVED,,Shipped,30026
708516,11546370-MY-AK,479,1024,6872,189699,2026-05-20,,TRAVELERRECEIVED,,Shipped,30026
708517,11546370-MY-AK,451,1189,7980,189699,2026-05-20,,TRAVELERRECEIVED,,Shipped,30026
708522,06512834AA,662,899,8883,189943,2026-05-27,,6-145-46-A,,Shipped,30026
708523,06512834AA,1070,822,8123,189724,2026-05-20,,6-139-29-A,,Shipped,29609
708524,06506707AA,348,757,20740,189636,2026-05-15,,6-135-27-A,,Shipped,29594
708525,06506707AA,581,912,24986,189636,2026-05-15,,6-135-27-B,,Shipped,0
708527,06503825-A,89,959,73769,189724,2026-05-20,,6-139-32-A,,Shipped,29609
708528,06503825-A,1021,920,70769,189724,2026-05-20,,6-139-32-B,,Shipped,30044
708529,06503825-A,1548,1018,78308,189724,2026-05-20,,6-139-32-C,,Shipped,30031
708530,11546456,763,802,65738,189607,2026-05-15,,TRAVELERRECEIVED,,Shipped,30026
708531,11546456,1345,1030,84426,189607,2026-05-15,,TRAVELERRECEIVED,,Shipped,30031
708532,11546456,482,817,66967,189607,2026-05-15,,TRAVELERRECEIVED,,Shipped,30044
708533,11546456,146,993,81393,189607,2026-05-15,,TRAVELERRECEIVED,,Shipped,30039
708534,11546456,498,861,70574,189607,2026-05-15,,TRAVELERRECEIVED,,Shipped,30057
708535,11546456,319,949,77787,189607,2026-05-15,,TRAVELERRECEIVED,,Shipped,30044
708536,11546456,1682,988,80984,189610,2026-05-15,,TRAVELERRECEIVED,,Shipped,29597
708537,11546456,1439,807,66148,189610,2026-05-15,,TRAVELERRECEIVED,,Shipped,30031
708538,11546456,560,885,72541,189610,2026-05-15,,TRAVELERRECEIVED,,Shipped,30044
708539,11546456,1367,943,77295,189610,2026-05-15,,TRAVELERRECEIVED,,Shipped,30039
708540,11546456,958,792,64918,189610,2026-05-15,,TRAVELERRECEIVED,,Shipped,30040
708541,11546456,880,1034,84754,189610,2026-05-15,,TRAVELERRECEIVED,,Shipped,30044
708542,11546437-MY-AK,1319,1089,83769,189699,2026-05-20,,TRAVELERRECEIVED,,Shipped,30040
708543,11546437-MY-AK,101,1103,84846,189699,2026-05-20,,TRAVELERRECEIVED,,Shipped,29624
708544,11546437-MY-AK,1305,1121,86231,189699,2026-05-20,,TRAVELERRECEIVED,,Shipped,30039
708545,11546437-MY-AK,1518,1095,84231,189699,2026-05-20,,,,Shipped,30040
708546,11546437-MY-AK,187,1101,84692,189699,2026-05-20,,TRAVELERRECEIVED,,Shipped,30044
708547,11546437-MY-AK,1650,1114,85692,189699,2026-05-20,,,,Shipped,30061
708548,11546437-MY-AK,841,1140,87692,189581,2026-05-14,,TRAVELERRECEIVED,,Shipped,29583
708549,11546437-MY-AK,257,1082,83231,189581,2026-05-14,,TRAVELERRECEIVED,,Shipped,30049
708550,11546437-MY-AK,972,1098,84462,189581,2026-05-14,,TRAVELERRECEIVED,,Shipped,30039
708551,11546437-MY-AK,636,1096,84308,189581,2026-05-14,,TRAVELERRECEIVED,,Shipped,30037
708552,11546437-MY-AK,1306,1139,87615,189581,2026-05-14,,TRAVELERRECEIVED,,Shipped,29583
708553,11546437-MY-AK,1649,1051,80846,189581,2026-05-14,,TRAVELERRECEIVED,,Shipped,0
708554,11546774-MY-AK,259,1096,15180,190436,2026-06-12,,6-163-18-A,,Shipped,29716
708555,11546774-MY-AK,252,1025,14197,190436,2026-06-12,,6-163-18-B,,Shipped,30030
708556,11546774-MY-AK,699,897,12424,190436,2026-06-12,,6-163-18-C,,Shipped,29716
708557,11546774-MY-AK,1533,1069,14806,190436,2026-06-12,,6-163-18-D,,Shipped,30030
708558,11546774-MY-AK,1114,1075,14889,190436,2026-06-12,,6-163-18-E,,Shipped,0
708559,11546774-MY-AK,1665,861,11925,190436,2026-06-12,,6-163-18-F,,Shipped,29718
708560,11546774-MY-AK,1403,1098,15208,190436,2026-06-12,,6-163-18-G,,Shipped,29713
708561,11546774-MY-AK,584,862,11939,190436,2026-06-12,,6-163-18-H,,Shipped,30037
708562,11546774-MY-AK,1405,918,12715,190436,2026-06-12,,6-163-18-I,,Shipped,30080
708563,11546774-MY-AK,272,1044,14460,190436,2026-06-12,,6-163-18-J,,Shipped,30049
708564,11546774-MY-AK,1373,900,12465,190436,2026-06-12,,6-163-18-K,,Shipped,30057
708565,11546774-MY-AK,464,1023,14169,190436,2026-06-12,,6-163-18-L,,Shipped,30044
708566,11546774-MY-AK,1030,964,13352,190436,2026-06-12,,6-163-18-M,,Shipped,29713
708567,11546774-MY-AK,739,995,13781,190436,2026-06-12,,6-163-18-N,,Shipped,30040
708570,06511689AA,1670,1105,9609,189640,2026-05-18,,TRAVELERRECEIVED,,Shipped,30082
708571,06511689AA,184,1178,10243,189640,2026-05-18,,TRAVELERRECEIVED,,Shipped,30054
708572,06511689AA,800,674,5861,189640,2026-05-18,,TRAVELERRECEIVED,,Shipped,30082
708573,06511689AA,1581,1115,9696,189640,2026-05-18,,TRAVELERRECEIVED,,Shipped,29643
708576,06511689AA,827,1098,9548,189639,2026-05-18,,TRAVELERRECEIVED,,Shipped,30069
708577,06511689AA,388,1095,9522,189639,2026-05-18,,TRAVELERRECEIVED,,Shipped,30067
708578,06511689AA,27,990,8609,189639,2026-05-18,,TRAVELERRECEIVED,,Shipped,30069
708579,06511689AA,1032,1065,9261,189639,2026-05-18,,TRAVELERRECEIVED,,Shipped,30040
708588,0204788122-L,677,1200,50000,189816,2026-05-25,,6-142-18-A,,Shipped,30039
708589,382802-S440,402,1278,53250,189747,2026-05-21,,TRAVELERRECEIVED,,Shipped,30067
708592,L0668498AA02,1380,1068,117363,189747,2026-05-21,,TRAVELERRECEIVED,,Shipped,29632
708593,L0668498AA02,1442,1089,119670,189747,2026-05-21,,TRAVELERRECEIVED,,Shipped,29626
708594,L0668498AA02,285,1125,123626,189747,2026-05-21,,TRAVELERRECEIVED,,Shipped,30054
708595,L0668498AA02,574,1015,111538,189747,2026-05-21,,TRAVELERRECEIVED,,Shipped,30040
708596,W714729-S442,1599,1124,115876,190315,2026-06-09,,6-160-33-A,,Shipped,29738
708598,NU1136-01,261,902,8454,189760,2026-05-21,,6-141-31-A,,Shipped,30069
708599,NU1136-01,1015,811,7601,189760,2026-05-21,,6-141-31-B,,Shipped,30031
708600,NU1136-01,160,796,7460,189760,2026-05-21,,6-141-31-C,,Shipped,30037
708601,NU1136-01,1596,936,8772,189760,2026-05-21,,6-141-31-D,,Shipped,29611
708602,NU1136-01,1082,797,7470,189760,2026-05-21,,6-141-31-E,,Shipped,29611
708603,NU1136-01,1531,941,8819,189760,2026-05-21,,6-141-31-F,,Shipped,30069
708604,NU1136-01,1504,1229,11518,189760,2026-05-21,,6-141-31-G,,Shipped,30039
708606,11546367-MY-AK,954,1103,23720,189823,2026-05-25,,TRAVELERRECEIVED,,Shipped,30069
708607,11546367-MY-AK,852,1162,24989,189823,2026-05-25,,TRAVELERRECEIVED,,Shipped,30069
708608,11546367-MY-AK,823,1119,24065,189823,2026-05-25,,TRAVELERRECEIVED,,Shipped,30069
708609,11546367-MY-AK,73,1174,25247,189823,2026-05-25,,TRAVELERRECEIVED,,Shipped,30069
708610,11546367-MY-AK,693,1092,23484,189823,2026-05-25,,TRAVELERRECEIVED,,Shipped,29630
708611,11546367-MY-AK,1625,1179,25355,189823,2026-05-25,,TRAVELERRECEIVED,,Shipped,30059
708612,11546367-MY-AK,974,1177,25312,189823,2026-05-25,,TRAVELERRECEIVED,,Shipped,0
708613,11546367-MY-AK,166,1121,24108,189823,2026-05-25,,TRAVELERRECEIVED,,Shipped,29640
708614,11546367-MY-AK,1506,1085,23333,189823,2026-05-25,,TRAVELERRECEIVED,,Shipped,0
708615,11546367-MY-AK,576,1227,26387,189823,2026-05-25,,TRAVELERRECEIVED,,Shipped,0
708616,W20-1028-012,234,1033,32587,189795,2026-05-22,,,,Shipped,0
708617,W20-1028-012,966,1128,35584,189795,2026-05-22,,,,Shipped,30040
708618,W20-1028-012,784,1183,37319,189795,2026-05-22,,,,Shipped,29623
708619,W20-1028-012,1354,974,30726,189795,2026-05-22,,,,Shipped,29623
708620,W20-1028-012,70,1068,33691,189795,2026-05-22,,,,Shipped,30040
708621,W20-1028-012,1436,1094,34511,189795,2026-05-22,,,,Shipped,29623
708622,11549171-MY-AK,232,1085,9435,190020,2026-05-29,,TRAVELERRECEIVED,,Shipped,30049
708623,11549171-MY-AK,775,1152,10017,190020,2026-05-29,,TRAVELERRECEIVED,,Shipped,30054
708624,11549171-MY-AK,771,1083,9417,190020,2026-05-29,,TRAVELERRECEIVED,,Shipped,30067
708625,11549171-MY-AK,881,1177,10235,190020,2026-05-29,,TRAVELERRECEIVED,,Shipped,29662
708626,11549171-MY-AK,547,1135,9870,190020,2026-05-29,,TRAVELERRECEIVED,,Shipped,29659
708627,11549171-MY-AK,740,1117,9713,190020,2026-05-29,,TRAVELERRECEIVED,,Shipped,30054
708628,06105102AA,KIB,1736,40000,189640,2026-05-18,,TRAVELERRECEIVED,,Shipped,30067
708629,06105102AA,KIB,1736,40000,189640,2026-05-18,,SPLIT FROM TR#708628,,Shipped,30057
708630,06105102AA,KIB,1736,40000,189699,2026-05-20,,TRAVELERRECEIVED,,Shipped,30057
708631,06105102AA,KIB,1736,40000,189699,2026-05-20,,SPLIT FROM TR#708630,,Shipped,30065
708632,06105102AA,KIB,1736,40000,189699,2026-05-20,,TRAVELERRECEIVED,,Shipped,30057
708633,06105102AA,KIB,1736,40000,189699,2026-05-20,,SPLIT FROM TR#708632,,Shipped,30067
708634,06105102AA,KIB,1736,40000,189640,2026-05-18,,TRAVELERRECEIVED,,Shipped,30082
708635,06105102AA,KIB,1736,40000,189640,2026-05-18,,SPLIT FROM TR#708634,,Shipped,30030
708636,06105102AA,KIB,1736,40000,189640,2026-05-18,,TRAVELERRECEIVED,,Shipped,29604
708637,06105102AA,KIB,1736,40000,189640,2026-05-18,,SPLIT FROM TR#708636,,Shipped,29597
708638,11549168-CA-IN,1398,1126,42000,193793,2026-09-04,,TRAVELERRECEIVED,,0,0
708639,11549168-CA-IN,1779,992,37000,193263,2026-08-19,,TRAVELERRECEIVED,SPECIAL SORT,0,0
708640,11549168-CA-IN,192,1233,46000,193793,2026-09-04,,TRAVELERRECEIVED,,0,0
708641,11549168-CA-IN,637,1126,42000,192613,2026-07-27,,TRAVELERRECEIVED,,Shipped,30040
708643,06512686AA,684,463,15081,189724,2026-05-20,,6-139-33-A,,Shipped,30037
708644,06512686AA,1630,822,26775,189724,2026-05-20,,6-139-33-B,,Shipped,30044
708645,11546463-IN-PN,761,209,3000,189639,2026-05-18,,TRAVELERRECEIVED,,Shipped,30039
708651,40073474,678,712,4779,189639,2026-05-18,,TRAVELERRECEIVED,,Shipped,30040
708652,40073474,754,751,5040,189639,2026-05-18,,TRAVELERRECEIVED,,Shipped,29618
708653,11547090,1627,956,24831,189640,2026-05-18,,TRAVELERRECEIVED,,Shipped,30040
708654,11547090,365,853,22156,189640,2026-05-18,,TRAVELERRECEIVED,,Shipped,30040
708655,11602326,923,1131,4720,189607,2026-05-15,,TRAVELERRECEIVED,,Shipped,30049
708656,11602326,1078,964,4023,189607,2026-05-15,,TRAVELERRECEIVED,,Shipped,30049
708657,11602326,268,1125,4695,189607,2026-05-15,,TRAVELERRECEIVED,,Shipped,29588
708658,11602326,709,961,4011,189607,2026-05-15,,TRAVELERRECEIVED,,Shipped,30057
708659,11602326,838,1123,4687,189607,2026-05-15,,TRAVELERRECEIVED,,Shipped,29588
708660,11602326,90,985,4111,189607,2026-05-15,,TRAVELERRECEIVED,,Shipped,30040
708671,W520101-S450,1100,1039,118068,189760,2026-05-21,,6-141-34-A,,Shipped,29655
708672,W520101-S450,190,1097,124659,189760,2026-05-21,,6-141-34-B,,Shipped,29632
708673,W520101-S450,1098,1089,123750,189760,2026-05-21,,6-141-35-A,,Shipped,29623
708674,W520101-S450,1546,1071,121705,189760,2026-05-21,,6-141-35-B,,Shipped,30054
708675,W520101-S437,1048,1128,128182,189760,2026-05-21,,6-141-37-A,,Shipped,29651
708676,W520101-S437,700,1012,115000,189760,2026-05-21,,6-141-37-B,,Shipped,29624
708677,11562515,1109,712,41637,190152,2026-06-03,,6-154-21-A,,Shipped,30044
708678,11562515,398,807,47193,190152,2026-06-03,,6-154-21-B,,Shipped,30031
708679,11602659,436,734,13014,190270,2026-06-08,,6-159-42-A,,Shipped,30031
708681,11546377,224,1019,66169,189640,2026-05-18,,TRAVELERRECEIVED,,Shipped,29607
708682,W520413-S450,725,1062,68961,189760,2026-05-21,,6-141-28-A,,Shipped,29624
708683,11547059,1423,963,21165,189648,2026-05-18,,6-138-29-A,,Shipped,29594
708684,11547059,62,1082,23780,189648,2026-05-18,,6-138-29-B,,Shipped,30040
708685,11547059,227,1018,22374,189648,2026-05-18,,6-138-29-C,,Shipped,30040
708686,11547059,341,1019,22396,189648,2026-05-18,,6-138-29-D,,Shipped,30040
708687,11547059,393,1011,22220,189648,2026-05-18,,6-138-29-E,,Shipped,29592
708688,11547059,1719,1015,22308,189648,2026-05-18,,6-138-29-F,,Shipped,29604
708689,94012078,859,632,2070,189682,2026-05-19,,6-139-13-A,,Shipped,30082
708690,94012078,17,874,2863,189682,2026-05-19,,6-139-13-B,,Shipped,30072
708691,94012078,1384,590,1933,189682,2026-05-19,,6-139-13-C,,Shipped,29597
708692,94012078,883,706,2312,189682,2026-05-19,,6-139-13-D,,Shipped,29597
708693,94012078,798,877,2873,190033,2026-05-29,,6-149-16-A,,Shipped,30037
708694,94012078,1699,653,2139,190007,2026-05-29,,INFASCO,,Shipped,30044
708695,94012078,1712,911,2984,190033,2026-05-29,,6-149-16-C,,Shipped,29651
708696,94012078,124,592,1939,190007,2026-05-29,,INFASCO,,Shipped,29684
708697,94012078,419,693,2270,190007,2026-05-29,,INFASCO,,Shipped,29659
708698,94012078,1633,822,2692,190007,2026-05-29,,INFASCO,,Shipped,30054
708699,11602326,397,982,4098,189747,2026-05-21,,TRAVELERRECEIVED,,Shipped,30054
708700,11602326,343,1136,4741,189747,2026-05-21,,TRAVELERRECEIVED,,Shipped,29645
708701,11602326,349,1021,4261,189556,2026-05-14,,TRAVELERRECEIVED,,Shipped,30074
708702,11602326,1432,1078,4499,189556,2026-05-14,,TRAVELERRECEIVED,,Shipped,30054
708703,11546377,504,1131,73442,189640,2026-05-18,,TRAVELERRECEIVED,,Shipped,30039
708704,11546377,205,969,62922,189640,2026-05-18,,TRAVELERRECEIVED,,Shipped,30054
708707,06510997AA,1364,721,2403,189928,2026-05-27,,TRAVELERRECEIVED,,Shipped,30092
708708,06510997AA,1448,641,2137,189928,2026-05-27,,TRAVELERRECEIVED,,Shipped,30092
708710,06514113AA,722,1145,81206,189639,2026-05-18,,TRAVELERRECEIVED,,Shipped,29604
708711,NU5108-00,1599,1280,74000,189648,2026-05-18,,6-138-38-A,,Shipped,29667
708712,NU5108-00,509,1159,67000,189648,2026-05-18,,6-138-38-B,,Shipped,30044
708713,NU5108-00,878,1125,65000,189648,2026-05-18,,6-138-31-A,,Shipped,29703
708714,NU5108-00,628,1125,65000,189648,2026-05-18,,6-138-31-B,,Shipped,29667
708715,NU5108-00,1371,1246,72000,189648,2026-05-18,,6-138-35-A,,Shipped,29611
708716,NU5108-00,1679,1142,66000,189648,2026-05-18,,6-138-35-B,,Shipped,29703
708717,06102612AA,749,943,57152,189708,2026-05-20,,TRAVELERRECEIVED,,Shipped,30037
708718,06102612AA,873,1154,69939,189708,2026-05-20,,TRAVELERRECEIVED,,Shipped,30042
708719,11546448,676,989,109889,189774,2026-05-22,,TRAVELERRECEIVED,,Shipped,30042
708720,11546448,1375,780,86667,189774,2026-05-22,,TRAVELERRECEIVED,,Shipped,30044
708721,C51017,123,1038,29322,189699,2026-05-20,,TRAVELERRECEIVED,,Shipped,30059
708722,C51017,1387,1083,30593,189699,2026-05-20,,TRAVELERRECEIVED,,Shipped,30080
708723,82244,381,1207,24237,189639,2026-05-18,,TRAVELERRECEIVED,,Shipped,30049
708724,82244,1680,1015,20382,189639,2026-05-18,,TRAVELERRECEIVED,,Shipped,29624
708729,11547369,313,1295,10702,190052,2026-06-01,,TRAVELERRECEIVED,,Shipped,30049
708731,11547369,1676,1292,10678,190052,2026-06-01,,TRAVELERRECEIVED,,Shipped,30049
708732,11547369,1554,1317,10884,190052,2026-06-01,,TRAVELERRECEIVED,,Shipped,30074
708733,11602659,686,678,12021,190270,2026-06-08,,6-159-42-B,,Shipped,30074
708734,11549168-CA-IN,435,1126,42000,191126,2026-07-08,,TRAVELERRECEIVED,,Shipped,30074
708736,11549168-CA-IN,9,804,30000,192845,2026-08-04,,TRAVELERRECEIVED,,Shipped,30049
708737,11549168-CA-IN,1301,992,37000,192613,2026-07-27,,TRAVELERRECEIVED,,Shipped,30074
708738,11549168-CA-IN,62,1233,46000,191126,2026-07-08,,TRAVELERRECEIVED,,Shipped,30074
708740,W705606-S440,KIB,1936,40000,189495,2026-05-12,,6-132-18-A,,Shipped,30042
708741,W705606-S440,KIB,1936,40000,189495,2026-05-12,,SPLIT FROM TR#708740,,Shipped,30067
708742,W705606-S440,KIB,1936,40000,189495,2026-05-12,,6-132-18-C,,Shipped,30042
708743,W705606-S440,KIB,1936,40000,189495,2026-05-12,,SPLIT FROM TR#708742,,Shipped,29570
708744,W520203-S440,KIB,237,7940,189495,2026-05-12,,6-132-19-A,,Shipped,29574
708745,W520203-S440,KIB,237,7940,189495,2026-05-12,,SPLIT FROM TR#708744,,Shipped,30042
708746,W520203-S440,KIB,1794,60000,189495,2026-05-12,,6-132-19-C,,Shipped,30042
708747,W520203-S440,KIB,1794,60000,189495,2026-05-12,,SPLIT FROM TR#708746,,Shipped,30042
708755,11547369,941,1375,11364,190080,2026-06-01,,TRAVELERRECEIVED,,Shipped,29653
708756,11547369,352,968,8000,190080,2026-06-01,,TRAVELERRECEIVED,,Shipped,30069
708758,NU5108-00,300,1142,66000,189943,2026-05-27,,6-145-41-A,,Shipped,30069
708759,NU5108-00,140,1246,72000,189648,2026-05-18,,6-138-32-A,,Shipped,30042
708760,NU5108-00,159,1125,65000,189648,2026-05-18,,6-138-35-C,,Shipped,29611
708762,NU5108-00,475,1180,68208,189648,2026-05-18,,6-138-32-B,,Shipped,30049
708763,NU5108-00,1446,1246,72000,189648,2026-05-18,,6-138-32-C,,Shipped,29611
708766,06505246AA,1025,849,28300,189640,2026-05-18,,TRAVELERRECEIVED,,Shipped,30049
708767,06505246AA,42,981,32700,189640,2026-05-18,,TRAVELERRECEIVED,,Shipped,30069
708812,11546449,950,1045,88559,189823,2026-05-25,,TRAVELERRECEIVED,,Shipped,29643
708813,11546449,936,1024,86780,189823,2026-05-25,,TRAVELERRECEIVED,,Shipped,30039
708814,11546449,1394,995,84322,189823,2026-05-25,,TRAVELERRECEIVED,,Shipped,30044
708815,11546449,1512,1080,91525,189823,2026-05-25,,TRAVELERRECEIVED,,Shipped,29645
708816,11546449,1672,947,80254,189823,2026-05-25,,TRAVELERRECEIVED,,Shipped,30044
708817,11546449,1716,1095,92797,189823,2026-05-25,,TRAVELERRECEIVED,,Shipped,29626
708818,11546449,1697,1067,90424,189823,2026-05-25,,TRAVELERRECEIVED,,Shipped,30072
708819,11546449,371,974,82542,189823,2026-05-25,,TRAVELERRECEIVED,,Shipped,29626
708820,11546449,934,935,79237,189823,2026-05-25,,TRAVELERRECEIVED,,Shipped,30039
708821,11546449,965,1142,96780,189823,2026-05-25,,TRAVELERRECEIVED,,Shipped,30044
708822,11546449,1578,1037,87881,189823,2026-05-25,,TRAVELERRECEIVED,,Shipped,30044
708823,11546449,1523,1057,89576,189823,2026-05-25,,TRAVELERRECEIVED,,Shipped,30049
708830,06101831-A,1327,1080,39130,189699,2026-05-20,,TRAVELERRECEIVED,,Shipped,29626
708831,06101831-A,1632,1078,39058,189699,2026-05-20,,TRAVELERRECEIVED,,Shipped,30039
708833,06101831-A,281,1110,40217,189699,2026-05-20,,TRAVELERRECEIVED,,Shipped,30040
708834,06101831-A,137,1020,36957,189699,2026-05-20,,TRAVELERRECEIVED,,Shipped,30040
708835,06101831-A,655,1108,40145,189699,2026-05-20,,TRAVELERRECEIVED,,Shipped,30080
708836,M1482AC,KIB,1224,10000,189708,2026-05-20,,TRAVELERRECEIVED,,Shipped,30049
708837,M1482AC,KIB,1224,10000,189708,2026-05-20,,SPLIT FROM TR#708836,,Shipped,30080
708838,11547176,KIB,1710,45000,189708,2026-05-20,,TRAVELERRECEIVED,,Shipped,29618
708839,11547176,KIB,1710,45000,189708,2026-05-20,,SPLIT FROM TR#708838,,Shipped,29618
708840,06105049AA,KIB,1468,40000,189640,2026-05-18,,TRAVELERRECEIVED,,Shipped,30049
708841,06105049AA,KIB,1468,40000,189640,2026-05-18,,SPLIT FROM TR#708840,,Shipped,29604
708842,06105049AA,KIB,1468,40000,189640,2026-05-18,,TRAVELERRECEIVED,,Shipped,30049
708843,06105049AA,KIB,1468,40000,189640,2026-05-18,,SPLIT FROM TR#708842,,Shipped,30049
708844,06105049AA,KIB,1468,40000,189640,2026-05-18,,TRAVELERRECEIVED,,Shipped,0
708845,06105049AA,KIB,1468,40000,189640,2026-05-18,,SPLIT FROM TR#708844,,Shipped,30049
708846,06105102AA,KIB,1736,40000,189699,2026-05-20,,TRAVELERRECEIVED,,Shipped,30061
708847,06105102AA,KIB,1736,40000,189699,2026-05-20,,SPLIT FROM TR#708846,,Shipped,29607
708848,06105102AA,KIB,1736,40000,189699,2026-05-20,,TRAVELERRECEIVED,,Shipped,29643
708849,06105102AA,KIB,1736,40000,189699,2026-05-20,,SPLIT FROM TR#708848,,Shipped,29607
708850,06105102AA,KIB,1736,40000,189699,2026-05-20,,TRAVELERRECEIVED,,Shipped,29609
708851,06105102AA,KIB,1736,40000,189699,2026-05-20,,SPLIT FROM TR#708850,,Shipped,29607
708853,NU3019-00,309,1113,5330,189682,2026-05-19,,6-139-01-A,,Shipped,29611
708854,NU3019-00,1407,997,4775,189682,2026-05-19,,6-139-01-B,,Shipped,30044
708855,NU3019-00,1648,1070,5125,189760,2026-05-21,,6-141-29-A,,Shipped,29611
708856,NU3019-00,925,1029,4928,189760,2026-05-21,,6-141-29-B,,Shipped,29611
708857,NU3019-00,1429,1105,5292,189682,2026-05-19,,6-139-02-A,,Shipped,29611
708858,NU3019-00,427,994,4761,189760,2026-05-21,,6-141-30-A,,Shipped,29611
708859,NU3019-00,367,1108,5307,189682,2026-05-19,,6-139-02-B,,Shipped,30072
708860,NU3019-00,1562,1005,4813,189682,2026-05-19,,6-139-02-C,,Shipped,29611
708861,NU3019-00,489,1082,5182,189682,2026-05-19,,6-139-02-D,,Shipped,29611
708862,NU3019-00,588,1026,4914,189760,2026-05-21,,6-141-30-B,,Shipped,29611
708863,NU3019-00,1104,1044,5000,189760,2026-05-21,,6-141-30-C,,Shipped,30054
708864,NU3019-00,1368,1065,5101,189760,2026-05-21,,6-141-30-D,,Shipped,30069
708865,11546369-IN-PN,299,1101,9813,190020,2026-05-29,,TRAVELERRECEIVED,,Shipped,29681
708866,11546369-IN-PN,301,1200,10695,190020,2026-05-29,,TRAVELERRECEIVED,,Shipped,29656
708869,11546369-IN-PN,128,1240,11052,190020,2026-05-29,,TRAVELERRECEIVED,,Shipped,30049
708873,11612078-B,843,1232,70000,190976,2026-07-02,,6-181-34-D,,Shipped,29877
708873-,11612078-B,1442,1232,70000,189943,2026-05-27,,SORT&RETURN,,Shipped,29667
708874,11612078-B,767,1144,65000,192933,2026-08-06,,6-217-32-B,,Shipped,30072
708874-,11612078-B,352,1144,65000,190577,2026-06-17,,SORT&RETURN,,Shipped,29801
708875,11612078-B,70,1197,68000,190921,2026-06-30,,6-181-33-D,,Shipped,30061
708875-,11612078-B,58,,,189943,2026-05-27,,SORT&RETURN,,Shipped,29641
708876,11612078-B,1015,1338,76000,190976,2026-07-02,,6-181-37-A,,Shipped,29895
708876-,11612078-B,700,1338,76000,189975,2026-05-28,,SORT&RETURN,,Shipped,29667
708877,11612078-B,1668,1373,78000,192933,2026-08-06,,6-217-31-B,,0,0
708877-,11612078-B,754,1373,78000,190179,2026-06-04,,SORT&RETURN,,Shipped,29801
708878,E6267AB,394,1155,24522,190080,2026-06-01,,TRAVELERRECEIVED,,Shipped,30092
708879,E6267AB,1434,1129,23970,190080,2026-06-01,,TRAVELERRECEIVED,,Shipped,29688
708880,E6267AB,939,1385,29406,190080,2026-06-01,,TRAVELERRECEIVED,,Shipped,30092
708881,E6267AB,1628,1385,29406,190080,2026-06-01,,TRAVELERRECEIVED,,Shipped,30049
708885,NU1405-00,1659,1165,75649,189682,2026-05-19,,6-138-39-A,,Shipped,#REF!
708886,NU1405-00,194,1147,74481,189682,2026-05-19,,6-138-39-B,,Shipped,30049
708887,NU1405-00,1063,1170,75974,189648,2026-05-18,,6-138-39-C,,Shipped,30049
708888,52056965,407,1114,23702,190020,2026-05-29,,TRAVELERRECEIVED,,Shipped,29656
708889,52056965,524,1082,23021,190020,2026-05-29,,TRAVELERRECEIVED,,Shipped,30049
708896,11516133,1550,1179,16988,190080,2026-06-01,,TRAVELERRECEIVED,,Shipped,29681
708897,11516133,180,939,13530,190080,2026-06-01,,TRAVELERRECEIVED,,Shipped,30072
708898,11516133,503,1060,15274,190080,2026-06-01,,TRAVELERRECEIVED,,Shipped,29684
708899,NA1055-02,1528,1060,15274,189975,2026-05-28,,6-148-40-A,,Shipped,30069
708900,11546379-MY-AK,591,1090,24439,189960,2026-05-28,,TRAVELERRECEIVED,,Shipped,#REF!
708902,11516133,3,1192,17176,190080,2026-06-01,,TRAVELERRECEIVED,,Shipped,30080
708903,11516133,1392,942,13573,190080,2026-06-01,,TRAVELERRECEIVED,,Shipped,29662
708904,11516133,129,1174,16916,190052,2026-06-01,,TRAVELERRECEIVED,,Shipped,29662
708905,11516133,1027,939,13530,190052,2026-06-01,,TRAVELERRECEIVED,,Shipped,30074
708906,11516133,671,920,13256,190052,2026-06-01,,TRAVELERRECEIVED,,Shipped,29681
708907,11516133,1044,1186,17089,190052,2026-06-01,,TRAVELERRECEIVED,,Shipped,30098
708908,W716298-S450,1084,730,96053,190079,2026-06-01,,6-152-31-A,,Shipped,29659
708909,W716298-S450,982,824,108421,190079,2026-06-01,,6-152-31-B,,Shipped,30061
708910,22800396,546,1192,53453,189816,2026-05-25,,6-145-10-A,,Shipped,30049
708912,W715851-S450B,847,722,46883,190079,2026-06-01,,6-152-36-A,,Shipped,30049
708913,W715851-S450B,1447,781,50714,190079,2026-06-01,,6-152-36-B,,Shipped,29709
708914,11610128,1357,906,32357,189816,2026-05-25,,6-145-08-A,,Shipped,29624
708915,11610128,1335,838,29929,189816,2026-05-25,,6-145-08-B,,Shipped,29626
708916,06511637AA,1549,1074,43306,189816,2026-05-25,,6-145-13-A,,Shipped,29626
708917,06511637AA,1018,982,39597,189816,2026-05-25,,6-145-13-B,,Shipped,29628
708918,11561645,325,912,118442,189816,2026-05-25,,6-145-06-A,,Shipped,29630
708919,11561645,497,923,119870,189816,2026-05-25,,6-145-06-B,,Shipped,30061
708920,11610091S,1530,1105,71753,189816,2026-05-25,,6-145-03-A,,Shipped,29640
708921,11610091S,744,1250,81169,189816,2026-05-25,,6-145-03-B,,Shipped,30049
708924,11546367-MY-AK,1433,1163,25000,189747,2026-05-21,,TRAVELERRECEIVED,,Shipped,30054
708924-,11546367-MY-AK,1433,1163,25000,189534,2026-05-13,,SORT&RETURN,SORT FOR POTENTIAL MIXED PARTS,Shipped,29577
708925,11546367-MY-AK,1543,1163,25000,189747,2026-05-21,,TRAVELERRECEIVED,,Shipped,30074
708925-,11546367-MY-AK,1543,1163,25000,189534,2026-05-13,,SORT&RETURN,SORT FOR POTENTIAL MIXED PARTS,Shipped,29577
708926,22800396,342,969,43453,189816,2026-05-25,,6-145-11-A,,Shipped,30072
708929,PZ18-7P483-AA,34 TOTES,894,6630,191256,2026-07-13,,6-159-33-A,,Shipped,29937
708929-,PZ18-7P483-AA,33 TOTES,974,7226,190270,2026-06-08,,6-159-33-A,,Shipped,29727
708931,PZ18-7P483-AA,22 TOTES,625,4640,190270,2026-06-08,,6-159-33-B,,Shipped,29744
708933,PZ18-7P483-AA,36 TOTES,946,7020,191256,2026-07-13,,6-159-33-C,,Shipped,30049
708933-,PZ18-7P483-AA,33 TOTES,973,7218,190270,2026-06-08,,6-159-33-C,,Shipped,29727
708934,06104384AA,692,849,22460,189708,2026-05-20,,TRAVELERRECEIVED,,Shipped,29618
708935,06104384AA,1310,827,21878,189708,2026-05-20,,TRAVELERRECEIVED,,Shipped,29607
708936,06104384AA,1315,811,21455,189708,2026-05-20,,TRAVELERRECEIVED,,Shipped,29607
708937,06104384AA,1316,940,24868,189708,2026-05-20,,TRAVELERRECEIVED,,Shipped,30054
708938,11546389,445,1027,133377,189708,2026-05-20,,TRAVELERRECEIVED,,Shipped,30054
708939,11546389,88,847,110000,189708,2026-05-20,,TRAVELERRECEIVED,,Shipped,29609
708940,11546448,34,924,102667,189774,2026-05-22,,TRAVELERRECEIVED,,Shipped,30054
708941,11546448,95,892,99111,189774,2026-05-22,,TRAVELERRECEIVED,,Shipped,29634
708942,40073474,1654,748,5020,189774,2026-05-22,,TRAVELERRECEIVED,,Shipped,30049
708943,40073474,517,747,5013,189774,2026-05-22,,TRAVELERRECEIVED,,Shipped,30049
708944,11546456,1604,817,66967,189823,2026-05-25,,TRAVELERRECEIVED,,Shipped,30080
708945,11546456,1058,926,75902,189823,2026-05-25,,TRAVELERRECEIVED,,Shipped,29632
708946,11546456,332,997,81721,189823,2026-05-25,,TRAVELERRECEIVED,,Shipped,29632
708947,11546456,831,803,65820,189823,2026-05-25,,TRAVELERRECEIVED,,Shipped,30072
708948,06101968-A,1035,1090,82576,189898,2026-05-26,,TRAVELERRECEIVED,,Shipped,29634
708949,06101968-A,1689,874,66212,189898,2026-05-26,,TRAVELERRECEIVED,,Shipped,30072
708950,06101968-A,33,924,70000,189898,2026-05-26,,TRAVELERRECEIVED,,Shipped,29640
708951,06101968-A,422,1150,87121,189898,2026-05-26,,TRAVELERRECEIVED,,Shipped,29630
708952,11602031,331,993,4865,189699,2026-05-20,,TRAVELERRECEIVED,,Shipped,30049
708953,11602031,640,757,3709,189699,2026-05-20,,TRAVELERRECEIVED,,Shipped,29618
708954,11602031,493,870,4263,189699,2026-05-20,,TRAVELERRECEIVED,,Shipped,30065
708955,11602031,723,888,4351,189699,2026-05-20,,TRAVELERRECEIVED,,Shipped,30065
708956,11602031,861,871,4268,189708,2026-05-20,,TRAVELERRECEIVED,,Shipped,30049
708957,11602031,1340,864,4233,189708,2026-05-20,,TRAVELERRECEIVED,,Shipped,30049
708962,11602031,384,829,4062,189708,2026-05-20,,TRAVELERRECEIVED,,Shipped,30065
708963,11602031,211,927,4542,189708,2026-05-20,,TRAVELERRECEIVED,,Shipped,30092
708964,40161567,636,832,5168,189747,2026-05-21,,TRAVELERRECEIVED,,Shipped,29623
708965,40161567,1649,772,4795,189747,2026-05-21,,TRAVELERRECEIVED,,Shipped,30054
708966,40161567,642,835,5186,189747,2026-05-21,,TRAVELERRECEIVED,,Shipped,29624
708967,40161567,943,781,4851,189747,2026-05-21,,TRAVELERRECEIVED,,Shipped,30072
708968,40161567,236,783,4863,189747,2026-05-21,,TRAVELERRECEIVED,,Shipped,30072
708969,40161567,274,815,5062,189747,2026-05-21,,TRAVELERRECEIVED,,Shipped,30092
708971,11547369,1551,1031,8521,189992,2026-05-29,,TRAVELERRECEIVED,,Shipped,30054
708972,11547369,21,886,7322,189992,2026-05-29,,TRAVELERRECEIVED,,Shipped,29681
708974,W705606-S440,KIB,1936,40000,189594,2026-05-14,,6-134-14-A,,Shipped,29581
708975,W705606-S440,KIB,1936,40000,189594,2026-05-14,,SPLIT FROM TR#708974,,Shipped,30054
708976,K1046AB,KIB,2840,186860,189594,2026-05-14,,6-134-12-A,,Shipped,30069
708977,K1046AB,KIB,,,189594,2026-05-14,,SPLIT FROM 708976,,Shipped,30069
708978,11547369,1304,1216,10050,190080,2026-06-01,,TRAVELERRECEIVED,,Shipped,30069
708979,11547369,374,1278,10562,190080,2026-06-01,,TRAVELERRECEIVED,,Shipped,29684
708982,11602292,1597,469,15178,189816,2026-05-25,,6-145-12-A,,Shipped,29624
708983,11602292,364,530,17152,189816,2026-05-25,,6-145-12-B,,Shipped,30069
708984,11546391,46,782,122188,190673,2026-06-22,,6-172-36-A,,Shipped,30069
708986,11604000,KIB,1581,31000,189594,2026-05-14,,6-134-13-A,,Shipped,30069
708987,11604000,KIB,1581,31000,189594,2026-05-14,,SPLIT FROM TR#708986,,Shipped,30069
708988,06508689AA,1701,1030,14033,189905,2026-05-26,,6-146-47-A,,Shipped,30069
708989,06508689AA,177,1068,14550,189905,2026-05-26,,6-146-47-B,,Shipped,29738
708990,11546369-MY-AK,542,1173,10455,190080,2026-06-01,,TRAVELERRECEIVED,,Shipped,29656
708991,11546369-MY-AK,1529,1215,10829,190080,2026-06-01,,TRAVELERRECEIVED,,Shipped,29656
708992,11546369-MY-AK,971,1078,9608,190080,2026-06-01,,TRAVELERRECEIVED,,Shipped,29656
708993,11546369-MY-AK,147,1114,9929,190080,2026-06-01,,TRAVELERRECEIVED,,Shipped,29681
708994,91058,318,1190,44403,190220,2026-06-05,,6-156-39-A,,Shipped,30065
708995,91058,1362,1094,40821,190220,2026-06-05,,6-156-39-B,,Shipped,29755
708996,91054,175,1191,75380,190220,2026-06-05,,6-156-38-A,,Shipped,29705
708997,91054,1333,1123,71076,190220,2026-06-05,,6-156-38-B,,Shipped,29687
708998,91054,1545,1192,75443,190220,2026-06-05,,6-156-38-C,,Shipped,30072
708999,91054,230,1130,71519,190220,2026-06-05,,6-156-38-D,,Shipped,30069
709000,11546367-MY-AK,228,1128,24258,190052,2026-06-01,,TRAVELERRECEIVED,,Shipped,30080
709001,11546367-MY-AK,1110,1151,24753,190052,2026-06-01,,TRAVELERRECEIVED,,Shipped,30061
709002,11546367-MY-AK,56,1157,24882,190052,2026-06-01,,TRAVELERRECEIVED,,Shipped,30061
709003,11546367-MY-AK,1041,1132,24344,190052,2026-06-01,,TRAVELERRECEIVED,,Shipped,30092
709006,11546367-MY-AK,619,1079,23204,190052,2026-06-01,,TRAVELERRECEIVED,,Shipped,30061
709007,11546367-MY-AK,38,1214,26108,190052,2026-06-01,,TRAVELERRECEIVED,,Shipped,29659
709008,11546367-MY-AK,1029,1095,23548,190052,2026-06-01,,TRAVELERRECEIVED,,Shipped,29662
709009,11546367-MY-AK,630,1175,25269,190052,2026-06-01,,TRAVELERRECEIVED,,Shipped,30061
709010,11546367-MY-AK,867,1178,25333,190052,2026-06-01,,TRAVELERRECEIVED,,Shipped,#REF!
709011,11546367-MY-AK,1543,1132,24344,190052,2026-06-01,,TRAVELERRECEIVED,,Shipped,30061
709012,11546367-MY-AK,1323,1171,25183,190052,2026-06-01,,TRAVELERRECEIVED,,Shipped,30061
709013,11546367-MY-AK,1052,1121,24108,190052,2026-06-01,,TRAVELERRECEIVED,,Shipped,30061
709014,11546367-MY-AK,969,1114,23957,190052,2026-06-01,,TRAVELERRECEIVED,,Shipped,29656
709015,11546367-MY-AK,420,1181,25398,190052,2026-06-01,,TRAVELERRECEIVED,,Shipped,30072
709016,11546367-MY-AK,41,1130,24301,190052,2026-06-01,,TRAVELERRECEIVED,,Shipped,30061
709017,11546367-MY-AK,1307,1171,25183,190052,2026-06-01,,TRAVELERRECEIVED,,Shipped,29656
709018,F1302AB,16626,657,21262,190220,2026-06-05,,6-156-37-A,,Shipped,30049
709019,F1302AB,1415,573,18544,190220,2026-06-05,,6-156-37-B,,Shipped,30080
709020,F1302AB,821,555,17961,190220,2026-06-05,,6-156-37-C,,Shipped,30072
709021,F1302AB,1057,665,21521,190220,2026-06-05,,6-156-37-D,,Shipped,29684
709022,55364498AA,622,689,12088,189905,2026-05-26,,6-145-45-A,,Shipped,29640
709023,55364498AA,76,698,12246,189905,2026-05-26,,6-145-45-B,,Shipped,29630
709024,06514720AA,535,713,32265,190089,2026-06-01,,6-152-55-A,,Shipped,29662
709025,06514720AA,1033,755,34163,190089,2026-06-01,,6-152-55-B,,Shipped,29662
709026,06514720AA,522,491,22222,190089,2026-06-01,,6-152-56-A,,Shipped,29662
709027,06514720AA,945,740,33462,190089,2026-06-01,,6-152-56-B,,Shipped,29656
709028,06512349AA,456,407,8374,189905,2026-05-26,,6-145-42-A,,Shipped,29630
709029,06512349AA,854,520,10700,189905,2026-05-26,,6-145-42-B,,Shipped,29630
709030,06502979-A,276,401,10126,190089,2026-06-01,,6-152-54-A,,Shipped,29675
709031,06502979-A,1522,1171,29571,190089,2026-06-01,,6-152-54-B,,Shipped,29673
709033,06502979-A,972,1074,27121,190089,2026-06-01,,6-152-54-C,,Shipped,29666
709034,06503825-A,920,820,63077,190089,2026-06-01,,6-152-46-A,,Shipped,30074
709035,06503825-A,257,652,50154,190089,2026-06-01,,6-152-46-B,,Shipped,29681
709036,06503825-A,549,1063,81769,190089,2026-06-01,,6-152-46-C,,Shipped,30061
709038,06503825-A,1416,954,73385,190089,2026-06-01,,6-152-47-A,,Shipped,30072
709039,06503825-A,1575,948,72923,190089,2026-06-01,,6-152-47-B,,Shipped,30072
709040,11546774-IN-MR,1694,217,3000,190577,2026-06-17,,6-163-25-A,,Shipped,30065
709043,NU1510-00,663,1096,40000,190535,2026-06-16,,6-166-31-A,,Shipped,29725
709044,NU1510-00,892,1151,42000,190535,2026-06-16,,6-166-31-B,,Shipped,30092
709045,NU1510-00,896,932,34000,189943,2026-05-27,,6-145-36-A,,Shipped,29667
709046,NU1510-00,53,1096,40000,189724,2026-05-20,,6-140-29-A,,Shipped,29611
709047,NU1510-00,1534,1096,40000,189724,2026-05-20,,6-140-29-B,,Shipped,29611
709049,NU5108-00,476,1194,69000,189943,2026-05-27,,6-145-39-A,,Shipped,30092
709050,NU5108-00,174,1142,66000,189943,2026-05-27,,6-145-39-B,,Shipped,29667
709051,NU5108-00,1034,1142,66000,189943,2026-05-27,,6-145-40-A,,Shipped,30092
709052,NU5108-00,964,1125,65000,189943,2026-05-27,,6-145-40-B,,Shipped,29667
709053,NU1305-01,1629,1159,67000,189648,2026-05-18,,6-138-30-A,,Shipped,29611
709054,NU1305-01,1324,1349,78000,189724,2026-05-20,,6-139-30-A,,Shipped,30069
709055,11612078-B,553,1267,72000,190976,2026-07-02,,6-181-37-B,,Shipped,30092
709055-,11612078-B,485,1267,72000,190152,2026-06-03,,SORT&RETURN,,Shipped,29667
709056,11612078-B,1614,1214,69000,192933,2026-08-06,,6-218-35-B,,Shipped,30069
709056-,11612078-B,704,1214,69000,190382,2026-06-11,,SORT&RETURN,,Shipped,29801
709057,11612078-B,386,1267,72000,192681,2026-07-28,,6-208-45-C,,Shipped,30072
709057-,11612078-B,1306,1267,72000,190577,2026-06-17,,SORT&RETURN,,Shipped,29801
709058,11612078-B,503,1267,72000,190976,2026-07-02,,6-181-37-C,,Shipped,30072
709058-,11612078-B,1015,1267,72000,190152,2026-06-03,,SORT&RETURN,,Shipped,29667
709059,11612078-B,1440,1302,74000,192933,2026-08-06,,6-218-35-C,,Shipped,30061
709059-,11612078-B,779,1302,74000,190695,2026-06-23,,SORT&RETURN,,Shipped,29801
709060,11549168-CA-IN,127,1126,42000,191398,2026-07-17,,TRAVELERRECEIVED,,Shipped,30072
709061,11549168-CA-IN,1514,1072,40000,193263,2026-08-19,,TRAVELERRECEIVED,SPECIAL SORT,0,0
709062,11549168-CA-IN,662,1206,45000,191126,2026-07-08,,TRAVELERRECEIVED,,Shipped,30069
709064,11549168-CA-IN,1050,1072,40000,191125,2026-07-08,,TRAVELERRECEIVED,,Shipped,30072
709065,06509967AA,KIB,1320,40000,189928,2026-05-27,,TRAVELERRECEIVED,,Shipped,30072
709066,06509967AA,KIB,1320,40000,189928,2026-05-27,,SPLIT FROM TR#709065,,Shipped,29675
709067,06509967AA,KIB,1320,40000,189928,2026-05-27,,TRAVELERRECEIVED,,Shipped,29634
709068,06509967AA,KIB,1320,40000,189928,2026-05-27,,SPLIT FROM TR#709067,,Shipped,30072
709069,11588709,KIB,1450,100000,190106,2026-06-02,,TRAVELERRECEIVED,,Shipped,29659
709070,11588709,KIB,1450,100000,190106,2026-06-02,,SPLIT FROM TR#709069,,Shipped,29659
709071,11588709,KIB,435,30000,190106,2026-06-02,,TRAVELERRECEIVED,,Shipped,29659
709072,11588709,KIB,435,30000,190106,2026-06-02,,SPLIT FROM TR#709071,,Shipped,29659
709073,11588714,KIB,1547,70000,189774,2026-05-22,,TRAVELERRECEIVED,,Shipped,30072
709074,11588714,KIB,1547,70000,189774,2026-05-22,,SPLIT FROM TR#709073,,Shipped,29623
709075,11588714,KIB,1547,70000,189774,2026-05-22,,TRAVELERRECEIVED,,Shipped,30069
709076,11588714,KIB,1547,70000,189774,2026-05-22,,SPLIT FROM TR#709075,,Shipped,29624
709077,11548147,KIB,1575,12500,189774,2026-05-22,,TRAVELERRECEIVED,,Shipped,30082
709078,11548147,KIB,1575,12500,189774,2026-05-22,,SPLIT FROM TR#709077,,Shipped,30065
709079,11547090,1419,822,21351,189898,2026-05-26,,TRAVELERRECEIVED,,Shipped,30065
709080,11547090,265,1000,25974,189898,2026-05-26,,TRAVELERRECEIVED,,Shipped,30065
709081,06511799AA,26 CTNS,688,44700,190673,2026-06-22,,6-172-37-A,,Shipped,30065
709082,06511799AA,38 CTNS,991,64325,190673,2026-06-22,,6-172-37-B,,Shipped,30065
709083,06513514AA,69,785,9608,189960,2026-05-28,,TRAVELERRECEIVED,,Shipped,30065
709084,06513514AA,1685,775,9486,189960,2026-05-28,,TRAVELERRECEIVED,,Shipped,30065
709090,11546377-PH-RO,1539,1029,66818,189774,2026-05-22,,TRAVELERRECEIVED,,Shipped,30072
709091,11546377-PH-RO,1610,863,56039,189774,2026-05-22,,TRAVELERRECEIVED,,Shipped,29624
709092,11546377-PH-RO,238,1129,73312,189774,2026-05-22,,TRAVELERRECEIVED,,Shipped,29623
709093,11546377-PH-RO,1598,1145,74351,189774,2026-05-22,,TRAVELERRECEIVED,,Shipped,29624
709094,11546377-PH-RO,1683,859,55779,189774,2026-05-22,,TRAVELERRECEIVED,,Shipped,30061
709095,11546377-PH-RO,351,1078,70000,189774,2026-05-22,,TRAVELERRECEIVED,,Shipped,30092
709096,11546377-PH-RO,1056,911,59156,189774,2026-05-22,,TRAVELERRECEIVED,,Shipped,29626
709097,11546377-PH-RO,1602,905,58766,189774,2026-05-22,,TRAVELERRECEIVED,,Shipped,30067
709098,11546377-PH-RO,849,1059,68766,189774,2026-05-22,,TRAVELERRECEIVED,,Shipped,30082
709099,11546377-PH-RO,530,1043,67727,189747,2026-05-21,,TRAVELERRECEIVED,,Shipped,29626
709100,11546377-PH-RO,217,933,60584,189747,2026-05-21,,TRAVELERRECEIVED,,Shipped,#REF!
709101,11546377BR-PH-RO,617,968,62857,189838,2026-05-25,,TRAVELERRECEIVED,,Shipped,#REF!
709102,11546377BR-PH-RO,812,1031,66948,189838,2026-05-25,,TRAVELERRECEIVED,,Shipped,30098
709105,11546389-PH-RO,1663,954,123896,189747,2026-05-21,,TRAVELERRECEIVED,,Shipped,0
709106,11546389-PH-RO,520,883,114675,189747,2026-05-21,,TRAVELERRECEIVED,,Shipped,30080
709107,11546389-PH-RO,1096,1101,142987,189747,2026-05-21,,TRAVELERRECEIVED,,Shipped,#REF!
709108,11546389-PH-RO,1311,756,98182,189747,2026-05-21,,TRAVELERRECEIVED,,Shipped,29623
709109,11546389-PH-RO,333,879,114156,189747,2026-05-21,,TRAVELERRECEIVED,,Shipped,30092
709110,11546389-PH-RO,1077,998,129610,189747,2026-05-21,,TRAVELERRECEIVED,,Shipped,30080
709111,11546389-PH-RO,1312,1030,133766,189747,2026-05-21,,TRAVELERRECEIVED,,Shipped,29624
709112,11546389-PH-RO,354,824,107013,189747,2026-05-21,,TRAVELERRECEIVED,,Shipped,30092
709145,06101831-A,1583,1169,42355,189795,2026-05-22,,TRAVELERRECEIVED,,Shipped,29632
709146,06101831-A,968,1011,36630,189795,2026-05-22,,TRAVELERRECEIVED,,Shipped,29630
709147,06101831-A,541,1109,40181,189795,2026-05-22,,TRAVELERRECEIVED,,Shipped,#REF!
709149,06101831-A,431,1021,36993,189795,2026-05-22,,TRAVELERRECEIVED,,Shipped,29632
709150,06101831-A,1428,1117,40471,189795,2026-05-22,,TRAVELERRECEIVED,,Shipped,29624
709152,06101831-A,434,1099,39819,189795,2026-05-22,,TRAVELERRECEIVED,,Shipped,#REF!
709153,06101831-A,1028,1068,38696,189795,2026-05-22,,TRAVELERRECEIVED,,Shipped,29628
709154,06101831-A,404,1046,37899,189795,2026-05-22,,TRAVELERRECEIVED,,Shipped,30072
709156,06101831-A,249,1165,42210,189795,2026-05-22,,TRAVELERRECEIVED,,Shipped,#REF!
709157,11548414,1072,1064,,189960,2026-05-28,,TRAVELERRECEIVED,,Shipped,29651
709158,11548414,293,1166,,189960,2026-05-28,,TRAVELERRECEIVED,,Shipped,#REF!
709159,11548414,1570,1129,,189960,2026-05-28,,TRAVELERRECEIVED,,Shipped,30082
709160,11548414,116,1075,,189960,2026-05-28,,TRAVELERRECEIVED,,Shipped,#REF!
709161,11548414,558,1119,,189960,2026-05-28,,TRAVELERRECEIVED,,Shipped,30092
709162,11548414,581,1119,,189960,2026-05-28,,TRAVELERRECEIVED,,Shipped,30065
709173,11546437-MY-AK,907,1167,89769,189992,2026-05-29,,TRAVELERRECEIVED,,Shipped,29662
709174,11546437-MY-AK,114,1069,82231,189992,2026-05-29,,TRAVELERRECEIVED,,Shipped,29656
709175,11546364-MY-AK,1585,1130,136145,189774,2026-05-22,,TRAVELERRECEIVED,,Shipped,29634
709176,11546364-MY-AK,874,1015,122289,189774,2026-05-22,,TRAVELERRECEIVED,,Shipped,29645
709179,11546364-MY-AK,946,1044,125783,189774,2026-05-22,,TRAVELERRECEIVED,,Shipped,29630
709180,11546364-MY-AK,976,1103,132892,189774,2026-05-22,,TRAVELERRECEIVED,,Shipped,30080
709181,11546364-MY-AK,112,1074,129398,189774,2026-05-22,,TRAVELERRECEIVED,,Shipped,30082
709183,11546364-MY-AK,906,1250,150602,189774,2026-05-22,,TRAVELERRECEIVED,,Shipped,29630
709185,11549168-IN-BA,1440,1136,40000,190020,2026-05-29,,TRAVELERRECEIVED,,Shipped,30082
709186,11549168-IN-BA,958,1136,40000,190183,2026-06-05,,TRAVELERRECEIVED,,Shipped,30080
709187,11549168-IN-BA,1414,1136,40000,190183,2026-06-05,,TRAVELERRECEIVED,,Shipped,30092
709188,11549168-IN-BA,1396,1136,40000,190183,2026-06-05,,TRAVELERRECEIVED,,Shipped,29687
709189,11549168-IN-BA,495,1136,40000,190020,2026-05-29,,TRAVELERRECEIVED,,Shipped,29673
709190,11549168-IN-BA,1410,1136,40000,190183,2026-06-05,,TRAVELERRECEIVED,,Shipped,30092
709191,11549168-IN-BA,712,1136,40000,190020,2026-05-29,,TRAVELERRECEIVED,,Shipped,30080
709192,11549168-IN-BA,1017,1136,40000,190183,2026-06-05,,TRAVELERRECEIVED,,Shipped,30074
709193,11549168-IN-BA,367,1136,40000,190183,2026-06-05,,TRAVELERRECEIVED,,Shipped,30074
709194,11549168-IN-BA,610,1136,40000,190183,2026-06-05,,TRAVELERRECEIVED,,Shipped,29687
709195,06100050-A,1680,1140,60638,189959,2026-05-28,,6-148-06-A,,Shipped,30074
709196,06100050-A,23,1216,64681,189959,2026-05-28,,6-148-06-B,,Shipped,30092
709197,06100050-A,894,1195,63564,189959,2026-05-28,,6-148-06-C,,Shipped,30074
709198,06100050-A,393,1152,61277,189959,2026-05-28,,6-148-06-D,,Shipped,30074
709201,06511777AA,633,1399,19458,190263,2026-06-08,,6-159-32-A,,Shipped,30074
709203,06511777AA,1719,1402,19499,190263,2026-06-08,,6-159-32-B,,Shipped,30074
709205,06511777AA,391,1415,19680,190263,2026-06-08,,6-159-32-C,,Shipped,29687
709207,7150-3033-02,595,751,37550,189862,2026-05-25,,6-145-34-A,,Shipped,29626
709208,7150-3033-02,28 CTNS,840,42000,191024,2026-07-02,,6-145-34-B,,Shipped,30082
709208-,7150-3033-02,1599,828,41400,189862,2026-05-25,,6-145-34-B,,Shipped,29626
709209,HL3W-4320-AA,231,535,3506,190315,2026-06-09,,6-159-27-A,,Shipped,29800
709215,HL3W-4320-AA,498,947,6206,190288,2026-06-09,,6-159-26-A,,Shipped,30080
709216,HL3W-4320-AA,381,1001,6560,190577,2026-06-17,,6-166-42-A,,Shipped,30067
709217,HL3W-4320-AA,878,1004,6579,190288,2026-06-09,,6-159-26-B,,Shipped,30080
709218,HL3W-4320-AA,224,967,6337,190577,2026-06-17,,6-166-42-B,,Shipped,30072
709233,11546368-MY-AK,1388,,,,2026-07-24,,6-203-48-A,,,
709237,11546366-MY-AK,1533,1182,42671,190128,2026-06-03,,TRAVELERRECEIVED,,Shipped,30082
709240,11546366-MY-AK,837,1075,38809,190128,2026-06-03,,TRAVELERRECEIVED,,Shipped,29675
709241,11546365-MY-AK,365,1095,64035,190080,2026-06-01,,TRAVELERRECEIVED,,Shipped,29656
709242,11546365-MY-AK,603,1138,66550,190080,2026-06-01,,TRAVELERRECEIVED,,Shipped,29662
709243,11546365-MY-AK,860,1101,64386,190080,2026-06-01,,TRAVELERRECEIVED,,Shipped,29659
709244,11546365-MY-AK,268,1149,67193,190080,2026-06-01,,TRAVELERRECEIVED,,Shipped,#REF!
709249,11548414,664,1084,16806,189823,2026-05-25,,TRAVELERRECEIVED,,Shipped,30072
709250,11548414,486,1100,17054,189823,2026-05-25,,TRAVELERRECEIVED,,Shipped,#REF!
709251,11548414,639,1138,17643,189823,2026-05-25,,TRAVELERRECEIVED,,Shipped,#REF!
709252,11548414,747,1077,16698,189823,2026-05-25,,TRAVELERRECEIVED,,Shipped,#REF!
709261,11546463,698,933,14443,189898,2026-05-26,,TRAVELERRECEIVED,,Shipped,0
709262,11546463,1661,1011,15650,189898,2026-05-26,,,,Shipped,0
709263,11546463,737,1007,15588,189898,2026-05-26,,TRAVELERRECEIVED,,Shipped,0
709264,11546463,1105,950,14706,189898,2026-05-26,,TRAVELERRECEIVED,,Shipped,30072
709265,11546463,4,700,10836,189898,2026-05-26,,TRAVELERRECEIVED,,Shipped,30072
709266,11546463,317,990,15325,189898,2026-05-26,,TRAVELERRECEIVED,,Shipped,30092
709267,11546546,453,979,50725,190183,2026-06-05,,TRAVELERRECEIVED,,Shipped,30098
709268,11546546,178,886,45907,190183,2026-06-05,,TRAVELERRECEIVED,,Shipped,0
709269,06510997AA,1395,695,2317,189928,2026-05-27,,TRAVELERRECEIVED,,Shipped,30098
709270,06510997AA,1024,672,2240,189928,2026-05-27,,TRAVELERRECEIVED,,Shipped,0
709298,11546545,1541,1086,90500,189960,2026-05-28,,TRAVELERRECEIVED,,Shipped,30092
709299,11546545,329,1088,90667,189960,2026-05-28,,TRAVELERRECEIVED,,Shipped,30092
709302,11549204,571,1212,7968,189898,2026-05-26,,TRAVELERRECEIVED,,Shipped,30092
709303,11549204,539,1091,7176,189898,2026-05-26,,TRAVELERRECEIVED,,Shipped,30098
709304,11549204,222,1139,7488,189898,2026-05-26,,TRAVELERRECEIVED,,Shipped,30092
709305,11549204,466,1161,7633,189898,2026-05-26,,TRAVELERRECEIVED,,Shipped,0
709306,11549204,1696,1124,7390,189898,2026-05-26,,TRAVELERRECEIVED,,Shipped,30098
709307,11549204,735,1178,7746,189898,2026-05-26,,TRAVELERRECEIVED,,Shipped,#REF!
709308,11549204,439,1199,7883,189898,2026-05-26,,TRAVELERRECEIVED,,Shipped,#REF!
709309,11549204,1667,1076,7074,189898,2026-05-26,,TRAVELERRECEIVED,,Shipped,30092
709310,11549204,728,1098,7219,189898,2026-05-26,,TRAVELERRECEIVED,,Shipped,0
709311,11549204,959,1200,7890,189898,2026-05-26,,TRAVELERRECEIVED,,Shipped,30092
709312,11549204,1514,1139,7488,189898,2026-05-26,,TRAVELERRECEIVED,,Shipped,30098
709313,11549204,1413,1164,7653,189898,2026-05-26,,TRAVELERRECEIVED,,Shipped,#REF!
709314,11549204,1618,1053,6923,189898,2026-05-26,,TRAVELERRECEIVED,,Shipped,#REF!
709315,11549204,1640,1218,8008,189898,2026-05-26,,TRAVELERRECEIVED,,Shipped,29630
709316,11549204,117,1256,8258,189898,2026-05-26,,TRAVELERRECEIVED,,Shipped,#REF!
709317,11549204,277,1041,6844,189898,2026-05-26,,TRAVELERRECEIVED,,Shipped,#REF!
709318,06104725AA,375,1123,105943,189992,2026-05-29,,TRAVELERRECEIVED,,Shipped,#REF!
709319,06104725AA,1655,1044,98491,189992,2026-05-29,,TRAVELERRECEIVED,,Shipped,29653
709320,06104725AA,754,1096,103396,189992,2026-05-29,,TRAVELERRECEIVED,,Shipped,30080
709321,06104725AA,531,1046,98679,189992,2026-05-29,,TRAVELERRECEIVED,,Shipped,29651
709322,06104725AA,813,1057,99717,189992,2026-05-29,,TRAVELERRECEIVED,,Shipped,30080
709323,06104725AA,1584,1051,99151,189992,2026-05-29,,TRAVELERRECEIVED,,Shipped,30092
709324,11548535,622,1136,5680,190436,2026-06-12,,6-148-29-A,,Shipped,30098
709324-,11548535,1014,1136,5680,189960,2026-05-28,,,,Shipped,29641
709325,11548535,482,1118,5590,190436,2026-06-12,,6-148-29-B,,Shipped,30080
709325-,11548535,650,1118,5590,189960,2026-05-28,,,,Shipped,29641
709326,11548535,1686,1157,5785,190436,2026-06-12,,6-148-30-A,,Shipped,30080
709326-,11548535,1439,1157,5785,189960,2026-05-28,,,,Shipped,29641
709327,11548535,1512,1077,5385,190436,2026-06-12,,6-148-30-B,,Shipped,#REF!
709327-,11548535,482,1077,5385,189960,2026-05-28,,,,Shipped,29641
709328,11546367-CA-IN,384,1045,22691,190938,2026-07-01,,TRAVELERRECEIVED,,Shipped,30098
709329,11546367-CA-IN,1570,1171,25346,190938,2026-07-01,,TRAVELERRECEIVED,,Shipped,30098
709330,11546367-CA-IN,436,1275,27597,190938,2026-07-01,,TRAVELERRECEIVED,,Shipped,30080
709331,11546367-CA-IN,546,1144,24762,190779,2026-06-25,,TRAVELERRECEIVED,,Shipped,30080
709332,11546367-CA-IN,1672,1316,28485,190779,2026-06-25,,TRAVELERRECEIVED,,Shipped,#REF!
709333,11546367-CA-IN,1040,1180,25541,190938,2026-07-01,,TRAVELERRECEIVED,,Shipped,#REF!
709335,11610091-MY-AK,9,1140,74026,190079,2026-06-01,,6-152-30-A,,Shipped,#REF!
709336,11610091-MY-AK,1537,1248,81039,190079,2026-06-01,,6-152-30-B,,Shipped,#REF!
709337,11610091-MY-AK,1097,1258,81688,190079,2026-06-01,,6-152-30-C,,Shipped,#REF!
709338,11610091-MY-AK,1700,1097,71234,190079,2026-06-01,,6-152-29-A,,Shipped,29673
709339,11610091-MY-AK,1081,1236,80260,190079,2026-06-01,,6-152-29-B,,Shipped,#REF!
709340,11610091-MY-AK,688,1138,73896,190079,2026-06-01,,6-152-29-C,,Shipped,#REF!
709341,M93000340,1016,1115,64451,190079,2026-06-01,,6-152-28-A,,Shipped,29655
709342,M93000340,1111,1110,64162,190079,2026-06-01,,6-152-28-B,,Shipped,#REF!
709343,M93000340,369,351,20289,190079,2026-06-01,,6-152-28-C,,Shipped,#REF!
709345,92468,344,747,22914,190079,2026-06-01,,6-152-02-A,,Shipped,#REF!
709346,92468,1651,835,25613,190079,2026-06-01,,6-152-02-B,,Shipped,#REF!
709347,06511672AA,387,983,42371,190535,2026-06-16,,6-166-46-A,,Shipped,#REF!
709348,06511672AA,409,1113,47974,190577,2026-06-17,,6-166-46-B,,Shipped,30098
709349,06511637AA,953,1025,41331,190079,2026-06-01,,6-152-33-A,,Shipped,30098
709350,06511637AA,1632,1013,40847,190079,2026-06-01,,6-152-33-B,,Shipped,30098
709351,W719080-S450,919,865,36042,190079,2026-06-01,,6-152-37-A,,Shipped,#REF!
709352,W719080-S450,509,936,39000,190079,2026-06-01,,6-152-05-A,,Shipped,30098
709353,W711953-S900,1374,1297,84221,190079,2026-06-01,,6-152-34-A,,Shipped,#REF!
709354,W711953-S900,421,1229,79805,190079,2026-06-01,,6-152-34-B,,Shipped,0
709359,11546370-MY-AK,1627,1198,8040,190146,2026-06-03,,TRAVELERRECEIVED,,Shipped,0
709360,11546370-MY-AK,29,1022,6859,190146,2026-06-03,,TRAVELERRECEIVED,,Shipped,30092
709361,11546370-MY-AK,883,1167,7832,190146,2026-06-03,,TRAVELERRECEIVED,,Shipped,0
709362,11546370-MY-AK,1384,1073,7201,190146,2026-06-03,,TRAVELERRECEIVED,,Shipped,29666
709363,11546370-MY-AK,357,1240,8322,190146,2026-06-03,,TRAVELERRECEIVED,,Shipped,#REF!
709381,11516077-MY-AK,1643,1202,44191,190080,2026-06-01,,TRAVELERRECEIVED,,Shipped,#REF!
709382,11516077-MY-AK,489,1083,39816,190080,2026-06-01,,TRAVELERRECEIVED,,Shipped,#REF!
709383,11516077-MY-AK,19,1165,42831,190080,2026-06-01,,TRAVELERRECEIVED,,Shipped,30092
709385,11546449,396,704,59661,189928,2026-05-27,,TRAVELERRECEIVED,,Shipped,#REF!
709387,11546449,1566,1103,93475,189928,2026-05-27,,TRAVELERRECEIVED,,Shipped,29634
709388,11546449,319,1032,87458,189928,2026-05-27,,TRAVELERRECEIVED,,Shipped,#REF!
709389,11546449,948,1084,91864,189928,2026-05-27,,TRAVELERRECEIVED,,Shipped,#REF!
709390,11546449,136,1038,87966,189928,2026-05-27,,TRAVELERRECEIVED,,Shipped,#REF!
709391,11546449,811,1063,90085,189928,2026-05-27,,TRAVELERRECEIVED,,Shipped,30082
709392,11546449,1511,1051,89068,189928,2026-05-27,,TRAVELERRECEIVED,,Shipped,#REF!
709393,11546449,1555,992,84068,189928,2026-05-27,,TRAVELERRECEIVED,,Shipped,30098
709394,11546449,848,1117,94661,189928,2026-05-27,,TRAVELERRECEIVED,,Shipped,29738
709395,11546449,765,1037,87881,189928,2026-05-27,,TRAVELERRECEIVED,,Shipped,#REF!
709396,11546449,148,1026,86949,189928,2026-05-27,,TRAVELERRECEIVED,,Shipped,#REF!
709397,06104388AA,376,823,19927,189992,2026-05-29,,TRAVELERRECEIVED,,Shipped,#REF!
709398,06104388AA,366,852,20630,189992,2026-05-29,,TRAVELERRECEIVED,,Shipped,#REF!
709399,06104388AA,1525,866,20969,189992,2026-05-29,,TRAVELERRECEIVED,,Shipped,29666
709400,06104388AA,809,825,19976,189992,2026-05-29,,TRAVELERRECEIVED,,Shipped,#REF!
709401,06104388AA,587,934,22615,189992,2026-05-29,,TRAVELERRECEIVED,,Shipped,30082
709408,06101831-A,26,1066,38623,189960,2026-05-28,,TRAVELERRECEIVED,,Shipped,#REF!
709409,06101831-A,168,1088,39420,189960,2026-05-28,,TRAVELERRECEIVED,,Shipped,30082
709411,06101831-A,1054,880,31884,189960,2026-05-28,,TRAVELERRECEIVED,,Shipped,#REF!
709412,06101831-A,901,760,27536,189960,2026-05-28,,TRAVELERRECEIVED,,Shipped,30098
709414,06101831-A,487,1132,41014,189960,2026-05-28,,TRAVELERRECEIVED,,Shipped,30098
709415,06101831-A,1390,1038,37609,189960,2026-05-28,,TRAVELERRECEIVED,,Shipped,30098
709416,06101831-A,71,1146,41522,189960,2026-05-28,,TRAVELERRECEIVED,,Shipped,29684
709417,06101831-A,753,1160,42029,189960,2026-05-28,,TRAVELERRECEIVED,,Shipped,29643
709419,06101831-A,501,810,29348,189960,2026-05-28,,TRAVELERRECEIVED,,Shipped,30098
709420,06101831-A,1517,826,29928,189960,2026-05-28,,TRAVELERRECEIVED,,Shipped,29648
709424,06101831-A,917,1088,39420,189928,2026-05-27,,TRAVELERRECEIVED,,Shipped,#REF!
709427,06101831-A,496,1055,38225,189928,2026-05-27,,TRAVELERRECEIVED,,Shipped,#REF!
709428,06101831-A,1370,1115,40399,189928,2026-05-27,,TRAVELERRECEIVED,,Shipped,30098
709429,NU5108-00,1684,1211,70000,189943,2026-05-27,,6-145-37-A,,Shipped,29667
709430,NU5108-00,1715,1263,73000,189943,2026-05-27,,6-145-37-B,,Shipped,#REF!
709431,NU1305-01,294,1142,66000,189943,2026-05-27,,SORT&RETURN,,Shipped,#REF!
709432,NU1305-01,1686,1280,74000,189943,2026-05-27,,6-147-17-A,,Shipped,29641
709433,NU5108-00,1564,1073,62000,189975,2026-05-28,,6-149-39-A,,Shipped,29667
709434,NU5108-00,648,1176,68000,190152,2026-06-03,,6-152-42-A,,Shipped,#REF!
709435,NU5108-00,16,1176,68000,189975,2026-05-28,,6-148-39-b,,Shipped,#REF!
709436,NU5108-00,1711,1280,74000,189943,2026-05-27,,6-145-38-A,,Shipped,#REF!
709437,11547059,800,1030,22637,190114,2026-06-02,,6-153-21-A,,Shipped,#REF!
709438,11547059,884,1024,22505,190114,2026-06-02,,6-153-21-B,,Shipped,#REF!
709439,11547059,405,1076,23648,190114,2026-06-02,,6-153-21-C,,Shipped,#REF!
709440,11547059,479,957,21033,190114,2026-06-02,,6-153-21-D,,Shipped,#REF!
709441,11547059,555,1062,23341,190114,2026-06-02,,6-153-21-E,,Shipped,29707
709442,11547059,153,992,21802,190114,2026-06-02,,6-153-21-F,,Shipped,29805
709447,82246,KIB,1658,15000,189928,2026-05-27,,TRAVELERRECEIVED,,Shipped,30092
709448,82246,KIB,1658,15000,189928,2026-05-27,,SPLIT FROM TR#709447,,Shipped,#REF!
709449,11547176,KIB,1710,45000,189960,2026-05-28,,TRAVELERRECEIVED,,Shipped,#REF!
709450,11547176,KIB,1710,45000,189960,2026-05-28,,SPLIT FROM TR#709449,,Shipped,#REF!
709451,06509967AA,KIB,1320,40000,189928,2026-05-27,,TRAVELERRECEIVED,,Shipped,#REF!
709452,06509967AA,KIB,1320,40000,189928,2026-05-27,,SPLIT FROM TR#709451,,Shipped,#REF!
709453,06509967AA,KIB,1320,40000,189928,2026-05-27,,TRAVELERRECEIVED,,Shipped,#REF!
709454,06509967AA,KIB,1320,40000,189928,2026-05-27,,SPLIT FROM TR#709453,,Shipped,#REF!
709455,06509967AA,KIB,1320,40000,189928,2026-05-27,,TRAVELERRECEIVED,,Shipped,29691
709456,06509967AA,KIB,1320,40000,189928,2026-05-27,,SPLIT FROM TR#709455,,Shipped,#REF!
709457,06509967AA,KIB,1320,40000,189928,2026-05-27,,TRAVELERRECEIVED,,Shipped,#REF!
709458,06509967AA,KIB,1320,40000,189928,2026-05-27,,SPLIT FROM TR#709457,,Shipped,29662
709459,06509967AA,KIB,660,20000,189928,2026-05-27,,TRAVELERRECEIVED,,Shipped,#REF!
709460,06509967AA,KIB,660,20000,189928,2026-05-27,,SPLIT FROM TR#709459,,Shipped,#REF!
709461,11518532,KIB,1942,83000,189760,2026-05-21,,6-140-28-A,,Shipped,29623
709462,11518532,KIB,1942,83000,189760,2026-05-21,,SPLIT FROM TR#709461,,Shipped,29624
709463,11588293,KIB,1946,70000,189760,2026-05-21,,6-140-27-A,,Shipped,29624
709464,11588293,KIB,1946,70000,189760,2026-05-21,,SPLIT FROM TR#709463,,Shipped,29624
709465,11546566,1400,918,51000,189816,2026-05-25,,6-145-01-A,,Shipped,#REF!
709467,11546566,338,749,41611,189816,2026-05-25,,6-145-01-B,,Shipped,29623
709468,11546566,200,989,54944,189816,2026-05-25,,6-145-01-C,,Shipped,#REF!
709469,11546566,205,787,43722,189816,2026-05-25,,6-145-02-A,,Shipped,29645
709470,11546566,1562,968,53778,189816,2026-05-25,,6-145-02-B,,Shipped,29623
709471,11546566,184,891,49500,189816,2026-05-25,,6-145-02-C,,Shipped,29622
709472,11546566,17,820,45556,189816,2026-05-25,,6-145-02-D,,Shipped,#REF!
709479,W20-1028-012,877,1107,34921,190337,2026-06-10,,TRAVELERRECEIVED,,Shipped,#REF!
709480,W20-1028-012,602,1036,32681,190337,2026-06-10,,TRAVELERRECEIVED,,Shipped,29707
709481,W20-1028-012,1688,1155,36435,190337,2026-06-10,,TRAVELERRECEIVED,,Shipped,#REF!
709482,W20-1028-012,692,977,30820,190337,2026-06-10,,TRAVELERRECEIVED,,Shipped,#REF!
709483,W20-1028-012,254,1140,35962,190337,2026-06-10,,TRAVELERRECEIVED,,Shipped,29723
709505,06102398AA,554,633,102097,190220,2026-06-05,,6-156-30-A,,Shipped,29688
709506,06102398AA,309,759,122419,190220,2026-06-05,,6-156-30-B,,Shipped,0
709508,55364498AA,1629,1388,24351,190220,2026-06-05,,6-156-29-A,,Shipped,30098
709509,F1302AB,1305,569,18414,190976,2026-07-02,,6-182-23-A,,Shipped,29805
709510,F1302AB,1316,663,21456,190976,2026-07-02,,6-182-23-B,,Shipped,30098
709511,F1302AB,620,615,19903,191145,2026-07-08,,6-181-40-A,,Shipped,#REF!
709512,F1302AB,1532,644,20841,191145,2026-07-08,,6-181-40-B,,Shipped,0
709513,F1302AB,212,710,22977,191145,2026-07-08,,6-180-44-A,,Shipped,0
709514,F1302AB,355,519,16796,191145,2026-07-08,,6-180-44-B,,Shipped,30092
709516,06503825-A,306,956,73538,190220,2026-06-05,,6-156-31-A,,Shipped,#REF!
709517,06503825-A,125,1024,78769,190220,2026-06-05,,6-156-31-B,,Shipped,29688
709518,06503825-A,1070,985,75769,190220,2026-06-05,,6-156-31-C,,Shipped,30092
709519,06502979-A,1407,706,17828,190400,2026-06-11,,6-161-31-A,,Shipped,29709
709520,06502979-A,45,920,23232,190400,2026-06-11,,6-161-31-B,,Shipped,#REF!
709527,11549168-VN-VT,388,1250,44000,190183,2026-06-05,,TRAVELERRECEIVED,,Shipped,#REF!
709533,11549168-CA-IN,595,1072,40000,193263,2026-08-19,,TRAVELERRECEIVED,SPECIAL SORT,0,0
709534,11549168-CA-IN,539,1206,45000,191125,2026-07-08,,TRAVELERRECEIVED,,Shipped,#REF!
709535,11549168-CA-IN,1366,1206,45000,191125,2026-07-08,,TRAVELERRECEIVED,,Shipped,#REF!
709537,11549168-CA-IN,858,1126,42000,191126,2026-07-08,,TRAVELERRECEIVED,,Shipped,#REF!
709540,11549168-VN-VT,679,1278,45000,190607,2026-06-18,,TRAVELERRECEIVED,,Shipped,#REF!
709542,11549168-VN-VT,1313,1306,46000,190607,2026-06-18,,TRAVELERRECEIVED,,Shipped,#REF!
709544,11549168-VN-VT,696,1278,45000,190607,2026-06-18,,TRAVELERRECEIVED,,Shipped,#REF!
709546,11549168-VN-VT,389,1363,48000,190607,2026-06-18,,TRAVELERRECEIVED,,Shipped,#REF!
709555,11602031,770,811,3974,189992,2026-05-29,,TRAVELERRECEIVED,,Shipped,#REF!
709556,11602031,1559,926,4537,189992,2026-05-29,,TRAVELERRECEIVED,,Shipped,#REF!
709557,11602031,575,868,4253,189992,2026-05-29,,TRAVELERRECEIVED,,Shipped,#REF!
709558,11602031,7,864,4233,189992,2026-05-29,,TRAVELERRECEIVED,,Shipped,29662
709559,11602031,1000,877,4297,189992,2026-05-29,,TRAVELERRECEIVED,,Shipped,#REF!
709560,11602031,569,864,4233,189992,2026-05-29,,TRAVELERRECEIVED,,Shipped,#REF!
709561,11602031,260,936,4586,189960,2026-05-28,,TRAVELERRECEIVED,,Shipped,#REF!
709562,11602031,1314,833,4081,189960,2026-05-28,,TRAVELERRECEIVED,,Shipped,#REF!
709563,11602031,397,926,4537,189960,2026-05-28,,TRAVELERRECEIVED,,Shipped,29684
709564,11602031,1015,833,4081,189960,2026-05-28,,TRAVELERRECEIVED,,Shipped,#REF!
709565,11546456,1088,922,75574,190020,2026-05-29,,TRAVELERRECEIVED,,Shipped,#REF!
709566,11546456,1534,929,76148,190020,2026-05-29,,TRAVELERRECEIVED,,Shipped,#REF!
709567,11546456,641,940,77049,190020,2026-05-29,,TRAVELERRECEIVED,,Shipped,29684
709568,11546456,1387,929,76148,190020,2026-05-29,,TRAVELERRECEIVED,,Shipped,#REF!
709569,11546456,882,1023,83852,190020,2026-05-29,,TRAVELERRECEIVED,,Shipped,#REF!
709570,11546456,902,816,66885,190020,2026-05-29,,TRAVELERRECEIVED,,Shipped,#REF!
709571,11546456,1340,960,78689,190020,2026-05-29,,TRAVELERRECEIVED,,Shipped,#REF!
709572,11546456,900,890,72951,190020,2026-05-29,,TRAVELERRECEIVED,,Shipped,#REF!
709573,06511834AA,1368,397,2727,189928,2026-05-27,,TRAVELERRECEIVED,,Shipped,#REF!
709574,06511834AA,1369,445,3056,189928,2026-05-27,,TRAVELERRECEIVED,,Shipped,#REF!
709575,06511834AA,39,410,2816,189928,2026-05-27,,TRAVELERRECEIVED,,Shipped,29700
709576,06511834AA,115,434,2981,189928,2026-05-27,,TRAVELERRECEIVED,,Shipped,#REF!
709577,06511834AA,836,423,2905,189928,2026-05-27,,TRAVELERRECEIVED,,Shipped,#REF!
709578,06511834AA,264,364,2500,189928,2026-05-27,,TRAVELERRECEIVED,,Shipped,#REF!
709579,11546377BR,617,798,51818,190020,2026-05-29,,TRAVELERRECEIVED,,Shipped,#REF!
709580,11546377BR,806,1078,70000,190020,2026-05-29,,TRAVELERRECEIVED,,Shipped,#REF!
709581,11546377BR,1518,1108,71948,190020,2026-05-29,,TRAVELERRECEIVED,,Shipped,#REF!
709582,11546377BR,423,912,59221,190020,2026-05-29,,TRAVELERRECEIVED,,Shipped,#REF!
709583,11546377,761,1096,71169,189992,2026-05-29,,TRAVELERRECEIVED,,Shipped,#REF!
709584,11546377,1315,911,59156,189992,2026-05-29,,TRAVELERRECEIVED,,Shipped,#REF!
709585,11546377,759,909,59026,189992,2026-05-29,,TRAVELERRECEIVED,,Shipped,#REF!
709586,11546377,1687,1066,69221,189992,2026-05-29,,TRAVELERRECEIVED,,Shipped,#REF!
709587,11546377,370,958,62208,190020,2026-05-29,,TRAVELERRECEIVED,,Shipped,30098
709588,11546377,794,1052,68312,190020,2026-05-29,,TRAVELERRECEIVED,,Shipped,#REF!
709589,11546377,839,920,59740,190020,2026-05-29,,TRAVELERRECEIVED,,Shipped,#REF!
709590,11546377,760,1092,70909,190020,2026-05-29,,TRAVELERRECEIVED,,Shipped,#REF!
709591,11602326,653,1124,4691,189928,2026-05-27,,TRAVELERRECEIVED,,Shipped,#REF!
709592,11602326,1012,974,4065,189928,2026-05-27,,TRAVELERRECEIVED,,Shipped,29702
709593,11602326,416,1110,4633,189928,2026-05-27,,TRAVELERRECEIVED,,Shipped,#REF!
709594,11602326,871,1008,4207,189928,2026-05-27,,TRAVELERRECEIVED,,Shipped,#REF!
709611,11548414,1504,1088,16868,190262,2026-06-08,,TRAVELERRECEIVED,,Shipped,#REF!
709612,11548414,1531,1144,17736,190262,2026-06-08,,TRAVELERRECEIVED,,Shipped,#REF!
709613,11548414,1431,1300,20155,190262,2026-06-08,,TRAVELERRECEIVED,,Shipped,#REF!
709615,11548414,157,1076,16682,190262,2026-06-08,,TRAVELERRECEIVED,,Shipped,#REF!
709616,11548414,861,1144,17736,190262,2026-06-08,,TRAVELERRECEIVED,,Shipped,#REF!
709617,11546571,943,871,52156,190033,2026-05-29,,6-149-34-A,,Shipped,#REF!
709618,11546571,1649,767,45928,190033,2026-05-29,,6-149-34-B,,Shipped,#REF!
709619,11546571,812,801,47964,190033,2026-05-29,,6-149-34-C,,Shipped,#REF!
709620,11546571,776,864,51737,190033,2026-05-29,,6-149-35-A,,Shipped,#REF!
709621,11546571,179,843,50479,190033,2026-05-29,,6-149-35-B,,Shipped,#REF!
709622,11546571,642,777,46527,190033,2026-05-29,,6-149-35-C,,Shipped,#REF!
709623,11546571,684,826,49461,190033,2026-05-29,,6-149-36-A,,Shipped,#REF!
709624,11546571,517,874,52335,190033,2026-05-29,,6-149-36-B,,Shipped,29648
709625,W711468-S437,190,714,41272,190673,2026-06-22,,6-172-31-A,,Shipped,29744
709626,W711468-S437,173,1022,59075,190535,2026-06-16,,6-166-29-A,,Shipped,#REF!
709627,W711468-S437,211,855,49422,190673,2026-06-22,,6-172-31-B,,Shipped,#REF!
709628,W711468-S437,1311,906,52370,190673,2026-06-22,,6-172-31-C,,Shipped,#REF!
709629,W711468-S437,217,868,50173,190673,2026-06-22,,6-172-31-D,,Shipped,#REF!
709630,W711468-S437,534,888,51329,190535,2026-06-16,,6-166-29-B,,Shipped,#REF!
709631,NU3014-02,343,1084,9757,189959,2026-05-28,,6-148-05-A,,Shipped,#REF!
709632,NU3014-02,1303,1164,10477,189959,2026-05-28,,6-148-05-B,,Shipped,#REF!
709633,NU3014-02,187,1096,9865,189959,2026-05-28,,6-148-05-C,,Shipped,#REF!
709634,NU3014-02,873,1155,10396,189959,2026-05-28,,6-148-05-D,,Shipped,#REF!
709635,NU3014-02,384,1097,9874,189959,2026-05-28,,6-148-05-E,,Shipped,#REF!
709636,NU3014-02,236,1124,10117,189959,2026-05-28,,6-148-05-F,,Shipped,#REF!
709637,W520217-S440,44,1120,5128,190128,2026-06-03,,TRAVELERRECEIVED,,Shipped,#REF!
709638,W520217-S440,483,1087,4977,190106,2026-06-02,,TRAVELERRECEIVED,,Shipped,#REF!
709639,W520217-S440,123,1069,4895,190128,2026-06-03,,TRAVELERRECEIVED,,Shipped,#REF!
709641,W520217-S440,55,1097,5023,190106,2026-06-02,,TRAVELERRECEIVED,,Shipped,#REF!
709642,W520217-S440,243,1088,4982,190128,2026-06-03,,TRAVELERRECEIVED,,Shipped,#REF!
709643,W520217-S440,1107,1069,4895,190106,2026-06-02,,TRAVELERRECEIVED,,Shipped,#REF!
709644,W520217-S440,1556,1133,5188,190106,2026-06-02,,TRAVELERRECEIVED,,Shipped,#REF!
709645,W520217-S440,1615,1141,5224,190128,2026-06-03,,TRAVELERRECEIVED,,Shipped,#REF!
709646,W520217-S440,354,1032,4725,190128,2026-06-03,,TRAVELERRECEIVED,,Shipped,#REF!
709650,11547369-BR-HA,1383,1323,10934,191397,2026-07-17,,TRAVELERRECEIVED,,Shipped,29873
709653,11547369-BR-HA,704,1195,9876,191397,2026-07-17,,TRAVELERRECEIVED,,Shipped,29873
709655,06512106AA,1336,773,5769,190080,2026-06-01,,TRAVELERRECEIVED,,Shipped,#REF!
709656,06512106AA,975,847,6321,190080,2026-06-01,,TRAVELERRECEIVED,,Shipped,#REF!
709659,06511701AA,1023,999,71871,190146,2026-06-03,,TRAVELERRECEIVED,,Shipped,29675
709660,06511701AA,66,1152,82878,190146,2026-06-03,,TRAVELERRECEIVED,,Shipped,#REF!
709661,40161567,677,847,5261,189992,2026-05-29,,TRAVELERRECEIVED,,Shipped,29651
709662,40161567,609,784,4870,189992,2026-05-29,,TRAVELERRECEIVED,,Shipped,29648
709663,40161567,1562,871,5410,189992,2026-05-29,,TRAVELERRECEIVED,,Shipped,29651
709664,40161567,435,758,4708,189992,2026-05-29,,TRAVELERRECEIVED,,Shipped,29651
709665,40161567,91,920,5714,189992,2026-05-29,,TRAVELERRECEIVED,,Shipped,29684
709666,40161567,808,685,4255,189992,2026-05-29,,TRAVELERRECEIVED,,Shipped,29651
709668,06505246AA,604,809,26967,190020,2026-05-29,,TRAVELERRECEIVED,,Shipped,#REF!
709669,06505246AA,1449,611,20367,190020,2026-05-29,,TRAVELERRECEIVED,,Shipped,29651
709670,H62534A,126,810,20455,190106,2026-06-02,,TRAVELERRECEIVED,,Shipped,29664
709671,H62534A,663,809,20429,190106,2026-06-02,,TRAVELERRECEIVED,,Shipped,29662
709672,11561662,514,795,27993,190106,2026-06-02,,TRAVELERRECEIVED,,Shipped,29662
709674,40109770,1654,1070,7955,190080,2026-06-01,,TRAVELERRECEIVED,,Shipped,29662
709675,40109770,786,1197,8900,190080,2026-06-01,,TRAVELERRECEIVED,,Shipped,29681
709676,40073474,1544,759,5094,190020,2026-05-29,,TRAVELERRECEIVED,,Shipped,29685
709677,40073474,1093,772,5181,190020,2026-05-29,,TRAVELERRECEIVED,,Shipped,29653
709678,11546448,303,816,90667,190128,2026-06-03,,TRAVELERRECEIVED,,Shipped,29675
709679,11546448,1621,924,102667,190128,2026-06-03,,TRAVELERRECEIVED,,Shipped,29673
709680,11547090,844,966,25091,190080,2026-06-01,,TRAVELERRECEIVED,,Shipped,29656
709681,11547090,101,874,22701,190080,2026-06-01,,TRAVELERRECEIVED,,Shipped,29656
709682,15047163-MY-AK,170,1196,65355,189992,2026-05-29,,TRAVELERRECEIVED,,Shipped,29655
709684,15046285,172,1047,7992,190080,2026-06-01,,TRAVELERRECEIVED,,Shipped,29681
709685,15046285,1587,920,7023,190080,2026-06-01,,TRAVELERRECEIVED,,Shipped,29673
709687,06508203AA,769,891,5156,190220,2026-06-05,,6-156-32-A,,Shipped,29693
709688,11546377-CA-IN,200,1058,68701,190465,2026-06-15,,TRAVELERRECEIVED,,Shipped,29727
709689,11546377-CA-IN,445,1208,78442,190465,2026-06-15,,TRAVELERRECEIVED,,Shipped,29720
709690,11546377-CA-IN,378,1159,75260,190560,2026-06-17,,TRAVELERRECEIVED,,Shipped,#REF!
709694,11546377-CA-IN,1068,1191,77338,190560,2026-06-17,,TRAVELERRECEIVED,,Shipped,#REF!
709766,11546367-MY-AK,1597,1203,25871,190212,2026-06-05,,TRAVELERRECEIVED,,Shipped,29688
709767,11546367-MY-AK,747,1103,23720,190212,2026-06-05,,TRAVELERRECEIVED,,Shipped,29728
709768,11546367-MY-AK,241,1161,24968,190212,2026-06-05,,TRAVELERRECEIVED,,Shipped,29695
709769,11546367-MY-AK,1602,1120,24086,190212,2026-06-05,,TRAVELERRECEIVED,,Shipped,29709
709770,11546367-MY-AK,342,1096,23570,190212,2026-06-05,,TRAVELERRECEIVED,,Shipped,29688
709771,11546367-MY-AK,1683,1185,25484,190212,2026-06-05,,TRAVELERRECEIVED,,Shipped,29688
709772,11546367-MY-AK,1679,1158,24903,190252,2026-06-08,,TRAVELERRECEIVED,,Shipped,29695
709773,11546367-MY-AK,184,1110,23871,190252,2026-06-08,,TRAVELERRECEIVED,,Shipped,#REF!
709774,11546367-MY-AK,1056,1049,22559,190252,2026-06-08,,TRAVELERRECEIVED,,Shipped,29702
709775,11546367-MY-AK,546,1199,25785,190252,2026-06-08,,TRAVELERRECEIVED,,Shipped,29707
709776,11546367-MY-AK,392,825,17742,190252,2026-06-08,,TRAVELERRECEIVED,,Shipped,29695
709779,11611122,378,743,49533,190436,2026-06-12,,6-163-17-A,,Shipped,29713
709780,NU3019-00,338,1059,5072,189959,2026-05-28,,6-148-08-A,,Shipped,29641
709781,NU3019-00,191,1058,5067,189959,2026-05-28,,6-148-08-B,,Shipped,29641
709782,NU3019-00,1098,985,4717,189959,2026-05-28,,6-148-08-C,,Shipped,29641
709783,NU3019-00,909,1121,5369,189959,2026-05-28,,6-148-08-D,,Shipped,#REF!
709784,NU3019-00,784,958,4588,189959,2026-05-28,,6-148-07-A,,Shipped,29641
709785,NU3019-00,730,1147,5493,189959,2026-05-28,,6-148-07-B,,Shipped,29641
709786,NU3019-00,510,1086,5201,189959,2026-05-28,,6-148-08-E,,Shipped,29641
709787,NU3019-00,879,994,4761,189959,2026-05-28,,6-148-08-F,,Shipped,29641
709788,NU3019-00,1312,984,4713,189959,2026-05-28,,6-148-08-G,,Shipped,29641
709789,NU3019-00,499,1120,5364,189959,2026-05-28,,6-148-08-H,,Shipped,29641
709790,NU3019-00,364,1154,5527,190033,2026-05-29,,6-149-37-A,,Shipped,29667
709791,NU3019-00,108,965,4622,189959,2026-05-28,,6-148-07-C,,Shipped,29641
709792,NU3019-00,418,1046,5010,189959,2026-05-28,,6-148-07-C,,Shipped,29641
709793,NU3019-00,734,1055,5053,190033,2026-05-29,,6-149-38-A,,Shipped,29667
709794,NU3019-00,132,1029,4928,189959,2026-05-28,,6-148-08-I,,Shipped,29641
709795,NU3019-00,1004,1077,5158,189959,2026-05-28,,6-148-08-J,,Shipped,29641
709796,NU3019-00,1546,1111,5321,189959,2026-05-28,,6-148-08-K,,Shipped,29641
709797,NU3019-00,305,999,4784,189959,2026-05-28,,6-148-08-L,,Shipped,29641
709800,06101968-A,912,950,71970,190128,2026-06-03,,TRAVELERRECEIVED,,Shipped,29685
709801,06101968-A,137,1030,78030,190128,2026-06-03,,TRAVELERRECEIVED,,Shipped,#REF!
709846,11549204,799,1164,7653,190128,2026-06-03,,TRAVELERRECEIVED,,Shipped,29740
709847,11549204,490,1140,7495,190128,2026-06-03,,TRAVELERRECEIVED,,Shipped,29681
709848,11549204,1502,1136,7469,190128,2026-06-03,,TRAVELERRECEIVED,,Shipped,29702
709849,11549204,24,1185,7791,190128,2026-06-03,,TRAVELERRECEIVED,,Shipped,29664
709850,11549204,426,1175,7725,190106,2026-06-02,,TRAVELERRECEIVED,,Shipped,29662
709851,11549204,478,1146,7535,190106,2026-06-02,,TRAVELERRECEIVED,,Shipped,29662
709852,11549204,285,1218,8008,190106,2026-06-02,,TRAVELERRECEIVED,,Shipped,29659
709853,11549204,404,1064,6995,190106,2026-06-02,,TRAVELERRECEIVED,,Shipped,29659
709854,11546463,693,956,14799,190052,2026-06-01,,TRAVELERRECEIVED,,Shipped,29664
709855,11546463,845,1005,15557,190052,2026-06-01,,TRAVELERRECEIVED,,Shipped,#REF!
709856,11546463,68,951,14721,190052,2026-06-01,,TRAVELERRECEIVED,,Shipped,#REF!
709857,11546463,233,990,15325,190052,2026-06-01,,TRAVELERRECEIVED,,Shipped,#REF!
709858,11546463,1558,1003,15526,190052,2026-06-01,,TRAVELERRECEIVED,,Shipped,#REF!
709859,11546463,467,972,15046,190052,2026-06-01,,TRAVELERRECEIVED,,Shipped,#REF!
709864,11546462,795,880,22000,190052,2026-06-01,,TRAVELERRECEIVED,,Shipped,#REF!
709865,11546462,1693,930,23250,190052,2026-06-01,,TRAVELERRECEIVED,,Shipped,#REF!
709866,11546462,240,894,22350,190052,2026-06-01,,TRAVELERRECEIVED,,Shipped,#REF!
709867,11546462,250,910,22750,190052,2026-06-01,,TRAVELERRECEIVED,,Shipped,#REF!
709868,11546449,1095,10178,86186,190146,2026-06-03,,TRAVELERRECEIVED,,Shipped,#REF!
709869,11546449,544,1057,89576,190146,2026-06-03,,TRAVELERRECEIVED,,Shipped,#REF!
709870,11546449,1363,1002,84915,190146,2026-06-03,,TRAVELERRECEIVED,,Shipped,29684
709871,11546449,565,1071,90763,190146,2026-06-03,,TRAVELERRECEIVED,,Shipped,#REF!
709872,11546449,1309,1018,86271,190146,2026-06-03,,TRAVELERRECEIVED,,Shipped,#REF!
709873,11546449,494,1012,85763,190146,2026-06-03,,TRAVELERRECEIVED,,Shipped,#REF!
709874,11546449,694,982,83220,190146,2026-06-03,,TRAVELERRECEIVED,,Shipped,#REF!
709875,11546449,484,1084,91864,190146,2026-06-03,,TRAVELERRECEIVED,,Shipped,#REF!
709877,06101831-A,1613,1095,39674,190106,2026-06-02,,TRAVELERRECEIVED,,Shipped,#REF!
709878,06101831-A,758,1055,38225,190106,2026-06-02,,TRAVELERRECEIVED,,Shipped,#REF!
709879,06101831-A,1058,1125,40761,190106,2026-06-02,,TRAVELERRECEIVED,,Shipped,#REF!
709880,06101831-A,1638,992,35942,190106,2026-06-02,,TRAVELERRECEIVED,,Shipped,#REF!
709881,06101831-A,292,1102,39928,190106,2026-06-02,,TRAVELERRECEIVED,,Shipped,#REF!
709882,06101831-A,395,1189,43080,190106,2026-06-02,,TRAVELERRECEIVED,,Shipped,#REF!
709972,11611990,1506,794,18905,190607,2026-06-18,,TRAVELERRECEIVED,,Shipped,#REF!
709974,11611990,1609,941,22405,190607,2026-06-18,,TRAVELERRECEIVED,,Shipped,#REF!
709975,11611990,1667,871,20738,190607,2026-06-18,,TRAVELERRECEIVED,,Shipped,#REF!
709978,NU1136-01,1567,802,7516,190152,2026-06-03,,6-154-23-A,,Shipped,#REF!
709979,NU1136-01,823,945,8857,190152,2026-06-03,,6-154-23-B,,Shipped,#REF!
709980,NU1136-01,371,807,7563,190695,2026-06-23,,6-170-19-A,,Shipped,#REF!
709981,NU1136-01,1530,1018,9541,190152,2026-06-03,,6-154-24-A,,Shipped,#REF!
709982,11516382-MY-AK,906,1069,14909,190621,2026-06-19,,TRAVELERRECEIVED,,Shipped,#REF!
709983,11516382-MY-AK,73,1134,15816,190621,2026-06-19,,TRAVELERRECEIVED,,Shipped,#REF!
709984,4519-19,368,1177,43918,190642,2026-06-22,,TRAVELERRECEIVED,,Shipped,#REF!
709985,4519-19,1696,1071,39963,190642,2026-06-22,,TRAVELERRECEIVED,,Shipped,29773
709990,E6267AB,94,1134,24076,190607,2026-06-18,,TRAVELERRECEIVED,,Shipped,29789
709991,E6267AB,1717,1159,24607,190607,2026-06-18,,TRAVELERRECEIVED,,Shipped,29769
709992,E6267AB,541,1202,25520,190607,2026-06-18,,TRAVELERRECEIVED,,Shipped,29744
709993,E6267AB,1600,1125,23885,190607,2026-06-18,,TRAVELERRECEIVED,,Shipped,29756
709994,E6267AB,1697,1136,24119,190607,2026-06-18,,TRAVELERRECEIVED,,Shipped,29744
709995,E6267AB,1PC,1125,23885,192745,2026-07-22,,6-198-05-A,SORT FOR BLACK COATING PARTS,Shipped,29934
709995-,E6267AB,1375,1125,23885,191397,2026-07-17,,TRAVELERRECEIVED,,Shipped,29909
709996,47336AE,195,1114,24978,190347,2026-06-10,,TRAVELERRECEIVED,,Shipped,29723
709997,47336AE,1444,1155,25897,190347,2026-06-10,,TRAVELERRECEIVED,,Shipped,#REF!
709998,NU1237,1400,1156,25919,190079,2026-06-01,,6-152-39-A,,Shipped,#REF!
709999,NU1237,735,995,22309,190152,2026-06-03,,6-152-39-B,,Shipped,#REF!
710000,NU1237,1513,1111,24910,190152,2026-06-03,,6-152-39-C,,Shipped,#REF!
710001,NU1237,1028,1040,23318,190152,2026-06-03,,6-152-39-D,,Shipped,#REF!
710002,94012078,1583,772,2529,190400,2026-06-11,,6-161-44-A,,Shipped,#REF!
710003,94012078,974,770,2522,190428,2026-06-12,,6-161-44-B,,Shipped,#REF!
710004,94012078,1411,812,2660,190428,2026-06-12,,6-161-44-C,,Shipped,#REF!
710005,94012078,127,719,2355,190428,2026-06-12,,6-161-44-D,,Shipped,29709
710006,94012078,277,782,2561,190400,2026-06-11,,6-161-44-E,,Shipped,#REF!
710007,94012078,1569,760,2489,190428,2026-06-12,,6-161-44-F,,Shipped,#REF!
710008,W520101-S450,262,1136,129091,190400,2026-06-11,,6-161-43-A,,Shipped,#REF!
710009,W520101-S450,477,1003,113977,190400,2026-06-11,,6-161-43-B,,Shipped,#REF!
710010,W520101-S450,1589,1065,121023,190400,2026-06-11,,6-161-42-A,,Shipped,29713
710011,W520101-S450,439,1082,122955,190400,2026-06-11,,6-161-42-B,,Shipped,29718
710012,W520101-S437,206,1054,119773,190400,2026-06-11,,6-161-41-A,,Shipped,29720
710013,W520101-S437,954,1077,122386,190400,2026-06-11,,6-161-41-B,,Shipped,29720
710014,NU5108-00,911,1263,73000,190535,2026-06-16,,6-166-43-A,,Shipped,29801
710015,NU5108-00,1655,1159,67000,190356,2026-06-10,,6-161-40-A,,Shipped,29725
710016,NU5108-00,690,1125,65000,190356,2026-06-10,,6-161-40-B,,Shipped,#REF!
710017,NU5108-00,822,1211,70000,190356,2026-06-10,,6-161-40-C,,Shipped,#REF!
710018,NU1305-01,966,1194,,190033,2026-05-29,,6-149-43-A,,Shipped,29667
710019,NU1305-01,672,1159,67000,189975,2026-05-28,,6-148-41-a,,Shipped,29667
710030,11546774-MY-AK,697,881,12202,190921,2026-06-30,,6-181-18-A,,Shipped,#REF!
710031,11546774-MY-AK,933,1089,15083,190921,2026-06-30,,6-181-18-B,,Shipped,#REF!
710032,11546774-MY-AK,831,964,13352,190921,2026-06-30,,6-181-18-C,,Shipped,#REF!
710033,11546774-MY-AK,1662,968,13470,190921,2026-06-30,,6-181-18-D,,Shipped,29789
710034,11546774-MY-AK,47,882,12216,190921,2026-06-30,,6-181-18-E,,Shipped,#REF!
710035,11546774-MY-AK,854,1056,14626,190921,2026-06-30,,6-181-18-F,,Shipped,29789
710036,40161567,635,867,5385,190212,2026-06-05,,TRAVELERRECEIVED,,Shipped,#REF!
710037,40161567,312,768,4770,190212,2026-06-05,,TRAVELERRECEIVED,,Shipped,#REF!
710050,11546367-CA-IN,354,1071,23182,190958,2026-07-01,,TRAVELERRECEIVED,,Shipped,#REF!
710051,11546367-CA-IN,125,1153,24957,190779,2026-06-25,,TRAVELERRECEIVED,,Shipped,#REF!
710052,11546367-CA-IN,1417,1161,25130,190779,2026-06-25,,TRAVELERRECEIVED,,Shipped,29784
710053,11546367-CA-IN,1631,1190,25758,190958,2026-07-01,,TRAVELERRECEIVED,,Shipped,29839
710055,11546367-CA-IN,1648,1248,27013,190958,2026-07-01,,TRAVELERRECEIVED,,Shipped,29837
710056,11610091-MY-AK,274,1246,80909,190315,2026-06-09,,6-159-48-A,,Shipped,29700
710057,11610091-MY-AK,76,1119,72662,190315,2026-06-09,,6-159-48-B,,Shipped,29695
710058,11610091-MY-AK,112,1236,80260,190270,2026-06-08,,6-159-49-A,,Shipped,29691
710059,11610091-MY-AK,34,1136,73766,190315,2026-06-09,,6-159-49-B,,Shipped,#REF!
710060,11610091-MY-AK,1419,1158,75195,190270,2026-06-08,,6-159-49-C,,Shipped,#REF!
710061,11610091-MY-AK,1100,1205,78247,190315,2026-06-09,,6-159-51-A,,Shipped,#REF!
710062,11610091-MY-AK,818,1161,75390,190315,2026-06-09,,6-159-50-A,,Shipped,#REF!
710063,11610091-MY-AK,361,1230,79870,190270,2026-06-08,,6-159-50-B,,Shipped,#REF!
710064,11610091-MY-AK,1640,1183,768118,190270,2026-06-08,,6-159-50-C,,Shipped,29695
710065,11610091-MY-AK,50,1182,76753,190270,2026-06-08,,6-159-51-B,,Shipped,#REF!
710066,W711953-S900,210,940,61039,190315,2026-06-09,,6-159-34-A,,Shipped,#REF!
710067,W711953-S900,1585,934,60649,190315,2026-06-09,,6-159-34-B,,Shipped,#REF!
710070,11549168,265,1208,45075,190695,2026-06-23,,6-172-44-A,,Shipped,29758
710071,11549168,579,1268,47313,190695,2026-06-23,,6-172-44-B,,Shipped,29753
710074,11549168,177,1208,45075,190695,2026-06-23,,6-172-44-C,,Shipped,29756
710075,11549168,1578,1079,40261,190695,2026-06-23,,6-172-44-D,,Shipped,29755
710100,11546449,511,953,80763,190146,2026-06-03,,TRAVELERRECEIVED,,Shipped,#REF!
710101,11546449,970,1106,93729,190146,2026-06-03,,TRAVELERRECEIVED,,Shipped,29688
710102,11546449,30,1095,92797,190146,2026-06-03,,TRAVELERRECEIVED,,Shipped,29681
710103,11546449,1563,989,83814,190146,2026-06-03,,TRAVELERRECEIVED,,Shipped,29675
710104,11546449,428,1017,86186,190146,2026-06-03,,TRAVELERRECEIVED,,Shipped,29687
710105,11546449,913,1055,89407,190128,2026-06-03,,TRAVELERRECEIVED,,Shipped,29684
710106,11546449,233,1019,86356,190128,2026-06-03,,TRAVELERRECEIVED,,Shipped,#REF!
710107,11546449,1707,1024,86780,190128,2026-06-03,,TRAVELERRECEIVED,,Shipped,#REF!
710108,11546449,362,1111,94153,190128,2026-06-03,,TRAVELERRECEIVED,,Shipped,29673
710109,11546449,967,968,82034,190128,2026-06-03,,TRAVELERRECEIVED,,Shipped,#REF!
710110,11546545,1611,1114,92833,190212,2026-06-05,,TRAVELERRECEIVED,,Shipped,#REF!
710111,11546545,1075,1066,88833,190212,2026-06-05,,TRAVELERRECEIVED,,Shipped,#REF!
710112,11546545,1595,1081,90083,190212,2026-06-05,,TRAVELERRECEIVED,,Shipped,#REF!
710113,11546545,298,1135,94583,190212,2026-06-05,,TRAVELERRECEIVED,,Shipped,#REF!
710114,11546545,539,1155,96250,190252,2026-06-08,,TRAVELERRECEIVED,,Shipped,29709
710115,11546545,463,1020,85000,190252,2026-06-08,,TRAVELERRECEIVED,,Shipped,29695
710116,11546545,456,1038,86500,190252,2026-06-08,,TRAVELERRECEIVED,,Shipped,29755
710117,11546545,455,1155,96250,190252,2026-06-08,,TRAVELERRECEIVED,,Shipped,29691
710118,11546545,946,1140,95000,190252,2026-06-08,,TRAVELERRECEIVED,,Shipped,29691
710119,11546545,4,1070,89167,190252,2026-06-08,,TRAVELERRECEIVED,,Shipped,#REF!
710120,06513554AA,466,612,8063,190315,2026-06-09,,6-159-60-A,,Shipped,#REF!
710121,06513554AA,571,902,11884,190315,2026-06-09,,6-159-60-B,,Shipped,29691
710122,06105102AA,KIB,1736,40000,190128,2026-06-03,,TRAVELERRECEIVED,,Shipped,29664
710123,06105102AA,KIB,1736,40000,190128,2026-06-03,,SPLIT FROM TR#710122,,Shipped,29666
710124,06105102AA,KIB,1736,40000,190128,2026-06-03,,TRAVELERRECEIVED,,Shipped,29681
710125,06105102AA,KIB,1736,40000,190128,2026-06-03,,SPLIT FROM TR#710124,,Shipped,29681
710126,11548147,KIB,1575,12500,190106,2026-06-02,,TRAVELERRECEIVED,,Shipped,29659
710127,11548147,KIB,1575,12500,190106,2026-06-02,,SPLIT FROM TR#710126,,Shipped,29659
710128,06105102AA,KIB,1736,40000,190128,2026-06-03,,TRAVELERRECEIVED,,Shipped,29666
710129,06105102AA,KIB,1736,40000,190128,2026-06-03,,SPLIT FROM TR#710128,,Shipped,29664
710130,06105102AA,KIB,1736,40000,190128,2026-06-03,,TRAVELERRECEIVED,,Shipped,29664
710131,06105102AA,KIB,1736,40000,190128,2026-06-03,,SPLIT FROM TR#710130,,Shipped,29664
710132,06105102AA,KIB,1736,40000,190128,2026-06-03,,TRAVELERRECEIVED,,Shipped,#REF!
710133,06105102AA,KIB,1736,40000,190128,2026-06-03,,SPLIT FROM TR#710132,,Shipped,29664
710134,11610091-MY-AK,249,1243,80714,190315,2026-06-09,,6-159-52-A,,Shipped,29702
710135,11610091-MY-AK,1539,1139,73961,190315,2026-06-09,,6-159-52-B,,Shipped,#REF!
710136,06511637AA,606,264,10645,190315,2026-06-09,,6-159-36-A,,Shipped,29709
710138,06511637AA,117,968,39032,190315,2026-06-09,,6-159-37-A,,Shipped,29702
710139,06511637AA,1380,1064,42903,190270,2026-06-08,,6-159-37-B,,Shipped,#REF!
710140,06512544AA,360,690,17037,190315,2026-06-09,,6-159-47-A,,Shipped,29723
710141,06512544AA,113,811,20025,190315,2026-06-09,,6-159-47-B,,Shipped,29702
710142,06511672AA,519,743,32026,193047,2026-08-11,,6-223-13-A,,Shipped,29974
710143,06511672AA,738,924,39828,191473,2026-07-20,,6-201-35-A,,Shipped,29874
710145,W711953-S900,1437,1230,79870,190270,2026-06-08,,6-159-35-A,,Shipped,29707
710147,06512278AA,691,1442,90125,190315,2026-06-09,,6-159-38-A,,Shipped,29700
710148,11612078-B,80,1232,70000,192639,2026-07-27,,6-208-46-A,,0,0
710148-,11612078-B,88,1232,70000,190220,2026-06-05,,SORT&RETURN,,Shipped,29801
710149,11612078-B,606,1197,68000,192899,2026-08-06,,SORT&RETURN,,0,0
710149-,11612078-B,1588,1197,68000,190356,2026-06-10,,SORT&RETURN,,Shipped,29801
710150,11612078-B,1566,1267,72000,194034,2026-09-14,,6-257-31-A,,0,0
710151,11612078-B,1670,1338,76000,192639,2026-07-27,,6-208-45-A,,Shipped,#REF!
710151-,11612078-B,1326,1338,76000,190695,2026-06-23,,SORT&RETURN,,Shipped,29801
710152,11612078,94,1056,60000,193751,2026-09-03,,6-244-19-A,,0,0
710153,11612078,157,1056,60000,193751,2026-09-03,,6-244-19-B,,0,0
710154,11612078-B,779,1320,75000,192681,2026-07-28,,6-208-45-B,,0,0
710154-,11612078-B,583,1320,75000,190436,2026-06-12,,SORT&RETURN,,Shipped,29801
710155,11546566,717,871,48389,190270,2026-06-08,,6-159-46-A,,Shipped,29688
710156,11546566,1681,875,48611,190270,2026-06-08,,6-159-46-B,,Shipped,#REF!
710157,11546566,942,982,54556,190270,2026-06-08,,6-159-46-C,,Shipped,29688
710159,06509967AA,KIB,1320,40000,190262,2026-06-08,,TRAVELERRECEIVED,,Shipped,29702
710160,06509967AA,KIB,,,190262,2026-06-08,,SPLIT FROM 710159,,Shipped,29705
710161,06509967AA,KIB,1320,40000,190262,2026-06-08,,TRAVELERRECEIVED,,Shipped,29688
710162,06509967AA,KIB,,,190262,2026-06-08,,SPLIT FROM 710161,,Shipped,29688
710163,06509967AA,KIB,1320,40000,190262,2026-06-08,,TRAVELERRECEIVED,,Shipped,29723
710164,06509967AA,KIB,,,190262,2026-06-08,,SPLIT FROM:710163,,Shipped,29723
710165,06509967AA,KIB,1320,40000,190262,2026-06-08,,TRAVELERRECEIVED,,Shipped,29705
710166,06509967AA,KIB,,,190262,2026-06-08,,SPLIT FROM: 710165,,Shipped,29705
710167,06509967AA,KIB,1320,40000,190262,2026-06-08,,TRAVELERRECEIVED,,Shipped,29688
710168,06509967AA,KIB,,,190262,2026-06-08,,SPLIT FROM: 710167,,Shipped,29688
710169,06509967AA,KIB,1650,50000,190262,2026-06-08,,TRAVELERRECEIVED,,Shipped,29693
710170,06509967AA,KIB,,,190262,2026-06-08,,SPLIT FROM: 710169,,Shipped,29688
710172,11612078-B,754,1250,71000,192681,2026-07-28,,6-208-46-C,,0,0
710172-,11612078-B,785,1250,71000,190837,2026-06-26,,SORT&RETURN,,Shipped,29801
710173,11612078-B,785,1232,70000,192708,2026-07-29,,6-208-46-D,,0,0
710173-,11612078-B,386,1232,70000,190577,2026-06-17,,SORT&RETURN,,Shipped,29801
710174,11612078-B,906,1232,70000,192899,2026-08-06,,SORT&RETURN,,Shipped,#REF!
710174-,11612078-B,767,1232,70000,190400,2026-06-11,,SORT&RETURN,,Shipped,29801
710175,11612078-B,957,1320,75000,193443,2026-08-24,,6-236-28-C,,0,0
710176,11612078-B,1582,1320,75000,194034,2026-09-14,,6-257-31-B,,0,0
710179,06505246AA,475,736,24533,190212,2026-06-05,,TRAVELERRECEIVED,,Shipped,29709
710180,06505246AA,121,673,22433,190212,2026-06-05,,TRAVELERRECEIVED,,Shipped,29693
710191,11549204,10052,1294,8508,190106,2026-06-02,,TRAVELERRECEIVED,,Shipped,29662
710192,11549204,106,1005,6607,190106,2026-06-02,,TRAVELERRECEIVED,,Shipped,29659
710193,11549204,1020,1121,7370,190106,2026-06-02,,TRAVELERRECEIVED,,Shipped,29659
710194,11549204,1068,1171,7699,190106,2026-06-02,,TRAVELERRECEIVED,,Shipped,29659
710195,11549204,929,1211,7962,190106,2026-06-02,,TRAVELERRECEIVED,,Shipped,29685
710196,11549204,1526,1121,7370,190106,2026-06-02,,TRAVELERRECEIVED,,Shipped,29659
710197,11549204,1701,1181,7765,190106,2026-06-02,,TRAVELERRECEIVED,,Shipped,#REF!
710198,11549204,706,1095,7199,190106,2026-06-02,,TRAVELERRECEIVED,,Shipped,29659
710199,11549204,1639,1120,7364,190106,2026-06-02,,TRAVELERRECEIVED,,Shipped,29659
710200,11549204,792,1154,7587,190106,2026-06-02,,TRAVELERRECEIVED,,Shipped,29659
710201,11549204,1038,1274,8376,190106,2026-06-02,,TRAVELERRECEIVED,,Shipped,29659
710202,11549204,668,1023,6726,190106,2026-06-02,,TRAVELERRECEIVED,,Shipped,29659
710203,W20-1028-010,531,1312,64000,190179,2026-06-04,,SORT&RETURN,SORT FOR DAMAGED LOCKING-DMF FORM,0,0
710204,W20-1028-010,805,1435,70000,190179,2026-06-04,,SORT&RETURN,SORT FOR DAMAGED LOCKING-DMF FORM,0,0
710205,W20-1028-010,657,1333,65000,191126,2026-07-08,,TRAVELERRECEIVED,,Shipped,#REF!
710206,W20-1028-010,929,1333,65000,191126,2026-07-08,,TRAVELERRECEIVED,,Shipped,#REF!
710209,W20-1028-010,24,1128,55000,190179,2026-06-04,,SORT&RETURN,SORT FOR DAMAGED LOCKING-DMF FORM,Shipped,#REF!
710211,W20-1028-010,759,1435,70000,190621,2026-06-19,,TRAVELERRECEIVED,,Shipped,#REF!
710213,W20-1028-010,149,1230,60000,190621,2026-06-19,,TRAVELERRECEIVED,,Shipped,29769
710214,W20-1028-010,545,1271,62000,190621,2026-06-19,,TRAVELERRECEIVED,,Shipped,29811
710215,11517996,434,1141,42575,190732,2026-06-24,,TRAVELERRECEIVED,,Shipped,29787
710216,11517996,803,1124,41940,190732,2026-06-24,,TRAVELERRECEIVED,,Shipped,29792
710217,55364498AA,17,1378,24175,190400,2026-06-11,,6-161-34-A,,Shipped,29705
710219,55364498AA,968,706,12386,190356,2026-06-10,,6-161-34-B,,Shipped,29700
710220,55364498AA,317,683,11982,190356,2026-06-10,,6-161-34-C,,Shipped,#REF!
710221,55364498AA,150,639,11211,190356,2026-06-10,,6-161-34-D,,Shipped,#REF!
710222,55364498AA,1685,739,12965,190356,2026-06-10,,6-161-34-E,,Shipped,29700
710223,F1302AB,1691,606,19612,191145,2026-07-08,,6-181-39-A,,Shipped,29816
710224,F1302AB,33,610,19741,191145,2026-07-08,,6-181-39-B,,Shipped,29818
710225,06512349AA,618,546,11235,190220,2026-06-05,,6-156-28-A,,Shipped,#REF!
710226,06512349AA,552,403,8292,190220,2026-06-05,,6-156-28-B,,Shipped,29685
710228,06514720AA,574,884,40000,190220,2026-06-05,,6-156-36-A,,Shipped,29684
710229,06512834AA,1684,888,8775,190220,2026-06-05,,6-156-35-A,,Shipped,29684
710230,06512834AA,896,1068,10553,190220,2026-06-05,,6-156-35-B,,Shipped,29684
710231,06512834AA,744,752,7431,190220,2026-06-05,,6-156-35-C,,Shipped,29687
710232,06512834AA,1555,951,9397,190220,2026-06-05,,6-156-35-D,,Shipped,29684
710233,06503825-A,226,844,64923,190382,2026-06-11,,6-161-33-A,,Shipped,29723
710235,06503825-A,1663,1028,79077,190356,2026-06-10,,6-161-33-B,,Shipped,29700
710236,06503825-A,1073,1064,81846,190382,2026-06-11,,6-161-33-C,,Shipped,29707
710238,06502979-A,964,1004,25354,190400,2026-06-11,,6-161-31-C,,Shipped,29713
710239,06502979-A,1364,886,22374,190400,2026-06-11,,6-161-31-D,,Shipped,#REF!
710240,06502979-A,525,1041,26288,190400,2026-06-11,,6-161-31-E,,Shipped,#REF!
710241,91058,592,1146,42761,190796,2026-06-25,,6-173-52-A,THREADS FILLED WITH HARD WAX,Shipped,29964
710242,91058,698,1168,43582,190796,2026-06-25,,6-173-52-B,,Shipped,#REF!
710249,11516133,136,1010,14553,191012,2026-07-02,,TRAVELERRECEIVED,,Shipped,#REF!
710250,11516133,69,1102,15879,191012,2026-07-02,,TRAVELERRECEIVED,,Shipped,29831
710251,11516133,1439,1019,14683,191012,2026-07-02,,TRAVELERRECEIVED,,Shipped,#REF!
710252,11516133,1014,1100,15850,191012,2026-07-02,,TRAVELERRECEIVED,,Shipped,29831
710253,52056965,95,1141,24277,190648,2026-06-22,,TRAVELERRECEIVED,,Shipped,29800
710254,52056965,1346,1035,22021,190648,2026-06-22,,TRAVELERRECEIVED,,Shipped,#REF!
710271,W520514-S442,523,1128,43218,190837,2026-06-26,,6-173-46-A,,Shipped,29803
710272,11514597,1043,1054,40383,190252,2026-06-08,,TRAVELERRECEIVED,,Shipped,29687
710273,11604000,KIB,2040,40000,190033,2026-05-29,,6-149-39-A,,Shipped,29653
710274,11604000,KIB,2040,40000,190033,2026-05-29,,SPLIT FROM TR#710273,,Shipped,29653
710275,11588293,KIB,1946,70000,190033,2026-05-29,,6-149-41-A,,Shipped,#REF!
710276,11588293,KIB,1946,70000,190033,2026-05-29,,SPLIT FROM TR#710275,,Shipped,#REF!
710277,11588293,KIB,278,10000,190033,2026-05-29,,6-149-41-C,,Shipped,29653
710279,11502717-TH-TC,172,723,27701,190089,2026-06-01,,6-152-48-A,,Shipped,29727
710280,11502717-TH-TC,943,870,33333,190089,2026-06-01,,6-152-48-B,,Shipped,29659
710281,11502717-TH-TC,928,1001,38352,190089,2026-06-01,,6-152-49-A,,Shipped,29673
710283,11502717-TH-TC,384,919,35211,190089,2026-06-01,,6-152-49-B,,Shipped,29664
710284,11502717-TH-TC,305,1105,42337,190089,2026-06-01,,6-152-49-C,,Shipped,29740
710286,11502717-TH-TC,1426,1084,41533,190089,2026-06-01,,6-152-50-A,,Shipped,29727
710287,06511799AA,30 CTNS,785,51000,190880,2026-06-29,,6-180-31-A,,Shipped,29784
710288,06511799AA,42 CTNS,1100,71400,190880,2026-06-29,,6-180-31-B,,Shipped,29805
710289,06511799AA,34 CTNS,890,57800,190880,2026-06-29,,6-180-31-C,,Shipped,#REF!
710290,06511799AA,41 CTNS,1073,69700,190880,2026-06-29,,6-180-31-D,,Shipped,29792
710291,06104725AA,1687,1043,98396,190512,2026-06-16,,TRAVELERRECEIVED,,Shipped,#REF!
710292,06104725AA,1000,1086,102453,190512,2026-06-16,,TRAVELERRECEIVED,,Shipped,#REF!
710293,06104725AA,563,1025,96698,190512,2026-06-16,,TRAVELERRECEIVED,,Shipped,29744
710294,06104725AA,642,1118,105472,190512,2026-06-16,,TRAVELERRECEIVED,,Shipped,29738
710295,06104725AA,179,1072,101132,190512,2026-06-16,,TRAVELERRECEIVED,,Shipped,29744
710296,06104725AA,798,1057,99717,190512,2026-06-16,,TRAVELERRECEIVED,,Shipped,29738
710297,11546463,382,900,13932,190183,2026-06-05,,TRAVELERRECEIVED,,Shipped,29685
710298,11546463,755,1033,15991,190183,2026-06-05,,TRAVELERRECEIVED,,Shipped,#REF!
710299,11546463,487,997,15433,190183,2026-06-05,,TRAVELERRECEIVED,,Shipped,29691
710300,11546463,1004,960,14861,190183,2026-06-05,,TRAVELERRECEIVED,,Shipped,#REF!
710301,11546463,294,877,13576,190183,2026-06-05,,TRAVELERRECEIVED,,Shipped,#REF!
710302,11546463,879,1076,16656,190183,2026-06-05,,TRAVELERRECEIVED,,Shipped,#REF!
710303,11546462,168,953,23825,190183,2026-06-05,,TRAVELERRECEIVED,,Shipped,#REF!
710304,11546462,1680,1076,26900,190183,2026-06-05,,TRAVELERRECEIVED,,Shipped,29691
710305,11546462,396,954,23850,190183,2026-06-05,,TRAVELERRECEIVED,,Shipped,#REF!
710306,11546462,418,1097,27425,190183,2026-06-05,,TRAVELERRECEIVED,,Shipped,29688
710307,11546448,58,1110,123333,190452,2026-06-15,,TRAVELERRECEIVED,,Shipped,29728
710308,11546448,499,965,107222,190452,2026-06-15,,TRAVELERRECEIVED,,Shipped,29839
710309,11602031,784,936,4586,190183,2026-06-05,,TRAVELERRECEIVED,,Shipped,29709
710310,11602031,187,833,4081,190183,2026-06-05,,TRAVELERRECEIVED,,Shipped,29691
710311,11602031,894,793,3885,190183,2026-06-05,,TRAVELERRECEIVED,,Shipped,29693
710312,11602031,1616,978,4792,190183,2026-06-05,,TRAVELERRECEIVED,,Shipped,29685
710313,11602031,1303,819,4013,190183,2026-06-05,,TRAVELERRECEIVED,,Shipped,29685
710314,11602031,917,956,4684,190183,2026-06-05,,TRAVELERRECEIVED,,Shipped,29685
710315,11602031,1054,816,3998,190183,2026-06-05,,TRAVELERRECEIVED,,Shipped,29691
710316,11602031,730,951,4659,190183,2026-06-05,,TRAVELERRECEIVED,,Shipped,29691
710317,06511834AA,293,429,2946,190252,2026-06-08,,TRAVELERRECEIVED,,Shipped,29688
710318,06511834AA,585,390,2679,190252,2026-06-08,,TRAVELERRECEIVED,,Shipped,29687
710319,06511834AA,1517,442,3036,190252,2026-06-08,,TRAVELERRECEIVED,,Shipped,29688
710320,06511834AA,1715,389,2672,190252,2026-06-08,,TRAVELERRECEIVED,,Shipped,29688
710321,06510997AA,909,616,2053,190337,2026-06-10,,TRAVELERRECEIVED,,Shipped,29702
710322,06510997AA,343,665,2217,190337,2026-06-10,,TRAVELERRECEIVED,,Shipped,29702
710323,06101968-A,1335,962,72879,190452,2026-06-15,,TRAVELERRECEIVED,,Shipped,29720
710324,06101968-A,1067,1021,77348,190452,2026-06-15,,TRAVELERRECEIVED,,Shipped,29727
710325,06512106AA,476,805,6007,190252,2026-06-08,,TRAVELERRECEIVED,,Shipped,29695
710327,11546546,174,940,48705,190212,2026-06-05,,TRAVELERRECEIVED,,Shipped,29688
710328,11546546,1671,890,46114,190212,2026-06-05,,TRAVELERRECEIVED,,Shipped,29687
710329,11612078-B,20CTNS,651,37000,190033,2026-05-29,,6-149-01-A,,Shipped,29839
710330,500009196,944,1145,42724,190089,2026-06-01,,6-152-51-A,,Shipped,29653
710331,500009196,1391,1144,42687,190089,2026-06-01,,6-152-51-B,,Shipped,29653
710332,500009196,497,1191,44440,190089,2026-06-01,,6-152-52-A,,Shipped,29653
710334,NU1405-00,551,1175,76299,190181,2026-06-05,,6-156-16-A,,Shipped,29673
710335,NU1405-00,72,1157,75130,190181,2026-06-05,,6-156-16-B,,Shipped,29673
710336,NU1405-00,1425,1234,80130,190181,2026-06-05,,6-156-17-A,,Shipped,29673
710337,NU1405-00,790,1064,69091,190181,2026-06-05,,6-156-17-B,,Shipped,29673
710338,11546379-MY-AK,26,1160,26009,190347,2026-06-10,,TRAVELERRECEIVED,,Shipped,29723
710339,11546379-MY-AK,501,1013,22713,190347,2026-06-10,,TRAVELERRECEIVED,,Shipped,29728
710340,11546379-MY-AK,148,1086,24350,190347,2026-06-10,,TRAVELERRECEIVED,,Shipped,29723
710341,11546379-MY-AK,260,1125,25224,190347,2026-06-10,,TRAVELERRECEIVED,,Shipped,29705
710348,11546366-MY-AK,708,1194,43105,190607,2026-06-18,,TRAVELERRECEIVED,,Shipped,29744
710349,11546366-MY-AK,1528,1076,38845,190607,2026-06-18,,TRAVELERRECEIVED,,Shipped,29744
710350,11546366-MY-AK,116,1054,38051,190607,2026-06-18,,TRAVELERRECEIVED,,Shipped,29744
710351,11546366-MY-AK,1314,1197,43213,190607,2026-06-18,,TRAVELERRECEIVED,,Shipped,29743
710352,11546366-MY-AK,1312,1230,44404,190607,2026-06-18,,TRAVELERRECEIVED,,Shipped,29773
710353,11546366-MY-AK,1013,1012,36534,190607,2026-06-18,,TRAVELERRECEIVED,,Shipped,29835
710354,11546368-MY-AK,881,,,,2026-06-29,,6-175-32-A,,,
710356,11546368-MY-AK,301,1296,17851,190695,2026-06-23,,6-173-20-A,,Shipped,29773
710358,11546368-MY-AK,297,1197,16488,190695,2026-06-23,,6-173-20-B,,Shipped,29753
710359,11546368-MY-AK,518,1121,15441,190695,2026-06-23,,6-173-20-C,,Shipped,29758
710360,11546368-MY-AK,1087,,,,2026-06-30,,6-175-34-A,,,
710361,11546368-MY-AK,1093,,,,2026-06-29,,6-175-34-B,,,
710362,11546368-MY-AK,948,1143,15744,190695,2026-06-23,,6-173-20-D,,Shipped,29758
710363,11546368-MY-AK,105,1165,16047,190695,2026-06-23,,6-173-20-E,,Shipped,29755
710364,11546368-MY-AK,940,,,,2026-06-29,,6-175-33-A,,,
710366,11546368-MY-AK,1449,1126,15510,190695,2026-06-23,,6-173-21-A,,Shipped,29755
710367,11546368-MY-AK,1525,1180,16253,190695,2026-06-23,,6-173-21-B,,Shipped,29755
710368,11546368-MY-AK,1551,1281,17645,190695,2026-06-23,,6-173-21-C,,Shipped,29756
710369,11546368-MY-AK,263,1013,13953,190695,2026-06-23,,6-173-21-D,,Shipped,29755
710370,11546368-MY-AK,558,1129,15551,190695,2026-06-23,,6-173-21-E,,Shipped,29756
710371,11546368-MY-AK,809,1171,16129,190695,2026-06-23,,6-173-21-F,,Shipped,29756
710372,NU3014-02,91,1108,9973,190152,2026-06-03,,6-154-25-A,,Shipped,29667
710373,NU3014-02,1544,1155,10396,190152,2026-06-03,,6-154-25-B,,Shipped,29667
710374,NU3014-02,808,1123,10108,190152,2026-06-03,,6-154-25-C,,Shipped,29667
710376,06100050-A,587,1011,53777,190356,2026-06-10,,6-161-17-A,,Shipped,29700
710377,06100050-A,376,1062,56489,190356,2026-06-10,,6-161-17-B,,Shipped,29700
710378,06100050-A,609,1031,54840,191105,2026-07-07,,6-183-44-A,,Shipped,29814
710379,06100050-A,816,1035,55053,190356,2026-06-10,,6-161-17-C,,Shipped,29700
710380,06100050-A,1372,952,50638,190356,2026-06-10,,6-161-18-A,,Shipped,29700
710381,06100050-A,397,1120,59574,190356,2026-06-10,,6-161-18-B,,Shipped,29700
710382,7150-3033-02,337,757,37850,190179,2026-06-04,,6-155-11-A,,Shipped,29673
710383,7150-3033-02,1368,819,40950,190179,2026-06-04,,6-155-11-B,,Shipped,29675
710385,06511777AA,1564,1062,14771,191105,2026-07-07,,6-188-26-A,,Shipped,29811
710386,06511777AA,1022,729,10139,191061,2026-07-06,,6-187-20-A,,Shipped,29809
710387,06511777AA,21,635,8832,191061,2026-07-06,,6-187-20-B,,Shipped,29807
710388,11546571,1520,802,48024,190220,2026-06-05,,6-156-02-A,,Shipped,29688
710389,11546571,266,857,51317,190220,2026-06-05,,6-156-02-B,,Shipped,29691
710390,11546571,1053,837,50120,190220,2026-06-05,,6-156-02-C,,Shipped,29691
710391,11546571,400,821,49162,190220,2026-06-05,,6-156-02-D,,Shipped,29691
710392,11546571,1711,887,53114,190152,2026-06-03,,6-154-22-A,,Shipped,29688
710394,11546571,410,926,55449,190152,2026-06-03,,6-154-22-B,,Shipped,29664
710396,W520203-S440,KIB,1794,60000,190033,2026-05-29,,6-149-42-A,,Shipped,29655
710397,W520203-S440,KIB,1794,60000,190033,2026-05-29,,SPLIT FROM TR#710396,,Shipped,29655
710399,11549168-CA-IN,597,1126,42000,192613,2026-07-27,,TRAVELERRECEIVED,,Shipped,29946
710400,11549168-CA-IN,240,1206,45000,191126,2026-07-08,,TRAVELERRECEIVED,,Shipped,29854
710402,11549168-CA-IN,797,1206,45000,192613,2026-07-27,,TRAVELERRECEIVED,,0,0
710413,11549204,250,1149,7554,190212,2026-06-05,,TRAVELERRECEIVED,,Shipped,29685
710414,11549204,370,1150,7561,190212,2026-06-05,,TRAVELERRECEIVED,,Shipped,29688
710415,11549204,221,1101,7239,190212,2026-06-05,,TRAVELERRECEIVED,,Shipped,29685
710416,11549204,1041,1194,7850,190212,2026-06-05,,TRAVELERRECEIVED,,Shipped,29688
710417,11549204,844,1168,7679,190212,2026-06-05,,TRAVELERRECEIVED,,Shipped,29693
710418,11549204,228,1124,7390,190212,2026-06-05,,TRAVELERRECEIVED,,Shipped,29685
710419,11549204,1541,1088,7153,190212,2026-06-05,,TRAVELERRECEIVED,,Shipped,29695
710420,11549204,450,1224,8047,190212,2026-06-05,,TRAVELERRECEIVED,,Shipped,29839
710421,11549204,847,1120,7364,190212,2026-06-05,,TRAVELERRECEIVED,,Shipped,29693
710422,11549204,870,1090,7166,190212,2026-06-05,,TRAVELERRECEIVED,,Shipped,29839
710423,11549204,882,1056,6943,190212,2026-06-05,,TRAVELERRECEIVED,,Shipped,29685
710424,11549204,170,1243,8172,190212,2026-06-05,,TRAVELERRECEIVED,,Shipped,29687
710425,06104388AA,379,867,20993,190252,2026-06-08,,TRAVELERRECEIVED,,Shipped,29691
710426,06104388AA,1516,793,19201,190252,2026-06-08,,TRAVELERRECEIVED,,Shipped,29693
710427,06104388AA,1417,721,17458,190252,2026-06-08,,TRAVELERRECEIVED,,Shipped,29687
710428,06104388AA,937,956,23148,190252,2026-06-08,,TRAVELERRECEIVED,,Shipped,29687
710429,06104388AA,1008,938,22712,190252,2026-06-08,,TRAVELERRECEIVED,,Shipped,29691
710430,06104388AA,347,716,17337,190252,2026-06-08,,TRAVELERRECEIVED,,Shipped,29687
710431,06104388AA,1378,768,18596,190262,2026-06-08,,TRAVELERRECEIVED,,Shipped,29728
710432,06104388AA,1003,882,21356,190262,2026-06-08,,TRAVELERRECEIVED,,Shipped,29691
710433,06104388AA,84,970,23487,190262,2026-06-08,,TRAVELERRECEIVED,,Shipped,29695
710434,06104388AA,413,706,17094,190262,2026-06-08,,TRAVELERRECEIVED,,Shipped,29691
710435,06104388AA,208,941,22785,190262,2026-06-08,,TRAVELERRECEIVED,,Shipped,29728
710436,06104388AA,868,718,17385,190262,2026-06-08,,TRAVELERRECEIVED,,Shipped,29691
710437,11546545,75,1041,86750,190212,2026-06-05,,TRAVELERRECEIVED,,Shipped,29685
710438,11546545,905,1135,94583,190212,2026-06-05,,TRAVELERRECEIVED,,Shipped,29693
710439,11546545,789,1135,94583,190212,2026-06-05,,TRAVELERRECEIVED,,Shipped,29693
710440,11546545,577,1019,84917,190212,2026-06-05,,TRAVELERRECEIVED,,Shipped,29687
710441,11546545,1005,1061,88417,190212,2026-06-05,,TRAVELERRECEIVED,,Shipped,29687
710442,11546545,766,1086,90500,190212,2026-06-05,,TRAVELERRECEIVED,,Shipped,29691
710443,06101831-A,1385,1147,41558,190262,2026-06-08,,TRAVELERRECEIVED,,Shipped,29693
710445,06101831-A,169,1093,39601,190262,2026-06-08,,TRAVELERRECEIVED,,Shipped,29693
710446,06101831-A,1050,1012,36667,190262,2026-06-08,,TRAVELERRECEIVED,,Shipped,29723
710448,06101831-A,975,1099,39819,190262,2026-06-08,,TRAVELERRECEIVED,,Shipped,29700
710449,06101831-A,1370,1011,36630,190262,2026-06-08,,TRAVELERRECEIVED,,Shipped,29709
710450,06101831-A,416,1153,41775,190262,2026-06-08,,TRAVELERRECEIVED,,Shipped,29700
710451,11548414,1550,1097,17000,190560,2026-06-17,,TRAVELERRECEIVED,,Shipped,29756
710452,11548414,760,1097,17000,190560,2026-06-17,,TRAVELERRECEIVED,,Shipped,29743
710453,11548414,432,1097,17000,190560,2026-06-17,,TRAVELERRECEIVED,,Shipped,29744
710454,11548414,776,1097,17000,190560,2026-06-17,,TRAVELERRECEIVED,,Shipped,29744
710455,11548414,495,1097,17000,190560,2026-06-17,,TRAVELERRECEIVED,,Shipped,29744
710456,11548414,1336,1097,17000,190560,2026-06-17,,TRAVELERRECEIVED,,Shipped,29743
710460,11546367-MY-AK,36 CTNS,,,190733,2026-06-24,,6-168-10-B,,Shipped,29756
710461,NU1136-01,19,879,8238,190535,2026-06-16,,6-167-13-A,,Shipped,29725
710462,NU1136-01,1089,842,7891,190535,2026-06-16,,6-167-13-B,,Shipped,29725
710463,NU1136-01,540,935,8763,190535,2026-06-16,,6-167-13-C,,Shipped,29725
710464,NU1136-01,1714,779,7301,190535,2026-06-16,,6-167-13-D,,Shipped,29725
710466,NU1136-01,751,1105,10356,190535,2026-06-16,,6-167-13-F,,Shipped,29725
710469,11546369-MY-AK,1524,1027,9153,190621,2026-06-19,,TRAVELERRECEIVED,,Shipped,29758
710470,11546369-MY-AK,411,1115,9938,190621,2026-06-19,,TRAVELERRECEIVED,,Shipped,29758
710473,11546370-MY-AK,778,1278,8577,190452,2026-06-15,,TRAVELERRECEIVED,,Shipped,29740
710474,11546370-MY-AK,1693,945,6342,190452,2026-06-15,,TRAVELERRECEIVED,,Shipped,29740
710475,11546370-MY-AK,129,1140,7651,190452,2026-06-15,,TRAVELERRECEIVED,,Shipped,29740
710476,11546370-MY-AK,1392,1062,7128,190452,2026-06-15,,TRAVELERRECEIVED,,Shipped,29740
710477,11546370-MY-AK,114,1044,7007,190452,2026-06-15,,TRAVELERRECEIVED,,Shipped,29740
710478,11546370-MY-AK,1712,1160,7785,190452,2026-06-15,,TRAVELERRECEIVED,,Shipped,29723
710492,11546367-CA-IN,364,1216,26320,190958,2026-07-01,,TRAVELERRECEIVED,,Shipped,29818
710494,11546367-CA-IN,1019,1224,26494,190779,2026-06-25,,TRAVELERRECEIVED,,Shipped,29816
710495,11546367-CA-IN,1533,1166,25238,190958,2026-07-01,,TRAVELERRECEIVED,,Shipped,29839
710496,11546367-CA-IN,624,983,21277,190779,2026-06-25,,TRAVELERRECEIVED,,Shipped,29784
710497,11546367-CA-IN,672,859,18593,192696,2026-07-29,,TRAVELERRECEIVED,,Shipped,29927
710498,11549168,300,,,,2026-06-29,,6-172-45-A,,,
710530,NU5108-00,51,1142,66000,190673,2026-06-22,,6-172-28-A,,Shipped,29801
710531,NU5108-00,1047,1142,66000,190535,2026-06-16,,6-166-44-A,,Shipped,29801
710532,40173371,865,1142,66000,191126,2026-07-08,,,,Shipped,29845
710533,40173371,422,1263,73000,191126,2026-07-08,,TRAVELERRECEIVED,,Shipped,29852
710539,11546437-MY-AK,601,1054,81077,190347,2026-06-10,,TRAVELERRECEIVED,,Shipped,29709
710540,11546437-MY-AK,1537,1162,89385,190347,2026-06-10,,TRAVELERRECEIVED,,Shipped,29707
710541,11546437-MY-AK,1340,1064,81846,190347,2026-06-10,,TRAVELERRECEIVED,,Shipped,29709
710542,11546437-MY-AK,344,1114,85692,190347,2026-06-10,,TRAVELERRECEIVED,,Shipped,29707
710543,11546437-MY-AK,712,1086,83538,190347,2026-06-10,,TRAVELERRECEIVED,,Shipped,29709
710556,11546377,323,1004,65195,190262,2026-06-08,,TRAVELERRECEIVED,,Shipped,29728
710557,11546377,6,1068,69351,190262,2026-06-08,,TRAVELERRECEIVED,,Shipped,29713
710558,11546377,951,951,61753,190262,2026-06-08,,TRAVELERRECEIVED,,Shipped,29709
710559,11546377,944,1118,72597,190262,2026-06-08,,TRAVELERRECEIVED,,Shipped,29691
710560,11546377,969,1067,69286,190262,2026-06-08,,TRAVELERRECEIVED,,Shipped,29705
710561,11546377,237,998,64805,190262,2026-06-08,,TRAVELERRECEIVED,,Shipped,29700
710562,11546377,1055,937,60844,190262,2026-06-08,,TRAVELERRECEIVED,,Shipped,29718
710563,11546377,1084,1140,74026,190262,2026-06-08,,TRAVELERRECEIVED,,Shipped,29702
710564,11546377,232,1014,65844,190262,2026-06-08,,TRAVELERRECEIVED,,Shipped,29700
710565,11546377,60,1049,68117,190262,2026-06-08,,TRAVELERRECEIVED,,Shipped,29755
710566,06513904AA,794,1040,10484,190337,2026-06-10,,TRAVELERRECEIVED,,Shipped,29713
710567,06513904AA,71,1040,10484,190337,2026-06-10,,TRAVELERRECEIVED,,Shipped,29713
710568,06513904AA,502,1168,11774,190337,2026-06-10,,TRAVELERRECEIVED,,Shipped,29718
710569,06513904AA,775,992,10000,190337,2026-06-10,,TRAVELERRECEIVED,,Shipped,29728
710570,06513904AA,193,596,6008,190337,2026-06-10,,TRAVELERRECEIVED,,Shipped,29710
710572,W520111-S450B,705,950,114458,190740,2026-06-24,,6-174-37-A,,Shipped,29803
710573,W520111-S450B,1552,1147,138193,190740,2026-06-24,,6-174-37-B,,Shipped,29776
710574,W520101-S442,292,1107,125795,190814,2026-06-26,,6-173-40-A,,Shipped,29789
710575,W520101-S442,1441,1043,118523,190695,2026-06-23,,6-173-40-B,,Shipped,29756
710576,W520101-S442,414,1027,116705,190837,2026-06-26,,6-173-41-A,,Shipped,29787
710577,W520101-S442,410,1100,125000,190695,2026-06-23,,6-173-41-B,,Shipped,29792
710578,W520101-S442,276,1151,130795,190577,2026-06-17,,6-168-26-A,,Shipped,29753
710579,W520101-S442,1400,957,108750,190577,2026-06-17,,6-168-26-B,,Shipped,29753
710580,82253,729,1002,42101,190577,2026-06-17,,6-168-27-A,,Shipped,29738
710581,82253,1341,1051,44160,190577,2026-06-17,,6-168-27-B,,Shipped,29744
710582,NU3019-00,668,967,4631,190356,2026-06-10,,6-160-27-A,,Shipped,29703
710583,NU3019-00,792,1131,5417,190356,2026-06-10,,6-160-27-B,,Shipped,29703
710584,NU3019-00,369,1056,5057,190356,2026-06-10,,6-160-27-C,,Shipped,29703
710585,NU3019-00,1434,1036,4962,190356,2026-06-10,,6-160-27-D,,Shipped,29703
710586,NU3019-00,1307,1030,4933,190356,2026-06-10,,6-160-26-A,,Shipped,29703
710587,NU3019-00,1339,1071,5129,190356,2026-06-10,,6-160-26-B,,Shipped,29703
710588,NU3019-00,352,1034,4952,190315,2026-06-09,,6-160-26-C,,Shipped,29703
710589,NU3019-00,313,1067,5110,190315,2026-06-09,,6-160-26-D,,Shipped,29703
710590,NU3019-00,1676,995,4765,190315,2026-06-09,,6-160-27-E,,Shipped,29703
710591,NU3019-00,240,1074,5144,190315,2026-06-09,,6-160-27-F,,Shipped,29703
710592,11602659,1438,617,10940,190428,2026-06-12,,6-163-11-A,,Shipped,29713
710593,11602659,1519,787,13954,190428,2026-06-12,,6-163-11-B,,Shipped,29720
710594,11602659,828,710,12589,190428,2026-06-12,,6-163-11-C,,Shipped,29713
710595,11602659,1617,887,15727,190428,2026-06-12,,6-163-11-D,,Shipped,29713
710596,11602659,920,726,12872,190428,2026-06-12,,6-163-11-E,,Shipped,29709
710597,11602659,244,885,15691,190428,2026-06-12,,6-163-11-F,,Shipped,29713
710598,54041001,1606,1193,9121,190262,2026-06-08,,TRAVELERRECEIVED,,Shipped,29687
710599,54041001,1334,991,7576,190262,2026-06-08,,TRAVELERRECEIVED,,Shipped,29687
710600,54041001,1044,1201,9182,190262,2026-06-08,,TRAVELERRECEIVED,,Shipped,29687
710601,54041001,8,1098,8394,190262,2026-06-08,,TRAVELERRECEIVED,,Shipped,29687
710602,90280051,142,550,73333,190356,2026-06-10,,6-161-35-A,,Shipped,29700
710612,11546368-CA-IN,432,,,,2026-07-24,,6-203-47-D,,,
710618,82218,KIB,1602,16000,190337,2026-06-10,,TRAVELERRECEIVED,,Shipped,29702
710619,82218,KIB,1602,16000,190337,2026-06-10,,SPLIT FROM TR#710618,,Shipped,29707
710624,06105102AA,KIB,1736,40000,190410,2026-06-12,,TRAVELERRECEIVED,,Shipped,29718
710625,06105102AA,KIB,1736,40000,190410,2026-06-12,,SPLIT FROM TR#710624,,Shipped,29728
710626,06105102AA,KIB,1736,40000,190410,2026-06-12,,TRAVELERRECEIVED,,Shipped,29718
710627,06105102AA,KIB,1736,40000,190410,2026-06-12,,SPLIT FROM TR#710626,,Shipped,29716
710628,06105102AA,KIB,1736,40000,190410,2026-06-12,,TRAVELERRECEIVED,,Shipped,29718
710629,06105102AA,KIB,1736,40000,190410,2026-06-12,,SPLIT FROM TR#710628,,Shipped,29720
710630,11588709,KIB,1450,100000,190337,2026-06-10,,TRAVELERRECEIVED,,Shipped,29702
710631,11588709,KIB,1450,100000,190337,2026-06-10,,SPLIT FROM TR#710630,,Shipped,29702
710632,11588709,KIB,435,30000,190337,2026-06-10,,TRAVELERRECEIVED,,Shipped,29702
710634,06105049AA,KIB,1468,40000,190337,2026-06-10,,TRAVELERRECEIVED,,Shipped,29705
710635,06105049AA,KIB,1468,40000,190337,2026-06-10,,SPLIT FROM TR#710634,,Shipped,29709
710636,NU1405-00,44,1198,77792,190356,2026-06-10,,6-161-38-A,,Shipped,29703
710637,NU1405-00,1002,1172,76104,190356,2026-06-10,,6-161-38-B,,Shipped,29703
710638,NU1405-00,591,1178,76494,190428,2026-06-12,,6-163-15-A,,Shipped,29725
710639,NU1405-00,845,1188,77143,190436,2026-06-12,,6-163-23-A,,Shipped,29725
710640,NU1405-00,1638,1170,75974,190428,2026-06-12,,6-163-15-B,,Shipped,29728
710641,NU1405-00,1615,1170,75974,190436,2026-06-12,,6-163-24-A,,Shipped,29725
710642,11546368-MY-AK,824,,,,2026-06-30,,6-175-33-C,,,
710643,11546368-MY-AK,123,,,,2026-06-30,,6-175-33-D,,,
710644,11546368-MY-AK,242,,,,2026-06-30,,6-175-33-E,,,
710646,11546368-MY-AK,647,,,,2026-06-30,,6-175-33-F,,,
710647,11546368-MY-AK,271,,,,2026-06-29,,6-175-36-B,,,
710650,11546368-MY-AK,126,,,,2026-06-29,,6-175-31-A,,,
710651,11546368-MY-AK,243,,,,2026-06-30,,6-175-31-B,,,
710652,11546368-MY-AK,1613,,,,2026-06-29,,6-175-31-C,,,
710653,11546368-MY-AK,1300,,,,2026-07-24,,6-203-48-B,,,
710654,W716298-S450,1323,750,98684,190577,2026-06-17,,6-166-51-A,,Shipped,29744
710655,W716298-S450,285,806,106053,190577,2026-06-17,,6-166-51-B,,Shipped,29740
710656,11610122,32,981,38622,190577,2026-06-17,,6-166-47-A,,Shipped,29738
710658,11561645,943,950,123377,190577,2026-06-17,,6-166-32-A,,Shipped,29738
710659,11561645,852,912,118442,190577,2026-06-17,,6-166-32-B,,Shipped,29756
710660,11561645,426,890,115584,190577,2026-06-17,,6-166-33-A,,Shipped,29738
710661,11561645,404,974,126494,190577,2026-06-17,,6-166-33-B,,Shipped,29738
710662,11602023,1526,639,27904,190577,2026-06-17,,6-166-49-A,,Shipped,29738
710664,11561114,522,688,8319,190577,2026-06-17,,6-166-50-A,,Shipped,29738
710665,11561114,603,950,11487,190577,2026-06-17,,6-166-50-B,,Shipped,29738
710666,11546703,1029,996,122963,190880,2026-06-29,,6-180-33-A,,Shipped,29784
710667,11546703,945,1032,127407,191061,2026-07-06,,6-187-18-A,,Shipped,29809
710668,11546703,1639,1001,123580,191061,2026-07-06,,6-187-15-A,,Shipped,29807
710669,11546703,16,997,123086,191061,2026-07-06,,6-187-15-B,,Shipped,29807
710670,11546703,1038,965,119136,190880,2026-06-29,,6-180-34-A,,Shipped,29784
710671,11546703,405,1064,131358,190880,2026-06-29,,6-180-34-B,,Shipped,29784
710672,11546703,1422,1041,128519,190880,2026-06-29,,6-180-35-A,,Shipped,29784
710673,11546703,1033,998,123210,190880,2026-06-29,,6-180-35-B,,Shipped,29787
710674,11546703,1702,1023,126296,190880,2026-06-29,,6-180-36-A,,Shipped,29784
710675,11546703,569,1001,123580,190880,2026-06-29,,6-180-36-B,,Shipped,29784
710676,11546703,419,1005,124074,191061,2026-07-06,,6-187-16-A,,Shipped,29839
710677,11546703,82,1027,126790,191061,2026-07-06,,6-187-16-B,,Shipped,29809
710678,11546703,833,1087,134198,191506,2026-07-21,,6-201-54-A,TABLE,Shipped,29877
710679,11546703,1701,929,114691,191061,2026-07-06,,6-187-14-A,,Shipped,29839
710680,11546703,535,937,115679,190880,2026-06-29,,6-180-37-A,,Shipped,29784
710681,11546703,124,1067,131728,191506,2026-07-21,,6-201-55-A,TABLE,Shipped,29875
710682,11549168-CA-IN,299,938,35000,193263,2026-08-19,,TRAVELERRECEIVED,SPECIAL SORT,Shipped,30057
710683,11549168-CA-IN,1335,1206,45000,191125,2026-07-08,,TRAVELERRECEIVED,,Shipped,29852
710684,11549168-CA-IN,1645,1260,47015,190577,2026-06-17,,SORT&RETURN,,Shipped,29801
710686,11549168-CA-IN,158,1206,45000,191398,2026-07-17,,TRAVELERRECEIVED,,Shipped,29932
710687,11549168-CA-IN,382,1206,45000,192613,2026-07-27,,TRAVELERRECEIVED,,Shipped,29919
710688,11549168-CA-IN,516,1233,46000,192629,2026-07-27,,TRAVELERRECEIVED,,Shipped,29961
710689,11549168-CA-IN,1532,965,36000,192845,2026-08-04,,TRAVELERRECEIVED,SPECIAL SORT,0,0
710690,11549168-CA-IN,615,1179,44000,192845,2026-08-04,,TRAVELERRECEIVED,SPECIAL SORT,0,0
710691,11549168-CA-IN,883,1072,40000,192629,2026-07-27,,TRAVELERRECEIVED,,0,0
710692,06511672AA,770,1055,45474,191473,2026-07-20,,6-201-35-B,,Shipped,29873
710693,06511672AA,257,1044,45000,191473,2026-07-20,,6-201-35-C,,Shipped,29873
710694,11561645,1556,1103,143247,190577,2026-06-17,,6-166-34-A,,Shipped,29743
710695,11561645,1374,763,99091,190577,2026-06-17,,6-166-34-B,,Shipped,29738
710696,06511637AA,1720,1014,40887,190577,2026-06-17,,6-166-52-A,,Shipped,29800
710697,06511637AA,625,1091,43992,190577,2026-06-17,,6-166-52-B,,Shipped,29756
710698,11546703,853,1062,131111,191276,2026-07-14,,6-195-04-B,,Shipped,29854
710699,11546703,291,970,119753,190880,2026-06-29,,6-180-38-A,,Shipped,29784
710700,11546703,478,1087,134198,191276,2026-07-14,,6-195-01-A,,Shipped,29852
710701,11546703,1447,933,115185,191276,2026-07-14,,6-195-01-B,,Shipped,29852
710702,11546703,619,1014,125185,191276,2026-07-14,,6-195-02-A,,Shipped,29852
710703,11546703,106,999,123333,191506,2026-07-21,,6-201-49-A,TABLE,Shipped,29879
710704,11548147,KIB,1575,12500,190337,2026-06-10,,TRAVELERRECEIVED,,Shipped,29705
710705,11548147,KIB,1575,12500,190337,2026-06-10,,SPLIT FROM TR#710704,,Shipped,29702
710706,06105051AA,652,800,17094,190452,2026-06-15,,TRAVELERRECEIVED,,Shipped,29716
710707,06105051AA,863,688,14701,190452,2026-06-15,,TRAVELERRECEIVED,,Shipped,29716
710709,06105051AA,874,1179,25192,190452,2026-06-15,,TRAVELERRECEIVED,,Shipped,29716
710710,11546389-PH-RO,1544,994,129091,190347,2026-06-10,,TRAVELERRECEIVED,,Shipped,29705
710711,11546389-PH-RO,29,873,113377,190347,2026-06-10,,TRAVELERRECEIVED,,Shipped,29740
710712,11546389-PH-RO,811,921,119610,190347,2026-06-10,,TRAVELERRECEIVED,,Shipped,29709
710713,11546389-PH-RO,88,912,118442,190347,2026-06-10,,TRAVELERRECEIVED,,Shipped,29707
710714,W520412-S442,336,918,117692,190559,2026-06-17,,6-168-12-A,,Shipped,29743
710715,W520412-S442,373,868,111282,190559,2026-06-17,,6-168-12-B,,Shipped,29727
710716,11546389-PH-RO,304,1121,145584,190347,2026-06-10,,TRAVELERRECEIVED,,Shipped,29713
710717,11546389-PH-RO,973,756,98182,190347,2026-06-10,,TRAVELERRECEIVED,,Shipped,29716
710718,11546389-PH-RO,580,1044,135584,190347,2026-06-10,,TRAVELERRECEIVED,,Shipped,29713
710719,11546389-PH-RO,1338,800,103896,190347,2026-06-10,,TRAVELERRECEIVED,,Shipped,29740
710720,11546389BR-PH-RO,1045,1004,130390,190337,2026-06-10,,TRAVELERRECEIVED,,Shipped,29713
710721,11546389BR-PH-RO,756,844,109610,190337,2026-06-10,,TRAVELERRECEIVED,,Shipped,29709
710726,11546389BR-PH-RO,903,1003,130260,190337,2026-06-10,,TRAVELERRECEIVED,,Shipped,29725
710727,11546389BR-PH-RO,1349,847,110000,190337,2026-06-10,,TRAVELERRECEIVED,,Shipped,29723
710728,11546449,779,1061,89915,190515,2026-06-16,,TRAVELERRECEIVED,,Shipped,29728
710729,11546449,1510,1055,89407,190515,2026-06-16,,TRAVELERRECEIVED,,Shipped,29835
710734,11549204,202,1186,7798,190337,2026-06-10,,TRAVELERRECEIVED,,Shipped,29811
710735,11549204,651,1118,7350,190337,2026-06-10,,TRAVELERRECEIVED,,Shipped,29848
710736,11549204,1401,1185,7791,190337,2026-06-10,,TRAVELERRECEIVED,,Shipped,29723
710737,11549204,1402,1116,7337,190337,2026-06-10,,TRAVELERRECEIVED,,Shipped,29811
710738,11549204,907,1040,6838,190337,2026-06-10,,TRAVELERRECEIVED,,Shipped,29723
710739,11549204,817,1270,8350,190347,2026-06-10,,TRAVELERRECEIVED,,Shipped,29811
710740,11549204,13,1052,6917,190347,2026-06-10,,TRAVELERRECEIVED,,Shipped,29705
710741,11549204,630,1219,8014,190347,2026-06-10,,TRAVELERRECEIVED,,Shipped,29811
710742,11549204,673,1166,7666,190347,2026-06-10,,TRAVELERRECEIVED,,Shipped,29811
710743,11549204,1435,1147,7541,190347,2026-06-10,,TRAVELERRECEIVED,,Shipped,29848
710744,SA-7000-13,1078,1157,3309,190220,2026-06-05,,6-156-34-A,,Shipped,29687
710746,11546389-PH-RO,1062,769,99870,190347,2026-06-10,,TRAVELERRECEIVED,,Shipped,29740
710747,11546389-PH-RO,864,1113,144545,190347,2026-06-10,,TRAVELERRECEIVED,,Shipped,29720
710749,NU1510-00,564,1233,45000,190535,2026-06-16,,6-166-28-A,,Shipped,29728
710750,NU1510-00,1330,849,31000,190673,2026-06-22,,6-172-34-A,,Shipped,29764
710751,68665167AA,932,77,10000,191340,2026-06-15,,6-191-30-A,,Shipped,29865
710752,F1302AB,223,516,16699,191105,2026-07-07,,6-188-28-A,,Shipped,29814
710753,F1302AB,916,702,22718,191105,2026-07-07,,6-188-28-B,,Shipped,29814
710754,33771-S2,617,975,36245,190382,2026-06-11,,6-161-29-A,,Shipped,29713
710756,85158B,967,1139,23929,190796,2026-06-25,,6-173-47-A,,Shipped,29773
710757,85158B,467,958,20126,190796,2026-06-25,,6-173-47-B,,Shipped,29781
710758,06514720AA,91,702,31765,190356,2026-06-10,,6-161-36-A,,Shipped,29700
710759,06514720AA,1522,636,28778,190356,2026-06-10,,6-161-36-B,,Shipped,29700
710760,06514720AA,66,650,29412,190356,2026-06-10,,6-161-37-A,,Shipped,29702
710761,06514720AA,1518,685,30995,190356,2026-06-10,,6-161-37-B,,Shipped,29705
710762,F1302AB,357,625,20227,191105,2026-07-07,,6-188-28-C,,Shipped,29811
710763,F1302AB,982,610,19741,191105,2026-07-07,,6-188-28-D,,Shipped,29814
710764,06506707AA,469,917,25123,190356,2026-06-10,,6-161-32-A,,Shipped,29700
710765,06506707AA,1558,780,21370,190356,2026-06-10,,6-161-32-B,,Shipped,29702
710766,11549171-MY-AK,709,1097,9539,190642,2026-06-22,,TRAVELERRECEIVED,,Shipped,29753
710767,11549171-MY-AK,258,1091,9487,190642,2026-06-22,,TRAVELERRECEIVED,,Shipped,29758
710768,11549171-MY-AK,109,1074,9339,190642,2026-06-22,,TRAVELERRECEIVED,,Shipped,29769
710769,11549171-MY-AK,1535,1139,9904,190642,2026-06-22,,TRAVELERRECEIVED,,Shipped,29753
710770,11549171-MY-AK,1369,1148,9983,190642,2026-06-22,,TRAVELERRECEIVED,,Shipped,29753
710771,11549171-MY-AK,483,1076,9357,190642,2026-06-22,,TRAVELERRECEIVED,,Shipped,29758
710772,11546370-MY-AK,734,1097,7362,190452,2026-06-15,,TRAVELERRECEIVED,,Shipped,29738
710773,11546370-MY-AK,883,1111,7456,190452,2026-06-15,,TRAVELERRECEIVED,,Shipped,29740
710774,11546370-MY-AK,27,1107,7430,190452,2026-06-15,,TRAVELERRECEIVED,,Shipped,29738
710775,11546370-MY-AK,346,1097,7362,190452,2026-06-15,,TRAVELERRECEIVED,,Shipped,29740
710776,11546370-MY-AK,981,1106,7423,190452,2026-06-15,,TRAVELERRECEIVED,,Shipped,29740
710777,11546370-MY-AK,598,1093,7336,190452,2026-06-15,,TRAVELERRECEIVED,,Shipped,29720
710778,11546370-MY-AK,398,1071,7188,190465,2026-06-15,,TRAVELERRECEIVED,,Shipped,29740
710779,11546370-MY-AK,1099,1127,7564,190465,2026-06-15,,TRAVELERRECEIVED,,Shipped,29738
710780,11546370-MY-AK,735,1098,7369,190465,2026-06-15,,TRAVELERRECEIVED,,Shipped,29720
710781,11546370-MY-AK,829,1123,7537,190465,2026-06-15,,TRAVELERRECEIVED,,Shipped,29740
710782,11546370-MY-AK,1384,1153,7738,190465,2026-06-15,,TRAVELERRECEIVED,,Shipped,29727
710783,11546370-MY-AK,1028,1070,7181,190465,2026-06-15,,TRAVELERRECEIVED,,Shipped,29720
710785,11546368-MY-AK,349,,,,2026-06-29,,6-175-33-G,,,
710787,11546368-MY-AK,758,,,,2026-06-30,,6-175-34-C,,,
710788,11546368-MY-AK,510,,,,2026-06-29,,6-175-36-D,,,
710789,11546368-MY-AK,1034,,,,2026-06-29,,6-175-36-E,,,
710790,11546368-MY-AK,607,,,,2026-06-30,,6-175-34-D,,,
710791,11546368-MY-AK,1086,,,,2026-06-30,,6-175-34-E,,,
710792,11546368-MY-AK,1109,,,,2026-06-30,,6-175-33-H,,,
710793,11546368-MY-AK,490,,,,2026-06-30,,6-175-33-I,,,
710794,11546368-MY-AK,108,,,,2026-06-29,,6-175-34-F,,,
710795,11546368-MY-AK,1627,,,,2026-06-30,,6-175-34-G,,,
710797,11546545,395,967,80583,190410,2026-06-12,,TRAVELERRECEIVED,,Shipped,29718
710798,11546545,399,973,81083,190410,2026-06-12,,TRAVELERRECEIVED,,Shipped,29716
710799,11546545,1572,864,72000,190410,2026-06-12,,TRAVELERRECEIVED,,Shipped,29725
710800,11546545,42,1088,90667,190410,2026-06-12,,TRAVELERRECEIVED,,Shipped,29727
710801,11546545,509,1046,87167,190410,2026-06-12,,TRAVELERRECEIVED,,Shipped,29716
710802,11546545,514,885,73750,190410,2026-06-12,,TRAVELERRECEIVED,,Shipped,29740
710803,11546545,742,1153,96083,190410,2026-06-12,,TRAVELERRECEIVED,,Shipped,29740
710804,11546545,1020,1011,84250,190410,2026-06-12,,TRAVELERRECEIVED,,Shipped,29716
710805,11546545,753,1050,87500,190410,2026-06-12,,TRAVELERRECEIVED,,Shipped,29716
710806,11546545,15,1100,91667,190410,2026-06-12,,TRAVELERRECEIVED,,Shipped,29728
710807,06101736-A,838,920,103371,190465,2026-06-15,,TRAVELERRECEIVED,,Shipped,29774
710808,06101736-A,431,837,94045,190465,2026-06-15,,TRAVELERRECEIVED,,Shipped,29720
710809,06101736-A,1071,885,99438,190465,2026-06-15,,TRAVELERRECEIVED,,Shipped,29723
710810,06101736-A,666,874,98202,190465,2026-06-15,,TRAVELERRECEIVED,,Shipped,29720
710811,40109770,972,952,7078,190347,2026-06-10,,TRAVELERRECEIVED,,Shipped,29728
710812,40109770,806,1311,9747,190347,2026-06-10,,TRAVELERRECEIVED,,Shipped,29707
710813,11546463,7,969,15000,190347,2026-06-10,,TRAVELERRECEIVED,,Shipped,29728
710814,11546463,900,974,15077,190347,2026-06-10,,TRAVELERRECEIVED,,Shipped,29705
710815,11546463,953,954,14768,190347,2026-06-10,,TRAVELERRECEIVED,,Shipped,29705
710816,11546463,1513,1009,15619,190347,2026-06-10,,TRAVELERRECEIVED,,Shipped,29723
710817,11546463,711,1015,15712,190347,2026-06-10,,TRAVELERRECEIVED,,Shipped,29728
710818,11546463,542,947,14659,190337,2026-06-10,,TRAVELERRECEIVED,,Shipped,29848
710819,11546463,171,1052,16285,190337,2026-06-10,,TRAVELERRECEIVED,,Shipped,29848
710820,11546463,1567,909,14071,190337,2026-06-10,,TRAVELERRECEIVED,,Shipped,29723
710821,11546463,919,974,15077,190337,2026-06-10,,TRAVELERRECEIVED,,Shipped,29707
710822,11546463,235,987,15279,190337,2026-06-10,,TRAVELERRECEIVED,,Shipped,29728
710823,11549168-CA-IN,370,1177,43918,191398,2026-07-17,,TRAVELERRECEIVED,,Shipped,29915
710824,11549168-CA-IN,1061,1072,40000,193252,2026-08-18,,TRAVELERRECEIVED,SPECIAL SORT,Shipped,30057
710825,11549168-CA-IN,567,1206,45000,191126,2026-07-08,,TRAVELERRECEIVED,,Shipped,29850
710826,11549168-CA-IN,1380,1206,45000,191213,2026-07-10,,TRAVELERRECEIVED,,Shipped,29865
710828,11549168-CA-IN,323,1179,44000,193252,2026-08-18,,TRAVELERRECEIVED,SPECIAL SORT,Shipped,30057
710829,11549168-CA-IN,666,1206,45000,192845,2026-08-04,,TRAVELERRECEIVED,,0,0
710830,11549168-CA-IN,1028,1206,45000,192845,2026-08-04,,TRAVELERRECEIVED,,0,0
710831,11549168-CA-IN,822,1179,44000,193263,2026-08-19,,TRAVELERRECEIVED,SPECIAL SORT,Shipped,30057
710832,11549168-CA-IN,1564,1126,42000,193263,2026-08-19,,TRAVELERRECEIVED,SPECIAL SORT,0,0
710840,11588714,KIB,1547,70000,190560,2026-06-17,,TRAVELERRECEIVED,,Shipped,29740
710841,11588714,KIB,1547,70000,190560,2026-06-17,,SPLIT FROM TR#710840,,Shipped,29744
710842,11547176,KIB,1710,45000,190560,2026-06-17,,TRAVELERRECEIVED,,Shipped,29738
710843,11547176,KIB,1710,45000,190560,2026-06-17,,SPLIT FROM TR#710842,,Shipped,29738
710844,11547176,KIB,1710,45000,190465,2026-06-15,,TRAVELERRECEIVED,,Shipped,29727
710845,11547176,KIB,1710,45000,190465,2026-06-15,,SPLIT FROM TR#710844,,Shipped,29723
710846,40110160,38,1075,6830,190880,2026-06-29,,6-180-31-A,,Shipped,29781
710847,40110160,1692,1172,7446,190880,2026-06-29,,6-180-31-B,,Shipped,29781
710848,40110160,1318,1072,6811,190880,2026-06-29,,6-166-13-B,,Shipped,29787
710849,40110160,1704,1135,7211,190880,2026-06-29,,6-166-13-B,,Shipped,29784
710850,06100050-A,20,1132,60213,190428,2026-06-12,,6-163-14-A,,Shipped,29716
710851,06100050-A,68,968,51489,190428,2026-06-12,,6-163-14-B,,Shipped,29718
710852,06100050-A,155,969,51543,190428,2026-06-12,,6-163-14-C,,Shipped,29713
710854,11611122,1058,739,49267,191304,2026-07-14,,6-195-55-A,,Shipped,29850
710856,11611121,960,647,21567,191304,2026-07-14,,6-195-56-A,,Shipped,29850
710857,11611121,311,1178,39267,191304,2026-07-14,,6-195-56-B,,Shipped,29850
710860,W711468-S437,1398,810,46821,191061,2026-07-06,,6-187-11-A,,Shipped,29809
710861,W711468-S437,706,945,54624,191506,2026-07-21,,6-201-30-A,,Shipped,29902
710862,W711468-S437,339,861,4769,191276,2026-07-14,,6-194-34-A,,Shipped,29867
710863,W711468-S437,1436,907,52428,191276,2026-07-14,,6-194-34-B,,Shipped,29857
710864,W711468-S437,1562,936,54104,191276,2026-07-14,,6-194-34-C,,Shipped,29867
710865,W711468-S437,49,842,48671,191061,2026-07-06,,6-187-11-B,,Shipped,29809
710866,NU3019-00,140,1020,4885,190400,2026-06-11,,6-161-21-A,,Shipped,29703
710867,NU3019-00,1580,1092,5230,190356,2026-06-10,,6-161-30-A,,Shipped,29703
710868,NU3019-00,337,1001,4794,190400,2026-06-11,,6-162-21-B,,Shipped,29703
710869,NU3019-00,951,1097,5254,190400,2026-06-11,,6-162-21-C,,Shipped,29703
710870,NU3019-00,1563,997,4775,190356,2026-06-10,,6-161-30-B,,Shipped,29703
710871,NU3019-00,1301,1114,5335,190356,2026-06-10,,6-161-30-C,,Shipped,29703
710872,NU3019-00,648,1029,4928,190400,2026-06-11,,6-162-21-D,,Shipped,29703
710873,NU3019-00,966,1062,5086,190400,2026-06-11,,6-162-21-E,,Shipped,29705
710874,NU3019-00,1368,990,4741,190356,2026-06-10,,6-161-30-D,,Shipped,29703
710875,NU3019-00,1636,1104,5287,190400,2026-06-11,,6-162-21-F,,Shipped,29703
710876,NU3019-00,578,1124,5383,190356,2026-06-10,,6-161-30-E,,Shipped,29703
710877,NU3019-00,37,980,4693,190400,2026-06-11,,6-162-21-G,,Shipped,29705
710878,40073474,765,706,4738,190337,2026-06-10,,TRAVELERRECEIVED,,Shipped,29700
710879,40073474,939,744,4993,190337,2026-06-10,,TRAVELERRECEIVED,,Shipped,29707
710880,11605498,799,1115,4313,190452,2026-06-15,,TRAVELERRECEIVED,,Shipped,29727
710881,11548535,55,1115,5575,191380,2026-07-16,,6-195-52-A,,Shipped,29869
710881-,11548535,55,1115,5575,190512,2026-06-16,,SORT&RETURN,,Shipped,29764
710882,11548535,823,1103,5515,191380,2026-07-16,,6-195-53-A,,Shipped,29867
710882-,11548535,823,1103,5515,190512,2026-06-16,,SORT&RETURN,,Shipped,29764
710883,11548535,1425,1150,5750,191380,2026-07-16,,6-195-53-B,,Shipped,29873
710883-,11548535,1425,1150,5750,190512,2026-06-16,,SORT&RETURN,,Shipped,29764
710884,40073474,1103,708,4752,190337,2026-06-10,,TRAVELERRECEIVED,,Shipped,29723
710885,40073474,1072,780,5235,190337,2026-06-10,,TRAVELERRECEIVED,,Shipped,29723
710886,11549204,282,1094,7193,190410,2026-06-12,,TRAVELERRECEIVED,,Shipped,29716
710887,11549204,928,1183,7778,190410,2026-06-12,,TRAVELERRECEIVED,,Shipped,29720
710888,11549204,1095,1211,7962,190410,2026-06-12,,TRAVELERRECEIVED,,Shipped,29718
710889,11549204,825,1106,7272,190410,2026-06-12,,TRAVELERRECEIVED,,Shipped,29718
710890,11549204,421,1219,8014,190410,2026-06-12,,TRAVELERRECEIVED,,Shipped,29716
710891,11549204,1408,1080,7101,190410,2026-06-12,,TRAVELERRECEIVED,,Shipped,29723
710892,11549204,1626,1211,7962,190410,2026-06-12,,TRAVELERRECEIVED,,Shipped,29716
710893,11549204,565,1094,7193,190410,2026-06-12,,TRAVELERRECEIVED,,Shipped,29718
710894,11549204,72,1184,7784,190410,2026-06-12,,TRAVELERRECEIVED,,Shipped,29718
710895,11549204,790,1100,7232,190410,2026-06-12,,TRAVELERRECEIVED,,Shipped,29718
710896,11546449,1355,991,83983,190519,2026-06-16,,TRAVELERRECEIVED,,Shipped,29738
710897,11546449,239,1071,90763,190519,2026-06-16,,TRAVELERRECEIVED,,Shipped,29738
710898,11546449,130,1077,91271,190519,2026-06-16,,TRAVELERRECEIVED,,Shipped,29756
710899,11546449,446,1005,85169,190519,2026-06-16,,TRAVELERRECEIVED,,Shipped,29728
710900,11546449,1668,983,83305,190465,2026-06-15,,TRAVELERRECEIVED,,Shipped,29740
710901,11546449,1440,1067,90424,190465,2026-06-15,,TRAVELERRECEIVED,,Shipped,29740
710902,11546449,884,1030,87288,190465,2026-06-15,,TRAVELERRECEIVED,,Shipped,29740
710903,11546449,1700,1036,87797,190465,2026-06-15,,TRAVELERRECEIVED,,Shipped,29740
710904,11546437-MY-AK,784,1102,84769,190465,2026-06-15,,TRAVELERRECEIVED,,Shipped,29728
710905,11546437-MY-AK,1553,1109,85308,190465,2026-06-15,,TRAVELERRECEIVED,,Shipped,29835
710906,11546437-MY-AK,882,1015,78077,190465,2026-06-15,,TRAVELERRECEIVED,,Shipped,29725
710907,11546437-MY-AK,879,1176,90462,190465,2026-06-15,,TRAVELERRECEIVED,,Shipped,29725
710908,11546437-MY-AK,1396,1082,83231,190519,2026-06-16,,TRAVELERRECEIVED,,Shipped,29743
710909,11546437-MY-AK,870,1112,85538,190519,2026-06-16,,TRAVELERRECEIVED,,Shipped,29743
710910,11546437-MY-AK,228,1117,85923,190519,2026-06-16,,TRAVELERRECEIVED,,Shipped,29753
710911,11546437-MY-AK,764,1076,82769,190519,2026-06-16,,TRAVELERRECEIVED,,Shipped,29744
710912,11602031,939,1076,5272,190410,2026-06-12,,TRAVELERRECEIVED,,Shipped,29835
710913,11602031,687,816,3998,190410,2026-06-12,,TRAVELERRECEIVED,,Shipped,29740
710914,11602031,1097,798,3910,190410,2026-06-12,,TRAVELERRECEIVED,,Shipped,29716
710915,11602031,303,975,4777,190410,2026-06-12,,TRAVELERRECEIVED,,Shipped,29716
710916,11602031,1680,743,3640,190410,2026-06-12,,TRAVELERRECEIVED,,Shipped,29755
710917,11602031,551,1006,4929,190410,2026-06-12,,TRAVELERRECEIVED,,Shipped,29723
710918,11602031,1582,799,3915,190410,2026-06-12,,TRAVELERRECEIVED,,Shipped,29716
710919,11602031,256,939,4601,190410,2026-06-12,,TRAVELERRECEIVED,,Shipped,29718
710920,11602031,382,1011,4953,190410,2026-06-12,,TRAVELERRECEIVED,,Shipped,29718
710921,11602031,837,78,382,190410,2026-06-12,,TRAVELERRECEIVED,,Shipped,29718
710922,06104388AA,915,638,15448,190465,2026-06-15,,TRAVELERRECEIVED,,Shipped,29720
710923,06104388AA,755,567,13729,190465,2026-06-15,,TRAVELERRECEIVED,,Shipped,29738
710924,06104725AA,1540,1120,105660,190512,2026-06-16,,TRAVELERRECEIVED,,Shipped,29720
710925,06104725AA,299,1046,98679,190512,2026-06-16,,TRAVELERRECEIVED,,Shipped,29720
710926,06104725AA,1534,1049,98962,190512,2026-06-16,,TRAVELERRECEIVED,,Shipped,29720
710927,06104725AA,209,1102,103962,190512,2026-06-16,,TRAVELERRECEIVED,,Shipped,29720
710928,06104725AA,215,1086,102453,190512,2026-06-16,,TRAVELERRECEIVED,,Shipped,29727
710929,06104725AA,1643,1061,100094,190512,2026-06-16,,TRAVELERRECEIVED,,Shipped,29720
710936,06511701AA,516,1089,78345,190465,2026-06-15,,TRAVELERRECEIVED,,Shipped,29740
710937,06511701AA,325,1032,74245,190465,2026-06-15,,TRAVELERRECEIVED,,Shipped,29744
710941,54018011,34CTNS,946,8500,190220,2026-06-05,,6-156-33-A,,Shipped,29684
710942,W20-1028-010,971,1333,65000,191126,2026-07-08,,TRAVELERRECEIVED,,Shipped,29837
710943,W20-1028-010,251,820,40000,191126,2026-07-08,,TRAVELERRECEIVED,,Shipped,29837
710944,W20-1028-010,128,1230,60000,191126,2026-07-08,,TRAVELERRECEIVED,,Shipped,29818
710946,NU5210-03,771,1096,40000,190315,2026-06-09,,6-159-59-A,,Shipped,29703
710947,NU5210-03,517,1096,40000,190315,2026-06-09,,6-159-59-B,,Shipped,29703
710948,NU5108-00,1621,1159,67000,190673,2026-06-22,,6-172-26-C,,Shipped,29764
710950,NU5108-00,713,1159,67000,190673,2026-06-22,,6-172-29-A,,Shipped,29764
710952,11546377BR-PH-RO,618,1087,70584,190465,2026-06-15,,TRAVELERRECEIVED,,Shipped,29720
710953,11546377BR-PH-RO,1414,921,59805,190465,2026-06-15,,TRAVELERRECEIVED,,Shipped,29738
710954,11546377BR-PH-RO,769,1086,70519,190465,2026-06-15,,TRAVELERRECEIVED,,Shipped,29800
710955,11546377BR-PH-RO,367,904,58701,190465,2026-06-15,,TRAVELERRECEIVED,,Shipped,29720
710956,11546377-PH-RO,635,796,51688,190452,2026-06-15,,TRAVELERRECEIVED,,Shipped,29738
710957,11546377-PH-RO,450,1209,78506,190452,2026-06-15,,TRAVELERRECEIVED,,Shipped,29740
710958,11546377-PH-RO,650,979,63571,190452,2026-06-15,,TRAVELERRECEIVED,,Shipped,29743
710959,11546377-PH-RO,839,1028,66753,190452,2026-06-15,,TRAVELERRECEIVED,,Shipped,29728
710960,11546377-PH-RO,1066,932,60519,190452,2026-06-15,,TRAVELERRECEIVED,,Shipped,29740
710961,11546377-PH-RO,979,1052,68312,190452,2026-06-15,,TRAVELERRECEIVED,,Shipped,29873
710962,11546377-PH-RO,1616,1089,70714,190452,2026-06-15,,TRAVELERRECEIVED,,Shipped,29805
710963,11546377-PH-RO,294,904,58701,190452,2026-06-15,,TRAVELERRECEIVED,,Shipped,29723
710966,11546364-PH-RO,1081,1400,168675,192888,2026-08-06,,TRAVELERRECEIVED,,Shipped,29972
710969,11518428,KIB,2003,63000,190270,2026-06-08,,6-159-40-A,,Shipped,29688
710970,11518428,KIB,2003,63000,190270,2026-06-08,,SPLIT FROM TR#710969,,Shipped,29693
710971,1420503001,KIB,360,20000,190270,2026-06-08,,6-159-43-A,,Shipped,29688
710973,P3326750,KIB,2003,63000,190270,2026-06-08,,6-159-41-A,,Shipped,29688
710974,P3326750,KIB,2003,63000,190270,2026-06-08,,SPLIT FROM TR#710973,,Shipped,29695
710975,W705606-S440,KIB,1694,35000,190270,2026-06-08,,6-159-39-A,,Shipped,29728
710976,W705606-S440,KIB,1694,35000,190270,2026-06-08,,SPLIT FROM TR#710975,,Shipped,29688
710977,W705606-S440,KIB,1694,35000,190270,2026-06-08,,6-159-39-C,,Shipped,29688
710978,W705606-S440,KIB,1694,35000,190270,2026-06-08,,SPLIT FROM TR#710977,,Shipped,29688
710979,W705606-S440,KIB,467,9650,190270,2026-06-08,,6-159-39-C,,Shipped,29693
710980,W705606-S440,KIB,467,9650,190270,2026-06-08,,SPLIT FROM TR#710979,,Shipped,29695
710981,11604000,KIB,2091,41000,190270,2026-06-08,,6-159-44-A,,Shipped,29687
710982,11604000,KIB,2091,41000,190270,2026-06-08,,SPLIT FROM TR#710981,,Shipped,29687
710984,06504080-T,1379,1373,280204,190378,2026-06-11,,,RUSH-TONIGHT TRUCK,Shipped,29702
710988,06504080-T,1023,623,127143,190378,2026-06-11,,,RUSH-TONIGHT TRUCK,Shipped,29702
710990,11549168,418,,,,2026-07-08,,6-183-35-A,,,
710991,11549168,970,,,,2026-07-06,,6-183-35-B,,,
710992,11549168,552,,,,2026-07-01,,6-180-39-E,,,
710993,11549168,744,,,,2026-07-01,,6-180-39-F,,,
710994,11549168,847,,,,2026-07-08,,6-183-35-C,,,
710995,11549168,388,,,,2026-07-06,,6-183-35-D,,,
710996,11549168,904,,,,2026-07-06,,6-183-36-A,,,
710997,11549168,484,,,,2026-07-06,,6-183-36-B,,,
710998,11549168,396,,,,2026-07-08,,6-183-36-C,,,
710999,11549168,178,,,,2026-07-07,,6-183-36-D,,,
711000,11549170,1684,,,,2026-07-07,,6-182-38-A,,,
711001,11549170,645,,,,2026-07-16,,6-195-12-A,,,
711002,11549170,1602,,,,2026-07-07,,6-182-38-B,,,
711003,11549170,643,,,,2026-07-07,,6-182-38-C,,,
711004,11549170,374,,,,2026-07-06,,6-182-38-D,,,
711005,11549170,1541,,,,2026-07-06,,6-182-38-E,,,
711006,11549170,896,,,,2026-07-07,,6-182-38-F,,,
711007,11549170,821,,,,2026-07-06,,6-182-38-G,,,
711008,11549170,1516,,,,2026-07-02,,6-180-41-A,,,
711010,11549170,475,,,,2026-07-02,,6-180-41-B,,,
711012,11549170,1078,,,,2026-07-06,,6-183-38-A,,,
711013,11549170,922,,,,2026-07-06,,6-183-38-B,,,
711014,11549170,1555,,,,2026-07-06,,6-183-38-C,,,
711015,11549170,844,,,,2026-07-06,,6-183-38-D,,,
711016,11549170,1517,,,,2026-07-06,,6-183-38-E,,,
711017,11549170,1008,,,,2026-07-06,,6-183-38-F,,,
711018,11549170,379,,,,2026-07-07,,6-183-39-A,,,
711019,11549170,937,,,,2026-07-07,,6-183-39-B,,,
711020,11549170,1707,,,,2026-07-06,,6-183-39-C,,,
711021,11549170,306,,,,2026-07-06,,6-183-39-D,,,
711022,11549170,1329,,,,2026-07-06,,6-183-38-G,,,
711023,11549170,1057,,,,2026-07-06,,6-183-38-H,,,
711024,11562515,1597,678,39649,190740,2026-06-24,,6-174-38-A,,Shipped,29758
711026,11562515,453,1041,60877,190740,2026-06-24,,6-174-38-B,,Shipped,29769
711027,11562515,1041,868,50760,190740,2026-06-24,,6-174-38-C,,Shipped,29758
711028,61273,391,830,7838,190535,2026-06-16,,6-167-17-A,,Shipped,29725
711029,61273,1342,704,6648,190535,2026-06-16,,6-167-17-B,,Shipped,29725
711030,61273,1111,689,6506,190577,2026-06-17,,6-167-17-C,,Shipped,29738
711031,61273,1383,850,8026,190577,2026-06-17,,6-167-17-D,,Shipped,29738
711032,E12538,468,1037,67338,190452,2026-06-15,,TRAVELERRECEIVED,,Shipped,29723
711033,W520413-S450,936,1086,70519,190535,2026-06-16,,6-167-16-A,,Shipped,29743
711034,W520101-S437,1716,938,106591,190740,2026-06-24,,6-174-21-A,,Shipped,29776
711035,W520101-S437,18,1169,132841,190740,2026-06-24,,6-174-21-B,,Shipped,29781
711036,W520101-S450,1445,1106,125682,190535,2026-06-16,,6-167-15-A,,Shipped,29743
711037,W520101-S450,168,1042,118409,190535,2026-06-16,,6-167-15-B,,Shipped,29738
711038,11547059,894,1139,25033,190796,2026-06-25,,6-168-28-A,,Shipped,29816
711039,11547059,511,924,20308,190796,2026-06-25,,6-168-28-B,,Shipped,29805
711040,11547059,92,999,21956,190796,2026-06-25,,6-168-28-C,,Shipped,29805
711041,11547059,497,1051,23099,190796,2026-06-25,,6-168-28-D,,Shipped,29807
711042,11547059,524,984,21626,190796,2026-06-25,,6-168-28-E,,Shipped,29807
711043,11547059,914,1049,23055,190796,2026-06-25,,6-168-28-F,,Shipped,29807
711044,11547349,1303,1146,11790,190465,2026-06-15,,TRAVELERRECEIVED,,Shipped,29738
711045,11547349,917,1071,11019,190465,2026-06-15,,TRAVELERRECEIVED,,Shipped,29740
711046,06101831-A,234,1057,38297,190519,2026-06-16,,TRAVELERRECEIVED,,Shipped,29803
711047,06101831-A,1309,1101,39891,190519,2026-06-16,,TRAVELERRECEIVED,,Shipped,29738
711048,06101831-A,370,1137,411+6,190519,2026-06-16,,TRAVELERRECEIVED,,Shipped,29744
711050,06101831-A,293,1139,41268,190519,2026-06-16,,TRAVELERRECEIVED,,Shipped,29773
711051,06101831-A,241,1101,39891,190519,2026-06-16,,TRAVELERRECEIVED,,Shipped,29756
711052,06101831-A,167,1040,37681,190519,2026-06-16,,TRAVELERRECEIVED,,Shipped,29812
711062,06513804AA,1010,1271,6387,190607,2026-06-18,,TRAVELERRECEIVED,,Shipped,29753
711063,06513804AA,154,1295,6508,190607,2026-06-18,,TRAVELERRECEIVED,,Shipped,0
711064,06513804AA,1670,1113,5593,190607,2026-06-18,,TRAVELERRECEIVED,,Shipped,29758
711065,06513804AA,1657,1046,5256,190607,2026-06-18,,TRAVELERRECEIVED,,Shipped,29758
711066,06511834AA,1344,384,2637,190642,2026-06-22,,TRAVELERRECEIVED,,Shipped,29800
711067,06511834AA,181,457,3139,190642,2026-06-22,,TRAVELERRECEIVED,,Shipped,29800
711068,06511834AA,1017,397,2727,190642,2026-06-22,,TRAVELERRECEIVED,,Shipped,29831
711069,06511834AA,577,412,2830,190642,2026-06-22,,TRAVELERRECEIVED,,Shipped,29800
711070,06101968-A,1507,1021,77348,190621,2026-06-19,,TRAVELERRECEIVED,,Shipped,29769
711071,06101968-A,1112,948,71818,190621,2026-06-19,,TRAVELERRECEIVED,,Shipped,29753
711072,11546462,459,983,24575,190452,2026-06-15,,TRAVELERRECEIVED,,Shipped,29727
711073,11546462,731,847,21175,190452,2026-06-15,,TRAVELERRECEIVED,,Shipped,29727
711074,11546462,832,945,23625,190452,2026-06-15,,TRAVELERRECEIVED,,Shipped,29727
711075,11546462,22,857,21425,190452,2026-06-15,,TRAVELERRECEIVED,,Shipped,29738
711076,06107364AA,530,980,69504,190465,2026-06-15,,TRAVELERRECEIVED,,Shipped,29738
711078,11546465,925,1106,38138,192708,2026-07-29,,6-175-35-A,,Shipped,29919
711079,11546465,1604,996,34345,192708,2026-07-29,,6-175-35-B,,Shipped,29919
711080,11516755,1537,1122,16746,190519,2026-06-16,,TRAVELERRECEIVED,,Shipped,29727
711081,11516755,443,1034,15443,190519,2026-06-16,,TRAVELERRECEIVED,,Shipped,29727
711082,11569637,785,1083,27075,190519,2026-06-16,,TRAVELERRECEIVED,,Shipped,29727
711083,11569637,486,1086,27150,190519,2026-06-16,,TRAVELERRECEIVED,,Shipped,29800
711084,NU1510-00,912,1096,40000,190673,2026-06-22,,6-172-34-B,,Shipped,29764
711085,NU1510-00,487,1096,40000,190673,2026-06-22,,6-172-34-C,,Shipped,29764
711086,NU5108-00,489,1176,68000,190673,2026-06-22,,6-172-27-A,,Shipped,29764
711087,NU5108-00,296,1176,68000,190673,2026-06-22,,6-172-27-B,,Shipped,29764
711088,W520111-S450B,710,715,86145,190535,2026-06-16,,6-167-14-A,,Shipped,29728
711089,W520111-S450B,283,768,92530,190535,2026-06-16,,6-167-14-B,,Shipped,29738
711090,NU1510-00,1079,1151,42000,190673,2026-06-22,,6-172-35-A,,Shipped,29764
711091,NU1510-00,1004,1096,40000,190535,2026-06-16,,6-166-31-D,,Shipped,29727
711092,SP2103-03,KIB,1349,6000,190270,2026-06-08,,6-159-45-A,,Shipped,29688
711093,SP2103-03,KIB,1349,6000,190270,2026-06-08,,SPLIT FROM TR#711092,,Shipped,29688
711094,SP2103-03,KIB,1349,6000,190270,2026-06-08,,6-159-45-C,,Shipped,29688
711095,SP2103-03,KIB,1349,6000,190270,2026-06-08,,SPLIT FROM TR#711094,,Shipped,29688
711096,SP2103-03,KIB,1349,6000,190270,2026-06-08,,6-159-45-E,,Shipped,29688
711097,SP2103-03,KIB,1349,6000,190270,2026-06-08,,SPLIT FROM TR#711096,,Shipped,29688
711098,SP2103-03,KIB,1349,6000,190270,2026-06-08,,6-159-45-G,,Shipped,29688
711099,SP2103-03,KIB,1349,6000,190270,2026-06-08,,SPLIT FROM TR#711098,,Shipped,29688
711100,11602292,810,726,23495,190499,2026-06-15,,6-166-48-A,,Shipped,29718
711101,11602292,75,572,18511,190499,2026-06-15,,6-166-48-B,,Shipped,29718
711102,11602292,1353,757,24498,190499,2026-06-15,,6-166-48-C,,Shipped,29718
711103,11602292,196,746,24142,190499,2026-06-15,,6-166-48-D,,Shipped,29720
711107,2W0399928,298,1213,134778,190560,2026-06-17,,TRAVELERRECEIVED,,Shipped,29743
711108,11546364,859,857,103253,190452,2026-06-15,,TRAVELERRECEIVED,,Shipped,29725
711109,40050697,1581,890,5742,191473,2026-07-20,,6-201-45-A,,Shipped,29874
711110,40050697,183,784,5058,192639,2026-07-27,,6-208-56-A,,Shipped,29909
711111,11516072,1598,1104,62022,191012,2026-07-02,,TRAVELERRECEIVED,,Shipped,29874
711115,W520113-S440,1385,1153,43022,191125,2026-07-08,,TRAVELERRECEIVED,,Shipped,29837
711116,W520113-S440,309,1131,42201,191125,2026-07-08,,TRAVELERRECEIVED,,Shipped,29845
711117,11516133,747,1042,15014,191012,2026-07-02,,TRAVELERRECEIVED,,Shipped,29818
711118,11516133,716,1075,15490,191012,2026-07-02,,TRAVELERRECEIVED,,Shipped,29818
711119,47336AE,944,1108,24843,190642,2026-06-22,,TRAVELERRECEIVED,,Shipped,29744
711120,47336AE,1520,1049,23520,190642,2026-06-22,,TRAVELERRECEIVED,,Shipped,29743
711125,11546366-MY-AK,554,1125,40614,190845,2026-06-29,,TRAVELERRECEIVED,,Shipped,29805
711126,11546366-MY-AK,1531,1138,41083,190845,2026-06-29,,TRAVELERRECEIVED,,Shipped,29800
711127,11546366-MY-AK,1005,1102,39783,190845,2026-06-29,,TRAVELERRECEIVED,,Shipped,29800
711128,11546366-MY-AK,1614,1113,40181,190845,2026-06-29,,TRAVELERRECEIVED,,Shipped,29816
711129,11546367-MY-AK,686,1273,27376,190779,2026-06-25,,TRAVELERRECEIVED,,Shipped,29787
711130,11546367-MY-AK,1431,1042,22409,190779,2026-06-25,,TRAVELERRECEIVED,,Shipped,29781
711131,11546367-MY-AK,157,1177,25312,190779,2026-06-25,,TRAVELERRECEIVED,,Shipped,29848
711132,11546367-MY-AK,905,1137,24452,190779,2026-06-25,,TRAVELERRECEIVED,,Shipped,29807
711133,11546369-MY-AK,332,1084,9661,190642,2026-06-22,,TRAVELERRECEIVED,,Shipped,29837
711134,11546369-MY-AK,1376,1102,9822,190642,2026-06-22,,TRAVELERRECEIVED,,Shipped,29773
711135,11546369-MY-AK,639,1122,10000,190642,2026-06-22,,TRAVELERRECEIVED,,Shipped,29753
711136,11546369-MY-AK,1681,1076,9590,190642,2026-06-22,,TRAVELERRECEIVED,,Shipped,29753
711137,11546369-MY-AK,84,1084,9661,190642,2026-06-22,,TRAVELERRECEIVED,,Shipped,29773
711143,W520414-S440,480,1128,43218,190719,2026-06-24,,,,Shipped,29753
711144,W520414-S440,574,1065,40805,190719,2026-06-24,,TRAVELERRECEIVED,,Shipped,29756
711149,W520412-S442,1432,895,114744,190559,2026-06-17,,6-168-11-A,,Shipped,29743
711150,W520412-S442,748,980,125641,190559,2026-06-17,,6-168-11-A,,Shipped,29728
711153,W520217-S440,646,1042,4771,191012,2026-07-02,,,,Shipped,29809
711154,W520217-S440,707,1143,5234,191012,2026-07-02,,,,Shipped,29809
711156,W520217-S440,1333,1129,5169,191012,2026-07-02,,,,Shipped,29809
711159,NU5108-00,462,1125,65000,190535,2026-06-16,,6-166-45-A,,Shipped,29764
711160,NU5108-00,451,1176,68000,190673,2026-06-22,,6-172-25-A,,Shipped,29801
711161,NU5210-03,1625,1096,40000,190400,2026-06-11,,6-162-22-A,,Shipped,29725
711162,NU5210-03,64,384,14000,190436,2026-06-12,,6-163-22-A,,Shipped,29728
711163,NU1510-00,568,1123,41000,190673,2026-06-22,,6-172-35-B,,Shipped,29764
711164,NU1510-00,164,1151,42000,190535,2026-06-16,,6-166-31-C,,Shipped,29728
711165,11546449,961,1028,87119,190560,2026-06-17,,TRAVELERRECEIVED,,Shipped,29743
711166,11546449,444,1036,87797,190560,2026-06-17,,TRAVELERRECEIVED,,Shipped,29743
711167,11546449,614,1002,84915,190560,2026-06-17,,TRAVELERRECEIVED,,Shipped,29800
711168,11546449,455,1039,88051,190560,2026-06-17,,TRAVELERRECEIVED,,Shipped,29756
711169,11546449,908,1064,90169,190560,2026-06-17,,TRAVELERRECEIVED,,Shipped,29756
711170,11546449,1108,1012,85763,190560,2026-06-17,,TRAVELERRECEIVED,,Shipped,29743
711171,11546449,878,1018,86271,190560,2026-06-17,,TRAVELERRECEIVED,,Shipped,29744
711172,11546449,290,1066,90339,190560,2026-06-17,,TRAVELERRECEIVED,,Shipped,29743
711173,11546449,347,1025,86864,190560,2026-06-17,,TRAVELERRECEIVED,,Shipped,29744
711174,11546449,1053,1031,87373,190560,2026-06-17,,TRAVELERRECEIVED,,Shipped,29738
711175,W20-1028-020SL,1617,1108,8111,190512,2026-06-16,,TRAVELERRECEIVED,,Shipped,29764
711176,W20-1028-020SL,539,931,6816,190512,2026-06-16,,TRAVELERRECEIVED,,Shipped,29764
711177,W20-1028-020SL,789,1056,7731,190512,2026-06-16,,TRAVELERRECEIVED,,Shipped,29764
711178,W20-1028-020SL,1092,1015,7430,190512,2026-06-16,,TRAVELERRECEIVED,,Shipped,29764
711179,W20-1028-020SL,1547,1056,7731,190512,2026-06-16,,TRAVELERRECEIVED,,Shipped,29764
711180,W20-1028-020SL,1060,1000,7321,190512,2026-06-16,,TRAVELERRECEIVED,,Shipped,29764
711181,W20-1028-020SL,1577,1049,7679,190512,2026-06-16,,TRAVELERRECEIVED,,Shipped,29764
711182,W20-1028-020SL,655,997,7299,190512,2026-06-16,,TRAVELERRECEIVED,,Shipped,29764
711183,W20-1028-020SL,1011,909,6654,190512,2026-06-16,,TRAVELERRECEIVED,,Shipped,29764
711184,W20-1028-020SL,977,1145,8382,190512,2026-06-16,,TRAVELERRECEIVED,,Shipped,29764
711189,11546463,616,918,14211,190512,2026-06-16,,TRAVELERRECEIVED,,Shipped,29727
711190,11546463,1327,1052,16285,190512,2026-06-16,,TRAVELERRECEIVED,,Shipped,29835
711191,11546463,627,1002,15511,190512,2026-06-16,,TRAVELERRECEIVED,,Shipped,29727
711192,11546463,725,975,15093,190512,2026-06-16,,TRAVELERRECEIVED,,Shipped,29740
711193,11602031,97,777,3807,190512,2026-06-16,,TRAVELERRECEIVED,,Shipped,29740
711194,11602031,1710,973,4767,190512,2026-06-16,,TRAVELERRECEIVED,,Shipped,29728
711195,11602031,1604,963,4718,190512,2026-06-16,,TRAVELERRECEIVED,,Shipped,29740
711196,11602031,1044,783,3836,190512,2026-06-16,,TRAVELERRECEIVED,,Shipped,29740
711197,11604852,8,1260,21649,191090,2026-07-07,,TRAVELERRECEIVED,,Shipped,29814
711198,11604852,1664,1357,23316,191090,2026-07-07,,TRAVELERRECEIVED,,Shipped,29814
711199,82244,1649,804,16145,190560,2026-06-17,,TRAVELERRECEIVED,,Shipped,29744
711200,82244,463,642,12892,190560,2026-06-17,,TRAVELERRECEIVED,,Shipped,29792
711202,11610128,171,863,30821,190796,2026-06-25,,6-173-17-A,,Shipped,29792
711203,11610128,1688,866,30929,190796,2026-06-25,,6-173-17-B,,Shipped,29773
711204,11610126,1611,737,29016,190796,2026-06-25,,6-173-16-A,,Shipped,29769
711205,11610126,1334,928,36535,190796,2026-06-25,,6-173-16-B,,Shipped,29769
711206,11610126,907,486,19134,190796,2026-06-25,,6-173-16-C,,Shipped,29773
711208,11546703,1719,954,117778,191506,2026-07-21,,6-201-50-A,TABLE,Shipped,29888
711209,11546703,633,1059,130741,191506,2026-07-21,,6-201-50-B,TABLE,Shipped,29877
711210,11546703,213,912,112593,191276,2026-07-14,,6-195-02-B,,Shipped,29857
711211,11546703,717,1118,138025,191276,2026-07-14,,6-195-03-A,,Shipped,29852
711212,11546703,946,1030,127160,191276,2026-07-14,,6-195-03-B,,Shipped,29854
711213,11546703,1393,1014,125185,191276,2026-07-14,,6-195-04-A,,Shipped,29850
711214,11546703,586,1037,128025,191061,2026-07-06,,6-187-12-A,,Shipped,29809
711215,11546703,632,987,121852,191276,2026-07-14,,6-195-05-A,,Shipped,29854
711216,11546703,1565,1051,129753,191061,2026-07-06,,6-187-12-B,,Shipped,29807
711217,11546703,1508,988,121975,191506,2026-07-21,,6-201-52-A,TABLE,Shipped,29877
711218,11546703,331,939,115926,191061,2026-07-06,,6-187-17-A,,Shipped,29807
711219,11546703,281,1082,133580,191276,2026-07-14,,6-195-06-A,,Shipped,29852
711220,11546703,275,956,118025,191276,2026-07-14,,6-195-07-A,,Shipped,29850
711221,11546703,1504,1078,133086,191061,2026-07-06,,6-187-13-A,,Shipped,29807
711222,11546703,1690,1051,129753,191276,2026-07-14,,6-195-07-B,,Shipped,29852
711223,11546703,254,951,117407,191061,2026-07-06,,6-187-13-B,,Shipped,29807
711224,11546703,202,979,120864,191276,2026-07-14,,6-195-08-A,TABLE,Shipped,29879
711225,11546703,34,1058,130617,191061,2026-07-06,,6-187-14-B,,Shipped,29809
711226,W715851-S450B,9,786,51039,190796,2026-06-25,,6-174-17-A,,Shipped,29769
711227,W715851-S450B,210,785,50974,190796,2026-06-25,,6-174-17-B,,Shipped,29769
711228,40204491,1084,1154,24553,190864,2026-06-29,,TRAVELERRECEIVED,,Shipped,29800
711229,40204491,65,1038,22085,190864,2026-06-29,,TRAVELERRECEIVED,,Shipped,29871
711230,W20-1028-012,958,1162,36656,190621,2026-06-19,,TRAVELERRECEIVED,,Shipped,29764
711231,W20-1028-012,1666,991,31262,190621,2026-06-19,,TRAVELERRECEIVED,,Shipped,29773
711232,W20-1028-012,1302,988,31167,190621,2026-06-19,,TRAVELERRECEIVED,,Shipped,29764
711233,W20-1028-012,1599,1176,37098,190621,2026-06-19,,TRAVELERRECEIVED,,Shipped,29764
711234,W20-1028-012,1046,1083,34164,190621,2026-06-19,,TRAVELERRECEIVED,,Shipped,29764
711235,W20-1028-012,942,1080,34069,190621,2026-06-19,,TRAVELERRECEIVED,,Shipped,29764
711236,NU1405-00,GAYLORD,,,190880,2026-06-29,,6-172-38-A,RE-SORT FOR MIXED PARTS,Shipped,29792
711236-,NU1405-00,610,1057,68636,190673,2026-06-22,,6-172-38-A,,Shipped,29764
711237,NU1405-00,GAYLORD,,,190880,2026-06-29,,6-172-38-B,RE-SORT FOR MIXED PARTS,Shipped,29787
711237-,NU1405-00,1362,1278,82987,190673,2026-06-22,,6-172-38-B,,Shipped,29764
711238,NA1055-02,1070,1088,15677,191105,2026-07-07,,6-183-41-A,,Shipped,29811
711242,E6267AB,456,1143,24268,192888,2026-08-06,,TRAVELERRECEIVED,,Shipped,29972
711243,E6267AB,1003,1143,24268,192888,2026-08-06,,TRAVELERRECEIVED,,Shipped,29972
711244,E6267AB,112,1182,25096,190690,2026-06-23,,TRAVELERRECEIVED,,Shipped,29769
711245,E6267AB,400,1094,23227,190690,2026-06-23,,TRAVELERRECEIVED,,Shipped,29755
711246,NU1405-00,GAYLORD,,,190880,2026-06-29,,6-172-39-A,RE-SORT FOR MIXED PARTS,Shipped,29792
711246-,NU1405-00,90,1197,77727,190673,2026-06-22,,6-172-39-A,,Shipped,29764
711247,NU1405-00,766,1097,71234,190673,2026-06-22,,6-172-39-B,,Shipped,29764
711248,NU1405-00,630,1117,72532,190673,2026-06-22,,6-172-40-A,,Shipped,29764
711249,NU1405-00,GAYLORD,,,190880,2026-06-29,,6-172-40-B,RE-SORT FOR MIXED PARTS,Shipped,29789
711249-,NU1405-00,1640,1176,76364,190673,2026-06-22,,6-172-40-B,,Shipped,29764
711250,E6267AB,723,1127,23928,192888,2026-08-06,,TRAVELERRECEIVED,0 QUANTITY-INFASCO KEEP THE TRAVELER,Shipped,29970
711251,E6267AB,89,1182,25096,192888,2026-08-06,,TRAVELERRECEIVED,,Shipped,29972
711252,11549169-MY-AK,1402,1209,25669,190732,2026-06-24,,TRAVELERRECEIVED,,Shipped,29792
711253,11549169-MY-AK,651,1108,23524,190732,2026-06-24,,TRAVELERRECEIVED,,Shipped,29789
711254,11549169-MY-AK,909,1131,24013,190732,2026-06-24,,TRAVELERRECEIVED,,Shipped,29789
711255,11549169-MY-AK,1567,1179,25032,190732,2026-06-24,,TRAVELERRECEIVED,,Shipped,29773
711261,82254,975,891,50625,191192,2026-07-09,,6-189-30-A,,Shipped,29857
711262,W711953-S900,975,1218,79091,190796,2026-06-25,,6-173-15-A,,Shipped,29779
711264,11546368-MY-AK,1036,,,,2026-07-10,,6-189-31-A,,,
711265,11546368-MY-AK,448,,,,2026-07-10,,6-189-31-B,,,
711266,11546368-MY-AK,150,,,,2026-06-29,,6-175-29-C,,,
711267,11546368-MY-AK,806,,,,2026-06-29,,6-175-29-D,,,
711268,11546368-MY-AK,416,,,,2026-07-10,,6-189-31-C,,,
711269,11546368-MY-AK,1339,,,,2026-07-13,,6-189-31-D,,,
711272,11546368-MY-AK,1345,,,,2026-07-13,,6-189-31-E,,,
711273,11546368-MY-AK,900,,,,2026-07-10,,6-189-31-F,,,
711276,11546368-MY-AK,1381,,,,2026-06-29,,6-175-29-A,,,
711278,11546368-MY-AK,274,,,,2026-07-10,,6-189-31-G,,,
711279,11546368-MY-AK,817,,,,2026-07-13,,6-189-31-H,,,
711280,11546368-MY-AK,195,,,,2026-07-10,,6-189-31-I,,,
711281,11546368-MY-AK,313,,,,2026-07-10,,6-189-31-J,,,
711282,11546368-MY-AK,771,,,,2026-06-30,,6-175-29-B,,,
711283,11546368-MY-AK,113,,,,2026-07-01,,6-175-29-J,,,
711284,11546368-MY-AK,587,,,,2026-07-13,,6-189-31-K,,,
711285,11546368-MY-AK,1372,,,,2026-07-13,,6-189-31-L,,,
711286,11546368-MY-AK,1558,,,,2026-06-29,,6-175-30-A,,,
711293,11546368-MY-AK,1695,,,,2026-06-29,,6-175-33-O,,,
711295,11546368-MY-AK,198,,,,2026-06-29,,6-175-34-I,,,
711296,06101447-A,673,813,91348,190796,2026-06-25,,6-173-44-A,,Shipped,29776
711297,06101447-A,567,953,107079,190796,2026-06-25,,6-173-44-B,,Shipped,29776
711298,06503825-A,1007,820,63077,190796,2026-06-25,,6-173-43-A,,Shipped,29769
711299,06503825-A,1435,673,51769,190796,2026-06-25,,6-173-43-B,,Shipped,29769
711300,06512686AA,1676,911,29674,190796,2026-06-25,,6-173-42-A,,Shipped,29773
711301,06512686AA,1434,750,24430,190796,2026-06-25,,6-173-42-B,,Shipped,29773
711303,06513514AA,951,817,10000,190648,2026-06-22,,TRAVELERRECEIVED,,Shipped,29755
711304,06513514AA,966,817,10000,190648,2026-06-22,,TRAVELERRECEIVED,,Shipped,29755
711306,06105051AA,980,667,14252,190796,2026-06-25,,6-173-48-A,,Shipped,29789
711307,06105051AA,148,838,17906,190796,2026-06-25,,6-173-48-B,,Shipped,29773
711308,F1302AB,668,699,22621,190975,2026-07-01,,6-182-23-C,,Shipped,29800
711309,F1302AB,634,537,17379,190975,2026-07-01,,6-182-23-D,,Shipped,29816
711310,F1302AB,121,619,20032,191105,2026-07-07,,6-188-28-E,,Shipped,29814
711311,F1302AB,1002,604,19547,191105,2026-07-07,,6-188-28-F,,Shipped,29814
711312,06512732AA,369,588,15116,190695,2026-06-23,,6-173-39-A,,Shipped,29755
711313,06512732AA,13,526,13522,190695,2026-06-23,,6-173-39-B,,Shipped,29755
711314,06514720AA,142,658,29774,190814,2026-06-26,,6-173-50-A,,Shipped,29776
711315,06514720AA,1685,644,29140,190796,2026-06-25,,6-173-50-B,,Shipped,29769
711316,06514720AA,1663,646,29231,190814,2026-06-26,,6-173-51-A,,Shipped,29779
711317,06514720AA,792,646,29231,190796,2026-06-25,,6-173-51-B,,Shipped,29769
711318,06105051AA,66,640,13675,190796,2026-06-25,,6-173-49-A,,Shipped,29773
711319,06105051AA,1563,879,18782,190796,2026-06-25,,6-173-49-B,,Shipped,29769
711320,06101736-A,1395,848,95281,190797,2026-06-26,,TRAVELERRECEIVED,,Shipped,29784
711321,06101736-A,1365,925,103933,190797,2026-06-26,,TRAVELERRECEIVED,,Shipped,29779
711326,11546364,141,1065,128313,190621,2026-06-19,,TRAVELERRECEIVED,,Shipped,29773
711327,11546364,1628,1047,126145,190621,2026-06-19,,TRAVELERRECEIVED,,Shipped,29755
711334,11546437-MY-AK,1103,1116,85846,190690,2026-06-23,,TRAVELERRECEIVED,,Shipped,29816
711335,11546437-MY-AK,235,1103,84846,190690,2026-06-23,,TRAVELERRECEIVED,,Shipped,29758
711336,11546437-MY-AK,1021,1032,79385,190690,2026-06-23,,TRAVELERRECEIVED,,Shipped,29769
711337,11546437-MY-AK,794,1171,90077,190690,2026-06-23,,TRAVELERRECEIVED,,Shipped,29758
711338,11546437-MY-AK,560,1138,87538,190690,2026-06-23,,TRAVELERRECEIVED,,Shipped,29756
711339,11546437-MY-AK,743,1094,84154,190690,2026-06-23,,TRAVELERRECEIVED,,Shipped,29816
711340,11546437-MY-AK,1595,945,72692,190690,2026-06-23,,TRAVELERRECEIVED,,Shipped,29755
711341,11546437-MY-AK,350,907,69769,190690,2026-06-23,,TRAVELERRECEIVED,,Shipped,29758
711342,11546437-MY-AK,841,1051,80846,190690,2026-06-23,,TRAVELERRECEIVED,,Shipped,29758
711343,11546437-MY-AK,249,1168,89846,190690,2026-06-23,,TRAVELERRECEIVED,,Shipped,29755
711344,11546437-MY-AK,502,1041,80077,190690,2026-06-23,,TRAVELERRECEIVED,,Shipped,29755
711345,11546437-MY-AK,765,1129,86846,190690,2026-06-23,,TRAVELERRECEIVED,,Shipped,29755
711361,P7520450,648,1230,16000,191340,2026-06-15,,6-196-20-A,,Shipped,29854
711362,11516382,337,1154,15000,191012,2026-07-02,,TRAVELERRECEIVED,,Shipped,29848
711363,W705606-S440,KIB,1936,40000,190400,2026-06-11,,6-162-16-A,,Shipped,29725
711364,W705606-S440,KIB,1936,40000,190400,2026-06-11,,SPLIT FROM TR#711363,,Shipped,29707
711365,W705606-S440,KIB,1936,40000,190400,2026-06-11,,6-162-15-A,,Shipped,29709
711366,W705606-S440,KIB,1936,40000,190400,2026-06-11,,SPLIT FROM TR#711365,,Shipped,29713
711367,W705606-S440,KIB,1936,40000,190400,2026-06-11,,6-162-15-C,,Shipped,29713
711368,W705606-S440,KIB,1936,40000,190400,2026-06-11,,SPLIT FROM TR#711367,,Shipped,29713
711369,11518428,KIB,1933,60800,190400,2026-06-11,,6-162-18-A,,Shipped,29707
711370,11518428,KIB,1933,60800,190400,2026-06-11,,SPLIT FROM TR#711369,,Shipped,29707
711371,K1046AB,KIB,1530,100640,190400,2026-06-11,,6-162-20-A,,Shipped,29707
711372,K1046AB,KIB,1530,100640,190400,2026-06-11,,SPLIT FROM TR#711371,,Shipped,29707
711373,11603904,KIB,1569,30000,190400,2026-06-11,,6-162-17-A,,Shipped,29705
711374,11603904,KIB,1569,30000,190400,2026-06-11,,SPLIT FROM TR#711373,,Shipped,29705
711375,06512686AA,282,920,29967,192681,2026-07-28,,6-208-38-B,,Shipped,29915
711376,06512686AA,37,816,26580,192681,2026-07-28,,6-208-38-C,,Shipped,29915
711377,06512686AA,333,1018,33160,192681,2026-07-28,,6-208-38-D,,Shipped,29915
711378,06512686AA,165,885,28827,192681,2026-07-28,,6-208-38-E,,Shipped,29915
711380,NU5108-00,245,1176,68000,190673,2026-06-22,,6-172-25-B,,Shipped,29801
711381,NU5108-00,578,1211,70000,190673,2026-06-22,,6-172-25-C,,Shipped,29801
711382,06507109AA,33 CTNS,955,11550,190400,2026-06-11,,6-162-19-A,,Shipped,29723
711384,22800396-IN-PN,1364,679,30435,190976,2026-07-02,,6-182-30-A,,Shipped,29805
711385,P7241950-IN-PN,133,321,2084,193709,2026-09-02,,6-244-0-A,,Shipped,0
711386,P7241950-IN-PN,1356,442,2870,193709,2026-09-02,,6-243-14-A,,Shipped,30082
711387,P7241950-IN-PN,791,384,2494,193751,2026-09-03,,6-243-14-B,,0,0
711388,P7241950-IN-PN,53,408,2649,193751,2026-09-03,,6-243-14-C,,0,0
711389,P7241950-IN-PN,29,351,2279,192681,2026-07-28,,6-208-01-A,,Shipped,29915
711390,P7241950-IN-PN,1030,325,2110,192681,2026-07-28,,6-208-01-B,,Shipped,29915
711391,P7241950-IN-PN,421,376,2442,192681,2026-07-28,,6-208-01-C,,Shipped,29944
711392,P7241950-IN-PN,1589,318,2065,192681,2026-07-28,,6-208-01-D,,Shipped,29915
711393,P7241950-IN-PN,1592,469,3045,192681,2026-07-28,,6-208-01-E,,Shipped,29915
711394,P7241950-IN-PN,1315,344,2234,192681,2026-07-28,,6-208-01-F,,Shipped,29915
711401,11546377-PH-RO,342,1127,73182,190607,2026-06-18,,TRAVELERRECEIVED,,Shipped,29744
711402,11546377-PH-RO,756,843,54740,190607,2026-06-18,,TRAVELERRECEIVED,,Shipped,29769
711403,06101831-A,140,710,25725,190621,2026-06-19,,TRAVELERRECEIVED,,Shipped,29773
711404,06101831-A,26,920,33333,190621,2026-06-19,,TRAVELERRECEIVED,,Shipped,29773
711406,06101831-A,1419,930,33696,190621,2026-06-19,,TRAVELERRECEIVED,,Shipped,29773
711407,06101831-A,117,1003,36341,190621,2026-06-19,,TRAVELERRECEIVED,,Shipped,29773
711409,06101831-A,1380,1178,42681,190621,2026-06-19,,TRAVELERRECEIVED,,Shipped,29773
711410,06101831-A,376,1152,41739,190621,2026-06-19,,TRAVELERRECEIVED,,Shipped,29743
711412,06101831-A,469,1130,40942,190621,2026-06-19,,TRAVELERRECEIVED,,Shipped,29753
711413,06101831-A,7,1082,39203,190621,2026-06-19,,TRAVELERRECEIVED,,Shipped,29773
711414,06101831-A,745,1052,38116,190621,2026-06-19,,TRAVELERRECEIVED,,Shipped,29743
711415,06101831-A,360,1163,42138,190621,2026-06-19,,TRAVELERRECEIVED,,Shipped,29800
711417,06101831-A,330,1070,38768,190621,2026-06-19,,TRAVELERRECEIVED,,Shipped,29744
711418,06101831-A,1574,1033,37428,190621,2026-06-19,,TRAVELERRECEIVED,,Shipped,29755
711419,11546377-PH-RO,1331,937,60844,190607,2026-06-18,,TRAVELERRECEIVED,,Shipped,29769
711420,11546377-PH-RO,1379,1000,64935,190560,2026-06-17,,TRAVELERRECEIVED,,Shipped,29744
711421,11546377-PH-RO,1530,1070,69481,190560,2026-06-17,,TRAVELERRECEIVED,,Shipped,29743
711422,11546377-PH-RO,1634,932,60519,190560,2026-06-17,,TRAVELERRECEIVED,,Shipped,29839
711423,11546377-PH-RO,1025,945,61364,190560,2026-06-17,,TRAVELERRECEIVED,,Shipped,29743
711425,11549204,1585,1141,75000,190560,2026-06-17,,,,Shipped,29740
711426,11549204,919,1141,7500,190560,2026-06-17,,TRAVELERRECEIVED,,Shipped,29740
711427,11549204,1110,1082,7114,190560,2026-06-17,,TRAVELERRECEIVED,,Shipped,29728
711428,11549204,91,1212,7968,190560,2026-06-17,,TRAVELERRECEIVED,,Shipped,29728
711429,11549204,237,1220,8021,190560,2026-06-17,,TRAVELERRECEIVED,,Shipped,29728
711430,11549204,397,1097,7212,190560,2026-06-17,,TRAVELERRECEIVED,,Shipped,29769
711431,11549204,1082,1080,7101,190648,2026-06-22,,TRAVELERRECEIVED,,Shipped,29743
711432,11549204,1569,1221,8028,190648,2026-06-22,,TRAVELERRECEIVED,,Shipped,29744
711433,11549204,931,1195,7857,190690,2026-06-23,,TRAVELERRECEIVED,,Shipped,29769
711434,11549204,1001,1095,7199,190690,2026-06-23,,TRAVELERRECEIVED,,Shipped,29784
711435,11549204,175,1091,7173,190690,2026-06-23,,TRAVELERRECEIVED,,Shipped,29792
711436,11549204,588,1203,7909,190690,2026-06-23,,TRAVELERRECEIVED,,Shipped,29789
711437,11549168,1340,,,,2026-07-02,,6-180-39-A,,,
711438,11549168,1625,,,,2026-07-02,,6-180-39-B,,,
711439,11549168,1407,,,,2026-07-07,,6-183-37-A,,,
711440,11549168,856,,,,2026-07-08,,6-183-37-B,,,
711441,11549168,72,,,,2026-07-01,,6-180-39-C,,,
711442,11549168,1626,,,,2026-07-01,,6-180-39-D,,,
711443,11549168,88,,,,2026-07-02,,6-181-20-A,,,
711444,11549168,636,,,,2026-07-02,,6-181-20-B,,,
711445,11549168,260,,,,2026-07-01,,6-181-19-A,,,
711446,11549168,895,,,,2026-07-01,,6-181-19-B,,,
711447,11549168,1413,,,,2026-07-07,,6-183-37-C,,,
711448,11549168,1544,,,,2026-07-08,,6-183-37-D,,,
711449,11549170,580,,,,2026-07-07,,6-180-43-A,,,
711450,11549170,344,,,,2026-07-06,,6-180-43-B,,,
711451,11549170,561,,,,2026-07-02,,6-180-42-A,,,
711452,11549170,1501,,,,2026-07-02,,6-180-42-B,,,
711453,11549170,256,,,,2026-07-02,,6-180-42-C,,,
711454,11549170,836,,,,2026-07-02,,6-180-42-D,,,
711455,11549170,750,,,,2026-07-02,,6-180-42-E,,,
711456,11549170,402,,,,2026-07-02,,6-180-42-F,,,
711457,11549170,837,,,,2026-07-02,,6-180-43-C,,,
711458,11549170,862,,,,2026-07-02,,6-180-43-D,,,
711459,11549170,1646,,,,2026-07-02,,6-180-43-E,,,
711460,11549170,343,,,,2026-07-02,,6-180-43-F,,,
711461,11549170,98,,,,2026-07-02,,6-180-40-A,,,
711462,11549170,120,,,,2026-07-02,,6-180-40-B,,,
711463,11549170,825,,,,2026-07-02,,6-180-42-G,,,
711464,11549170,1408,,,,2026-07-02,,6-180-42-H,,,
711465,11549170,1095,,,,2026-07-02,,6-180-42-I,,,
711466,11549170,1360,,,,2026-07-06,,6-180-42-J,,,
711467,11549170,822,,,,2026-07-06,,6-180-43-G,,,
711468,11549170,1655,,,,2026-07-06,,6-180-43-H,,,
711469,11546545,424,1046,87167,190648,2026-06-22,,TRAVELERRECEIVED,,Shipped,29756
711470,11546545,482,1115,92917,190648,2026-06-22,,TRAVELERRECEIVED,,Shipped,29753
711471,11546545,678,1202,100167,190648,2026-06-22,,TRAVELERRECEIVED,,Shipped,29753
711472,11546545,763,978,81500,190648,2026-06-22,,TRAVELERRECEIVED,,Shipped,29758
711473,11546545,17,1005,83750,190648,2026-06-22,,TRAVELERRECEIVED,,Shipped,29755
711474,11546545,1583,1136,94667,190648,2026-06-22,,TRAVELERRECEIVED,,Shipped,29744
711475,11546545,790,1010,84167,190648,2026-06-22,,TRAVELERRECEIVED,,Shipped,29756
711476,11546545,1073,1156,96333,190648,2026-06-22,,TRAVELERRECEIVED,,Shipped,29756
711477,11546545,1352,1093,91083,190648,2026-06-22,,TRAVELERRECEIVED,,Shipped,29755
711478,11546545,811,1074,89500,190648,2026-06-22,,TRAVELERRECEIVED,,Shipped,29755
711479,11546545,67,1181,98417,190648,2026-06-22,,TRAVELERRECEIVED,,Shipped,29781
711480,11546545,890,986,82167,190648,2026-06-22,,TRAVELERRECEIVED,,Shipped,29755
711481,11549204,954,1272,8363,190648,2026-06-22,,TRAVELERRECEIVED,,Shipped,29743
711482,11549204,284,1003,6594,190648,2026-06-22,,TRAVELERRECEIVED,,Shipped,29831
711483,11549204,1537,1173,7712,190648,2026-06-22,,TRAVELERRECEIVED,,Shipped,29743
711484,11549204,969,1115,7331,190648,2026-06-22,,TRAVELERRECEIVED,,Shipped,29743
711485,11549204,194,1184,7784,190648,2026-06-22,,TRAVELERRECEIVED,,Shipped,29743
711486,11549204,690,1073,7055,190648,2026-06-22,,TRAVELERRECEIVED,,Shipped,29744
711487,11549204,938,1131,7436,190648,2026-06-22,,TRAVELERRECEIVED,,Shipped,29743
711488,11549204,1054,1129,7423,190648,2026-06-22,,TRAVELERRECEIVED,,Shipped,29744
711489,11549204,277,1149,7554,190648,2026-06-22,,TRAVELERRECEIVED,,Shipped,29743
711490,11549204,53,1145,7528,190648,2026-06-22,,TRAVELERRECEIVED,,Shipped,29743
711491,40161567,427,797,4950,190732,2026-06-24,,TRAVELERRECEIVED,,Shipped,29792
711492,40161567,555,820,5093,190732,2026-06-24,,TRAVELERRECEIVED,,Shipped,29769
711493,40161567,119,891,5534,190732,2026-06-24,,TRAVELERRECEIVED,,Shipped,29769
711494,40161567,1596,739,4590,190732,2026-06-24,,TRAVELERRECEIVED,,Shipped,29769
711495,06104725AA,1593,1068,100755,190719,2026-06-24,,TRAVELERRECEIVED,,Shipped,29756
711496,06104725AA,1513,1107,104434,190719,2026-06-24,,TRAVELERRECEIVED,,Shipped,29784
711497,06104725AA,737,1064,100377,190719,2026-06-24,,TRAVELERRECEIVED,,Shipped,29774
711498,06104725AA,1521,1093,103113,190719,2026-06-24,,TRAVELERRECEIVED,,Shipped,29756
711499,06104388AA,1560,881,21332,190648,2026-06-22,,TRAVELERRECEIVED,,Shipped,29743
711500,06104388AA,1575,799,19346,190648,2026-06-22,,TRAVELERRECEIVED,,Shipped,29743
711501,06104388AA,1045,877,21235,190648,2026-06-22,,TRAVELERRECEIVED,,Shipped,29744
711502,06104388AA,1076,789,19104,190648,2026-06-22,,TRAVELERRECEIVED,,Shipped,29743
711503,06104388AA,509,822,19903,190648,2026-06-22,,TRAVELERRECEIVED,,Shipped,29743
711504,06104388AA,1638,830,20097,190648,2026-06-22,,TRAVELERRECEIVED,,Shipped,29743
711505,06511777AA,1548,1417,19708,191105,2026-07-07,,6-188-27-A,,Shipped,29814
711508,06511777AA,1370,1412,19638,191061,2026-07-06,,6-187-21-A,,Shipped,29807
711509,94012039,521,705,56400,190695,2026-06-23,,6-170-20-A,,Shipped,29758
711511,W711468-S437,304,922,53295,191061,2026-07-06,,6-187-11-C,,Shipped,29809
711512,W711468-S437,920,829,47919,191506,2026-07-21,,6-201-17-A,,Shipped,29879
711513,W711468-S437,1580,897,51850,191061,2026-07-06,,6-187-11-D,,Shipped,29831
711514,W711468-S437,1659,854,49364,191061,2026-07-06,,6-187-11-E,,Shipped,29809
711516,7150-3036-W0,244,995,25383,190695,2026-06-23,,6-172-32-A,,Shipped,29753
711517,7150-3036-W0,827,1083,27628,190695,2026-06-23,,6-172-32-B,,Shipped,29753
711519,HL3W-4320-AA,601,887,5813,191061,2026-07-06,,6-187-01-A,,Shipped,29877
711520,HL3W-4320-AA,1319,909,5957,191276,2026-07-14,,6-194-20-A,,Shipped,29857
711521,HL3W-4320-AA,565,856,5609,191276,2026-07-14,,6-194-20-B,,Shipped,29877
711522,HL3W-4320-AA,232,841,5511,191276,2026-07-14,,6-194-20-C,,Shipped,29854
711523,40036961,529,722,82045,190695,2026-06-23,,6-170-21-A,,Shipped,29756
711526,NU5108-00,687,1159,67000,190673,2026-06-22,,6-172-26-A,,Shipped,29801
711527,NU5108-00,525,1125,65000,190673,2026-06-22,,6-172-26-B,,Shipped,29801
711528,06105102AA,KIB,1736,40000,190642,2026-06-22,,TRAVELERRECEIVED,,Shipped,29744
711529,06105102AA,KIB,1736,40000,190642,2026-06-22,,SPLIT FROM TR#711528,,Shipped,29744
711530,06105102AA,KIB,1736,40000,190642,2026-06-22,,TRAVELERRECEIVED,,Shipped,29773
711531,06105102AA,KIB,1736,40000,190642,2026-06-22,,SPLIT FROM TR#711530,,Shipped,29743
711532,06509967AA,KIB,1320,40000,190719,2026-06-24,,TRAVELERRECEIVED,,Shipped,29805
711533,06509967AA,KIB,1320,40000,190719,2026-06-24,,SPLIT FROM TR#711532,,Shipped,29758
711540,11588714,KIB,1547,70000,190642,2026-06-22,,TRAVELERRECEIVED,,Shipped,29743
711541,11588714,KIB,1547,70000,190642,2026-06-22,,SPLIT FROM TR#711540,,Shipped,29756
711542,11588714,KIB,1547,70000,190642,2026-06-22,,TRAVELERRECEIVED,,Shipped,29755
711543,11588714,KIB,1547,70000,190642,2026-06-22,,SPLIT FROM TR#711542,,Shipped,29755
711548,06105049AA,KIB,734,20000,190621,2026-06-19,,TRAVELERRECEIVED,,Shipped,29774
711549,06105049AA,KIB,734,20000,190621,2026-06-19,,SPLIT FROM TR#711548,,Shipped,29774
711552,54041001,622,975,7454,190719,2026-06-24,,TRAVELERRECEIVED,,Shipped,29769
711553,54041001,1615,1217,9304,190719,2026-06-24,,TRAVELERRECEIVED,,Shipped,29769
711554,54041001,712,1097,8387,190719,2026-06-24,,TRAVELERRECEIVED,,Shipped,29769
711555,54041001,775,967,7393,190719,2026-06-24,,TRAVELERRECEIVED,,Shipped,29769
711556,NU3019-00,774,1083,5187,190814,2026-06-26,,6-176-10-A,,Shipped,29784
711557,NU3019-00,972,976,4674,190814,2026-06-26,,6-176-10-B,,Shipped,29787
711558,NU3019-00,1069,1017,4871,190814,2026-06-26,,6-176-10-C,,Shipped,29789
711559,NU3019-00,1512,1097,5254,190814,2026-06-26,,6-176-10-D,,Shipped,29784
711560,NU3019-00,1630,953,4564,190814,2026-06-26,,6-176-10-E,,Shipped,29784
711561,NU3019-00,742,1137,5445,190814,2026-06-26,,6-176-10-F,,Shipped,29787
711562,NU3019-00,1411,1020,4885,190814,2026-06-26,,6-176-10-N,,Shipped,29787
711563,NU3019-00,1582,1089,5216,190814,2026-06-26,,6-176-10-G,,Shipped,29787
711564,NU3019-00,973,1056,5057,190814,2026-06-26,,6-176-10-H,,Shipped,29787
711565,NU3019-00,739,1056,5057,190814,2026-06-26,,6-176-10-I,,Shipped,29789
711566,NU3019-00,226,1009,4832,190814,2026-06-26,,6-176-10-J,,Shipped,29787
711567,NU3019-00,64,1069,5120,190880,2026-06-29,,6-180-18-A,,Shipped,29784
711568,NU3019-00,1680,1146,5489,190814,2026-06-26,,6-176-10-K,,Shipped,29787
711569,NU3019-00,155,951,4555,190814,2026-06-26,,6-176-10-L,,Shipped,29787
711570,NU3019-00,1591,1088,5211,190814,2026-06-26,,6-176-10-M,,Shipped,29787
711571,NU3019-00,197,1021,4890,190880,2026-06-29,,6-180-18-B,,Shipped,29787
711572,NU3019-00,699,958,4588,190880,2026-06-29,,6-180-18-C,,Shipped,29787
711573,NU3019-00,1403,1156,5536,190880,2026-06-29,,6-180-18-D,,Shipped,29787
711574,NU3019-00,329,1014,4856,190880,2026-06-29,,6-180-18-E,,Shipped,29787
711575,NU3019-00,928,1060,5077,190880,2026-06-29,,6-180-18-F,,Shipped,29787
711576,W520113-S440,27,1178,43955,191125,2026-07-08,,TRAVELERRECEIVED,,Shipped,29837
711577,W520113-S440,983,1083,40410,191125,2026-07-08,,TRAVELERRECEIVED,,Shipped,29845
711580,91054,799,1204,76203,192681,2026-07-28,,6-208-44-A,,Shipped,29936
711581,91054,598,1080,68354,192681,2026-07-28,,6-208-44-B,,Shipped,29927
711582,NU1136-01,606,933,8744,190880,2026-06-29,,6-180-19-A,,Shipped,29789
711583,NU1136-01,135,796,7460,190880,2026-06-29,,6-180-19-B,,Shipped,29787
711584,NU1136-01,584,823,7713,190880,2026-06-29,,6-180-19-C,,Shipped,29784
711585,NU1136-01,883,913,8557,190880,2026-06-29,,6-180-19-D,,Shipped,29787
711586,11546370-MY-AK,346,1103,7403,190779,2026-06-25,,TRAVELERRECEIVED,,Shipped,29776
711587,11546370-MY-AK,22,1097,7362,190779,2026-06-25,,TRAVELERRECEIVED,,Shipped,29789
711588,11546370-MY-AK,778,1110,7450,190779,2026-06-25,,TRAVELERRECEIVED,,Shipped,29792
711589,11546370-MY-AK,114,1130,7584,190779,2026-06-25,,TRAVELERRECEIVED,,Shipped,29781
711590,91054,259,1200,75949,192681,2026-07-28,,6-208-44-C,,Shipped,29921
711591,91054,981,1080,68354,192681,2026-07-28,,6-208-44-D,,Shipped,29934
711592,11546370-MY-AK,749,1235,8289,190779,2026-06-25,,TRAVELERRECEIVED,,Shipped,29792
711593,11546370-MY-AK,153,983,6597,190779,2026-06-25,,TRAVELERRECEIVED,,Shipped,29816
711594,11546370-MY-AK,788,1070,7181,190779,2026-06-25,,TRAVELERRECEIVED,,Shipped,29776
711595,11546370-MY-AK,674,1137,7631,190779,2026-06-25,,TRAVELERRECEIVED,,Shipped,29789
711596,11546370-MY-AK,1101,1151,7725,190779,2026-06-25,,TRAVELERRECEIVED,,Shipped,29805
711597,11546370-MY-AK,20,1081,7255,190779,2026-06-25,,TRAVELERRECEIVED,,Shipped,29792
711598,11549171-MY-AK,464,1117,9713,190642,2026-06-22,,TRAVELERRECEIVED,,Shipped,29753
711599,11549171-MY-AK,514,1109,9643,190642,2026-06-22,,TRAVELERRECEIVED,,Shipped,29753
711600,11549171-MY-AK,1307,1102,9583,190642,2026-06-22,,TRAVELERRECEIVED,,Shipped,29753
711601,11549171-MY-AK,1063,1145,9957,190642,2026-06-22,,TRAVELERRECEIVED,,Shipped,29755
711602,11549171-MY-AK,581,1065,9261,190642,2026-06-22,,TRAVELERRECEIVED,,Shipped,29805
711603,11549171-MY-AK,917,1191,10357,190642,2026-06-22,,TRAVELERRECEIVED,,Shipped,29753
711604,11549171-MY-AK,551,1071,9313,190642,2026-06-22,,TRAVELERRECEIVED,,Shipped,29753
711605,11549171-MY-AK,734,1165,10130,190642,2026-06-22,,TRAVELERRECEIVED,,Shipped,29753
711606,11549171-MY-AK,893,1128,9809,190642,2026-06-22,,TRAVELERRECEIVED,,Shipped,29756
711607,11549171-MY-AK,159,1129,9817,190642,2026-06-22,,TRAVELERRECEIVED,,Shipped,29753
711618,06101968-A,1448,978,74091,190732,2026-06-24,,TRAVELERRECEIVED,,Shipped,29779
711619,06101968-A,664,1056,80000,190732,2026-06-24,,TRAVELERRECEIVED,,Shipped,29848
711626,06511834AA,394,400,2747,190690,2026-06-23,,TRAVELERRECEIVED,,Shipped,29756
711627,06511834AA,1529,429,2946,190690,2026-06-23,,TRAVELERRECEIVED,,Shipped,29756
711628,06511834AA,789,427,2933,190690,2026-06-23,,TRAVELERRECEIVED,,Shipped,29756
711629,06511834AA,1671,396,2720,190690,2026-06-23,,TRAVELERRECEIVED,,Shipped,29776
711630,06511834AA,449,285,1957,190690,2026-06-23,,TRAVELERRECEIVED,,Shipped,29756
711632,06104725AA,1636,1089,102736,190732,2026-06-24,,TRAVELERRECEIVED,,Shipped,29776
711633,06104725AA,1699,1044,98491,190732,2026-06-24,,TRAVELERRECEIVED,,Shipped,29774
711634,06104725AA,1683,1132,106792,190732,2026-06-24,,TRAVELERRECEIVED,,Shipped,29784
711635,06104725AA,641,1023,96509,190732,2026-06-24,,TRAVELERRECEIVED,,Shipped,29781
711638,11546774-MY-AK,1052,826,11440,191380,2026-07-16,,6-196-18-A,,Shipped,29867
711639,11546774-MY-AK,186,1108,15346,191380,2026-07-16,,6-196-18-B,,Shipped,29867
711640,11546774-MY-AK,910,836,11579,191380,2026-07-16,,6-196-18-C,,Shipped,29867
711641,11546774-MY-AK,57,1126,15596,191380,2026-07-16,,6-196-18-D,,Shipped,29865
711644,06511847AA,326,958,24627,190642,2026-06-22,,TRAVELERRECEIVED,,Shipped,29756
711645,06511847AA,665,957,24602,190642,2026-06-22,,TRAVELERRECEIVED,,Shipped,29756
711646,11546448,1397,794,88222,190864,2026-06-29,,TRAVELERRECEIVED,,Shipped,29805
711647,11546448,1651,955,106111,190864,2026-06-29,,TRAVELERRECEIVED,,Shipped,29803
711648,11502717-TH-TC,1049,1083,41494,190577,2026-06-17,,6-167-18-A,,Shipped,29807
711649,11502717-TH-TC,75,991,37969,190577,2026-06-17,,6-167-18-B,,Shipped,29805
711650,11502717-TH-TC,864,1137,43563,190577,2026-06-17,,6-167-18-C,,Shipped,29807
711652,11502717-TH-TC,1384,839,32146,190577,2026-06-17,,6-167-19-A,,Shipped,29790
711653,11502717-TH-TC,262,784,30038,190577,2026-06-17,,6-167-19-B,,Shipped,29809
711654,NU1305-01,1074,1125,65000,190695,2026-06-23,,6-172-30-A,,Shipped,29792
711655,NU1305-01,393,1176,68000,190740,2026-06-24,,6-173-45-A,,Shipped,29792
711656,11546449,1510,978,82881,190719,2026-06-24,,TRAVELERRECEIVED,,Shipped,29779
711657,11546449,1416,1063,90119,190719,2026-06-24,,TRAVELERRECEIVED,,Shipped,29781
711658,11546449,915,1065,90254,190719,2026-06-24,,TRAVELERRECEIVED,,Shipped,29779
711659,11546449,459,996,84407,190719,2026-06-24,,TRAVELERRECEIVED,,Shipped,29789
711660,11546449,823,1055,89407,190719,2026-06-24,,TRAVELERRECEIVED,,Shipped,29784
711661,11546449,829,1011,85678,190719,2026-06-24,,TRAVELERRECEIVED,,Shipped,29787
711662,11546449,1616,1078,91356,190719,2026-06-24,,TRAVELERRECEIVED,,Shipped,29758
711663,11546449,1698,971,82288,190719,2026-06-24,,TRAVELERRECEIVED,,Shipped,29779
711664,11546449,1573,1040,88136,190719,2026-06-24,,TRAVELERRECEIVED,,Shipped,29779
711665,11546449,366,1001,84864,190719,2026-06-24,,TRAVELERRECEIVED,BF,Shipped,29974
711666,11546449,289,1004,85085,190732,2026-06-24,,TRAVELERRECEIVED,,Shipped,29792
711667,11546449,616,1037,87915,190732,2026-06-24,,TRAVELERRECEIVED,,Shipped,29800
711668,11546449,526,1045,88559,190732,2026-06-24,,TRAVELERRECEIVED,,Shipped,29769
711669,11546449,1092,1011,85678,190732,2026-06-24,,TRAVELERRECEIVED,,Shipped,29776
711670,11546449,839,986,83559,190732,2026-06-24,,TRAVELERRECEIVED,,Shipped,29792
711671,11546449,486,1059,89746,190732,2026-06-24,,TRAVELERRECEIVED,,Shipped,29792
711672,11546449,1317,968,82034,190732,2026-06-24,,TRAVELERRECEIVED,,Shipped,29784
711673,11546449,233,1073,90966,190732,2026-06-24,,TRAVELERRECEIVED,,Shipped,29792
711674,11546449,58,1061,89915,190732,2026-06-24,,TRAVELERRECEIVED,,Shipped,29773
711675,11546449,199,980,83085,190732,2026-06-24,,TRAVELERRECEIVED,,Shipped,29773
711676,11546377,1543,955,62013,190690,2026-06-23,,TRAVELERRECEIVED,,Shipped,29773
711677,11546377,97,1131,73442,190690,2026-06-23,,TRAVELERRECEIVED,,Shipped,29792
711678,11546377,879,974,63247,190690,2026-06-23,,TRAVELERRECEIVED,,Shipped,29769
711679,11546377,882,1079,70065,190690,2026-06-23,,TRAVELERRECEIVED,,Shipped,29758
711680,11546377,208,1064,69091,190690,2026-06-23,,TRAVELERRECEIVED,,Shipped,29758
711681,11546377,1062,1066,69221,190690,2026-06-23,,TRAVELERRECEIVED,,Shipped,29773
711688,40073474,1342,740,4966,190690,2026-06-23,,TRAVELERRECEIVED,,Shipped,29755
711689,40073474,1430,739,4960,190690,2026-06-23,,TRAVELERRECEIVED,,Shipped,29755
711690,40109770,1637,1200,8922,190732,2026-06-24,,TRAVELERRECEIVED,,Shipped,29789
711691,40109770,1031,1076,8000,190732,2026-06-24,,TRAVELERRECEIVED,,Shipped,29789
711693,11546389-PH-RO,702,447,58052,190732,2026-06-24,,,,Shipped,29792
711694,11569605,627,1168,46720,191213,2026-07-10,,TRAVELERRECEIVED,,Shipped,29873
711696,11569605,1607,1100,44000,191213,2026-07-10,,TRAVELERRECEIVED,,Shipped,29873
711702,11739913,1016,1165,43470,191241,2026-07-13,,,,Shipped,29852
711703,11739913,1572,1113,41530,191241,2026-07-13,,TRAVELERRECEIVED,,Shipped,29865
711704,11546366-MY-AK,596,1205,43502,190958,2026-07-01,,TRAVELERRECEIVED,,Shipped,29867
711705,11546366-MY-AK,618,1064,38412,190958,2026-07-01,,TRAVELERRECEIVED,,Shipped,29865
711706,11546366-MY-AK,220,1177,42491,190958,2026-07-01,,TRAVELERRECEIVED,,Shipped,29848
711707,11546366-MY-AK,1587,1093,39458,190958,2026-07-01,,TRAVELERRECEIVED,,Shipped,29831
711708,11546366-MY-AK,1710,1184,42744,190958,2026-07-01,,TRAVELERRECEIVED,,Shipped,29818
711709,11546366-MY-AK,652,1044,37690,190958,2026-07-01,,TRAVELERRECEIVED,,Shipped,29874
711722,11546571,1105,764,45749,190814,2026-06-26,,6-176-11-A,,Shipped,29776
711723,11546571,832,892,53413,190814,2026-06-26,,6-176-11-B,,Shipped,29776
711724,11546571,1538,876,52455,190814,2026-06-26,,6-176-11-C,,Shipped,29776
711725,11546571,1514,789,47246,190814,2026-06-26,,6-176-11-D,,Shipped,29776
711726,7150-3033-02,32 CTNS,960,48000,191024,2026-07-02,,6-172-33-A,,Shipped,29809
711726-,7150-3033-02,303,818,40900,190695,2026-06-23,,6-172-33-A,,Shipped,29753
711727,7150-3033-02,26 CTNS,780,39000,190990,2026-07-02,,6-172-33-B,SORT FOR EXCESS PLATING,Shipped,29805
711727-,7150-3033-02,507,756,37800,190695,2026-06-23,,6-172-33-B,,Shipped,29753
711728,7150-3033-02,36 CTNS,1080,54000,190990,2026-07-02,,6-172-33-C,SORT FOR EXCESS PLATING,Shipped,29805
711728-,7150-3033-02,1584,945,47250,190695,2026-06-23,,6-172-33-C,,Shipped,29753
711729,7150-3033-02,21 CTNS,630,31500,191024,2026-07-02,,6-172-33-D,,Shipped,29811
711729-,7150-3033-02,206,650,32500,190695,2026-06-23,,6-172-33-D,,Shipped,29753
711730,382802-S440,399,1098,45750,190690,2026-06-23,,,,Shipped,29744
711731,382802-S440,5,1106,46083,190690,2026-06-23,,TRAVELERRECEIVED,,Shipped,29769
711734,NU3014-02,520,1122,10099,190740,2026-06-24,,6-174-18-A,,Shipped,29789
711735,NU3014-02,252,1114,10027,190740,2026-06-24,,6-174-18-B,,Shipped,29764
711740,NU1305-01,294,1125,65000,190796,2026-06-25,,6-142-47-A,,Shipped,29787
711741,NU1305-01,1714,1263,73000,190837,2026-06-26,,6-174-36-A,,Shipped,29787
711742,06512686AA,68,953,31042,192681,2026-07-28,,6-208-38-F,,Shipped,29915
711743,06512686AA,1371,1026,33420,192745,2026-07-30,,6-208-38-G,,Shipped,29934
711745,9442939-CA-IN,1729,516,15000,191457,2026-07-20,,,,Shipped,29874
711746,SL2404-00,KIB,1789,5040,190535,2026-06-16,,6-167-11-A,,Shipped,29725
711747,SL2404-00,KIB,1789,5040,190535,2026-06-16,,SPLIT FROM TR#711746,,Shipped,29727
711748,SL2404-00,KIB,1761,4960,190535,2026-06-16,,6-167-11-C,,Shipped,29727
711749,SL2404-00,KIB,1761,4960,190535,2026-06-16,,SPLIT FROM TR#711748,,Shipped,29727
711750,SP2103-03,KIB,1349,6000,190535,2026-06-16,,6-167-12-A,,Shipped,29727
711751,SP2103-03,KIB,1349,6000,190535,2026-06-16,,SPLIT FROM TR#711750,,Shipped,29727
711752,SP2103-03,KIB,896,3986,190535,2026-06-16,,6-167-12-C,,Shipped,29727
711753,SP2103-03,KIB,896,3986,190535,2026-06-16,,SPLIT FROM TR#711752,,Shipped,29727
711754,SP2103-03,KIB,,,190535,2026-06-16,,6-167-12-E,,Shipped,29725
711756,11549204-BR-MT,845,145,965,190958,2026-07-01,,,,Shipped,29837
711757,382802-S440,676,796,33167,190690,2026-06-23,,TRAVELERRECEIVED,,Shipped,29816
711758,382802-S440,810,852,35500,190690,2026-06-23,,TRAVELERRECEIVED,,Shipped,29792
711759,W711953-S900,663,952,61818,190976,2026-07-02,,6-182-31-A,,Shipped,29809
711760,W711953-S900,1373,1023,66429,190976,2026-07-02,,6-182-31-B,,Shipped,29807
711761,W711953-S900,446,966,62727,190976,2026-07-02,,6-182-32-A,,Shipped,29805
711762,W711953-S900,397,1036,67273,190976,2026-07-02,,6-182-32-B,,Shipped,29811
711763,11546703,6,963,118889,191506,2026-07-21,,6-201-51-A,TABLE,Shipped,29913
711764,11546703,880,1069,131975,191506,2026-07-21,,6-201-51-B,TABLE,Shipped,29877
711765,11546703,42,1205,148765,192708,2026-07-29,,6-208-48-A,,Shipped,29921
711766,11546703,442,1081,133457,191506,2026-07-21,,6-201-53-A,TABLE,Shipped,29888
711767,11610128,1534,815,29107,190976,2026-07-02,,6-182-36-A,,Shipped,29805
711768,11610128,495,1005,35893,190976,2026-07-02,,6-182-36-B,,Shipped,29805
711769,W716298-S450,1559,829,122237,190976,2026-07-02,,6-182-34-A,,Shipped,29811
711770,W716298-S450,387,971,127763,190976,2026-07-02,,6-182-34-B,,Shipped,29818
711771,06511672AA,239,1193,51422,192887,2026-08-05,,6-216-37-A,,Shipped,29948
711772,06511672AA,919,886,38190,193047,2026-08-11,,6-223-13-B,,Shipped,29974
711773,06511672AA,1000,998,43017,192708,2026-07-29,,6-210-16-A,,Shipped,29929
711774,06511672AA,1358,1113,47974,193079,2026-08-12,,6-223-13-C,,Shipped,29977
711776,11604439,1012,931,22707,190976,2026-07-02,,6-182-29-A,,Shipped,29805
711777,715150010W,1110,1161,75390,190976,2026-07-02,,6-182-33-A,,Shipped,29807
711778,715150010W,711,1195,77597,190976,2026-07-02,,6-182-33-B,,Shipped,29805
711781,11609411,935,605,61111,190976,2026-07-02,,6-182-35-A,,Shipped,29811
711782,11609411,1303,617,62323,190976,2026-07-02,,6-182-35-B,,Shipped,29835
711789,11546368-MY-AK,784,,,,2026-07-08,,6-182-28-A,,,
711790,11546368-MY-AK,753,,,,2026-07-07,,6-182-28-B,,,
711791,11546368-MY-AK,398,,,,2026-07-10,,6-189-32-A,,,
711792,11546368-MY-AK,892,,,,2026-07-10,,6-189-32-B,,,
711793,11546368-MY-AK,167,,,,2026-07-06,,6-182-28-C,,,
711794,11546368-MY-AK,1114,,,,2026-07-08,,6-182-28-D,,,
711795,11548414-MY-AK,1700,1151,17845,190864,2026-06-29,,TRAVELERRECEIVED,,Shipped,29787
711796,11548414-MY-AK,173,1042,16155,190864,2026-06-29,,TRAVELERRECEIVED,,Shipped,29792
711797,11546368-MY-AK,653,,,,2026-07-13,,6-189-32-C,,,
711798,11546368-MY-AK,1687,,,,2026-07-09,,6-189-32-D,,,
711799,11546368-MY-AK,55,,,,2026-07-13,,6-189-32-E,,,
711800,11546368-MY-AK,209,,,,2026-07-09,,6-189-32-F,,,
711801,11548414-MY-AK,562,1081,16760,190864,2026-06-29,,TRAVELERRECEIVED,,Shipped,29803
711802,11548414-MY-AK,1089,1121,17380,190864,2026-06-29,,TRAVELERRECEIVED,,Shipped,29800
711803,11548414-MY-AK,305,1103,17101,190864,2026-06-29,,TRAVELERRECEIVED,,Shipped,29805
711804,11548414-MY-AK,15,1087,16853,190864,2026-06-29,,TRAVELERRECEIVED,,Shipped,29814
711805,11548414-MY-AK,540,1143,17721,190864,2026-06-29,,TRAVELERRECEIVED,,Shipped,29814
711806,11548414-MY-AK,1426,1057,16388,190864,2026-06-29,,TRAVELERRECEIVED,,Shipped,29814
711811,11548414-MY-AK,591,1108,17178,190864,2026-06-29,,TRAVELERRECEIVED,,Shipped,29784
711812,11548414-MY-AK,1067,1097,17008,190864,2026-06-29,,TRAVELERRECEIVED,,Shipped,29831
711813,06512686AA,1545,1016,33094,192681,2026-07-28,,6-208-38-A,,Shipped,29915
711815,06513554AA,1060,844,11120,190976,2026-07-02,,6-182-37-A,,Shipped,29803
711816,06513554AA,132,720,9486,190976,2026-07-02,,6-182-37-B,,Shipped,29805
711817,06104725AA,979,1072,101132,190779,2026-06-25,,TRAVELERRECEIVED,,Shipped,29803
711818,06104725AA,39,1078,101698,190779,2026-06-25,,TRAVELERRECEIVED,,Shipped,29800
711819,06104725AA,1071,1088,102642,190779,2026-06-25,,TRAVELERRECEIVED,,Shipped,29811
711820,06104725AA,721,1069,100849,190779,2026-06-25,,TRAVELERRECEIVED,,Shipped,29811
711821,06104725AA,1043,1095,103302,190779,2026-06-25,,TRAVELERRECEIVED,,Shipped,29809
711822,06104725AA,903,1028,96981,190779,2026-06-25,,TRAVELERRECEIVED,,Shipped,29807
711823,06104725AA,1721,899,84811,190779,2026-06-25,,TRAVELERRECEIVED,,Shipped,29803
711825,11546389,1363,1057,137273,190732,2026-06-24,,TRAVELERRECEIVED,,Shipped,29784
711826,11546389,782,816,105974,190732,2026-06-24,,TRAVELERRECEIVED,,Shipped,29784
711827,11546389BR,45,926,120260,190779,2026-06-25,,TRAVELERRECEIVED,,Shipped,29803
711828,11546389BR,237,908,117922,190779,2026-06-25,,TRAVELERRECEIVED,,Shipped,29807
711829,11546389,382,904,117403,190732,2026-06-24,,TRAVELERRECEIVED,,Shipped,29814
711830,11546389,272,903,117273,190732,2026-06-24,,TRAVELERRECEIVED,,Shipped,29814
711831,11546389,1585,929,120649,190732,2026-06-24,,TRAVELERRECEIVED,,Shipped,29831
711832,11546389,1055,942,122338,190732,2026-06-24,,TRAVELERRECEIVED,,Shipped,29789
711841,11546377BR,168,1100,71429,190779,2026-06-25,,TRAVELERRECEIVED,,Shipped,29776
711842,11546377BR,298,970,62987,190779,2026-06-25,,TRAVELERRECEIVED,,Shipped,29776
711843,11546449,1068,1089,92288,190719,2026-06-24,,TRAVELERRECEIVED,,Shipped,29779
711844,11546449,462,1031,87373,190719,2026-06-24,,TRAVELERRECEIVED,,Shipped,29839
711845,11546449,846,1108,93898,190719,2026-06-24,,TRAVELERRECEIVED,,Shipped,29776
711846,11546449,547,962,81525,190719,2026-06-24,,TRAVELERRECEIVED,,Shipped,29784
711847,11546449,1325,1070,90678,190719,2026-06-24,,TRAVELERRECEIVED,,Shipped,29776
711848,11546449,1686,993,84153,190719,2026-06-24,,TRAVELERRECEIVED,,Shipped,29779
711849,11546449,1415,1116,94576,190719,2026-06-24,,TRAVELERRECEIVED,,Shipped,29769
711850,11546449,1391,1120,94915,190719,2026-06-24,,TRAVELERRECEIVED,,Shipped,29787
711851,11546449,605,983,83305,190719,2026-06-24,,TRAVELERRECEIVED,,Shipped,29787
711852,11546449,1421,1146,97119,190719,2026-06-24,,TRAVELERRECEIVED,,Shipped,29776
711853,11546449,813,1059,89746,190719,2026-06-24,,TRAVELERRECEIVED,,Shipped,29769
711854,11546449,748,1048,88814,190719,2026-06-24,,TRAVELERRECEIVED,,Shipped,29773
711860,11549168-CA-IN,198,1206,45000,191398,2026-07-17,,TRAVELERRECEIVED,,Shipped,29911
711862,11549168-CA-IN,697,1126,42000,193263,2026-08-19,,TRAVELERRECEIVED,SPECIAL SORT,0,0
711863,11549168-CA-IN,966,1179,44000,192845,2026-08-04,,TRAVELERRECEIVED,,0,0
711864,11549168-CA-IN,1046,1206,45000,193263,2026-08-19,,TRAVELERRECEIVED,SPECIAL SORT,0,0
711865,11549168-CA-IN,318,1233,46000,192629,2026-07-27,,TRAVELERRECEIVED,,Shipped,29934
711867,11549168-CA-IN,975,1206,45000,193263,2026-08-19,,TRAVELERRECEIVED,SPECIAL SORT,Shipped,0
711869,11549168-CA-IN,1001,1126,42000,192629,2026-07-27,,TRAVELERRECEIVED,,Shipped,29956
711882,06101968-A,409,996,75455,191012,2026-07-02,,TRAVELERRECEIVED,,Shipped,29835
711883,06101968-A,522,959,72652,191012,2026-07-02,,TRAVELERRECEIVED,,Shipped,29809
711884,06511701AA,1546,1106,79568,190845,2026-06-29,,TRAVELERRECEIVED,,Shipped,29800
711885,06511701AA,1423,1050,75540,190845,2026-06-29,,TRAVELERRECEIVED,,Shipped,29789
711886,11602326,740,998,4165,190938,2026-07-01,,TRAVELERRECEIVED,,Shipped,29816
711887,11602326,1355,1112,4641,190938,2026-07-01,,TRAVELERRECEIVED,,Shipped,29807
711888,11602326,603,1036,4324,190938,2026-07-01,,TRAVELERRECEIVED,,Shipped,29807
711889,11602326,1526,1084,4524,190938,2026-07-01,,TRAVELERRECEIVED,,Shipped,29807
711890,11602326,1382,972,4057,190938,2026-07-01,,TRAVELERRECEIVED,,Shipped,29807
711891,11602326,224,1137,4745,190938,2026-07-01,,TRAVELERRECEIVED,,Shipped,29816
711892,11602326,381,1015,4236,190938,2026-07-01,,TRAVELERRECEIVED,,Shipped,29807
711893,11602326,378,1122,46883,190938,2026-07-01,,TRAVELERRECEIVED,,Shipped,29831
711894,11546456,99,929,76148,191012,2026-07-02,,TRAVELERRECEIVED,,Shipped,29865
711895,11546456,1674,860,70492,191012,2026-07-02,,TRAVELERRECEIVED,,Shipped,29814
711896,11546456,820,825,67623,191012,2026-07-02,,TRAVELERRECEIVED,,Shipped,29818
711897,11546456,760,974,79836,191012,2026-07-02,,TRAVELERRECEIVED,,Shipped,29828
711898,11602031,312,830,4067,190797,2026-06-26,,TRAVELERRECEIVED,,Shipped,29776
711899,11602031,1024,971,4757,190797,2026-06-26,,TRAVELERRECEIVED,,Shipped,29776
711900,11602031,793,833,4081,190797,2026-06-26,,TRAVELERRECEIVED,,Shipped,29776
711901,11602031,358,905,4434,190797,2026-06-26,,TRAVELERRECEIVED,,Shipped,29779
711902,11602031,1711,880,4312,190797,2026-06-26,,TRAVELERRECEIVED,,Shipped,29781
711903,11602031,93,874,4282,190797,2026-06-26,,TRAVELERRECEIVED,,Shipped,29776
711904,11602031,724,829,4062,190797,2026-06-26,,TRAVELERRECEIVED,,Shipped,29781
711905,11602031,1428,913,4473,190797,2026-06-26,,TRAVELERRECEIVED,,Shipped,29781
711913,11546437-MY-AK,729,1026,78923,190864,2026-06-29,,TRAVELERRECEIVED,,Shipped,29792
711914,11546437-MY-AK,943,1180,90769,190864,2026-06-29,,TRAVELERRECEIVED,,Shipped,29792
711915,11546437-MY-AK,1645,1028,79077,190864,2026-06-29,,TRAVELERRECEIVED,,Shipped,29800
711916,11546437-MY-AK,154,1095,84231,190864,2026-06-29,,TRAVELERRECEIVED,,Shipped,29789
711917,11546437-MY-AK,1670,1093,84077,190864,2026-06-29,,TRAVELERRECEIVED,,Shipped,29787
711918,06105102AA,KIB,1736,40000,190797,2026-06-26,,TRAVELERRECEIVED,,Shipped,29831
711919,06105102aa,KIB,,,190797,2026-06-26,,SPLIT FROM: 711918,,Shipped,29835
711920,06105102AA,KIB,1736,40000,190797,2026-06-26,,TRAVELERRECEIVED,,Shipped,29831
711921,06105102AA,KIB,,,190797,2026-06-26,,SPLIT FROM: 711920,,Shipped,29803
711922,06105102AA,KIB,1736,40000,190797,2026-06-26,,TRAVELERRECEIVED,,Shipped,29776
711923,06105102AA,KIB,,,190797,2026-06-26,,SPLIT FROM: 711923,,Shipped,29776
711924,06105102AA,KIB,1736,40000,190797,2026-06-26,,TRAVELERRECEIVED,,Shipped,29781
711925,06105102AA,KIB,,,190797,2026-06-26,,SPLIT FROM: 711924,,Shipped,29781
711926,06105048AA,KIB,1468,40000,190797,2026-06-26,,TRAVELERRECEIVED,,Shipped,29779
711927,06105048AA,KIB,,,190797,2026-06-26,,SPLIT FROM: 711926,,Shipped,29784
711928,06105048AA,KIB,1468,40000,190797,2026-06-26,,TRAVELERRECEIVED,,Shipped,29789
711929,06105048AA,KIB,,,190797,2026-06-26,,SPLIT FROM: 711928,,Shipped,29789
711932,11547830,KIB,1128,9570,190845,2026-06-29,,TRAVELERRECEIVED,,Shipped,29789
711933,11547830,KIB,1128,9570,190845,2026-06-29,,SPLIT FROM TR#711932,,Shipped,29789
711934,11549204,672,1158,7613,190958,2026-07-01,,TRAVELERRECEIVED,,Shipped,29803
711935,11549204,814,1132,7442,190958,2026-07-01,,TRAVELERRECEIVED,,Shipped,29837
711936,11549204,1579,1137,7475,190958,2026-07-01,,TRAVELERRECEIVED,,Shipped,29803
711937,11549204,493,1175,7725,190958,2026-07-01,,TRAVELERRECEIVED,,Shipped,29816
711938,11549204,1048,1120,7364,190958,2026-07-01,,TRAVELERRECEIVED,,Shipped,29814
711939,11549204,222,1142,7508,190958,2026-07-01,,TRAVELERRECEIVED,,Shipped,29803
711940,11549204,376,1210,7955,190938,2026-07-01,,TRAVELERRECEIVED,,Shipped,29839
711941,11549204,1609,1072,7048,190938,2026-07-01,,TRAVELERRECEIVED,,Shipped,29816
711942,11549204,593,1043,6857,190938,2026-07-01,,TRAVELERRECEIVED,,Shipped,29816
711943,11549204,7,1220,8021,190938,2026-07-01,,TRAVELERRECEIVED,,Shipped,29848
711944,11546462,444,977,24425,190864,2026-06-29,,TRAVELERRECEIVED,,Shipped,29814
711945,11546462,293,1054,26350,190864,2026-06-29,,TRAVELERRECEIVED,,Shipped,29816
711946,11546462,545,1094,27350,190864,2026-06-29,,TRAVELERRECEIVED,,Shipped,29816
711947,11546462,1681,940,23500,190864,2026-06-29,,TRAVELERRECEIVED,,Shipped,29831
711948,11546462,404,773,19325,190864,2026-06-29,,TRAVELERRECEIVED,,Shipped,29816
711950,11546462,1649,826,20650,190864,2026-06-29,,TRAVELERRECEIVED,,Shipped,29811
711952,11546462,283,1009,25225,190864,2026-06-29,,TRAVELERRECEIVED,,Shipped,29831
711953,11546462,852,1015,25375,190864,2026-06-29,,TRAVELERRECEIVED,,Shipped,29814
711956,06102612AA,130,1072,64970,190845,2026-06-29,,TRAVELERRECEIVED,,Shipped,29779
711957,06102612AA,642,1030,62424,190845,2026-06-29,,TRAVELERRECEIVED,,Shipped,29779
711958,SA-7000-13,1446,1232,3524,190740,2026-06-24,,6-174-20-A,,Shipped,29758
711962,SA-7000-13,693,1228,3513,190691,2026-06-23,,INFASCO LOAD,,Shipped,29753
711963,SA-7000-13,1111,1227,3510,190691,2026-06-23,,INFASCO LOAD,,Shipped,29753
711964,SA-7000-13,650,1080,3089,190740,2026-06-24,,6-174-19-A,,Shipped,29756
711965,SA-7000-13,625,1038,2969,190740,2026-06-24,,6-174-19-B,,Shipped,29769
711966,SA-7000-13,1010,1070,3061,190740,2026-06-24,,6-174-19-C,,Shipped,29756
711967,SA-7000-13,1556,1033,2955,190740,2026-06-24,,6-174-19-D,,Shipped,29758
711968,SA-7000-13,411,979,2800,190740,2026-06-24,,6-174-20-B,,Shipped,29758
711969,SA-7000-13,1599,1105,3161,190740,2026-06-24,,6-174-20-C,,Shipped,29769
711971,82244,5CTNS,149,3000,190673,2026-06-22,,6-170-09-A,,Shipped,29753
711972,11546368-ca-in,795,,,,2026-07-27,,6-205-13-b,,,
711983,11549170,942,,,,2026-07-17,,6-195-13-B,,,
711984,11549170,285,,,,2026-07-16,,6-190-35-A,,,
711985,11549170,179,,,,2026-07-16,,6-190-35-B,,,
711986,11549170,759,,,,2026-07-17,,6-195-13-c,,,
711987,11549170,1634,,,,2026-07-17,,6-195-13-D,,,
711990,11549168,1302,,,,2026-07-25,,6-203-31-A,,,
711991,11549168,1667,,,,2026-07-27,,6-203-31-b,,,
711992,11549170,875,,,,2026-07-15,,6-195-11-A,,,
711993,11549170,544,,,,2026-07-15,,6-195-11-B,,,
711994,11549168,140,,,,2026-07-15,,6-195-40-A,,,
711995,11549168,117,,,,2026-07-16,,6-195-40-B,,,
711996,11549170,549,,,,2026-07-17,,6-195-13-E,,,
711997,11549170,1656,,,,2026-07-15,,6-195-13-F,,,
711998,11549170,675,,,,2026-07-16,,6-190-35-E,,,
711999,11549170,902,,,,2026-07-16,,6-190-35-F,,,
712000,11549170,84,,,,2026-07-16,,6-190-35-G,,,
712001,11549170,838,,,,2026-07-16,,6-190-35-H,,,
712002,11549168,1536,,,,2026-07-25,,6-203-32-A,,,
712003,11549168,1312,,,,2026-07-27,,6-203-32-B,,,
712004,11549168,1506,,,,2026-08-05,,6-212-27-a,,,
712005,11549168,745,,,,2026-08-06,,6-212-27-b,,,
712006,11549170,1566,,,,2026-07-17,,6-195-13-g,,,
712007,11549170,1601,,,,2026-07-17,,6-195-13-h,,,
712008,11549168,147,,,,2026-07-27,,6-203-31-C,,,
712009,11549168,1657,,,,2026-07-27,,6-203-31-d,,,
712010,11549170,755,,,,2026-07-17,,6-190-35-i,,,
712011,11549170,961,,,,2026-07-16,,6-190-35-J,,,
712012,11549170,1046,,,,2026-07-16,,6-190-35-k,,,
712014,61525,KIB,1890,175000,190673,2026-06-22,,6-172-24-A,,Shipped,29743
712015,61525,KIB,1890,175000,190673,2026-06-22,,SPLIT FROM TR#712014,,Shipped,29743
712067,06514720AA,749,548,24796,191304,2026-07-14,,6-195-46-A,,Shipped,29850
712068,06514720AA,674,756,34208,191304,2026-07-14,,6-195-46-B,,Shipped,29850
712069,06514720AA,153,577,26109,191304,2026-07-14,,6-195-47-A,,Shipped,29852
712070,06514720AA,20,752,34027,191304,2026-07-14,,6-195-47-B,,Shipped,29850
712072,06513485AA,365,809,56181,191424,2026-07-17,,6-195-49-A,,Shipped,29869
712074,06513485AA,114,981,68125,191424,2026-07-17,,6-195-48-A,,Shipped,29871
712075,F1302AB,22,571,18479,192745,2026-07-30,,6-208-34-A,,Shipped,29929
712076,F1302AB,778,677,21909,192639,2026-07-27,,6-208-34-B,,Shipped,29919
712077,F1302AB,788,290,9385,192708,2026-07-29,,6-208-33-A,,Shipped,29921
712080,06503825-A,1599,991,76231,191340,2026-06-15,,6-196-24-A,,Shipped,29867
712081,06503825-A,651,1011,77769,191340,2026-06-15,,6-196-24-B,,Shipped,29867
712082,06503825-A,882,1018,78308,191340,2026-06-15,,6-196-24-C,,Shipped,29857
712083,06506707AA,363,831,22767,191424,2026-07-17,,6-195-59-A,,Shipped,29869
712084,06506707AA,1637,830,22740,191424,2026-07-17,,6-195-59-B,,Shipped,29873
712085,06502979-A,1334,724,18283,191340,2026-06-15,,6-196-22-A,,Shipped,29873
712086,06502979-A,171,913,23056,191340,2026-06-15,,6-196-22-B,,Shipped,29873
712087,NU3019-00,1612,986,4722,190975,2026-07-01,,6-182-26-A,,Shipped,29819
712088,NU3019-00,871,1111,5321,190975,2026-07-01,,6-182-26-B,,Shipped,29819
712089,NU3019-00,1343,1016,4866,190975,2026-07-01,,6-182-26-C,,Shipped,29819
712090,NU3019-00,801,1093,5233,190975,2026-07-01,,6-182-26-D,,Shipped,29819
712091,NU3019-00,1357,1169,5599,190975,2026-07-01,,6-182-26-E,,Shipped,29819
712092,NU3019-00,219,945,4526,190975,2026-07-01,,6-182-26-F,,Shipped,29819
712093,NU3019-00,965,1118,5354,191105,2026-07-07,,6-188-25-A,,Shipped,29819
712094,NU3019-00,433,982,4703,191145,2026-07-08,,6-188-25-B,,Shipped,29819
712095,NU3019-00,1673,1008,4828,191024,2026-07-02,,6-183-42-A,,Shipped,29819
712096,NU3019-00,321,1073,5139,191105,2026-07-07,,6-188-25-C,,Shipped,29819
712097,NU3019-00,797,1112,5326,190975,2026-07-01,,6-182-26-H,,Shipped,29819
712098,NU3019-00,496,964,4617,191024,2026-07-02,,6-183-42-B,,Shipped,29819
712099,NU3019-00,48,1053,5043,190975,2026-07-01,,6-182-26-I,,Shipped,29819
712100,NU3019-00,1618,1032,4943,190975,2026-07-01,,6-182-26-J,,Shipped,29819
712101,11546367-MY-AK,917,1181,25398,191241,2026-07-13,,TRAVELERRECEIVED,,Shipped,29874
712102,11546367-MY-AK,1638,1116,24000,191241,2026-07-13,,TRAVELERRECEIVED,,Shipped,29871
712103,11546367-MY-AK,464,55,1175,191125,2026-07-08,,TRAVELERRECEIVED,,Shipped,29839
712104,11546367-MY-AK,373,51,1100,191125,2026-07-08,,TRAVELERRECEIVED,,Shipped,29837
712105,11546367-MY-AK,1323,1166,25075,191125,2026-07-08,,TRAVELERRECEIVED,,Shipped,29818
712106,11546367-MY-AK,708,1146,24645,191125,2026-07-08,,TRAVELERRECEIVED,,Shipped,29818
712107,11546367-MY-AK,1528,1179,25355,191125,2026-07-08,,TRAVELERRECEIVED,,Shipped,29818
712108,11546367-MY-AK,1520,1155,24839,191125,2026-07-08,,TRAVELERRECEIVED,,Shipped,29818
712109,11546367-MY-AK,1076,1122,24129,191125,2026-07-08,,TRAVELERRECEIVED,,Shipped,29828
712110,11546367-MY-AK,514,1175,25269,191125,2026-07-08,,TRAVELERRECEIVED,,Shipped,29831
712111,11546367-MY-AK,51,1127,24237,191125,2026-07-08,,TRAVELERRECEIVED,,Shipped,29818
712112,11546367-MY-AK,764,1197,25742,191125,2026-07-08,,TRAVELERRECEIVED,,Shipped,29828
712113,11546378-MY-AK,290,1038,39770,191034,2026-07-06,,TRAVELERRECEIVED,,Shipped,29828
712114,11546378-MY-AK,1524,1235,47318,191034,2026-07-06,,,,Shipped,29809
712115,11546378-MY-AK,258,1146,43908,191034,2026-07-06,,TRAVELERRECEIVED,,Shipped,29811
712116,11546378-MY-AK,1696,1098,42069,191034,2026-07-06,,TRAVELERRECEIVED,,Shipped,29811
712117,11546378-MY-AK,1575,1182,45287,191034,2026-07-06,,,,Shipped,29809
712118,11546378-MY-AK,938,1064,40766,191034,2026-07-06,,TRAVELERRECEIVED,,Shipped,29811
712120,11546378-MY-AK,53,1248,47816,191034,2026-07-06,,TRAVELERRECEIVED,,Shipped,29816
712121,11546378-MY-AK,1621,1042,39923,191034,2026-07-06,,TRAVELERRECEIVED,,Shipped,29818
712122,11546378-MY-AK,893,1198,45900,191034,2026-07-06,,,,Shipped,29809
712123,11546378-MY-AK,1362,1153,44176,191034,2026-07-06,,TRAVELERRECEIVED,,Shipped,29818
712124,11546378-MY-AK,330,970,37165,191034,2026-07-06,,TRAVELERRECEIVED,,Shipped,29818
712125,11546378-MY-AK,489,1197,45862,191034,2026-07-06,,TRAVELERRECEIVED,,Shipped,29814
712126,11546378-MY-AK,190,1078,41303,191034,2026-07-06,,TRAVELERRECEIVED,,Shipped,29814
712127,11546378-MY-AK,687,113,42644,191034,2026-07-06,,TRAVELERRECEIVED,,Shipped,29811
712128,11546378-MY-AK,551,1146,43908,191034,2026-07-06,,TRAVELERRECEIVED,,Shipped,29814
712129,11546545,1346,1188,99000,190958,2026-07-01,,TRAVELERRECEIVED,,Shipped,29837
712130,11546545,194,972,81000,190958,2026-07-01,,TRAVELERRECEIVED,,Shipped,29828
712131,40073474,1523,743,4987,190864,2026-06-29,,TRAVELERRECEIVED,,Shipped,29787
712132,40073474,1072,752,5047,190864,2026-06-29,,TRAVELERRECEIVED,,Shipped,29787
712133,11612025,1537,359,28047,190881,2026-06-30,,TRAVELERRECEIVED,6-180-32-A,Shipped,29805
712135,11546545,918,1106,92167,190958,2026-07-01,,TRAVELERRECEIVED,,Shipped,29811
712136,11546545,3,1080,90000,190958,2026-07-01,,TRAVELERRECEIVED,,Shipped,29816
712137,11604183,1004,1283,15840,190864,2026-06-29,,TRAVELERRECEIVED,,Shipped,29781
712138,11604183,109,1122,13850,190864,2026-06-29,,TRAVELERRECEIVED,,Shipped,29781
712140,06513555AA,159,1434,21150,190797,2026-06-26,,TRAVELERRECEIVED,,Shipped,29776
712142,06509787AA,1569,1095,25000,191594,2026-07-23,,6-204-25-A,,Shipped,29913
712143,11546389BR,284,942,122315,190864,2026-06-29,,TRAVELERRECEIVED,,Shipped,29850
712144,11546389BR,1045,946,122804,190864,2026-06-29,,TRAVELERRECEIVED,,Shipped,29800
712145,06511847AA,944,961,24700,190864,2026-06-29,,TRAVELERRECEIVED,,Shipped,29800
712146,06511847AA,73,965,24800,190864,2026-06-29,,TRAVELERRECEIVED,,Shipped,29839
712149,06104384AA,1735,935,24735,190845,2026-06-29,,TRAVELERRECEIVED,,Shipped,29779
712150,06104384AA,1742,878,23228,190845,2026-06-29,,TRAVELERRECEIVED,,Shipped,29779
712151,06104388AA,1740,858,20775,190845,2026-06-29,,TRAVELERRECEIVED,,Shipped,29781
712152,06104388AA,1730,871,21090,190845,2026-06-29,,TRAVELERRECEIVED,,Shipped,29781
712153,06104388AA,1743,771,18668,190845,2026-06-29,,TRAVELERRECEIVED,,Shipped,29781
712154,06104388AA,1739,960,23245,190845,2026-06-29,,TRAVELERRECEIVED,,Shipped,29781
712155,11546774-MY-AK,1574,992,13740,192681,2026-07-28,,6-208-39-A,,Shipped,29919
712156,11546774-MY-AK,579,970,13435,192681,2026-07-28,,6-208-39-B,,Shipped,29929
712157,11546774-MY-AK,276,964,13352,192681,2026-07-28,,6-208-39-C,,Shipped,29927
712158,11546774-MY-AK,46,955,13227,192681,2026-07-28,,6-208-39-D,,Shipped,29915
712159,06104384AA,1728,918,24286,190845,2026-06-29,,TRAVELERRECEIVED,,Shipped,29784
712160,06104384AA,1729,895,23677,190845,2026-06-29,,TRAVELERRECEIVED,,Shipped,29784
712161,11546367,245,1173,25390,191305,2026-07-15,,TRAVELERRECEIVED,,Shipped,29869
712162,11546367,347,1107,23961,191305,2026-07-15,,TRAVELERRECEIVED,,Shipped,29873
712165,11546367-MY-AK,614,1124,24172,191125,2026-07-08,,TRAVELERRECEIVED,,Shipped,29845
712166,11546449,1749,1082,91695,191090,2026-07-07,,TRAVELERRECEIVED,,Shipped,29839
712167,11546449,1750,1061,89915,191090,2026-07-07,,TRAVELERRECEIVED,,Shipped,29831
712168,11546449,1736,1073,90932,191090,2026-07-07,,TRAVELERRECEIVED,,Shipped,29828
712169,11546449,1741,1065,90254,191090,2026-07-07,,TRAVELERRECEIVED,,Shipped,29837
712170,11546449,1727,1054,89322,191090,2026-07-07,,TRAVELERRECEIVED,,Shipped,29831
712171,11546449,509,1051,89068,191090,2026-07-07,,TRAVELERRECEIVED,,Shipped,29828
712172,06513514AA,1560,860,10526,190845,2026-06-29,,TRAVELERRECEIVED,,Shipped,29781
712173,06513514AA,690,700,8568,190845,2026-06-29,,TRAVELERRECEIVED,,Shipped,29781
712174,06513514AA,1733,824,10086,190845,2026-06-29,,TRAVELERRECEIVED,,Shipped,29781
712175,06513514AA,1747,807,9878,190845,2026-06-29,,TRAVELERRECEIVED,,Shipped,29781
712176,11561645,1583,1019,132338,191192,2026-07-09,,6-190-26-A,,Shipped,29854
712177,11561645,228,893,115974,191192,2026-07-09,,6-190-26-B,,Shipped,29865
712178,11561645,1112,911,118312,191223,2026-07-10,,6-190-25-A,,Shipped,29850
712179,11561645,342,887,115195,191223,2026-07-10,,6-190-25-B,,Shipped,29857
712180,11546462,765,864,21600,190845,2026-06-29,,TRAVELERRECEIVED,,Shipped,29811
712181,11546462,678,916,22900,190845,2026-06-29,,TRAVELERRECEIVED,,Shipped,29839
712182,11546462,734,854,21350,190845,2026-06-29,,TRAVELERRECEIVED,,Shipped,29848
712183,11546462,951,940,23500,190845,2026-06-29,,TRAVELERRECEIVED,,Shipped,29811
712184,11546462,1734,906,22650,190845,2026-06-29,,TRAVELERRECEIVED,,Shipped,29835
712185,11546462,1722,967,24175,190845,2026-06-29,,TRAVELERRECEIVED,,Shipped,29816
712186,11546462,1723,1070,26750,190845,2026-06-29,,TRAVELERRECEIVED,,Shipped,29816
712187,11546462,1721,1025,25625,190845,2026-06-29,,TRAVELERRECEIVED,,Shipped,29865
712188,11546462,1731,938,23450,190845,2026-06-29,,TRAVELERRECEIVED,,Shipped,29839
712189,11546462,1732,950,23750,190845,2026-06-29,,TRAVELERRECEIVED,TABLE,Shipped,29964
712190,11546449,1724,1029,87203,191034,2026-07-06,,TRAVELERRECEIVED,,Shipped,29837
712191,11546449,1737,1110,94068,191034,2026-07-06,,TRAVELERRECEIVED,,Shipped,29818
712192,11546449,1726,1090,92373,191034,2026-07-06,,TRAVELERRECEIVED,,Shipped,29839
712193,11546449,1725,1050,88983,191034,2026-07-06,,TRAVELERRECEIVED,,Shipped,29845
712194,11546449,1744,1116,94576,191034,2026-07-06,,TRAVELERRECEIVED,,Shipped,29831
712195,11546449,1745,1024,86780,191034,2026-07-06,,TRAVELERRECEIVED,,Shipped,29816
712196,06101736-A,149,1113,125056,190938,2026-07-01,,TRAVELERRECEIVED,,Shipped,29803
712197,06101736-A,1628,1128,126742,190938,2026-07-01,,,,Shipped,29789
712198,06101736-A,712,1116,125393,190938,2026-07-01,,TRAVELERRECEIVED,,Shipped,29807
712199,06101736-A,1021,1133,127303,190938,2026-07-01,,TRAVELERRECEIVED,,Shipped,29805
712200,06101736-A,810,1184,133034,190938,2026-07-01,,TRAVELERRECEIVED,,Shipped,29814
712201,06101736-A,297,1093,122809,190938,2026-07-01,,TRAVELERRECEIVED,,Shipped,29809
712202,06101736-A,827,1120,125843,190938,2026-07-01,,,,Shipped,29789
712203,06101736-A,487,1149,129101,190938,2026-07-01,,,,Shipped,29789
712204,06511799AA,36 CTNS,1077,69935,192933,2026-08-06,,6-217-24-A,,0,0
712205,06511799AA,35 CTNS,904,58701,193079,2026-08-12,,6-223-15-A,,Shipped,29980
712206,06511799AA,37CTNS,1031,66948,193079,2026-08-12,,6-223-15-B,,Shipped,29980
712207,06511799AA,954,934,60649,193203,2026-08-17,,6-229-01-A,DONE,0,0
712208,W520101-S437,332,1053,119659,191560,2026-07-23,,6-203-38-A,,Shipped,29895
712209,W520101-S437,639,1083,123068,191560,2026-07-23,,6-203-38-B,,Shipped,29902
712210,W520101-S437,116,1072,121818,191560,2026-07-23,,6-203-37-A,,Shipped,29888
712211,W520101-S437,709,1036,117727,191560,2026-07-23,,6-203-37-B,,Shipped,29898
712212,W520101-S450,878,1076,122273,191256,2026-07-13,,6-194-01-A,,Shipped,29845
712213,W520101-S450,1313,1072,121818,191256,2026-07-13,,6-194-01-B,,Shipped,29879
712214,W520101-S450,870,944,107273,191256,2026-07-13,,6-194-02-A,,Shipped,29869
712215,W520101-S450,966,1187,134886,191256,2026-07-13,,6-194-02-B,,Shipped,29845
712216,W520101-S450,1374,1022,116136,191256,2026-07-13,,6-194-03-A,,Shipped,29869
712217,W520101-S450,1369,1122,127500,191256,2026-07-13,,6-194-03-B,,Shipped,29852
712218,W520101-S450,368,1067,121250,191256,2026-07-13,,6-194-04-A,,Shipped,29857
712219,W520101-S450,326,1080,122727,191256,2026-07-13,,6-194-04-B,,Shipped,29845
712220,11546370-MY-AK,756,1088,7302,191252,2026-07-13,,TRAVELERRECEIVED,,Shipped,29871
712221,11546370-MY-AK,610,1132,7597,191252,2026-07-13,,TRAVELERRECEIVED,,Shipped,29865
712222,11546370-MY-AK,17,1137,7631,191252,2026-07-13,,TRAVELERRECEIVED,,Shipped,29871
712223,11546370-MY-AK,1311,1077,7228,191252,2026-07-13,,TRAVELERRECEIVED,,Shipped,29871
712224,11546370-MY-AK,303,1168,7839,191252,2026-07-13,,TRAVELERRECEIVED,,Shipped,29927
712230,11546366-MY-AK,469,1144,41300,191213,2026-07-10,,TRAVELERRECEIVED,,Shipped,29874
712231,11546366-MY-AK,5,1130,40794,191213,2026-07-10,,TRAVELERRECEIVED,,Shipped,29877
712232,11546366-MY-AK,1351,1213,43791,191213,2026-07-10,,TRAVELERRECEIVED,,Shipped,29857
712233,11546366-MY-AK,175,1061,38303,191213,2026-07-10,,TRAVELERRECEIVED,,Shipped,29877
712234,11546366-MY-AK,211,1106,39928,191213,2026-07-10,,TRAVELERRECEIVED,,Shipped,29873
712235,11546366-MY-AK,502,1145,41336,191213,2026-07-10,,TRAVELERRECEIVED,,Shipped,29857
712236,11549169-MY-AK,775,1197,25414,191173,2026-07-09,,TRAVELERRECEIVED,,Shipped,29837
712237,11549169-MY-AK,622,1086,23057,191173,2026-07-09,,TRAVELERRECEIVED,,Shipped,29837
712238,11549169-MY-AK,968,1033,21932,191213,2026-07-10,,TRAVELERRECEIVED,,Shipped,29865
712239,11549169-MY-AK,766,1244,26412,191173,2026-07-09,,TRAVELERRECEIVED,,Shipped,29837
712240,11549169-MY-AK,1342,1088,23100,191173,2026-07-09,,TRAVELERRECEIVED,,Shipped,29874
712241,11549169-MY-AK,525,1202,25520,191173,2026-07-09,,TRAVELERRECEIVED,,Shipped,29837
712254,11546545,145,1048,87333,190958,2026-07-01,,TRAVELERRECEIVED,,Shipped,29816
712255,11546545,1682,1138,94833,190958,2026-07-01,,TRAVELERRECEIVED,,Shipped,29814
712256,11546545,1073,1081,90083,190958,2026-07-01,,TRAVELERRECEIVED,,Shipped,29809
712257,11546545,445,1110,92500,190958,2026-07-01,,TRAVELERRECEIVED,,Shipped,29811
712258,11546545,597,1126,93833,190958,2026-07-01,,TRAVELERRECEIVED,,Shipped,29807
712259,11546545,169,1063,88583,190958,2026-07-01,,TRAVELERRECEIVED,,Shipped,29839
712260,11546545,12,1061,88417,190938,2026-07-01,,TRAVELERRECEIVED,,Shipped,29852
712261,11546545,921,1142,95167,190938,2026-07-01,,TRAVELERRECEIVED,,Shipped,29807
712262,11546545,400,1110,92500,190958,2026-07-01,,TRAVELERRECEIVED,,Shipped,29839
712263,11546545,574,1089,90750,190958,2026-07-01,,TRAVELERRECEIVED,,Shipped,29835
712265,82253,277,1006,42269,191147,2026-07-09,,6-189-29-A,,Shipped,29816
712266,82253,577,1027,43151,191147,2026-07-09,,6-189-29-B,,Shipped,29816
712277,SL2404-00,KIB,1193,3360,190740,2026-06-24,,6-174-16-A,,Shipped,29758
712278,SL2404-00,KIB,1193,3360,190740,2026-06-24,,6-174-16-B,,Shipped,29758
712279,SL2404-00,KIB,1491,4200,190740,2026-06-24,,6-174-16-C,,Shipped,29758
712280,SL2404-00,KIB,1449,4081,190740,2026-06-24,,6-174-16-D,,Shipped,29758
712281,NU1305-01,480,1176,68000,191105,2026-07-07,,6-183-40-A,,Shipped,29862
712282,NU1305-01,181,1125,65000,190975,2026-07-01,,6-182-25-A,,Shipped,29801
712287,11549168-CA-IN,863,1206,45000,192845,2026-08-04,,TRAVELERRECEIVED,,0,0
712288,11549168-CA-IN,1010,1179,44000,192845,2026-08-04,,TRAVELERRECEIVED,,0,0
712292,NU1305-01,482,1003,58000,191061,2026-07-06,,6-187-19-A,,Shipped,29819
712293,NU1305-01,1584,1228,71000,191061,2026-07-06,,6-187-19-B,,Shipped,29862
712294,82248,1401,1043,35966,190938,2026-07-01,,,,Shipped,29809
712295,82248,1061,1040,35862,190938,2026-07-01,,,,Shipped,29809
712298,11602031,424,826,4047,190938,2026-07-01,,TRAVELERRECEIVED,,Shipped,29839
712299,11602031,841,932,4566,190938,2026-07-01,,TRAVELERRECEIVED,,Shipped,29814
712300,11602031,555,849,4160,190938,2026-07-01,,TRAVELERRECEIVED,,Shipped,29805
712301,11602031,119,119,4473,190938,2026-07-01,,TRAVELERRECEIVED,,Shipped,29803
712302,11602031,1671,1671,3753,190938,2026-07-01,,TRAVELERRECEIVED,,Shipped,29803
712310,06101968-A,826,912,69091,191012,2026-07-02,,TRAVELERRECEIVED,,Shipped,29814
712311,06101968-A,604,1056,80000,191012,2026-07-02,,TRAVELERRECEIVED,,Shipped,29818
712312,06105049AA,KIB,1468,40000,190958,2026-07-01,,TRAVELERRECEIVED,,Shipped,29809
712313,06105049AA,KIB,1468,40000,190958,2026-07-01,,SPLIT FROM TR#712312,,Shipped,29831
712314,06105049AA,KIB,1468,40000,190958,2026-07-01,,TRAVELERRECEIVED,,Shipped,29814
712315,06105049AA,KIB,1468,40000,190958,2026-07-01,,SPLIT FROM TR#712314,,Shipped,29814
712316,06105049AA,KIB,1468,40000,190958,2026-07-01,,TRAVELERRECEIVED,,Shipped,29800
712317,06105049AA,KIB,1468,40000,190958,2026-07-01,,SPLIT FROM TR#712316,,Shipped,29800
712318,06509967AA,KIB,1320,40000,191012,2026-07-02,,TRAVELERRECEIVED,,Shipped,29809
712319,06509967AA,KIB,1320,40000,191012,2026-07-02,,SPLIT FROM TR#712318,,Shipped,29809
712320,06509967AA,KIB,1320,40000,191012,2026-07-02,,TRAVELERRECEIVED,,Shipped,29818
712321,06509967AA,KIB,1320,40000,191012,2026-07-02,,SPLIT FROM TR#712320,,Shipped,29818
712322,06509967AA,KIB,1320,40000,191012,2026-07-02,,TRAVELERRECEIVED,,Shipped,29809
712323,06509967AA,KIB,1320,40000,191012,2026-07-02,,SPLIT FROM TR#712322,,Shipped,29809
712328,M1482AC,KIB,1224,10000,191034,2026-07-06,,TRAVELERRECEIVED,,Shipped,29809
712329,M1482AC,KIB,1224,10000,191034,2026-07-06,,SPLIT FROM TR#712328,,Shipped,29809
712330,11588714,KIB,884,40000,190845,2026-06-29,,TRAVELERRECEIVED,,Shipped,29805
712331,11588714,KIB,884,40000,190845,2026-06-29,,SPLIT FROM TR#712330,,Shipped,29800
712332,06105102AA,KIB,1736,40000,190845,2026-06-29,,TRAVELERRECEIVED,,Shipped,29781
712333,06105102AA,KIB,1736,40000,190845,2026-06-29,,SPLIT FROM TR#712332,,Shipped,29781
712334,06105102AA,KIB,1736,40000,190845,2026-06-29,,TRAVELERRECEIVED,,Shipped,29781
712335,06105102AA,KIB,1736,40000,190845,2026-06-29,,SPLIT FROM TR#712334,,Shipped,29781
712338,11516382-MY-AK,1041,1185,16527,191397,2026-07-17,,TRAVELERRECEIVED,,Shipped,29927
712339,11516382-MY-AK,235,1102,15370,191397,2026-07-17,,TRAVELERRECEIVED,,Shipped,29972
712340,11549170,558,,,,2026-07-16,,6-190-36-a,,,
712341,11549170,676,,,,2026-07-16,,6-190-36-b,,,
712342,11549170,931,,,,2026-07-17,,6-190-35-M,,,
712343,11549170,560,,,,2026-07-16,,6-190-35-n,,,
712344,11549170,94,,,,2026-07-16,,6-190-36-C,,,
712345,11549170,769,,,,2026-07-16,,6-190-36-D,,,
712346,11549170,1307,,,,2026-07-15,,6-195-10-A,,,
712347,11549170,696,,,,2026-07-17,,6-195-10-B,,,
712348,11549170,369,,,,2026-07-16,,6-190-36-E,,,
712349,11549170,91,,,,2026-07-17,,6-190-36-F,,,
712350,11549170,1331,,,,2026-07-16,,6-190-35-O,,,
712351,11549170,1525,,,,2026-07-15,,6-190-35-P,,,
712354,11549170,1010,,,,2026-07-14,,6-190-34-C,,,
712356,11549170,1597,,,,2026-07-15,,6-195-12-B,,,
712357,11549170,1111,,,,2026-07-15,,6-195-12-C,,,
712358,11549170,1103,,,,2026-07-15,,6-195-12-D,,,
712359,11549170,208,,,,2026-07-17,,6-195-12-E,,,
712360,11549170,449,,,,2026-07-17,,6-190-34-e,,,
712362,11549170,411,,,,2026-07-15,,6-195-12-F,,,
712363,11549170,958,,,,2026-07-15,,6-195-12-G,,,
712367,11549170,794,,,,2026-07-17,,6-190-34-J,,,
712368,11549170,1430,,,,2026-07-15,,6-195-12-H,,,
712369,11549170,1063,,,,2026-07-17,,6-195-12-i,,,
712370,11549168-CA-IN,63,1206,45000,192629,2026-07-27,,TRAVELERRECEIVED,,0,0
712376,NU1405-00,1448,1325,86039,191061,2026-07-06,,6-187-23-A,,Shipped,29819
712377,NU1405-00,1079,1032,67013,191061,2026-07-06,,6-187-23-B,,Shipped,29819
712378,NU1405-00,1344,1310,85065,191061,2026-07-06,,6-187-23-C,,Shipped,29862
712379,NU1405-00,1314,1053,68377,191061,2026-07-06,,6-187-24-A,,Shipped,29819
712380,NU1405-00,1513,1316,85455,191061,2026-07-06,,6-187-24-B,,Shipped,29819
712381,NU1405-00,41,1069,69416,191061,2026-07-06,,6-187-24-C,,Shipped,29862
712382,NU1405-00,948,1225,79545,191061,2026-07-06,,6-187-25-A,,Shipped,29819
712383,NU1405-00,252,1121,72792,191061,2026-07-06,,6-187-25-B,,Shipped,29862
712384,NU1405-00,1352,1266,82208,191061,2026-07-06,,6-187-26-A,,Shipped,29819
712385,NU1405-00,451,1104,71688,191061,2026-07-06,,6-187-26-B,,Shipped,29819
712386,11516133,702,1005,14481,191397,2026-07-17,,TRAVELERRECEIVED,TABLE,Shipped,29972
712387,11516133,748,1128,16254,191397,2026-07-17,,TRAVELERRECEIVED,TABLE,Shipped,29888
712388,E6267AB,625,1084,23015,192696,2026-07-29,,TRAVELERRECEIVED,,Shipped,29917
712389,E6267AB,265,1204,25563,192696,2026-07-29,,TRAVELERRECEIVED,,Shipped,29921
712390,E6267AB,1596,1175,24947,192696,2026-07-29,,TRAVELERRECEIVED,,Shipped,29921
712391,E6267AB,909,1145,24310,192696,2026-07-29,,TRAVELERRECEIVED,,Shipped,29917
712392,7320491,97,1138,68554,191213,2026-07-10,,TRAVELERRECEIVED,,Shipped,29893
712393,7320491,427,1075,64759,191213,2026-07-10,,TRAVELERRECEIVED,,Shipped,29857
712394,NU3019-00,1551,1164,5575,191105,2026-07-07,,6-188-25-D,,Shipped,29819
712395,NU3019-00,1441,947,4535,191105,2026-07-07,,6-188-25-E,,Shipped,29819
712396,NU3019-00,67,1169,5599,190975,2026-07-01,,6-182-26-G,,Shipped,29819
712397,NU3019-00,557,924,4425,191145,2026-07-08,,6-188-25-F,,Shipped,29819
712398,NU3019-00,529,1018,4875,191145,2026-07-08,,6-188-25-G,,Shipped,29819
712399,NU3019-00,578,1099,5263,191145,2026-07-08,,6-188-25-H,,Shipped,29819
712400,NU3019-00,1415,1114,5335,191145,2026-07-08,,6-188-25-I,,Shipped,29819
712401,NU3019-00,301,992,4751,191145,2026-07-08,,6-188-25-J,,Shipped,29819
712403,11549170,350,,,,2026-07-15,,6-195-12-K,,,
712404,W520414-S440,1577,1099,42107,191215,2026-07-10,,TRAVELERRECEIVED,,Shipped,29874
712405,W520414-S440,1511,1020,39080,191034,2026-07-06,,TRAVELERRECEIVED,,Shipped,29816
712406,W520414-S440,1661,1057,40498,191215,2026-07-10,,TRAVELERRECEIVED,,Shipped,29871
712407,W520414-S440,1056,1013,38812,191215,2026-07-10,,TRAVELERRECEIVED,,Shipped,29974
712410,40110160,407,758,4816,191473,2026-07-20,,6-181-17-A,,Shipped,29874
712411,40110160,71,805,5114,191473,2026-07-20,,6-181-17-B,,Shipped,29874
712412,94012038,542,374,47949,190975,2026-07-01,,6-182-24-A,,Shipped,29811
712414,11516076-MY-AK,1031,1131,64261,191213,2026-07-10,,TRAVELERRECEIVED,,Shipped,29873
712415,11516076-MY-AK,1556,1175,66761,191213,2026-07-10,,TRAVELERRECEIVED,,Shipped,29873
712416,11546456,1600,923,75656,191012,2026-07-02,,TRAVELERRECEIVED,,Shipped,29814
712417,11546456,1529,852,69836,191012,2026-07-02,,TRAVELERRECEIVED,,Shipped,29835
712418,11546456,763,989,81066,191012,2026-07-02,,TRAVELERRECEIVED,,Shipped,29814
712419,11546456,394,863,70738,191012,2026-07-02,,TRAVELERRECEIVED,,Shipped,29814
712420,06511834AA,1567,429,2946,191126,2026-07-08,,TRAVELERRECEIVED,,Shipped,29845
712421,06511834AA,289,387,2658,191126,2026-07-08,,TRAVELERRECEIVED,,Shipped,29845
712422,06511834AA,616,434,2981,191126,2026-07-08,,TRAVELERRECEIVED,,Shipped,29839
712423,06511834AA,683,390,2679,191126,2026-07-08,,TRAVELERRECEIVED,,Shipped,29839
712424,11546449,671,1087,92119,191090,2026-07-07,,TRAVELERRECEIVED,,Shipped,29818
712425,11546449,217,983,83305,191090,2026-07-07,,TRAVELERRECEIVED,,Shipped,29828
712426,11546449,839,1115,94492,191090,2026-07-07,,TRAVELERRECEIVED,,Shipped,29814
712427,11546449,851,961,81441,191090,2026-07-07,,TRAVELERRECEIVED,,Shipped,29828
712428,06510997AA,879,682,2273,191252,2026-07-13,,TRAVELERRECEIVED,,Shipped,29867
712429,06510997AA,873,663,2210,191252,2026-07-13,,TRAVELERRECEIVED,,Shipped,29867
712442,11549204,1685,1130,7429,191090,2026-07-07,,TRAVELERRECEIVED,,Shipped,29814
712443,11549204,210,1147,7541,191090,2026-07-07,,TRAVELERRECEIVED,,Shipped,29811
712444,11549204,1611,1099,7226,191090,2026-07-07,,TRAVELERRECEIVED,TABLE,Shipped,29954
712445,11549204,637,1173,7712,191090,2026-07-07,,TRAVELERRECEIVED,,Shipped,29816
712446,11549204,743,1106,7272,191090,2026-07-07,,TRAVELERRECEIVED,TABLE,Shipped,29946
712447,11549204,1446,1202,7903,191090,2026-07-07,,TRAVELERRECEIVED,,Shipped,29814
712448,11549204,566,1150,7561,191125,2026-07-08,,TRAVELERRECEIVED,,Shipped,29835
712449,11549204,559,1143,7515,191125,2026-07-08,,TRAVELERRECEIVED,,Shipped,29818
712450,11549204,1563,1166,7666,191090,2026-07-07,,TRAVELERRECEIVED,TABLE,Shipped,29919
712451,11549204,1007,1129,7423,191090,2026-07-07,,TRAVELERRECEIVED,,Shipped,29811
712452,11549204,980,1069,7028,191090,2026-07-07,,TRAVELERRECEIVED,,Shipped,29811
712453,11549204,1643,1239,8146,191090,2026-07-07,,TRAVELERRECEIVED,,Shipped,29811
712555,06512851AA,375,1065,39739,191473,2026-07-20,,6-201-31-A,,Shipped,29898
712556,06512851AA,624,1212,45224,191473,2026-07-20,,6-201-31-B,,Shipped,29895
712557,4519-19,728,1035,38619,191241,2026-07-13,,TRAVELERRECEIVED,,Shipped,29879
712558,4519-19,1092,1250,46642,191241,2026-07-13,,TRAVELERRECEIVED,,Shipped,29871
712567,06100050-A,1716,1013,53883,191105,2026-07-07,,6-187-27-A,,Shipped,29814
712568,06100050-A,1550,1060,56383,191105,2026-07-07,,6-187-27-B,,Shipped,29814
712569,W711468-S437,588,974,56301,191506,2026-07-21,,6-201-18-A,,Shipped,29898
712570,W711468-S437,459,772,44624,192745,2026-07-30,,6-208-41-A,,Shipped,29936
712571,W711468-S437,300,1029,59480,192708,2026-07-29,,6-208-42-A,,Shipped,29927
712572,W711468-S437,782,738,42659,192745,2026-07-30,,6-208-42-B,,Shipped,29929
712573,W711468-S437,1735,861,49769,191506,2026-07-21,,6-201-19-A,,Shipped,29893
712574,W711468-S437,526,919,53121,192745,2026-07-30,,6-208-42-C,,Shipped,29932
712575,W711468-S437,1539,804,46474,192708,2026-07-29,,6-208-42-D,,Shipped,29921
712576,W711468-S437,1698,955,55202,191506,2026-07-21,,6-201-19-B,,Shipped,29893
712579,11546703,518,912,112593,193047,2026-08-11,,6-222-40-A,,0,0
712580,11546703,296,908,112099,192708,2026-07-29,,6-210-18-A,,Shipped,29921
712581,11546703,161,993,122593,192899,2026-08-06,,6-218-05-A,,Shipped,29954
712582,11546703,511,1000,123457,192708,2026-07-29,,6-210-18-B,,Shipped,29929
712583,11546703,66,990,122222,192708,2026-07-29,,6-210-19-A,,Shipped,29929
712584,11546703,233,1009,124568,192708,2026-07-29,,6-210-19-B,,Shipped,29929
712585,11546703,159,906,111852,192899,2026-08-06,,6-218-05-B,,Shipped,29961
712586,11546703,1530,1120,138272,193047,2026-08-11,,6-222-40-B,,Shipped,29974
712587,11546703,234,918,113333,193047,2026-08-11,,6-222-41-A,,0,0
712588,11546703,1062,1111,137160,192708,2026-07-29,,6-208-49-A,,Shipped,29929
712589,W520101-S442,205,902,102500,191192,2026-07-09,,6-189-39-A,,Shipped,29839
712590,W520101-S442,1522,983,111705,191192,2026-07-09,,6-189-39-B,,Shipped,29867
712591,1K2GZ0-00,541,771,120469,191192,2026-07-09,,6-190-31-A,,Shipped,29831
712592,1K2GZ0-00,1108,786,122812,191223,2026-07-10,,6-190-31-B,,Shipped,29837
712593,1K2GZ0-00,1428,844,131875,191192,2026-07-09,,6-190-32-A,,Shipped,29831
712595,11610091-MY-AK,912,1121,72792,191223,2026-07-10,,6-190-23-A,,Shipped,29852
712596,11610091-MY-AK,581,1219,79156,191223,2026-07-10,,6-190-23-B,,Shipped,29850
712597,W719080-S450,90,749,31208,191223,2026-07-10,,6-190-24-A,,Shipped,29888
712598,W719080-S450,199,1076,44833,191223,2026-07-10,,6-190-24-B,,Shipped,29893
712600,7151143403,713,1017,60178,191223,2026-07-10,,6-190-40-A,,Shipped,29845
712601,11561114,792,782,9456,191223,2026-07-10,,6-190-33-A,,Shipped,29837
712602,11561114,125,858,10375,191223,2026-07-10,,6-190-33-B,,Shipped,29835
712603,06508200AA,967,813,19543,191304,2026-07-14,,6-195-45-A,,Shipped,29850
712605,06508200AA,1552,673,16178,191304,2026-07-14,,6-195-45-B,,Shipped,29850
712607,92468,9,887,27209,191223,2026-07-10,,6-190-30-A,,Shipped,29835
712608,92468,148,722,22147,191223,2026-07-10,,6-190-30-B,,Shipped,29835
712609,11548453,1435,816,6772,191192,2026-07-09,,6-190-22-A,,Shipped,29944
712610,11548453,141,906,7519,191192,2026-07-09,,6-190-22-B,,Shipped,29845
712611,30769388,319,270,30682,191340,2026-06-15,,6-191-31-A,,Shipped,29865
712622,06101831-A,498,1069,38732,191090,2026-07-07,,TRAVELERRECEIVED,,Shipped,29818
712623,06101831-A,312,1081,39167,191090,2026-07-07,,TRAVELERRECEIVED,,Shipped,29818
712624,06101831-A,83,1132,41014,191090,2026-07-07,,TRAVELERRECEIVED,,Shipped,29828
712626,06101831-A,510,1046,37899,191090,2026-07-07,,TRAVELERRECEIVED,,Shipped,29811
712627,06101831-A,358,1085,39312,191090,2026-07-07,,TRAVELERRECEIVED,,Shipped,29811
712628,06101831-A,1672,1121,40616,191090,2026-07-07,,TRAVELERRECEIVED,,Shipped,29831
712630,06101831-A,130,1116,40435,191090,2026-07-07,,TRAVELERRECEIVED,,Shipped,29828
712632,06101831-A,1676,1026,37174,191090,2026-07-07,,TRAVELERRECEIVED,,Shipped,29831
712633,06101831-A,984,1135,41123,191090,2026-07-07,,TRAVELERRECEIVED,,Shipped,29814
712634,06101831-A,410,1056,38261,191090,2026-07-07,,TRAVELERRECEIVED,,Shipped,29837
712652,NU1136-01,673,741,6954,191340,2026-06-15,,6-195-54-A,,Shipped,29862
712653,NU1136-01,1034,1002,9391,191276,2026-07-14,,6-194-36-A,,Shipped,29862
712654,NU1136-01-T,GAYLORD,745,6982,193984,2026-09-11,,6-194-36-C,,0,0
712655,NU1136-01,1632,759,7113,191276,2026-07-14,,6-194-36-B,,Shipped,29862
712656,11546365-MY-AK,1105,1015,59357,191241,2026-07-13,,TRAVELERRECEIVED,,Shipped,29874
712657,11546365-MY-AK,1636,1220,71345,191241,2026-07-13,,TRAVELERRECEIVED,,Shipped,29869
712658,11546365-MY-AK,1514,1108,64795,191241,2026-07-13,,TRAVELERRECEIVED,,Shipped,29867
712659,11546365-MY-AK,4,1139,66608,191241,2026-07-13,,TRAVELERRECEIVED,,Shipped,29879
712660,11549171-MY-AK,1728,1204,10470,191288,2026-07-14,,TRAVELERRECEIVED,,Shipped,29854
712661,11549171-MY-AK,1742,1115,9696,191288,2026-07-14,,,,Shipped,29852
712662,11549171-MY-AK,1107,1211,10530,191215,2026-07-10,,TRAVELERRECEIVED,,Shipped,29857
712663,11549171-MY-AK,940,1040,9043,191215,2026-07-10,,,,Shipped,29845
712664,11549171-MY-AK,93,1257,10930,191215,2026-07-10,,,,Shipped,29845
712665,11549171-MY-AK,1711,996,8661,191215,2026-07-10,,,,Shipped,29845
712666,11549171-MY-AK,692,1143,9939,191215,2026-07-10,,,,Shipped,29845
712667,11549171-MY-AK,881,1086,9443,191215,2026-07-10,,,,Shipped,29845
712668,11546369-MY-AK,361,1158,10321,191125,2026-07-08,,TRAVELERRECEIVED,,Shipped,29850
712669,11546369-MY-AK,1068,1036,9234,191125,2026-07-08,,TRAVELERRECEIVED,,Shipped,29848
712670,11546369-MY-AK,688,1170,10428,191125,2026-07-08,,TRAVELERRECEIVED,,Shipped,29848
712671,11546369-MY-AK,1417,1021,9100,191125,2026-07-08,,TRAVELERRECEIVED,,Shipped,29850
712672,11546367-MY-AK,142,1216,26151,191241,2026-07-13,,,,Shipped,29854
712673,11546367-MY-AK,1686,1071,23032,191241,2026-07-13,,TRAVELERRECEIVED,,Shipped,29879
712674,06511777AA,1706,1397,19430,192708,2026-07-29,,6-208-26-A,,Shipped,29921
712676,W520101-S442,1325,1129,128295,191192,2026-07-09,,6-189-37-A,,Shipped,29835
712677,W520101-S442,1024,1029,116932,191192,2026-07-09,,6-189-37-B,,Shipped,29852
712678,W520101-S442,585,1023,116250,191192,2026-07-09,,6-189-38-A,,Shipped,29837
712679,W520101-S442,18,1109,126023,191192,2026-07-09,,6-189-38-B,,Shipped,29837
712680,11546369-MY-AK,1538,1217,10847,191125,2026-07-08,,TRAVELERRECEIVED,,Shipped,29850
712681,11546369-MY-AK,567,988,8806,191125,2026-07-08,,TRAVELERRECEIVED,,Shipped,29850
712682,11546367-MY-AK,589,1242,26710,191241,2026-07-13,,,,Shipped,29857
712683,11546367-MY-AK,1663,1042,22409,191241,2026-07-13,,,,Shipped,29852
712684,11546367-MY-AK,517,1172,25204,191241,2026-07-13,,TRAVELERRECEIVED,,Shipped,29867
712685,11546367-MY-AK,1093,1113,23935,191241,2026-07-13,,TRAVELERRECEIVED,,Shipped,29871
712686,11546389,180,920,119481,191213,2026-07-10,,TRAVELERRECEIVED,,Shipped,29879
712687,11546389,786,909,118052,191213,2026-07-10,,TRAVELERRECEIVED,,Shipped,29850
712688,11546389,923,976,126753,191213,2026-07-10,,TRAVELERRECEIVED,,Shipped,29854
712689,11546389,193,894,116104,191213,2026-07-10,,TRAVELERRECEIVED,,Shipped,29848
712690,11546389,92,949,123247,191213,2026-07-10,,TRAVELERRECEIVED,,Shipped,29854
712691,11546389,1406,912,118442,191213,2026-07-10,,TRAVELERRECEIVED,,Shipped,29867
712692,11546389,691,876,113766,191213,2026-07-10,,TRAVELERRECEIVED,,Shipped,29857
712693,11546389,221,980,127273,191213,2026-07-10,,TRAVELERRECEIVED,,Shipped,29848
712694,11546389,166,916,118961,191213,2026-07-10,,TRAVELERRECEIVED,,Shipped,29869
712695,11546389,731,968,125714,191213,2026-07-10,,TRAVELERRECEIVED,,Shipped,29867
712696,W520412-S442,1086,976,125128,191340,2026-06-15,,6-195-61-A,,Shipped,29871
712697,W520412-S442,155,138,145897,191340,2026-06-15,,6-195-61-B,,Shipped,29867
712698,11546463,590,931,14412,191126,2026-07-08,,TRAVELERRECEIVED,,Shipped,29874
712699,11546463,877,1011,15650,191126,2026-07-08,,TRAVELERRECEIVED,TABLE,Shipped,29888
712700,11546463,466,961,14876,191126,2026-07-08,,TRAVELERRECEIVED,,Shipped,29871
712701,11546463,730,1020,15789,191126,2026-07-08,,,,Shipped,29848
712702,11546463,1629,967,14969,191126,2026-07-08,,,,Shipped,29848
712703,11546463,417,976,15108,191126,2026-07-08,,TRAVELERRECEIVED,,Shipped,29874
712704,06104725AA,488,1057,99717,191215,2026-07-10,,TRAVELERRECEIVED,,Shipped,29839
712705,06104725AA,976,1117,105377,191215,2026-07-10,,TRAVELERRECEIVED,,Shipped,29848
712706,06104725AA,1704,1123,105943,191215,2026-07-10,,TRAVELERRECEIVED,,Shipped,29848
712707,06104725AA,1109,1001,94434,191215,2026-07-10,,TRAVELERRECEIVED,,Shipped,29848
712708,06104725AA,1422,1086,102453,191215,2026-07-10,,TRAVELERRECEIVED,,Shipped,29850
712709,06104725AA,123,1038,97925,191215,2026-07-10,,TRAVELERRECEIVED,,Shipped,29854
712710,11546437-MY-AK,1395,1141,87769,191126,2026-07-08,,TRAVELERRECEIVED,,Shipped,29871
712711,11546437-MY-AK,1732,1103,84846,191126,2026-07-08,,TRAVELERRECEIVED,,Shipped,29874
712712,11546437-MY-AK,288,1089,83769,191126,2026-07-08,,TRAVELERRECEIVED,,Shipped,29877
712713,11546437-MY-AK,757,1085,83462,191126,2026-07-08,,,,Shipped,29865
712714,11546377,174,1000,64935,191126,2026-07-08,,,,Shipped,29814
712715,11546377,408,1096,71169,191126,2026-07-08,,TRAVELERRECEIVED,,Shipped,29835
712716,11546377,1677,815,52922,191126,2026-07-08,,TRAVELERRECEIVED,,Shipped,29828
712718,11546377,1549,1060,68831,191126,2026-07-08,,TRAVELERRECEIVED,,Shipped,29835
712719,11546377,1035,1023,66429,191126,2026-07-08,,TRAVELERRECEIVED,,Shipped,29839
712720,11546377,849,923,59935,191126,2026-07-08,,TRAVELERRECEIVED,,Shipped,29831
712721,11546377,735,1153,74870,191126,2026-07-08,,TRAVELERRECEIVED,,Shipped,29845
712724,HL3W-4320-AA,501,807,5288,192639,2026-07-27,,6-208-40-A,,Shipped,29927
712725,HL3W-4320-AA,1359,1002,6566,192639,2026-07-27,,6-208-40-B,,Shipped,29929
712726,HL3W-4320-AA,705,896,5872,191276,2026-07-14,,6-195-09-A,,Shipped,29854
712727,HL3W-4320-AA,1510,921,6035,192639,2026-07-27,,6-208-40-C,,Shipped,29927
712728,54041001,101,1018,7783,191125,2026-07-08,,TRAVELERRECEIVED,,Shipped,29877
712729,54041001,271,1161,8876,191125,2026-07-08,,TRAVELERRECEIVED,,Shipped,29867
712730,W705606-S440,KIB,1694,35000,190975,2026-07-01,,6-181-30-A,,Shipped,29835
712731,W705606-S440,KIB,1694,35000,190975,2026-07-01,,SPLIT FROM TR#712730,,Shipped,29848
712732,W705606-S440,KIB,1694,35000,190975,2026-07-01,,6-181-30-C,,Shipped,29848
712733,W705606-S440,KIB,1694,35000,190975,2026-07-01,,SPLIT FROM TR#712732,,Shipped,29803
712734,W520203-S440,KIB,1495,50000,190975,2026-07-01,,6-181-28-A,,Shipped,29816
712735,W520203-S440,KIB,1495,50000,190975,2026-07-01,,SPLIT FROM TR#712735,,Shipped,29807
712736,11588293,KIB,1946,70000,190975,2026-07-01,,6-181-29-A,,Shipped,29800
712737,11588293,KIB,1946,70000,190975,2026-07-01,,SPLIT FROM TR#712736,,Shipped,29805
712738,11588293,KIB,1946,70000,190975,2026-07-01,,6-181-38-A,,Shipped,29800
712739,11588293,KIB,1946,70000,190975,2026-07-01,,SPLIT FROM TR#712738,,Shipped,29805
712740,11588293,KIB,834,30000,190975,2026-07-01,,6-181-38-C,,Shipped,29800
712741,11588293,KIB,834,30000,190975,2026-07-01,,SPLIT FROM TR#712740,,Shipped,29800
712742,82250,KIB,1038,20000,190921,2026-06-30,,6-181-31-A,,Shipped,29792
712743,82250,KIB,1038,20000,190921,2026-06-30,,SPLIT FTOM TR#712742,,Shipped,29805
712744,82250,KIB,1038,20000,190921,2026-06-30,,6-181-31-C,,Shipped,29839
712745,82250,KIB,1038,20000,190921,2026-06-30,,SPLIT FROM TR#712744,,Shipped,29839
712749,11604183,1431,1075,13272,191126,2026-07-08,,TRAVELERRECEIVED,,Shipped,29818
712750,11604183,231,1110,13704,191126,2026-07-08,,TRAVELERRECEIVED,,Shipped,29818
712751,11549170,1721,,,,2026-07-28,,6-202-11-a,,,
712752,11549170,108,,,,2026-07-29,,6-202-11-b,,,
712754,11549170,690,,,,2026-07-28,,6-202-11-c,,,
712755,11549170,765,,,,2026-07-28,,6-203-29-a,,,
712756,11549170,1613,,,,2026-07-25,,6-203-29-B,,,
712757,11549170,38,,,,2026-07-28,,6-203-29-c,,,
712758,11549170,1692,,,,2026-07-28,,6-203-29-d,,,
712759,11549170,362,,,,2026-07-28,,6-203-29-e,,,
712760,11549170,1734,,,,2026-07-27,,6-203-29-f,,,
712761,11549170,1740,,,,2026-07-28,,6-202-11-D,,,
712762,11549170,915,,,,2026-07-29,,6-202-11-e,,,
712763,11549170,846,,,,2026-07-28,,6-203-29-g,,,
712764,11549170,1747,,,,2026-07-28,,6-203-29-h,,,
712765,11549170,1688,,,,2026-07-27,,6-203-29-i,,,
712766,11549170,951,,,,2026-07-27,,6-203-29-j,,,
712767,11549170,771,,,,2026-07-27,,6-203-29-k,,,
712768,11549170,109,,,,2026-07-27,,6-203-29-L,,,
712769,11549170,1695,,,,2026-07-28,,6-202-11-f,,,
712770,11549170,1072,,,,2026-07-29,,6-202-11-g,,,
712771,11549170,734,,,,2026-07-28,,6-202-11-h,,,
712772,11549170,1416,,,,2026-07-29,,6-202-11-i,,,
712773,11549168,1523,,,,2026-08-04,,6-212-29-a,,,
712774,11549168,1537,,,,2026-08-04,,6-212-29-b,,,
712775,11549168,35,,,,2026-07-28,,6-203-30-a,,,
712776,11549168,642,,,,2026-07-28,,6-203-30-b,,,
712777,11549168,793,,,,2026-07-27,,6-203-30-C,,,
712778,11549168,102,,,,2026-07-25,,6-203-30-D,,,
712779,11549168,54,,,,2026-07-28,,6-202-14-a,,,
712780,11549168,322,,,,2026-07-25,,6-202-14-B,,,
712781,11549168,1077,,,,2026-08-06,,6-212-29-c,,,
712782,11549168,602,,,,2026-08-05,,6-212-29-d,,,
712789,NU3014-02,1 BOX,1120,10080,191256,2026-07-13,,6-188-23-A,,Shipped,29862
712789-,NU3014-02,1033,1361,2250,191145,2026-07-08,,6-188-23-A,,Shipped,29819
712790,NU3014-02,1 BOX,1161,10450,191256,2026-07-13,,6-188-23-B,,Shipped,29862
712790-,NU3014-02,605,1435,12916,191105,2026-07-07,,6-188-23-B,,Shipped,29819
712791,NU3014-02,1 BOX,1111,10000,191256,2026-07-13,,6-188-23-C,,Shipped,29862
712791-,NU3014-02,1681,1395,12556,191145,2026-07-08,,6-188-23-C,,Shipped,29819
712792,NU3014-02,1 BOX,1122,10095,191256,2026-07-13,,6-188-23-D,,Shipped,29862
712792-,NU3014-02,824,1380,12421,191105,2026-07-07,,6-188-23-D,,Shipped,29819
712793,P2152051,739,1236,35114,191340,2026-06-15,,6-196-19-A,,Shipped,29854
712794,P2152051,584,1053,29915,191340,2026-06-15,,6-196-19-B,,Shipped,29854
712797,BL3W-4320-BA,197,999,6787,192708,2026-07-29,,6-210-02-A,,Shipped,29921
712798,BL3W-4320-BA,1069,1029,6990,192852,2026-08-04,,6-216-19-A,,Shipped,29941
712799,BL3W-4320-BA,1004,1064,7228,192852,2026-08-04,,6-216-19-B,,Shipped,29941
712800,BL3W-4320-BA,829,1024,6957,192852,2026-08-04,,6-216-19-C,,Shipped,29941
712801,204788122,647,1115,46458,191340,2026-06-15,,6-196-21-A,,Shipped,29857
712802,204788122,1055,1335,55625,191340,2026-06-15,,6-196-21-B,,Shipped,29865
712803,0204788122-L,1680,682,28417,191473,2026-07-20,,6-198-36-A,,Shipped,29874
712805,W520111-S440,972,1057,127349,191125,2026-07-08,,TRAVELERRECEIVED,,Shipped,29850
712806,W520111-S440,1512,1306,157349,191125,2026-07-08,,TRAVELERRECEIVED,,Shipped,29852
712807,W520111-S440,1645,1088,131084,191125,2026-07-08,,TRAVELERRECEIVED,,Shipped,29850
712808,W520111-S440,1730,1309,157711,191125,2026-07-08,,TRAVELERRECEIVED,,Shipped,29850
712809,11549204,1423,1069,7028,191173,2026-07-09,,TRAVELERRECEIVED,,Shipped,29828
712810,11549204,434,1217,8001,191173,2026-07-09,,TRAVELERRECEIVED,,Shipped,29828
712811,11549204,545,1118,7350,191173,2026-07-09,,TRAVELERRECEIVED,,Shipped,29828
712812,11549204,591,1184,7784,191173,2026-07-09,,TRAVELERRECEIVED,,Shipped,29828
712813,11549204,414,1080,7101,191173,2026-07-09,,TRAVELERRECEIVED,,Shipped,29828
712814,11549204,1649,1208,7942,191173,2026-07-09,,TRAVELERRECEIVED,,Shipped,29845
712815,11549204,973,1130,7429,191173,2026-07-09,,TRAVELERRECEIVED,,Shipped,29828
712816,11549204,554,1167,7673,191173,2026-07-09,,TRAVELERRECEIVED,,Shipped,29848
712817,11549204,1531,1114,7324,191173,2026-07-09,,TRAVELERRECEIVED,,Shipped,29828
712818,11549204,697,1207,7936,191173,2026-07-09,,TRAVELERRECEIVED,,Shipped,29848
712819,06104388AA,1627,846,20484,191215,2026-07-10,,,,Shipped,29839
712820,06104388AA,933,813,19685,191215,2026-07-10,,,,Shipped,29877
712821,06104388AA,1087,758,18354,191215,2026-07-10,,,,Shipped,29839
712822,06104388AA,686,897,21719,191215,2026-07-10,,,,Shipped,29877
712823,06104388AA,47,795,19249,191241,2026-07-13,,TRAVELERRECEIVED,,Shipped,29874
712824,06104388AA,444,873,21138,191241,2026-07-13,,TRAVELERRECEIVED,,Shipped,29874
712825,06104388AA,1326,853,20654,191241,2026-07-13,,TRAVELERRECEIVED,,Shipped,29854
712826,06104388AA,823,823,19927,191241,2026-07-13,,TRAVELERRECEIVED,,Shipped,29874
712827,06505246AA,1426,841,28033,191288,2026-07-14,,TRAVELERRECEIVED,,Shipped,29873
712828,06505246AA,854,571,19033,191288,2026-07-14,,TRAVELERRECEIVED,,Shipped,29873
712829,06101831-A,1096,1404,50870,191215,2026-07-10,,TRAVELERRECEIVED,,Shipped,29839
712831,06101831-A,1731,1408,51014,191215,2026-07-10,,TRAVELERRECEIVED,,Shipped,29850
712833,06101831-A,1403,1336,48406,191215,2026-07-10,,TRAVELERRECEIVED,,Shipped,29850
712834,06101831-A,774,1310,47464,191215,2026-07-10,,TRAVELERRECEIVED,,Shipped,29873
712835,06101831-A,135,810,29348,191215,2026-07-10,,TRAVELERRECEIVED,,Shipped,29839
712837,06101831-A,1647,1176,42609,191215,2026-07-10,,TRAVELERRECEIVED,,Shipped,29837
712838,06101831-A,1697,1418,51377,191215,2026-07-10,,TRAVELERRECEIVED,,Shipped,29850
712839,11548535,610,1019,5095,192933,2026-08-06,,6-194-31-A,,Shipped,29956
712839-,11548535,19,1019,5095,191252,2026-07-13,,,,Shipped,29862
712840,11548535,757,1156,5780,192933,2026-08-05,,6-194-31-B,,Shipped,29954
712840-,11548535,467,1156,5780,191252,2026-07-13,,,,Shipped,29862
712841,11546546,1662,911,47202,191241,2026-07-13,,TRAVELERRECEIVED,BF,Shipped,29879
712842,11546546,1365,928,48083,191241,2026-07-13,,TRAVELERRECEIVED,,Shipped,29873
712849,11549168,27 CTNS,,,191024,2026-07-02,,6-181-27-A,,Shipped,29809
712850,NU1510-00,535,1096,40000,191223,2026-07-10,,6-191-29-A,,Shipped,29862
712851,NU1510-00,1038,1096,40000,191223,2026-07-10,,6-191-29-B,,Shipped,29862
712852,NU1510-00,426,1123,41000,191223,2026-07-10,,6-191-29-C,,Shipped,29862
712853,NU1510-00,908,1096,40000,191223,2026-07-10,,6-191-29-D,,Shipped,29862
712854,82246,KIB,1658,15000,191252,2026-07-13,,TRAVELERRECEIVED,,Shipped,29865
712855,82246,KIB,1658,15000,191252,2026-07-13,,SPLIT FROM TR#712854,,Shipped,29865
712856,82246,KIB,465,4210,191252,2026-07-13,,TRAVELERRECEIVED,,Shipped,29867
712857,82246,KIB,465,4210,191252,2026-07-13,,SPLIT FROM TR#712856,,Shipped,29865
712858,82246,KIB,1658,15000,191252,2026-07-13,,TRAVELERRECEIVED,,Shipped,29854
712859,82246,KIB,1658,15000,191252,2026-07-13,,SPLIT FROM TR#712858,,Shipped,29854
712860,82246,KIB,1658,15000,191252,2026-07-13,,TRAVELERRECEIVED,,Shipped,29865
712861,82246,KIB,1658,15000,191252,2026-07-13,,SPLIT FROM TR#712860,,Shipped,29865
712862,06105048AA,KIB,1468,40000,191213,2026-07-10,,TRAVELERRECEIVED,,Shipped,29837
712863,06105048AA,KIB,1468,40000,191213,2026-07-10,,SPLIT FROM TR#712862,,Shipped,29850
712864,06105102AA,KIB,1736,40000,191213,2026-07-10,,TRAVELERRECEIVED,,Shipped,29857
712865,06105102AA,KIB,1736,40000,191213,2026-07-10,,SPLIT FROM TR#712864,,Shipped,29839
712866,06105102AA,KIB,1736,40000,191213,2026-07-10,,TRAVELERRECEIVED,,Shipped,29919
712867,06105102AA,KIB,1736,40000,191213,2026-07-10,,SPLIT FROM TR#712866,,Shipped,29839
712868,11588714,KIB,1547,70000,191252,2026-07-13,,TRAVELERRECEIVED,,Shipped,29848
712869,11588714,KIB,1547,70000,191252,2026-07-13,,SPLIT FROM TR#712868,,Shipped,29848
712870,82218,KIB,1602,16000,191241,2026-07-13,,TRAVELERRECEIVED,,Shipped,29871
712871,82218,KIB,1602,16000,191241,2026-07-13,,SPLIT FROM TR#711870,,Shipped,29871
712872,82218,KIB,1832,18300,191241,2026-07-13,,TRAVELERRECEIVED,,Shipped,29867
712873,82218,KIB,1832,18300,191241,2026-07-13,,SPLIT FROM TR#711872,,Shipped,29877
712874,11611548,KIB,1462,5000,191252,2026-07-13,,TRAVELERRECEIVED,,Shipped,29854
712875,11611548,KIB,1462,5000,191252,2026-07-13,,SPLIT FROM TR#712874,TABLE,Shipped,29877
712876,11611548,KIB,1462,5000,191252,2026-07-13,,TRAVELERRECEIVED,TABLE,Shipped,29877
712877,11611548,KIB,1462,5000,191252,2026-07-13,,SPLIT FROM TR#712876,TABLE,Shipped,29877
712878,06509967AA,KIB,1320,40000,191252,2026-07-13,,TRAVELERRECEIVED,,Shipped,29854
712879,06509967AA,KIB,1320,40000,191252,2026-07-13,,SPLIT FROM TR#712878,,Shipped,29865
712880,11612078-B,751,1267,72000,192852,2026-08-04,,SORT&RETURN,,Shipped,29949
712881,11612078-B,858,1197,68000,192745,2026-07-30,,SORT&RETURN,,0,0
712882,11612078-B,1350,1373,78000,193336,2026-08-20,,SORT&RETURN,,Shipped,0
712883,11612078,1359,1232,70000,192899,2026-08-06,,6-244-20-B,,Shipped,29949
712884,11612078-B,239,1267,72000,194034,2026-09-14,,6-257-30-A,,0,0
712885,11612078-B,495,1179,67000,191634,2026-07-24,,SORT&RETURN,,Shipped,29922
712886,11612078-B,555,1197,68000,193336,2026-08-20,,SORT&RETURN,,0,0
712887,11612078-B,100,1267,72000,193167,2026-08-14,,SORT&RETURN,,Shipped,30011
712888,11612078-B,262,1267,72000,193122,2026-08-13,,SORT&RETURN,,Shipped,30011
712889,11612078-B,228,1320,75000,194034,2026-09-14,,6-257-30-B,,0,0
712890,11516133,1560,1147,16527,191397,2026-07-17,,TRAVELERRECEIVED,TABLE,Shipped,29972
712891,11516133,595,977,14078,191397,2026-07-17,,TRAVELERRECEIVED,TABLE,Shipped,29961
712894,40204491,852,,,,2026-07-23,,TRAVELERRECEIVED,,Shipped,29893
712895,40204491,687,,,,2026-07-24,,TRAVELERRECEIVED,,Shipped,29893
712896,11546367-MY-AK,699,1250,26882,191305,2026-07-15,,TRAVELERRECEIVED,,Shipped,29865
712897,11546367-MY-AK,291,1069,22989,191305,2026-07-15,,TRAVELERRECEIVED,,Shipped,29867
712898,11546367-MY-AK,490,1229,26430,191305,2026-07-15,,TRAVELERRECEIVED,,Shipped,29865
712899,11546367-MY-AK,607,1067,22946,191305,2026-07-15,,TRAVELERRECEIVED,,Shipped,29865
712900,11546367-MY-AK,292,1207,25957,191305,2026-07-15,,TRAVELERRECEIVED,,Shipped,29873
712901,11546367-MY-AK,1363,1112,23914,191305,2026-07-15,,TRAVELERRECEIVED,,Shipped,29869
712902,11546367-MY-AK,729,1263,27161,191398,2026-07-17,,TRAVELERRECEIVED,,Shipped,29877
712903,11546367-MY-AK,1526,1048,22538,191398,2026-07-17,,TRAVELERRECEIVED,,Shipped,29875
712904,11546367-MY-AK,928,1236,26581,191398,2026-07-17,,TRAVELERRECEIVED,,Shipped,29879
712905,11546367-MY-AK,1084,1044,22452,191398,2026-07-17,,TRAVELERRECEIVED,,Shipped,29879
712906,11546367-MY-AK,1700,1059,22774,191305,2026-07-15,,TRAVELERRECEIVED,,Shipped,29877
712907,11546367-MY-AK,1005,1213,26086,191305,2026-07-15,,TRAVELERRECEIVED,,Shipped,29877
712922,11549204,1304,1116,7337,191173,2026-07-09,,TRAVELERRECEIVED,,Shipped,29828
712923,11549204,149,1173,7712,191173,2026-07-09,,TRAVELERRECEIVED,,Shipped,29845
712924,11549204,1679,1045,6870,191173,2026-07-09,,TRAVELERRECEIVED,,Shipped,29828
712925,11549204,1733,1274,8376,191173,2026-07-09,,TRAVELERRECEIVED,,Shipped,29828
712926,11549204,119,1084,7127,191173,2026-07-09,,TRAVELERRECEIVED,,Shipped,29839
712927,11549204,1384,1223,8041,191173,2026-07-09,,TRAVELERRECEIVED,,Shipped,29828
712928,11549204,672,1142,7508,191173,2026-07-09,,TRAVELERRECEIVED,,Shipped,29828
712929,11549204,1045,1141,7502,191173,2026-07-09,,TRAVELERRECEIVED,,Shipped,29828
712930,11549204,1412,1122,7377,191173,2026-07-09,,TRAVELERRECEIVED,,Shipped,29839
712931,11549204,834,1181,7765,191173,2026-07-09,,TRAVELERRECEIVED,,Shipped,29845
712932,06104388AA,575,765,18523,191252,2026-07-13,,TRAVELERRECEIVED,,Shipped,29874
712933,06104388AA,810,918,22228,191252,2026-07-13,,TRAVELERRECEIVED,,Shipped,29871
712934,06104388AA,487,858,20775,191252,2026-07-13,,TRAVELERRECEIVED,,Shipped,29871
712935,06104388AA,593,804,19467,191252,2026-07-13,,TRAVELERRECEIVED,,Shipped,29877
712936,06104388AA,7,828,20048,191252,2026-07-13,,TRAVELERRECEIVED,,Shipped,29871
712937,06104388AA,260,835,20218,191252,2026-07-13,,TRAVELERRECEIVED,,Shipped,29871
712938,06104388AA,1355,835,20218,191252,2026-07-13,,TRAVELERRECEIVED,,Shipped,29871
712939,06104388AA,827,827,20024,191252,2026-07-13,,TRAVELERRECEIVED,,Shipped,29871
712940,06104725AA,173,1138,107358,191443,2026-07-20,,TRAVELERRECEIVED,,Shipped,29875
712941,06104725AA,222,992,93585,191443,2026-07-20,,TRAVELERRECEIVED,,Shipped,29874
712942,06104725AA,405,989,93302,191443,2026-07-20,,TRAVELERRECEIVED,,Shipped,29875
712943,06104725AA,1061,1141,107642,191443,2026-07-20,,TRAVELERRECEIVED,,Shipped,29902
712944,06104725AA,486,974,91887,191443,2026-07-20,,TRAVELERRECEIVED,,Shipped,29875
712945,06104725AA,424,1137,107264,191443,2026-07-20,,TRAVELERRECEIVED,,Shipped,29875
712946,06511847AA,12,928,23856,191305,2026-07-15,,,,Shipped,29852
712947,06511847AA,157,985,25321,191305,2026-07-15,,,,Shipped,29852
712948,06511847AA,329,883,22699,191305,2026-07-15,,,,Shipped,29852
712949,06511847AA,1626,1001,25733,191305,2026-07-15,,,,Shipped,29852
712954,82244,710,1087,21827,191252,2026-07-13,,TRAVELERRECEIVED,,Shipped,29874
712955,82244,790,1157,23233,191252,2026-07-13,,TRAVELERRECEIVED,,Shipped,29865
712956,55364498AA,441,705,12368,191304,2026-07-14,,6-195-44-A,,Shipped,29850
712957,55364498AA,412,713,12509,191380,2026-07-16,,6-195-44-B,,Shipped,29865
712958,55364498AA,862,714,12526,191340,2026-06-15,,6-195-44-C,,Shipped,29857
712959,55364498AA,305,676,11860,191340,2026-06-15,,6-195-44-D,,Shipped,29857
712960,06512732AA,436,543,13959,191340,2026-06-15,,6-195-51-A,,Shipped,29865
712961,06512732AA,634,595,15296,191340,2026-06-15,,6-195-51-B,,Shipped,29857
712962,F1302AB,315,609,19709,192745,2026-07-30,,6-208-35-A,,Shipped,29929
712963,F1302AB,1652,630,20388,192745,2026-07-30,,6-208-35-B,,Shipped,29929
712964,F1302AB,164,583,18867,192804,2026-07-31,,6-212-31-A,,Shipped,29932
712965,F1302AB,184,639,20680,192745,2026-07-30,,6-208-35-C,,Shipped,29929
712966,F1302AB,868,618,20000,192804,2026-07-31,,6-212-31-B,,Shipped,29932
712967,F1302AB,429,620,20065,192639,2026-07-27,,6-208-35-D,,Shipped,29911
712968,06512349AA,1433,466,9588,191340,2026-06-15,,6-195-23-A,,Shipped,29857
712969,06512349AA,465,476,9797,191340,2026-06-15,,6-195-23-B,,Shipped,29865
712970,06102398AA,1390,784,126452,191380,2026-07-16,,6-195-60-A,,Shipped,29873
712971,06102398AA,224,604,97419,191380,2026-07-16,,6-195-60-B,,Shipped,29888
712974,06511799AA,34 CTNS,874,56745,192708,2026-07-29,,6-209-31-A,,Shipped,29929
712976,06511799AA,37CTNS,818,53117,192933,2026-08-06,,6-218-23-A,,Shipped,29970
712977,06511799AA,39CTNS,1065,69156,193079,2026-08-12,,6-223-16-A,,Shipped,30074
712978,06512834AA,831,716,7075,191340,2026-06-15,,6-195-62-A,,Shipped,29857
712979,06512834AA,1633,994,9822,191340,2026-06-15,,6-195-62-B,,Shipped,29857
712980,06512149AA,KIB,1062,45000,190975,2026-07-01,,6-182-22-A,,Shipped,29800
712981,06512149AA,KIB,1062,45000,190975,2026-07-01,,SPLIT FROM TR#712980,,Shipped,29800
712982,06104384AA,376,754,19947,191252,2026-07-13,,TRAVELERRECEIVED,,Shipped,29865
712983,06104384AA,825,997,26376,191252,2026-07-13,,TRAVELERRECEIVED,,Shipped,29852
712984,82247-P,13 CTNS,389,2860,191443,2026-07-20,,,NOT RECEIVED- EMAILED INF,Shipped,0
712985,82247-P,43 CTNS,1436,10560,191443,2026-07-20,,,NOT RECEIVED- EMAILED INF,Shipped,0
712991,82222,KIB,1790,11000,191105,2026-07-07,,6-183-43-A,,Shipped,29811
712992,82222,KIB,1790,11000,191105,2026-07-07,,SPLIT FROM TR#712991,,Shipped,29811
712993,11546545-IN-PN,1444,228,17520,191443,2026-07-20,,,,0,0
712995,90280051,1609,563,75000,191304,2026-07-14,,6-195-41-A,,Shipped,29852
712996,06105051AA,860,740,15812,191380,2026-07-16,,6-195-50-A,,Shipped,29867
712997,06105051AA,1039,760,16239,191424,2026-07-17,,6-198-37-A,,Shipped,29913
712998,06502979-A,440,1085,27399,191380,2026-07-16,,6-195-57-A,,Shipped,29867
712999,06502979-A,679,1093,27601,191340,2026-06-15,,6-195-57-B,,Shipped,29871
713000,06502979-A,250,1084,27374,191340,2026-06-15,,6-195-58-A,,Shipped,29869
713002,NU1305-01,1648,1176,68000,191145,2026-07-08,,6-188-24-A,,Shipped,29819
713003,NU1305-01,1089,1125,65000,191061,2026-07-06,,6-187-19-C,,Shipped,29862
713004,42068967,643,748,8017,192681,2026-07-28,,6-208-25-A,,Shipped,29915
713005,42068967,146,891,9550,192681,2026-07-28,,6-208-25-B,,Shipped,29927
713006,42068967,670,869,9314,192681,2026-07-28,,6-208-25-C,,Shipped,29927
713008,42068967,1751,1160,12433,192681,2026-07-28,,6-208-25-D,,Shipped,29913
713009,42068967,1449,1230,13183,192681,2026-07-28,,6-208-25-E,,Shipped,29915
713010,42068967,161,929,9960,192681,2026-07-28,,6-208-25-F,,Shipped,29921
713012,11546369-MY-AK,1631,1175,10472,191530,2026-07-22,,TRAVELERRECEIVED,,Shipped,29893
713013,11546369-MY-AK,404,1013,9029,191530,2026-07-22,,TRAVELERRECEIVED,,Shipped,29893
713014,91058,354,1196,44627,192681,2026-07-28,,6-208-43-A,,Shipped,29913
713015,91058,836,1056,39403,192681,2026-07-28,,6-208-43-B,,Shipped,29927
713016,11546366-MY-AK,1579,1164,42022,191457,2026-07-20,,TRAVELERRECEIVED,,Shipped,29879
713017,11546366-MY-AK,1408,1105,39892,191457,2026-07-20,,TRAVELERRECEIVED,,Shipped,29893
713018,11546366-MY-AK,1516,1194,43105,191457,2026-07-20,,TRAVELERRECEIVED,,Shipped,29888
713019,11546366-MY-AK,1651,1132,40866,191457,2026-07-20,,TRAVELERRECEIVED,,Shipped,29879
713020,11549171-MY-AK,402,1129,9817,191288,2026-07-14,,TRAVELERRECEIVED,,Shipped,29857
713021,11549171-MY-AK,1048,1125,9783,191288,2026-07-14,,,,Shipped,29852
713022,11549171-MY-AK,895,1162,10104,191288,2026-07-14,,TRAVELERRECEIVED,,Shipped,29854
713023,11549171-MY-AK,1040,1077,9365,191288,2026-07-14,,TRAVELERRECEIVED,,Shipped,29871
713024,11549171-MY-AK,943,1179,10252,191288,2026-07-14,,TRAVELERRECEIVED,,Shipped,29854
713025,11549171-MY-AK,15,1061,9226,191288,2026-07-14,,TRAVELERRECEIVED,,Shipped,29877
713026,11549171-MY-AK,226,1095,9522,191288,2026-07-14,,TRAVELERRECEIVED,,Shipped,29874
713027,11549171-MY-AK,540,1140,9913,191288,2026-07-14,,TRAVELERRECEIVED,,Shipped,29854
713028,11549171-MY-AK,1501,1174,10209,191288,2026-07-14,,TRAVELERRECEIVED,,Shipped,29871
713029,11549171-MY-AK,475,1149,9991,191288,2026-07-14,,TRAVELERRECEIVED,,Shipped,29873
713030,11549171-MY-AK,181,1186,10313,191443,2026-07-20,,,,Shipped,29888
713031,11549171-MY-AK,88,1062,9235,191443,2026-07-20,,,,Shipped,29936
713032,W520101-S442,378,1114,126591,191340,2026-06-15,,6-196-17-A,,Shipped,29879
713033,W520101-S442,814,1048,119091,191340,2026-06-15,,6-196-17-B,,Shipped,29869
713034,W520101-S442,837,1144,130000,191340,2026-06-15,,6-196-16-A,,Shipped,29879
713035,W520101-S442,1533,1004,114091,191340,2026-06-15,,6-196-16-B,,Shipped,29869
713036,11546571,1646,822,49222,191223,2026-07-10,,6-190-28-A,,Shipped,29837
713037,11546571,944,828,49581,191223,2026-07-10,,6-190-28-B,,Shipped,29837
713038,11546571,188,940,56287,191223,2026-07-10,,6-190-28-C,,Shipped,29837
713039,11546571,381,717,42934,191192,2026-07-09,,6-190-27-A,,Shipped,29828
713040,11546571,1571,727,43533,191192,2026-07-09,,6-190-27-B,,Shipped,29848
713041,11546571,1708,925,55389,191223,2026-07-10,,6-190-27-C,,Shipped,29837
713044,06511777AA,1386,874,12156,193262,2026-08-18,,6-229-43-A,,Shipped,30004
713045,06511777AA,1320,896,12462,193262,2026-08-18,,6-229-43-B,,Shipped,30004
713046,HL3W-4320-AA,523,898,5885,192708,2026-07-29,,6-210-01-A,,Shipped,29934
713047,HL3W-4320-AA,1334,902,5911,192708,2026-07-29,,6-210-01-B,,Shipped,29932
713048,HL3W-4320-AA,646,900,5898,193530,2026-08-27,,6-238-22-A,,Shipped,30080
713049,HL3W-4320-AA,69,901,5904,193203,2026-08-17,,6-226-23-A,,Shipped,30054
713050,HL3W-4320-AA,377,871,5708,192708,2026-07-29,,6-210-01-C,,Shipped,29932
713051,HL3W-4320-AA,830,930,6094,192639,2026-07-27,,6-208-24-A,,Shipped,29929
713052,HL3W-4320-AA,660,1003,6573,193203,2026-08-17,,6-226-23-B,,Shipped,30004
713053,HL3W-4320-AA,548,975,6389,193203,2026-08-17,,6-226-23-C,,Shipped,30026
713054,11549168,15 CTNS,402,15000,191024,2026-07-02,,6-183-20-A,,Shipped,29809
713055,11546456-TH-TC,1401,159,13000,191443,2026-07-20,,,,Shipped,29875
713057,11602326,258,944,3940,191288,2026-07-14,,TRAVELERRECEIVED,TABLE,Shipped,29877
713058,11602326,1559,1146,4783,191288,2026-07-14,,TRAVELERRECEIVED,,Shipped,29871
713059,11602326,1360,980,4090,191215,2026-07-10,,TRAVELERRECEIVED,,Shipped,29857
713060,11602326,219,930,3881,191215,2026-07-10,,TRAVELERRECEIVED,,Shipped,29854
713061,11602326,574,991,4136,191215,2026-07-10,,TRAVELERRECEIVED,,Shipped,29857
713062,11602326,801,920,3840,191215,2026-07-10,,TRAVELERRECEIVED,,Shipped,29873
713063,11602326,1343,1172,4891,191215,2026-07-10,,TRAVELERRECEIVED,,Shipped,29857
713064,11602326,1673,918,3831,191213,2026-07-10,,TRAVELERRECEIVED,TABLE,Shipped,29964
713065,11602326,821,1004,4190,191213,2026-07-10,,TRAVELERRECEIVED,TABLE,Shipped,29927
713066,11602326,238,1083,4520,191213,2026-07-10,,TRAVELERRECEIVED,TABLE,Shipped,29974
713067,11602326,1618,997,4161,191213,2026-07-10,,TRAVELERRECEIVED,TABLE,Shipped,29961
713068,11602326,871,1096,4574,191213,2026-07-10,,TRAVELERRECEIVED,TABLE,Shipped,29946
713075,06104725AA,864,1070,100943,191443,2026-07-20,,TRAVELERRECEIVED,,Shipped,29877
713076,06104725AA,431,1040,98113,191443,2026-07-20,,,,Shipped,29875
713077,06104725AA,1022,1029,97075,191443,2026-07-20,,TRAVELERRECEIVED,,Shipped,29893
713078,06104725AA,67,1116,105283,191443,2026-07-20,,TRAVELERRECEIVED,,Shipped,29893
713079,06104725AA,520,1112,104906,191443,2026-07-20,,TRAVELERRECEIVED,,Shipped,29913
713080,06104725AA,930,1022,96415,191443,2026-07-20,,TRAVELERRECEIVED,,Shipped,29874
713081,11546462,170,1017,25425,191288,2026-07-14,,TRAVELERRECEIVED,TABLE,Shipped,29879
713082,11546462,1110,1020,25500,191288,2026-07-14,,TRAVELERRECEIVED,,Shipped,29865
713083,11546462,472,1040,26000,191288,2026-07-14,,TRAVELERRECEIVED,,Shipped,29865
713084,11546462,496,1018,25450,191288,2026-07-14,,TRAVELERRECEIVED,,Shipped,29865
713085,11546462,249,990,24750,191288,2026-07-14,,TRAVELERRECEIVED,,Shipped,29867
713086,11546462,1074,1018,25450,191288,2026-07-14,,TRAVELERRECEIVED,,Shipped,29865
713087,06101736-A,48,1041,116966,191288,2026-07-14,,TRAVELERRECEIVED,,Shipped,29873
713088,06101736-A,1655,1220,137079,191288,2026-07-14,,TRAVELERRECEIVED,,Shipped,29941
713089,06101736-A,758,1135,127528,191288,2026-07-14,,TRAVELERRECEIVED,,Shipped,29873
713090,06101736-A,266,1104,124045,191288,2026-07-14,,TRAVELERRECEIVED,,Shipped,29867
713091,06101736-A,1370,1210,135955,191288,2026-07-14,,TRAVELERRECEIVED,,Shipped,29869
713092,06101736-A,922,1052,118202,191288,2026-07-14,,TRAVELERRECEIVED,,Shipped,29869
713095,11548414,256,1087,16853,191215,2026-07-10,,,,Shipped,29837
713096,11548414,344,1099,17039,191215,2026-07-10,,,,Shipped,29845
713097,11548414,905,1072,16620,191215,2026-07-10,,,,Shipped,29845
713098,11548414,707,1036,16062,191215,2026-07-10,,,,Shipped,29845
713111,06101968-A,343,915,69318,191241,2026-07-13,,TRAVELERRECEIVED,,Shipped,29848
713112,06101968-A,1021,1050,79545,191241,2026-07-13,,TRAVELERRECEIVED,,Shipped,29850
713113,06101968-A,75,1027,77803,191241,2026-07-13,,TRAVELERRECEIVED,,Shipped,29854
713114,06101968-A,1397,944,71515,191241,2026-07-13,,TRAVELERRECEIVED,,Shipped,29854
713115,06101831-A,1570,1224,44348,191241,2026-07-13,,TRAVELERRECEIVED,,Shipped,29865
713116,06101831-A,1095,978,35435,191241,2026-07-13,,TRAVELERRECEIVED,,Shipped,29893
713117,06101831-A,169,806,29203,191241,2026-07-13,,TRAVELERRECEIVED,,Shipped,29854
713119,06101831-A,1006,992,35942,191241,2026-07-13,,TRAVELERRECEIVED,,Shipped,29857
713120,06101831-A,248,1003,36341,191241,2026-07-13,,TRAVELERRECEIVED,,Shipped,29871
713121,06101831-A,508,1089,39457,191252,2026-07-13,,TRAVELERRECEIVED,,Shipped,29848
713123,06101831-A,1305,1085,39312,191252,2026-07-13,,TRAVELERRECEIVED,,Shipped,29873
713124,06101831-A,1364,1108,40145,191252,2026-07-13,,TRAVELERRECEIVED,,Shipped,29873
713125,06101831-A,1067,1087,39384,191252,2026-07-13,,TRAVELERRECEIVED,,Shipped,29871
713127,11548357,1779,550,14865,191473,2026-07-20,,6-201-38-A,,Shipped,29874
713128,11548357,1780,585,15811,191473,2026-07-20,,6-201-38-B,,Shipped,29874
713129,W715851-S450B,1761,293,19000,191473,2026-07-20,,6-201-37-A,,Shipped,29874
713131,06512544AA,1762,860,21235,191473,2026-07-20,,6-201-41-A,,Shipped,29915
713132,06512544AA,1776,865,21358,191506,2026-07-21,,6-201-41-B,,Shipped,29879
713133,54049001,1616,1082,16519,191473,2026-07-20,,6-201-39-A,,Shipped,29874
713134,54049001,50,1287,19649,191473,2026-07-20,,6-201-39-B,,Shipped,29875
713135,54049001,1693,1004,15328,191473,2026-07-20,,6-201-40-A,,Shipped,29874
713136,54049001,1578,1200,18321,191506,2026-07-21,,6-201-40-B,,Shipped,29913
713137,W711953-S900,1615,1223,79416,191473,2026-07-20,,6-201-42-A,,Shipped,29902
713139,06511637AA,522,1056,42581,191538,2026-07-22,,6-202-22-A,,Shipped,29893
713140,06511637AA,1529,1002,40403,191538,2026-07-22,,6-202-22-B,,Shipped,29913
713141,11561645,1754,953,123766,191473,2026-07-20,,6-201-43-A,BF104,Shipped,29877
713142,11561645,494,954,123896,191473,2026-07-20,,6-201-43-B,BF104,Shipped,29879
713143,11561645,1778,793,102987,191473,2026-07-20,,6-201-44-A,BF104,Shipped,29877
713144,11561645,1766,776,100779,191473,2026-07-20,,6-201-44-B,BF104,Shipped,29875
713145,N620483-S2,1775,1052,19887,191560,2026-07-23,,6-203-42-A,,Shipped,29898
713146,N620483-S2,1763,977,18469,191560,2026-07-23,,6-203-42-B,,Shipped,29898
713148,W520413-S450L,1769,1061,68896,191560,2026-07-23,,6-203-36-A,,Shipped,29895
713149,W520413-S450,1772,1054,68442,191560,2026-07-23,,6-203-36-B,,Shipped,29895
713150,W520413-S450,1757,1117,72532,191560,2026-07-23,,6-203-36-C,,Shipped,29898
713151,61273,1756,832,7856,191560,2026-07-23,,6-203-28-A,,Shipped,29898
713152,61273,1755,766,7233,191560,2026-07-23,,6-203-28-B,,Shipped,29913
713153,61273,269,804,7592,191560,2026-07-23,,6-203-28-C,,Shipped,29895
713154,61273,28,726,6856,191560,2026-07-23,,6-203-28-D,,Shipped,29913
713155,11549169-MY-AK,1511,1176,24968,191398,2026-07-17,,TRAVELERRECEIVED,,Shipped,29875
713156,11549169-MY-AK,306,1128,23949,191398,2026-07-17,,TRAVELERRECEIVED,,Shipped,29879
713157,11549169-MY-AK,495,1130,23992,191398,2026-07-17,,TRAVELERRECEIVED,,Shipped,29875
713158,11549169-MY-AK,1517,1180,25053,191398,2026-07-17,,TRAVELERRECEIVED,,Shipped,29875
713159,11549169-MY-AK,596,1270,26964,191398,2026-07-17,,TRAVELERRECEIVED,,Shipped,29879
713163,11546367-MY-AK,555,1140,24516,191457,2026-07-20,,,,Shipped,29875
713164,11546367-MY-AK,1534,1181,25398,191457,2026-07-20,,,,Shipped,29875
713165,11546367-MY-AK,747,1170,25161,191398,2026-07-17,,TRAVELERRECEIVED,,Shipped,29877
713166,11546367-MY-AK,484,1142,24559,191398,2026-07-17,,TRAVELERRECEIVED,,Shipped,29875
713167,11546367-MY-AK,844,1189,25570,191457,2026-07-20,,,,Shipped,29875
713168,11546367-MY-AK,392,1110,23871,191457,2026-07-20,,,,Shipped,29879
713169,11546367-MY-AK,1409,1128,24258,191457,2026-07-20,,,,Shipped,29875
713170,11546367-MY-AK,136,1178,25333,191457,2026-07-20,,,,Shipped,29875
713171,11546367-MY-AK,3,1153,24796,191398,2026-07-17,,TRAVELERRECEIVED,,Shipped,29939
713172,5232-28,1707,1157,24565,191611,2026-07-24,,TRAVELERRECEIVED,,Shipped,29909
713173,94012078,1773,726,2378,191594,2026-07-23,,6-203-27-A,,Shipped,29895
713174,94012078,1774,874,2863,191594,2026-07-23,,6-203-27-B,,Shipped,29895
713175,94012078,1603,681,2231,191594,2026-07-23,,6-203-27-C,,Shipped,29895
713176,94012078,899,855,2801,191594,2026-07-23,,6-203-27-D,,Shipped,29895
713177,94012078,237,776,2542,191594,2026-07-23,,6-203-27-E,,Shipped,29895
713178,94012078,81,748,2453,191594,2026-07-23,,6-203-27-F,,Shipped,29913
713179,NU1510-00,167,1096,40000,191380,2026-07-16,,6-194-35-E,,Shipped,29862
713180,NU1510-00,903,1206,44000,191340,2026-06-15,,6-194-35-D,,Shipped,29862
713181,NU1510-00,295,1096,40000,191380,2026-07-16,,6-194-35-C,,Shipped,29862
713182,NU1510-00,1106,1096,40000,191380,2026-07-16,,6-194-35-B,,Shipped,29862
713183,NU1305-01,1328,1159,67000,191145,2026-07-08,,6-188-29-A,,Shipped,29862
713184,NU1305-01,384,1315,76000,191145,2026-07-08,,6-189-35-A,,Shipped,29862
713185,NU1305-01,73,1176,68000,191145,2026-07-08,,6-188-24-B,,Shipped,29819
713186,NU1305-01,1419,1176,68000,191145,2026-07-08,,6-188-30-A,,Shipped,29819
713187,N620482-S2,1764,1200,42254,191560,2026-07-23,,6-203-41-A,,Shipped,29902
713188,N620482-S2,1765,1065,37500,191560,2026-07-23,,6-203-41-B,,Shipped,29902
713190,SP2103-03,KIB,439,1950,191105,2026-07-07,,6-187-22-A,,Shipped,29828
713192,SP2103-03,KIB,1349,6000,191105,2026-07-07,,6-187-22-B,,Shipped,29828
713194,SP2103-03,KIB,1349,6000,191105,2026-07-07,,6-187-22-D,,Shipped,29828
713196,SP2103-03,KIB,1349,6000,191105,2026-07-07,,6-187-22-F,,Shipped,29828
713197,SP2103-03,KIB,1349,6000,191105,2026-07-07,,SPLIT FROM TR#713196,,Shipped,29828
713198,11546703,455,1040,128395,193047,2026-08-11,,6-222-41-B,,Shipped,29974
713199,11546703,56,968,119506,193047,2026-08-11,,6-222-42-A,,Shipped,29974
713200,11546703,1759,1021,126049,193047,2026-08-11,,6-222-42-B,,0,0
713201,11546703,1758,1056,130370,193047,2026-08-11,,6-222-43-A,,0,0
713202,11546703,1770,1095,135185,193047,2026-08-11,,6-222-43-B,,0,0
713203,11546703,1771,980,120988,193047,2026-08-11,,6-222-44-A,,Shipped,29974
713204,11546703,1777,1100,135802,193047,2026-08-11,,6-222-44-B,,Shipped,29974
713205,11546703,1308,950,117284,193047,2026-08-11,,6-222-45-A,,Shipped,29974
713206,11547059,1705,1005,22088,191424,2026-07-17,,6-198-35-A,,Shipped,29874
713207,11547059,711,1068,23473,191424,2026-07-17,,6-198-35-B,,Shipped,29874
713208,11547059,310,1107,24330,191424,2026-07-17,,6-198-35-C,TABLE,Shipped,29893
713209,11547059,1373,952,20923,191424,2026-07-17,,6-198-35-D,TABLE,Shipped,29900
713210,11562515,608,862,50409,193262,2026-08-18,,6-230-35-A,,Shipped,30006
713211,11562515,1505,697,40760,193262,2026-08-18,,6-230-35-B,,Shipped,30006
713212,11562515,1008,791,46257,193262,2026-08-18,,6-230-35-C,,Shipped,30006
713213,11562515,1610,750,43860,193262,2026-08-18,,6-230-35-D,,Shipped,30006
713214,PZ18-7P483-AA,32 TOTES,,,191473,2026-07-20,,6-189-28-A,,Shipped,29898
713216,PZ18-7P483-AA,32 TOTES,,,191473,2026-07-20,,6-189-28-B,,Shipped,29911
713228,W520101-S450,1767,1147,130341,191560,2026-07-23,,6-203-39-A,,Shipped,29911
713229,W520101-S450,1768,1072,121818,191560,2026-07-23,,6-203-39-B,,Shipped,29900
713230,11546368-IN-PN,849,,,,2026-08-14,,6-224-23-A,,,
713231,11549168,1519,1075,40112,193550,2026-08-27,,6-239-22-B,,0,0
713232,11546368-IN-PN,983,,,,2026-08-14,,6-224-23-B,,,
713236,11546368-in-pn,973,,,,2026-08-14,,6-224-23-c,,,
713240,11546368-in-pn,1691,,,,2026-08-14,,6-224-23-d,,,
713242,NU1510-00,263,1096,40000,191145,2026-07-08,,SORT&RETURN,,Shipped,29862
713243,NU1510-00,1394,822,30000,191380,2026-07-16,,6-194-35-A,,Shipped,29862
713244,NU1305-01,1752,1159,67000,191145,2026-07-08,,6-189-36-A,,Shipped,29862
713245,NU1305-01,1753,1246,72000,191145,2026-07-08,,6-189-36-B,,Shipped,29862
713246,82253,439,1052,44202,191594,2026-07-23,,6-203-40-A,,Shipped,29913
713247,82253,1712,990,41597,191594,2026-07-23,,6-203-40-B,,Shipped,29895
713248,82253,58,671,28193,191594,2026-07-23,,6-203-40-C,,Shipped,29898
713249,82253,751,735,30882,191594,2026-07-23,,6-203-40-D,,Shipped,29898
713252,06100050-A,620,1110,59043,191424,2026-07-17,,6-198-31-A,,Shipped,29871
713253,06100050-A,657,976,51915,191424,2026-07-17,,6-198-31-B,BF108,Shipped,29879
713254,06100050-A,590,966,51383,191424,2026-07-17,,6-198-31-C,,Shipped,29871
713255,06100050-A,1543,1112,59149,191424,2026-07-17,,6-198-31-D,,Shipped,29871
713257,06100050-A,1434,1197,63670,191424,2026-07-17,,6-198-32-A,,Shipped,29873
713258,06100050-A,635,1172,62340,191424,2026-07-17,,6-198-32-B,BF108,Shipped,29877
713259,06100050-A,889,1196,63617,191424,2026-07-17,,6-198-32-C,,Shipped,29873
713261,06100050-A,655,994,52872,191424,2026-07-17,,6-198-32-D,,Shipped,29874
713262,W520111-S440,176,1038,125060,191397,2026-07-17,,,,Shipped,29879
713264,W520111-S440,512,1059,127590,191397,2026-07-17,,,,Shipped,29888
713265,W520111-S440,682,1110,133735,191397,2026-07-17,,,,Shipped,29879
713266,W711468-S437,450,968,55954,192954,2026-08-07,,6-216-18-A,,Shipped,29970
713267,W711468-S437,298,750,43353,193267,2026-08-19,,,,0,0
713268,W711468-S437,546,806,46590,193079,2026-08-12,,6-224-02-A,,Shipped,29988
713269,W711468-S437,859,914,52832,192954,2026-08-07,,6-216-18-B,,Shipped,29964
713270,11549170,21,,,,2026-07-23,,6-202-18-A,,,
713271,11549170,374,,,,2026-07-23,,6-202-18-B,,,
713272,11549170,1361,,,,2026-07-23,,6-202-18-C,,,
713273,11549170,1554,,,,2026-07-23,,6-202-18-D,,,
713274,11549170,1504,,,,2026-07-28,,6-202-16-a,,,
713275,11549170,1639,,,,2026-07-25,,6-202-16-B,,,
713276,11549170,542,,,,2026-07-23,,6-202-18-E,,,
713277,11549170,473,,,,2026-07-29,,6-202-18-f,,,
713278,11549170,16,,,,2026-07-29,,6-202-18-g,,,
713279,11549170,419,,,,2026-07-23,,6-202-18-H,,,
713280,11549170,945,,,,2026-07-23,,6-202-18-I,,,
713281,11549170,82,,,,2026-07-22,,6-202-18-J,,,
713282,11549170,893,,,,2026-07-23,,6-202-18-K,,,
713283,11549170,1043,,,,2026-07-24,,6-202-18-L,,,
713284,11549170,331,,,,2026-07-24,,6-202-16-C,,,
713285,11549170,896,,,,2026-07-25,,6-202-16-D,,,
713286,11549170,379,,,,2026-07-23,,6-202-15-A,,,
713287,11549170,1598,,,,2026-07-22,,6-202-15-B,,,
713288,11549170,34,,,,2026-07-23,,6-202-15-C,,,
713289,11549170,1580,,,,2026-07-23,,6-202-15-D,,,
713290,11549170,1352,,,,2026-07-22,,6-202-15-E,,,
713291,11549170,580,,,,2026-07-27,,6-202-15-F,,,
713292,11549170,1671,,,,2026-07-22,,6-202-17-A,,,
713293,11549170,1659,,,,2026-07-23,,6-202-17-B,,,
713294,11549170,703,,,,2026-07-22,,6-202-17-C,,,
713295,11549170,1303,,,,2026-07-22,,6-202-17-D,,,
713299,11549168,652,,,,2026-07-24,,6-202-14-D,,,
713300,91058,262,1084,40448,192954,2026-08-07,,6-219-18-A,,Shipped,29972
713301,91058,304,1216,45373,192954,2026-08-07,,6-219-18-B,,Shipped,29974
713302,11601733,1368,160,27500,192681,2026-07-28,,6-208-23-A,,Shipped,29927
713303,82264,129,58,2100,192745,2026-07-30,,6-188-12-A,,Shipped,29932
713304,NU3516-00,54,,,193122,2026-08-13,,6-223-04-A,,Shipped,29980
713305,NU3516-00,806,,,193122,2026-08-13,,6-223-04-B,,Shipped,29980
713306,NU3516-00,915,,,193122,2026-08-13,,6-223-04-C,,Shipped,29980
713307,NU3516-00,265,1146,12000,193709,2026-09-02,,6-239-14-A,,Shipped,0
713309,NU3516-00,1366,,,193122,2026-08-13,,6-223-04-D,,Shipped,29980
713310,NU3516-00,297,,,193122,2026-08-13,,6-223-04-E,,Shipped,29980
713311,NU3516-00,72,,,193122,2026-08-13,,6-223-04-F,,Shipped,29980
713312,10083390-B,113,1144,33846,192708,2026-07-29,,6-210-15-A,,Shipped,29921
713317,W520514-S442,984,1066,40843,191634,2026-07-24,,6-205-16-A,,Shipped,29921
713318,W520514-S442,1550,1187,45479,191634,2026-07-24,,6-205-16-B,,Shipped,29927
713319,W520514-S442,937,1207,46245,191634,2026-07-24,,6-205-16-C,,Shipped,29915
713320,W520514-S442,743,1042,39923,191634,2026-07-24,,6-205-16-D,,Shipped,29909
713321,11546368-my-ak,418,,,,2026-07-27,,6-203-50-a,,,
713322,11546368-my-ak,784,,,,2026-07-27,,6-203-50-b,,,
713323,11546368-my-ak,271,,,,2026-07-28,,6-205-12-a,,,
713324,11546368-my-ak,566,,,,2026-07-28,,6-205-12-b,,,
713325,11546368-my-ak,489,,,,2026-07-28,,6-205-12-c,,,
713326,11546368-my-ak,894,,,,2026-07-28,,6-205-12-d,,,
713327,11546368-my-ak,820,,,,2026-07-28,,6-205-12-e,,,
713328,11546368-my-ak,317,,,,2026-07-29,,6-205-12-f,,,
713329,11546368-my-ak,1079,,,,2026-07-27,,6-203-50-c,,,
713330,11546368-MY-AK,559,,,,2026-07-27,,6-203-50-D,,,
713331,11546368-MY-AK,137,,,,2026-07-24,,6-203-50-E,,,
713332,11546368-my-ak,826,,,,2026-07-28,,6-203-50-F,,,
713333,11546368-MY-AK,397,,,,2026-07-25,,6-203-50-G,,,
713334,11546368-MY-AK,1682,,,,2026-07-23,,6-203-50-H,,,
713335,11546368-my-ak,8,,,,2026-07-27,,6-203-50-i,,,
713336,11546368-MY-AK,901,,,,2026-07-23,,6-203-50-J,,,
713337,11546368-MY-AK,1684,,,,2026-07-23,,6-203-50-K,,,
713338,11546368-MY-AK,1644,,,,2026-07-24,,6-203-50-L,,,
713339,11546368-MY-AK,395,,,,2026-07-27,,6-203-49-a,,,
713340,11546368-MY-AK,806,,,,2026-07-25,,6-203-49-B,,,
713341,11546368-MY-AK,2,,,,2026-07-27,,6-203-49-C,,,
713342,11546368-MY-AK,530,,,,2026-07-24,,6-203-49-D,,,
713345,11546368-my-ak,977,,,,2026-07-27,,6-203-49-e,,,
713346,11546368-MY-AK,74,,,,2026-07-24,,6-203-49-f,,,
713347,11546368-MY-AK,1689,,,,2026-07-25,,6-203-49-G,,,
713348,11546368-MY-AK,1540,,,,2026-07-24,,6-203-49-H,,,
713349,11546368-my-ak,950,,,,2026-07-27,,6-203-50-m,,,
713351,NU1305-01,524,1298,75000,191223,2026-07-10,,6-191-32-A,,Shipped,29862
713352,NU1305-01,914,1073,62000,191223,2026-07-10,,6-191-32-B,,Shipped,29862
713353,NU1305-01,1716,1280,74000,191192,2026-07-09,,6-190-39-A,,Shipped,29862
713354,NU1305-01,1114,1159,67000,191192,2026-07-09,,6-190-39-B,,Shipped,29862
713355,NU1510-00,880,1096,40000,192745,2026-07-30,,6-211-25-A,,Shipped,29922
713356,NU1510-00,1719,1096,40000,192745,2026-07-30,,6-211-25-B,,Shipped,29922
713357,NU1510-00,837,1151,42000,192708,2026-07-29,,6-208-32-A,,Shipped,29922
713358,NU1510-00,358,1041,38000,192708,2026-07-29,,6-208-32-B,,Shipped,29922
713359,NU1510-00,1548,1151,42000,192708,2026-07-29,,6-208-32-C,,Shipped,29922
713360,NU1510-00,155,1151,42000,192708,2026-07-29,,6-208-32-D,,Shipped,29922
713369,11546449,1007,1062,90000,191305,2026-07-15,,TRAVELERRECEIVED,,Shipped,29869
713370,11546449,178,995,84322,191305,2026-07-15,,TRAVELERRECEIVED,,Shipped,29867
713371,11546449,980,1100,93220,191305,2026-07-15,,TRAVELERRECEIVED,BF,Shipped,29961
713372,11546449,357,1013,85847,191305,2026-07-15,,TRAVELERRECEIVED,,Shipped,29867
713373,11546449,1002,1083,91780,191305,2026-07-15,,TRAVELERRECEIVED,,Shipped,29867
713374,11546449,223,982,83220,191305,2026-07-15,,TRAVELERRECEIVED,,Shipped,29865
713375,11546449,938,932,78983,191305,2026-07-15,,TRAVELERRECEIVED,,Shipped,29869
713376,11546449,935,1081,91610,191305,2026-07-15,,TRAVELERRECEIVED,,Shipped,29869
713377,11546449,1548,1056,89492,191305,2026-07-15,,TRAVELERRECEIVED,,Shipped,29867
713378,11546449,246,1010,85593,191305,2026-07-15,,TRAVELERRECEIVED,,Shipped,29867
713379,11546449,358,1067,90424,191305,2026-07-15,,TRAVELERRECEIVED,,Shipped,29869
713380,11546449,1564,980,83051,191305,2026-07-15,,TRAVELERRECEIVED,,Shipped,29873
713381,11546456,510,933,76475,191457,2026-07-20,,,BF,Shipped,29875
713382,11546456,1446,900,73770,191457,2026-07-20,,,BF,Shipped,29902
713383,11546456,451,963,78934,191457,2026-07-20,,TRAVELERRECEIVED,BF,Shipped,29956
713384,11546456,394,883,72377,191457,2026-07-20,,,BF,Shipped,29877
713385,06101736-A,85,1018,114382,191305,2026-07-15,,TRAVELERRECEIVED,,Shipped,29869
713386,06101736-A,1696,1211,136067,191305,2026-07-15,,TRAVELERRECEIVED,,Shipped,29936
713387,06510997AA,1611,688,2293,191457,2026-07-20,,,,Shipped,29875
713388,06510997AA,1685,653,2177,191457,2026-07-20,,,,Shipped,29877
713389,06101736-A,721,1097,123258,191305,2026-07-15,,TRAVELERRECEIVED,,Shipped,29874
713390,06101736-A,1513,1114,125169,191305,2026-07-15,,TRAVELERRECEIVED,,Shipped,29874
713391,06505246AA,918,961,32033,191521,2026-07-22,,TRAVELERRECEIVED,,Shipped,29893
713393,06505246AA,698,944,31467,191521,2026-07-22,,TRAVELERRECEIVED,,Shipped,29902
713395,06509967AA,190,788,11622,191305,2026-07-15,,TRAVELERRECEIVED,WAS 555AA-WRONG PART,Shipped,29867
713396,06509967AA,841,628,9263,191305,2026-07-15,,TRAVELERRECEIVED,WAS 555AA-WRONG PART,Shipped,29869
713405,11546364,396,1013,122048,191530,2026-07-22,,TRAVELERRECEIVED,,Shipped,29913
713406,11546364,1435,1114,134217,191530,2026-07-22,,TRAVELERRECEIVED,,Shipped,29911
713407,11546364,381,963,116024,191530,2026-07-22,,TRAVELERRECEIVED,,Shipped,29902
713408,11546364,1585,1125,135542,191530,2026-07-22,,TRAVELERRECEIVED,,Shipped,29911
713409,06513904AA,1600,1129,11381,191457,2026-07-20,,TRAVELERRECEIVED,,Shipped,29972
713410,06513904AA,753,1043,10514,191457,2026-07-20,,TRAVELERRECEIVED,,Shipped,29913
713411,06513904AA,1528,1032,10403,191457,2026-07-20,,TRAVELERRECEIVED,,Shipped,29879
713412,06513904AA,618,1173,11825,191457,2026-07-20,,TRAVELERRECEIVED,,Shipped,29888
713413,06105102AA,KIB,1736,40000,191611,2026-07-24,,TRAVELERRECEIVED,,Shipped,29900
713414,06105102AA,KIB,1736,40000,191611,2026-07-24,,SPLIT FROM TR#713413,,Shipped,29898
713415,06105102AA,KIB,1736,40000,191611,2026-07-24,,TRAVELERRECEIVED,,Shipped,29898
713416,06105102AA,KIB,1736,40000,191611,2026-07-24,,SPLIT FROM TR#713415,,Shipped,29900
713419,06509967AA,KIB,1320,40000,191380,2026-07-16,,6-196-05-A,,Shipped,29875
713420,06509967AA,KIB,1320,40000,191380,2026-07-16,,SPLIT FROM TR#713419,,Shipped,29879
713421,06513555AA,KIB,1492,22000,191380,2026-07-16,,6-196-06-A,,Shipped,29893
713422,06513555AA,KIB,1492,22000,191380,2026-07-16,,SPLIT FROM TR#713421,,Shipped,29888
713423,11611548,KIB,1462,5000,191397,2026-07-17,,TRAVELERRECEIVED,TABLE,Shipped,29888
713424,11611548,KIB,1462,5000,191397,2026-07-17,,SPLIT FROM TR#713423,TABLE,Shipped,29888
713425,11611548,KIB,746,2550,191397,2026-07-17,,TRAVELERRECEIVED,TABLE,Shipped,29888
713426,11611548,KIB,746,2550,191397,2026-07-17,,SPLIT FROM TR#713425,TABLE,Shipped,29888
713427,11547176,KIB,1710,45000,191397,2026-07-17,,TRAVELERRECEIVED,MC37,Shipped,29875
713428,11547176,KIB,1710,45000,191397,2026-07-17,,SPLIT FROM TR#713427,MC37,Shipped,29879
713431,11502717-TH-TC,1538,1259,48238,191223,2026-07-10,,6-191-28-A,,Shipped,29875
713432,11502717-TH-TC,671,1144,43831,191223,2026-07-10,,6-191-28-B,,Shipped,29875
713433,11502717-TH-TC,722,1232,47203,191223,2026-07-10,,6-191-28-C,,Shipped,29877
713434,11502717-TH-TC,1544,1228,47050,191223,2026-07-10,,6-191-28-D,,Shipped,29875
713436,11604000,KIB,2193,43000,191192,2026-07-09,,6-190-29-A,,Shipped,29835
713437,11604000,KIB,2193,43000,191192,2026-07-09,,SPLIT FROM TR#713436,,Shipped,29835
713438,11604000,KIB,2193,43000,191192,2026-07-09,,6-190-29-C,,Shipped,29837
713439,11604000,KIB,2193,43000,191192,2026-07-09,,SPLIT FROM TR#713438,,Shipped,29837
713440,11604000,KIB,867,17000,191192,2026-07-09,,6-190-29-E,,Shipped,29831
713442,11602031,254,962,4713,191398,2026-07-17,,TRAVELERRECEIVED,,Shipped,29873
713443,11602031,1049,798,3910,191398,2026-07-17,,TRAVELERRECEIVED,TABLE,Shipped,29879
713444,40161567,408,801,4975,191397,2026-07-17,,TRAVELERRECEIVED,,Shipped,29869
713445,40161567,121,818,5081,191397,2026-07-17,,TRAVELERRECEIVED,,Shipped,29869
713446,40161567,1330,827,5137,191397,2026-07-17,,TRAVELERRECEIVED,,Shipped,29871
713452,11602031,1745,1020,4998,191398,2026-07-17,,TRAVELERRECEIVED,,Shipped,29869
713453,11602031,1441,961,4708,191398,2026-07-17,,TRAVELERRECEIVED,TABLE,Shipped,29961
713454,11602031,982,909,4454,191398,2026-07-17,,TRAVELERRECEIVED,TABLE,Shipped,29961
713455,11602031,605,864,4233,191397,2026-07-17,,TRAVELERRECEIVED,,Shipped,29869
713456,11602031,965,854,4184,191397,2026-07-17,,TRAVELERRECEIVED,,Shipped,29869
713457,11602031,409,910,4459,191397,2026-07-17,,TRAVELERRECEIVED,TABLE,Shipped,29915
713458,11602031,1551,848,4155,191397,2026-07-17,,TRAVELERRECEIVED,TABLE,Shipped,29946
713459,11602031,824,953,4669,191397,2026-07-17,,TRAVELERRECEIVED,,Shipped,29869
713460,11546378-MY-AK,1687,1149,44023,191582,2026-07-23,,TRAVELERRECEIVED,,Shipped,29898
713461,11546378-MY-AK,557,1106,42375,191582,2026-07-23,,TRAVELERRECEIVED,,Shipped,29911
713462,11546378-MY-AK,1362,1053,40345,191582,2026-07-23,,TRAVELERRECEIVED,,Shipped,29919
713463,11546378-MY-AK,1419,1219,46705,191582,2026-07-23,,TRAVELERRECEIVED,,Shipped,29921
713464,11546378-MY-AK,578,1165,44636,191582,2026-07-23,,TRAVELERRECEIVED,,Shipped,29921
713465,11546378-MY-AK,1415,1109,42490,191582,2026-07-23,,TRAVELERRECEIVED,,Shipped,29915
713466,11546378-MY-AK,1323,905,34674,191582,2026-07-23,,TRAVELERRECEIVED,,Shipped,29909
713468,11546378-MY-AK,708,606,23218,191582,2026-07-23,,TRAVELERRECEIVED,,Shipped,29915
713470,11546369-MY-AK,231,1091,9724,191530,2026-07-22,,TRAVELERRECEIVED,,Shipped,29893
713471,11546369-MY-AK,543,1102,9822,191530,2026-07-22,,TRAVELERRECEIVED,,Shipped,29913
713472,11546369-MY-AK,1681,1124,10018,191530,2026-07-22,,TRAVELERRECEIVED,,Shipped,29893
713473,11546369-MY-AK,1629,1054,9394,193205,2026-08-17,,TRAVELERRECEIVED,,Shipped,30018
713474,11516133,217,1058,15245,192701,2026-07-29,,TRAVELERRECEIVED,,Shipped,29927
713475,11516133,1648,1054,15187,192701,2026-07-29,,TRAVELERRECEIVED,,Shipped,29932
713476,11546365-MY-AK,433,1106,64678,191582,2026-07-23,,TRAVELERRECEIVED,,Shipped,29921
713477,11546365-MY-AK,688,1135,66374,191582,2026-07-23,,TRAVELERRECEIVED,,Shipped,29900
713480,11546365-MY-AK,851,1122,65614,191582,2026-07-23,,TRAVELERRECEIVED,,Shipped,29900
713481,11546365-MY-AK,387,1122,65614,191582,2026-07-23,,TRAVELERRECEIVED,,Shipped,29911
713486,11549171-MY-AK,1567,1184,10296,192629,2026-07-27,,TRAVELERRECEIVED,,Shipped,29929
713487,11549171-MY-AK,212,1068,9287,192629,2026-07-27,,TRAVELERRECEIVED,,Shipped,29909
713488,11549171-MY-AK,301,1101,9574,192629,2026-07-27,,TRAVELERRECEIVED,,Shipped,29919
713489,11549171-MY-AK,1431,1152,10017,192629,2026-07-27,,TRAVELERRECEIVED,,Shipped,29921
713490,11549171-MY-AK,83,1117,9713,192613,2026-07-27,,TRAVELERRECEIVED,,Shipped,29919
713491,11549171-MY-AK,663,1139,9904,192613,2026-07-27,,TRAVELERRECEIVED,,Shipped,29919
713492,11549171-MY-AK,815,1224,10643,192613,2026-07-27,,TRAVELERRECEIVED,,Shipped,29909
713493,11549171-MY-AK,529,1021,8878,192613,2026-07-27,,TRAVELERRECEIVED,,Shipped,29909
713494,W705606-S440,KIB,1676,34620,191192,2026-07-09,,6-190-37-A,,Shipped,29831
713495,W705606-S440,KIB,1676,34620,191192,2026-07-09,,SPLIT FROM TR#713494,,Shipped,29831
713496,1420503001,KIB,540,30000,191192,2026-07-09,,6-190-38-A,,Shipped,29831
713506,11548535,856,1200,6000,192899,2026-08-06,,6-216-28-A,,Shipped,29961
713507,11548535,384,1040,5200,192899,2026-08-06,,6-216-28-B,,Shipped,29964
713508,11548535,1798,1130,5650,193267,2026-08-19,,6-230-01-A,,Shipped,30008
713509,11548535,1783,1178,5890,192899,2026-08-06,,6-216-29-A,,Shipped,29961
713510,11546377-PH-RO,1795,1153,74870,191443,2026-07-20,,TRAVELERRECEIVED,,Shipped,29895
713511,11546377-PH-RO,1794,906,58831,191443,2026-07-20,,TRAVELERRECEIVED,,Shipped,29900
713512,11546377-PH-RO,1792,1121,72792,191443,2026-07-20,,TRAVELERRECEIVED,,Shipped,29893
713513,11546377-PH-RO,1793,932,60519,191443,2026-07-20,,TRAVELERRECEIVED,,Shipped,29898
713514,11546377-PH-RO,1809,921,59805,191443,2026-07-20,,TRAVELERRECEIVED,,Shipped,29875
713515,11546377-PH-RO,1810,1141,74091,191443,2026-07-20,,TRAVELERRECEIVED,,Shipped,29879
713516,11546377-PH-RO,1531,1051,68247,191443,2026-07-20,,TRAVELERRECEIVED,,Shipped,29898
713517,11546377-PH-RO,119,948,61558,191443,2026-07-20,,TRAVELERRECEIVED,,Shipped,29875
713518,11546377-PH-RO,834,1158,75195,191443,2026-07-20,,TRAVELERRECEIVED,,Shipped,29893
713519,11546377-PH-RO,1443,852,55325,191443,2026-07-20,,TRAVELERRECEIVED,,Shipped,29879
713526,47336AE,1804,1136,25471,191611,2026-07-24,,TRAVELERRECEIVED,,Shipped,29909
713527,47336AE,1801,1070,23991,191611,2026-07-24,,TRAVELERRECEIVED,,Shipped,29919
713528,47336AE,1805,1063,23834,191611,2026-07-24,,TRAVELERRECEIVED,,Shipped,29902
713529,47336AE,1806,1148,25740,191611,2026-07-24,,TRAVELERRECEIVED,,Shipped,29911
713530,NU1405-00,1618,1270,82468,191340,2026-06-15,,6-196-26-A,,Shipped,29862
713531,NU1405-00,1584,1087,70584,191340,2026-06-15,,6-196-26-B,,Shipped,29862
713532,NU1405-00,760,1195,77597,191340,2026-06-15,,6-196-27-A,,Shipped,29889
713533,NU1405-00,51,1196,77662,191340,2026-06-15,,6-196-27-B,,Shipped,29889
713536,H62324A,1752,1143,42649,192701,2026-07-29,,TRAVELERRECEIVED,,Shipped,29927
713537,H62324A,1753,1204,44925,192701,2026-07-29,,TRAVELERRECEIVED,,Shipped,29932
713538,W520113-S441,480,1227,45784,192701,2026-07-29,,TRAVELERRECEIVED,,Shipped,29927
713539,W520113-S441,968,1052,39254,192701,2026-07-29,,TRAVELERRECEIVED,,Shipped,29929
713540,W520113-S441,1031,1145,42724,192701,2026-07-29,,TRAVELERRECEIVED,,Shipped,29932
713541,W520113-S441,1607,1124,41940,192701,2026-07-29,,TRAVELERRECEIVED,,Shipped,29929
713542,W520113-S440,1036,1168,43582,192613,2026-07-27,,TRAVELERRECEIVED,,Shipped,29919
713543,W520113-S440,509,1122,41866,192613,2026-07-27,,TRAVELERRECEIVED,,Shipped,29909
713544,W520113-S440,1328,1175,43843,192613,2026-07-27,,TRAVELERRECEIVED,,Shipped,29919
713545,W520113-S440,1672,1101,41082,192613,2026-07-27,,TRAVELERRECEIVED,,Shipped,29936
713546,11549169,1549,1110,23567,192629,2026-07-27,,TRAVELERRECEIVED,,Shipped,29913
713547,11549169,1428,1200,25478,192629,2026-07-27,,TRAVELERRECEIVED,,Shipped,29913
713548,11549169,49,1163,24692,192629,2026-07-27,,TRAVELERRECEIVED,,Shipped,29915
713549,11549169,972,1133,24055,192629,2026-07-27,,TRAVELERRECEIVED,,Shipped,29936
713550,NU1144,297,1206,25605,191380,2026-07-16,,6-197-16-A,,Shipped,29862
713551,NU1144,445,1099,23333,191380,2026-07-16,,6-197-16-B,,Shipped,29862
713552,E6267AB,1556,1056,22420,192888,2026-08-06,,TRAVELERRECEIVED,,Shipped,29972
713553,E6267AB,514,1253,26603,192888,2026-08-06,,,,Shipped,29943
713556,11611121,577,688,22933,192899,2026-08-06,,6-216-16-A,,Shipped,29964
713557,11611121,948,796,26533,192899,2026-08-06,,6-216-16-B,,Shipped,29961
713559,11611122,970,1106,73733,192899,2026-08-06,,6-216-17-A,,Shipped,29954
713560,P3001150,309,737,39838,191340,2026-06-15,,6-196-25-A,,Shipped,29854
713561,P3001150,554,1085,58649,191340,2026-06-15,,6-196-25-B,,Shipped,29854
713568,W20-1028-020SL,905,1020,7467,192613,2026-07-27,,TRAVELERRECEIVED,,Shipped,29922
713569,W20-1028-020SL,416,1041,7621,192613,2026-07-27,,TRAVELERRECEIVED,,Shipped,29922
713570,W20-1028-020SL,175,950,6955,192613,2026-07-27,,TRAVELERRECEIVED,,Shipped,29922
713571,W20-1028-020SL,817,1115,8163,192613,2026-07-27,,TRAVELERRECEIVED,,Shipped,29922
713572,W20-1028-020SL,1351,1079,7899,192613,2026-07-27,,TRAVELERRECEIVED,,Shipped,29909
713573,W20-1028-020SL,585,960,7028,192613,2026-07-27,,TRAVELERRECEIVED,,Shipped,29922
713574,W20-1028-020SL,344,1064,7789,192613,2026-07-27,,TRAVELERRECEIVED,,Shipped,29922
713575,W20-1028-020SL,707,980,7174,192613,2026-07-27,,TRAVELERRECEIVED,,Shipped,29922
713576,W20-1028-020SL,1304,1130,8272,192613,2026-07-27,,TRAVELERRECEIVED,,Shipped,29909
713578,W20-1028-020SL,1423,922,6750,192613,2026-07-27,,TRAVELERRECEIVED,,Shipped,29922
713580,W20-1028-020SL,498,1093,8001,192613,2026-07-27,,TRAVELERRECEIVED,,Shipped,29922
713581,W20-1028-020SL,792,943,6903,192613,2026-07-27,,TRAVELERRECEIVED,,Shipped,29922
713582,11546774,865,1007,12927,193267,2026-08-19,,6-230-33-A,,Shipped,30067
713583,11546774,469,980,12580,192899,2026-08-06,,6-217-29-A,,Shipped,29954
713584,11546774,1045,908,11656,193267,2026-08-19,,6-230-33-B,DONE,0,0
713585,11546774,1076,1057,13569,192899,2026-08-06,,6-217-29-B,,Shipped,29956
713586,11546774,18,916,11759,193378,2026-08-21,,6-230-33-C,,Shipped,30024
713587,11546774,1360,1049,13466,192899,2026-08-06,,6-217-29-C,,Shipped,29954
713588,11546774,33,986,12657,192899,2026-08-06,,6-217-29-D,,Shipped,29964
713589,11546774,27,966,12401,192899,2026-08-06,,6-217-29-E,,Shipped,29956
713590,11546774,290,1013,13004,192899,2026-08-06,,6-217-28-A,,Shipped,29961
713591,11546774,351,943,12105,192899,2026-08-06,,6-217-28-B,,Shipped,29961
713592,11546545,101,1069,89083,191397,2026-07-17,,TRAVELERRECEIVED,BF,Shipped,29915
713593,11546545,194,1092,91000,191397,2026-07-17,,TRAVELERRECEIVED,,Shipped,29869
713594,11546545,1786,1162,96833,191397,2026-07-17,,TRAVELERRECEIVED,,Shipped,29874
713595,11546545,1789,1090,90833,191397,2026-07-17,,TRAVELERRECEIVED,BF,Shipped,29877
713596,11546545,750,1075,89583,191397,2026-07-17,,TRAVELERRECEIVED,BF,Shipped,29915
713597,11546545,1649,1100,91667,191397,2026-07-17,,TRAVELERRECEIVED,,Shipped,29871
713598,11546545,1412,1145,95417,191397,2026-07-17,,TRAVELERRECEIVED,,Shipped,29874
713599,11546545,697,1043,86917,191397,2026-07-17,,TRAVELERRECEIVED,,Shipped,29871
713600,11546545,398,1055,87917,191397,2026-07-17,,TRAVELERRECEIVED,,Shipped,29871
713601,11546545,274,1119,93250,191397,2026-07-17,,TRAVELERRECEIVED,BF,Shipped,29972
713602,11546545,1802,1063,88583,191398,2026-07-17,,TRAVELERRECEIVED,,Shipped,29874
713603,11546545,591,1154,96167,191398,2026-07-17,,TRAVELERRECEIVED,BF,Shipped,29927
713604,11546545,1790,1091,90917,191398,2026-07-17,,TRAVELERRECEIVED,BF,Shipped,29893
713605,11546545,1791,1160,96667,191398,2026-07-17,,TRAVELERRECEIVED,BF,Shipped,29972
713606,11546545,1068,1074,89500,191398,2026-07-17,,TRAVELERRECEIVED,BF,Shipped,29972
713607,11546545,764,1121,93417,191398,2026-07-17,,TRAVELERRECEIVED,BF,Shipped,29893
713608,NU5108-00,525,1176,68000,191473,2026-07-20,,6-201-33-A,,Shipped,29889
713609,NU5108-00,587,1211,70000,191473,2026-07-20,,6-201-46-A,,Shipped,29889
713610,NU5108-00,1673,1125,65000,191473,2026-07-20,,6-201-47-A,,Shipped,29889
713611,NU5108-00,1800,1211,70000,191473,2026-07-20,,6-201-47-B,,Shipped,29889
713612,NU5108-00,545,1142,66000,191473,2026-07-20,,6-201-48-A,,Shipped,29889
713617,06104388AA,774,901,21816,191530,2026-07-22,,TRAVELERRECEIVED,,Shipped,29879
713618,06104388AA,1708,739,17893,191530,2026-07-22,,TRAVELERRECEIVED,,Shipped,29879
713619,06104388AA,1339,828,20048,191530,2026-07-22,,TRAVELERRECEIVED,,Shipped,29879
713620,06104388AA,665,843,20412,191530,2026-07-22,,TRAVELERRECEIVED,,Shipped,29902
713622,06104388AA,1108,826,20000,191530,2026-07-22,,TRAVELERRECEIVED,,Shipped,29913
713623,06104388AA,219,857,20751,191530,2026-07-22,,TRAVELERRECEIVED,,Shipped,29919
713624,06104388AA,1345,827,20024,191530,2026-07-22,,TRAVELERRECEIVED,,Shipped,29911
713625,06104388AA,574,845,20460,191530,2026-07-22,,TRAVELERRECEIVED,,Shipped,29900
713626,06104388AA,713,829,20073,191530,2026-07-22,,TRAVELERRECEIVED,,Shipped,29879
713629,40073474,1067,728,4886,191521,2026-07-22,,TRAVELERRECEIVED,TABLE,Shipped,29893
713630,40073474,810,760,5101,191521,2026-07-22,,TRAVELERRECEIVED,TABLE,Shipped,29879
713631,40073474,1311,770,5168,191521,2026-07-22,,TRAVELERRECEIVED,TABLE,Shipped,29879
713632,40073474,1355,707,4745,191521,2026-07-22,,TRAVELERRECEIVED,TABLE,Shipped,29961
713633,40073474,1661,792,5315,191521,2026-07-22,,TRAVELERRECEIVED,TABLE,Shipped,29893
713634,40073474,908,754,5060,191521,2026-07-22,,TRAVELERRECEIVED,TABLE,Shipped,29888
713641,06511701AA,1014,1104,79424,191611,2026-07-24,,TRAVELERRECEIVED,,Shipped,29898
713642,06511701AA,1439,1043,75036,191611,2026-07-24,,TRAVELERRECEIVED,,Shipped,29909
713647,06101831-A,393,1046,37899,191530,2026-07-22,,TRAVELERRECEIVED,,Shipped,29898
713648,06101831-A,1686,1075,38949,191530,2026-07-22,,TRAVELERRECEIVED,,Shipped,29895
713649,06101831-A,1555,1132,41014,191530,2026-07-22,,TRAVELERRECEIVED,,Shipped,29893
713651,06101831-A,1053,1045,37862,191530,2026-07-22,,TRAVELERRECEIVED,,Shipped,29895
713653,06101831-A,979,1137,41196,191530,2026-07-22,,TRAVELERRECEIVED,,Shipped,29898
713654,06101831-A,1723,106,3841,191530,2026-07-22,,TRAVELERRECEIVED,,Shipped,29927
713655,500009196,1395,1179,43993,191276,2026-07-14,,6-195-14-A,,Shipped,29848
713656,500009196,410,1108,41343,191304,2026-07-14,,6-195-42-A,,Shipped,29848
713657,500009297,1647,1175,43843,191304,2026-07-14,,6-195-43-B,,Shipped,29850
713658,500009297,1627,1066,39776,191304,2026-07-14,,6-195-43-A,,Shipped,29850
713659,11609280,464,820,43850,191521,2026-07-22,,TRAVELERRECEIVED,TABLE,Shipped,29902
713660,11609280,427,857,45829,191521,2026-07-22,,TRAVELERRECEIVED,"BF, MC",Shipped,29893
713661,11609280,148,842,45027,191521,2026-07-22,,TRAVELERRECEIVED,"BF, MC",Shipped,29902
713662,11609280,145,898,48021,191521,2026-07-22,,TRAVELERRECEIVED,"BF, MC",Shipped,29902
713665,06100050-A,1101,1067,56755,191538,2026-07-22,,6-203-33-A,,Shipped,29888
713666,06100050-A,737,994,52872,191538,2026-07-22,,6-203-33-B,,Shipped,29913
713667,06100050-A,823,991,52713,191424,2026-07-17,,6-198-30-A,BF108,Shipped,29879
713668,06100050-A,1591,1096,58298,191424,2026-07-17,,6-198-30-B,,Shipped,29871
713669,06100050-A,941,938,49894,191538,2026-07-22,,6-203-33-C,,Shipped,29913
713670,06100050-A,44,1145,60904,191538,2026-07-22,,6-203-33-D,,Shipped,29895
713671,NU3019-00,1593,1050,5029,191424,2026-07-17,,6-198-34-A,,Shipped,29889
713672,NU3019-00,177,1064,5096,191424,2026-07-17,,6-198-34-B,,Shipped,29889
713673,NU3019-00,521,1100,5268,191538,2026-07-22,,6-202-20-A,,Shipped,29889
713674,NU3019-00,861,967,4631,191424,2026-07-17,,6-198-34-C,,Shipped,29889
713675,NU3019-00,1515,1093,5235,191424,2026-07-17,,6-198-34-A,,Shipped,29889
713676,NU3019-00,1424,1038,4971,191424,2026-07-17,,6-198-34-B,,Shipped,29889
713677,NU3019-00,1437,1095,5244,191424,2026-07-17,,6-198-34-C,,Shipped,29889
713678,NU3019-00,1327,1023,4899,191424,2026-07-17,,6-198-34-D,,Shipped,29889
713679,NU3019-00,811,974,4665,191424,2026-07-17,,6-198-34-E,,Shipped,29889
713680,NU3019-00,13,1123,5378,191424,2026-07-17,,6-198-34-F,,Shipped,29889
713681,11549168,1400,,,,2026-08-14,,6-222-50-A,,,
713682,11549168,904,,,,2026-08-13,,6-222-50-b,,,
713683,11549168,313,,,,2026-08-06,,6-212-28-c,,,
713684,11549168,1645,,,,2026-08-06,,6-212-28-d,,,
713685,11549168,330,,,,2026-08-05,,6-212-28-e,,,
713687,11549168,355,,,,2026-08-14,,6-222-50-C,,,
713689,11549168,1654,,,,2026-08-13,,6-222-50-d,,,
713690,11549168,1354,,,,2026-08-14,,6-222-50-e,,,
713691,11549168,1346,,,,2026-08-04,,6-212-30-a,,,
713692,11549168,284,,,,2026-08-03,,6-212-30-b,,,
713693,11549168,192,,,,2026-08-06,,6-212-30-c,,,
713694,11549168,135,,,,2026-08-06,,6-212-30-d,,,
713695,11549168,1502,,,,2026-08-06,,6-212-28-a,,,
713696,11549168,195,,,,2026-08-06,,6-212-28-b,,,
713699,11549170,775,,,,2026-08-05,,6-212-17-c,,,
713700,11549170,1697,,,,2026-08-05,,6-212-17-d,,,
713701,11549170,827,,,,2026-08-05,,6-212-17-e,,,
713702,11549170,1342,,,,2026-08-06,,6-212-17-f,,,
713705,11549170,1669,,,,2026-08-05,,6-212-19-c,,,
713706,11549170,839,,,,2026-08-05,,6-212-19-d,,,
713707,11549170,879,,,,2026-08-05,,6-212-19-e,,,
713708,11549170,93,,,,2026-08-05,,6-212-19-f,,,
713709,11549170,493,,,,2026-08-13,,6-222-33-a,,,
713710,11549170,488,,,,2026-08-13,,6-222-33-b,,,
713713,11549170,7,,,,2026-08-05,,6-212-18-c,,,
713715,NU5108-00,1385,1246,72000,191473,2026-07-20,,6-201-34-A,,Shipped,29922
713716,NU5108-00,1325,1159,67000,192708,2026-07-29,,6-208-30-A,,Shipped,29949
713717,11546364-PH-RO,801,1249,150482,192888,2026-08-06,,TRAVELERRECEIVED,,0,0
713719,NU3025-00,1035,1150,46000,191473,2026-07-20,,6-201-32-A,,Shipped,29889
713720,NU3025-00,622,875,35000,191473,2026-07-20,,6-201-32-B,,Shipped,29889
713721,11546364-PH-RO,692,974,117349,193229,2026-08-17,,SORT&RETURN,,0,0
713724,NU5108-00,1048,1142,66000,192708,2026-07-29,,6-208-31-A,,Shipped,29949
713725,NU5108-00,1058,,,191424,2026-07-17,,SORT&RETURN,SORT FOR MISSING LOCKNG,0,0
713726,NU5108-00,873,900,52000,192708,2026-07-29,,6-208-30-B,,Shipped,29922
713727,NU5108-00,604,1280,74000,192708,2026-07-29,,6-208-30-C,,Shipped,29949
713728,H62534A,1646,880,22222,191530,2026-07-22,,TRAVELERRECEIVED,,Shipped,29898
713729,H62534A,125,903,22803,191530,2026-07-22,,TRAVELERRECEIVED,,Shipped,29888
713730,06511834AA,389,408,2802,191521,2026-07-22,,TRAVELERRECEIVED,TABLE,Shipped,29913
713731,06511834AA,1054,419,2878,191521,2026-07-22,,TRAVELERRECEIVED,TABLE,Shipped,29919
713734,11546449,1714,1053,89237,191521,2026-07-22,,TRAVELERRECEIVED,"BF, MC",Shipped,29893
713735,11546449,658,983,83305,191521,2026-07-22,,TRAVELERRECEIVED,"BF, MC",Shipped,29893
713736,11546449,617,947,80254,191521,2026-07-22,,TRAVELERRECEIVED,"BF, MC",Shipped,29893
713737,11546449,913,1101,93305,191521,2026-07-22,,TRAVELERRECEIVED,"BF, MC",Shipped,29902
713738,11546449,1663,976,82712,191521,2026-07-22,,TRAVELERRECEIVED,"BF, MC",Shipped,29893
713739,11546449,1704,1042,88305,191530,2026-07-22,,TRAVELERRECEIVED,,Shipped,29902
713740,11546449,1559,1091,92458,191530,2026-07-22,,TRAVELERRECEIVED,,Shipped,29902
713741,11546449,1306,979,82966,191530,2026-07-22,,TRAVELERRECEIVED,,Shipped,29913
713742,11546449,1343,1061,89915,191530,2026-07-22,,TRAVELERRECEIVED,,Shipped,29913
713743,11546449,508,1019,86356,191530,2026-07-22,,TRAVELERRECEIVED,,Shipped,29895
713744,11546449,976,1124,95254,191521,2026-07-22,,TRAVELERRECEIVED,"BF, MC",Shipped,29902
713745,11546449,895,937,79407,191521,2026-07-22,,TRAVELERRECEIVED,"BF, MC",Shipped,29895
713746,11546449,1083,1075,91102,191521,2026-07-22,,TRAVELERRECEIVED,"BF, MC",Shipped,29900
713747,11546449,1525,994,84237,191521,2026-07-22,,TRAVELERRECEIVED,"BF, MC",Shipped,29902
713748,11546449,293,1125,95339,191521,2026-07-22,,TRAVELERRECEIVED,"BF, MC",Shipped,29902
713749,11546449,1501,950,80508,191521,2026-07-22,,TRAVELERRECEIVED,"BF, MC",Shipped,29902
713750,11546449,1040,1010,85593,191521,2026-07-22,,TRAVELERRECEIVED,"BF, MC",Shipped,29915
713751,11546449,976,1124,95254,191521,2026-07-22,,TRAVELERRECEIVED,"BF, MC",Shipped,29936
713752,11546449,1426,1017,86186,191521,2026-07-22,,TRAVELERRECEIVED,"BF, MC",Shipped,29902
713753,11546449,540,1046,88644,191521,2026-07-22,,TRAVELERRECEIVED,"BF, MC",Shipped,29954
713754,11549204,1365,1150,7561,191457,2026-07-20,,,TABLE,Shipped,29913
713755,11549204,435,1147,7541,191457,2026-07-20,,,TABLE,Shipped,29888
713756,11549204,326,1132,7442,191457,2026-07-20,,,TABLE,Shipped,29875
713757,11549204,878,1189,7817,191457,2026-07-20,,,TABLE,Shipped,29875
713758,11549204,1305,795,5227,191457,2026-07-20,,,TABLE,Shipped,29875
713759,11549204,735,1334,8771,191457,2026-07-20,,,TABLE,Shipped,29875
713760,11549204,786,1138,7482,191457,2026-07-20,,,TABLE,Shipped,29875
713761,11549204,943,1169,7686,191457,2026-07-20,,,TABLE,Shipped,29913
713762,11549204,288,1109,7291,191457,2026-07-20,,,TABLE,Shipped,29888
713763,11549204,1570,1188,7811,191457,2026-07-20,,,TABLE,Shipped,29888
713764,11549204,426,1150,7561,191457,2026-07-20,,,TABLE,Shipped,29875
713765,11549204,1021,1140,7495,191457,2026-07-20,,,TABLE,Shipped,29875
713766,W720123-S440,790,942,22429,191521,2026-07-22,,TRAVELERRECEIVED,TABLE,Shipped,29913
713769,W520514-S442,650,1437,184231,191634,2026-07-24,,6-205-14-A,,Shipped,29900
713771,98055704,475,771,72736,191473,2026-07-20,,6-201-36-A,BF123 DONE,Shipped,29877
713774,06100050-A,971,1058,56277,191634,2026-07-24,,6-205-15-A,,Shipped,29900
713775,06100050-A,593,1005,53457,191634,2026-07-24,,6-205-15-B,,Shipped,29898
713776,06100050-A,142,918,48830,191634,2026-07-24,,6-205-15-C,,Shipped,29900
713777,06100050-A,710,1137,60479,191634,2026-07-24,,6-205-15-D,,Shipped,29900
713778,NU3019-00,307,1019,4880,191538,2026-07-22,,6-203-34-A,,Shipped,29889
713779,NU3019-00,561,1060,5077,191538,2026-07-22,,6-203-34-B,,Shipped,29889
713780,NU3019-00,1082,1062,5086,191538,2026-07-22,,6-202-21-A,,Shipped,29889
713781,NU3019-00,822,1046,5010,191538,2026-07-22,,6-203-34-C,,Shipped,29889
713784,NU3019-00,279,939,4497,191538,2026-07-22,,6-203-35-A,,Shipped,29889
713785,NU3019-00,890,1139,5455,191538,2026-07-22,,6-203-35-B,,Shipped,29889
713786,NU3019-00,95,1044,5000,191538,2026-07-22,,6-202-19-A,,Shipped,29889
713787,NU3019-00,105,1078,5163,191538,2026-07-22,,6-203-35-C,,Shipped,29889
713788,NU3019-00,371,964,4617,191538,2026-07-22,,6-203-35-D,,Shipped,29889
713789,NU3019-00,1521,1130,5412,191538,2026-07-22,,6-202-19-B,,Shipped,29889
713790,NU3516-00,375,,,193122,2026-08-13,,6-223-04-G,,Shipped,29980
713791,NU3516-00,113,1337,14000,193751,2026-09-03,,6-239-14-B,,0,0
713793,SL2404-00,KIB,2130,6000,191380,2026-07-16,,6-196-03-A,,Shipped,29893
713794,SL2404-00,KIB,2130,6000,191380,2026-07-16,,SPLIT FROM TR#713793,,Shipped,29889
713795,SL2404-00,KIB,2130,6000,191380,2026-07-16,,6-196-03-C,,Shipped,29893
713796,SL2404-00,KIB,2130,6000,191380,2026-07-16,,SPLIT FROM TR#713795,,Shipped,29893
713797,SL2404-00,KIB,2130,6000,191380,2026-07-16,,6-196-03-E,,Shipped,29889
713798,SL2404-00,KIB,2130,6000,191380,2026-07-16,,SPLIT FROM TR#713797,,Shipped,29889
713799,SL2404-00,KIB,2130,6000,191380,2026-07-16,,6-196-03-G,,Shipped,29889
713800,SL2404-00,KIB,2130,6000,191380,2026-07-16,,SPLIT FROM TR#713799,,Shipped,29889
713802,11546378-CA-IN-B,1746,1290,51600,193783,2026-09-04,,TRAVELERRECEIVED,,0,0
713803,11546378-CA-IN-B,1081,1092,43680,193783,2026-09-04,,TRAVELERRECEIVED,,0,0
713804,11546378-CA-IN-B,1561,1008,40320,193783,2026-09-04,,TRAVELERRECEIVED,,0,0
713805,11546378-CA-IN-B,160,965,38600,193783,2026-09-04,,TRAVELERRECEIVED,,0,0
713806,06511834AA,532,442,3036,191521,2026-07-22,,TRAVELERRECEIVED,TABLE,Shipped,29961
713807,06511834AA,1038,375,2576,191521,2026-07-22,,TRAVELERRECEIVED,TABLE,Shipped,29964
713808,11546368-in-pn,402,,,,2026-08-18,,6-226-22-A,,,
713812,11546368-in-pn,311,,,,2026-08-18,,6-226-22-b,,,
713814,11546368-in-pn,1364,,,,2026-08-18,,6-226-22-c,,,
713818,11546368-in-pn,1597,,,,2026-08-18,,6-226-22-d,,,
713821,11549170,12,,,,2026-08-05,,6-209-29-b,,,
713822,11549170,1307,,,,2026-08-05,,6-209-29-c,,,
713824,11549170,1103,,,,2026-08-06,,6-209-14-a,,,
713825,11549170,1111,,,,2026-08-04,,6-209-14-b,,,
713826,11549170,1344,,,,2026-08-06,,6-209-30-a,,,
713827,11549170,251,,,,2026-08-06,,6-209-30-b,,,
713828,11549170,410,,,,2026-08-04,,6-209-29-e,,,
713829,11549170,917,,,,2026-08-04,,6-209-29-f,,,
713830,11549170,329,,,,2026-08-04,,6-209-14-c,,,
713831,11549170,1626,,,,2026-07-30,,6-209-14-d,,,
713833,11549170,411,,,,2026-08-04,,6-209-14-f,,,
713835,11549170,912,,,,2026-08-04,,6-209-29-h,,,
713837,11549170,1647,,,,2026-08-04,,6-209-14-h,,,
713838,11549170,717,,,,2026-07-31,,6-209-14-i,,,
713839,11549170,75,,,,2026-07-30,,6-209-14-j,,,
713840,11549170,180,,,,2026-08-04,,6-209-29-i,,,
713841,11549170,472,,,,2026-08-04,,6-209-29-j,,,
713842,11549170,157,,,,2026-07-30,,6-209-14-k,,,
713843,11549170,1335,,,,2026-08-06,,6-209-14-l,,,
713844,11549170,169,,,,2026-07-30,,6-209-14-m,,,
713845,11549170,478,,,,2026-08-04,,6-209-14-n,,,
713847,11549170,1402,,,,2026-07-30,,6-209-14-p,,,
713848,11549170,1595,,,,2026-08-05,,6-209-30-c,,,
713849,11549170,1109,,,,2026-08-06,,6-209-30-d,,,
713851,11549170,1609,,,,2026-08-05,,6-209-30-f,,,
713852,11546703,1393,1002,123704,193079,2026-08-12,,6-222-45-B,,Shipped,29977
713853,11546703,960,1020,125926,193229,2026-08-17,,6-229-02-A,,Shipped,30010
713854,11546703,1406,996,122963,193229,2026-08-17,,6-229-02-B,,0,0
713855,11546703,1395,1029,127037,193079,2026-08-12,,6-222-46-A,,Shipped,29977
713856,11546703,346,1008,124444,193229,2026-08-17,,6-229-05-A,DONE,Shipped,30074
713857,11546703,1552,1006,124198,193047,2026-08-11,,6-222-46-B,,Shipped,29972
713858,11546703,422,1115,137654,193267,2026-08-19,,6-229-04-A,,Shipped,30013
713859,11546703,55,894,110370,193267,2026-08-19,,6-229-04-B,,Shipped,30013
713860,11561645,524,923,119870,192639,2026-07-27,,6-208-12-A,,Shipped,29921
713861,11561645,619,916,118961,192639,2026-07-27,,6-208-12-B,,Shipped,29913
713862,06511637AA,1690,1087,43831,192639,2026-07-27,,6-208-52-A,,Shipped,29929
713863,06511637AA,275,962,38790,192639,2026-07-27,,6-208-52-B,,Shipped,29919
713864,11610091,1627,1183,76818,192639,2026-07-27,,6-208-11-A,,Shipped,29911
713865,11610091,1016,1142,74156,192639,2026-07-27,,6-208-11-B,,Shipped,29936
713866,06511672AA,444,1103,47543,193047,2026-08-11,,6-223-13-D,,Shipped,29974
713867,06511672AA,517,1004,43276,193079,2026-08-12,,6-223-13-E,,Shipped,30059
713868,W716298-S450,1422,677,89079,192639,2026-07-27,,6-208-51-A,,Shipped,29915
713869,W716298-S450,1112,931,122500,192639,2026-07-27,,6-208-51-B,,Shipped,29936
713870,06513554AA,1024,1262,16627,192639,2026-07-27,,6-208-53-A,,Shipped,29909
713871,06513554AA,749,873,11502,192639,2026-07-27,,6-208-53-B,,Shipped,29909
713872,11602031,1397,850,4165,191582,2026-07-23,,TRAVELERRECEIVED,,Shipped,29898
713873,11602031,645,928,4547,191582,2026-07-23,,TRAVELERRECEIVED,,Shipped,29898
713874,11602031,648,822,4027,191582,2026-07-23,,TRAVELERRECEIVED,,Shipped,29893
713875,11602031,632,933,4571,191582,2026-07-23,,TRAVELERRECEIVED,,Shipped,29902
713876,11602031,240,764,3743,191582,2026-07-23,,TRAVELERRECEIVED,,Shipped,29895
713877,11602031,4,967,4738,191582,2026-07-23,,TRAVELERRECEIVED,,Shipped,29893
713878,11602031,923,900,4410,191582,2026-07-23,,TRAVELERRECEIVED,,Shipped,29898
713879,11602031,728,840,4116,191582,2026-07-23,,TRAVELERRECEIVED,,Shipped,29911
713880,11602031,1512,887,4346,191582,2026-07-23,,TRAVELERRECEIVED,,Shipped,29893
713881,11602031,626,853,4179,191582,2026-07-23,,TRAVELERRECEIVED,,Shipped,29919
713882,11602031,914,840,4116,191582,2026-07-23,,TRAVELERRECEIVED,,Shipped,29893
713883,11602031,847,892,4370,191582,2026-07-23,,TRAVELERRECEIVED,,Shipped,29895
713884,11549204,693,1163,7646,191611,2026-07-24,,TRAVELERRECEIVED,,Shipped,29898
713885,11549204,399,1130,7429,191611,2026-07-24,,TRAVELERRECEIVED,,Shipped,29911
713886,11549204,230,1122,7377,191611,2026-07-24,,TRAVELERRECEIVED,,Shipped,29919
713887,11549204,1336,1187,7804,191611,2026-07-24,,TRAVELERRECEIVED,,Shipped,29898
713888,11549204,668,1131,7436,191611,2026-07-24,,TRAVELERRECEIVED,,Shipped,29913
713889,11549204,694,1161,7633,191611,2026-07-24,,TRAVELERRECEIVED,,Shipped,29909
713890,11549204,769,1128,7416,191611,2026-07-24,,TRAVELERRECEIVED,,Shipped,29929
713891,11549204,350,1170,7692,191611,2026-07-24,,TRAVELERRECEIVED,,Shipped,29919
713892,11549204,187,1217,8001,191611,2026-07-24,,TRAVELERRECEIVED,,Shipped,29919
713893,11549204,953,1091,7173,191611,2026-07-24,,TRAVELERRECEIVED,,Shipped,29900
713894,11546456,946,1013,83033,192831,2026-08-04,,TRAVELERRECEIVED,,Shipped,29946
713895,11546456,1369,861,70574,192831,2026-08-04,,TRAVELERRECEIVED,,Shipped,29946
713896,11546456,1060,920,75410,192831,2026-08-04,,TRAVELERRECEIVED,,Shipped,29948
713897,11546456,845,940,77049,192831,2026-08-04,,TRAVELERRECEIVED,,Shipped,29948
713908,06101968-A,1066,1035,78409,191611,2026-07-24,,TRAVELERRECEIVED,,Shipped,29900
713909,06101968-A,45,909,68864,191611,2026-07-24,,TRAVELERRECEIVED,,Shipped,29936
713910,11546566,1107,972,54000,192639,2026-07-27,,6-208-13-A,,Shipped,29909
713911,11546566,1628,712,39556,192639,2026-07-27,,6-208-13-B,,Shipped,29909
713912,11546566,1653,821,45611,192639,2026-07-27,,6-208-14-A,,Shipped,29911
713913,11546566,103,806,44778,192639,2026-07-27,,6-208-14-B,,Shipped,29909
713914,11546566,139,922,51222,192639,2026-07-27,,6-208-13-C,,Shipped,29911
713915,11546566,1582,810,45000,192639,2026-07-27,,6-208-13-D,,Shipped,29909
713916,11610128,60,786,28071,192639,2026-07-27,,6-208-47-A,,Shipped,29911
713917,11610128,20,957,34179,192639,2026-07-27,,6-208-47-B,,Shipped,29909
713918,11546367-CA-IN,910,1116,24156,193188,2026-08-17,,TRAVELERRECEIVED,,Shipped,30004
713919,11546367-CA-IN,1809,1131,24481,193188,2026-08-17,,TRAVELERRECEIVED,,Shipped,30018
713920,11546367-CA-IN,1588,1134,24545,193188,2026-08-17,,TRAVELERRECEIVED,,Shipped,29998
713921,11546367-CA-IN,521,1215,26299,193188,2026-08-17,,TRAVELERRECEIVED,,Shipped,30004
713922,11546367-CA-IN,405,1108,23983,193188,2026-08-17,,TRAVELERRECEIVED,,Shipped,29998
713924,06509967AA,KIB,1320,40000,192796,2026-07-31,,TRAVELERRECEIVED,,Shipped,29939
713925,06509967AA,KIB,1320,40000,192796,2026-07-31,,SPLIT FROM TR#713924,,Shipped,29939
713926,06509967AA,KIB,1320,40000,192796,2026-07-31,,TRAVELERRECEIVED,,Shipped,29932
713927,06509967AA,KIB,1320,40000,192796,2026-07-31,,SPLIT FROM TR#713926,,Shipped,29932
713928,06509967AA,KIB,1320,40000,192796,2026-07-31,,TRAVELERRECEIVED,,Shipped,29932
713929,06509967AA,KIB,1320,40000,192796,2026-07-31,,SPLIT FROM TR#713928,,Shipped,29932
713930,06105102AA,KIB,1736,40000,192737,2026-07-30,,TRAVELERRECEIVED,,Shipped,29934
713931,06105102AA,KIB,1736,40000,192737,2026-07-30,,SPLIT FROM TR#713930,,Shipped,29932
713932,06105102AA,KIB,1736,40000,192737,2026-07-30,,TRAVELERRECEIVED,,Shipped,29932
713933,06105102AA,KIB,1736,40000,192737,2026-07-30,,SPLIT FROM TR#713932,,Shipped,29934
713934,06105102AA,KIB,1736,40000,192737,2026-07-30,,TRAVELERRECEIVED,,Shipped,29934
713935,06105102AA,KIB,1736,40000,192737,2026-07-30,,SPLIT FROM TR#713934,,Shipped,29939
713936,06105102AA,KIB,1736,40000,191611,2026-07-24,,TRAVELERRECEIVED,,Shipped,29898
713937,06105102AA,KIB,1736,40000,191611,2026-07-24,,SPLIT FROM TR#713936,,Shipped,29919
713938,06105048AA,KIB,1468,40000,191611,2026-07-24,,TRAVELERRECEIVED,,Shipped,29900
713939,06105048AA,KIB,1468,40000,191611,2026-07-24,,SPLIT FROM TR#713938,,Shipped,29936
713940,11547176,KIB,1710,45000,192696,2026-07-29,,TRAVELERRECEIVED,,Shipped,29921
713941,11547176,KIB,1710,45000,192696,2026-07-29,,SPLIT FROM TR#713940,,Shipped,29939
713942,11604000,KIB,2193,43000,191380,2026-07-16,,6-197-15-A,,Shipped,29871
713943,11604000,KIB,2193,43000,191380,2026-07-16,,SPLIT FROM TR#713942,,Shipped,29867
713944,11604000,KIB,1392,27300,191380,2026-07-16,,6-197-15-C,,Shipped,29873
713945,11604000,KIB,1392,27300,191380,2026-07-16,,SPLIT FROM TR#713944,,Shipped,29936
713946,11604000,KIB,816,16000,191380,2026-07-16,,6-197-15-E,,Shipped,29869
713948,06101831-A,1674,1121,40616,191611,2026-07-24,,TRAVELERRECEIVED,,Shipped,29919
713951,06101831-A,560,1029,37283,191611,2026-07-24,,TRAVELERRECEIVED,,Shipped,29909
713952,06101831-A,903,1046,37999,191611,2026-07-24,,TRAVELERRECEIVED,,Shipped,29900
713953,06101831-A,171,1173,42500,191611,2026-07-24,,TRAVELERRECEIVED,,Shipped,29911
713954,06101831-A,400,1125,40761,191611,2026-07-24,,TRAVELERRECEIVED,,Shipped,29900
713955,06101831-A,1316,1013,36703,191611,2026-07-24,,TRAVELERRECEIVED,,Shipped,29911
713957,06101831-A,1522,1152,41739,192629,2026-07-27,,TRAVELERRECEIVED,,Shipped,29946
713958,06101831-A,1655,1036,37536,192629,2026-07-27,,TRAVELERRECEIVED,,Shipped,29921
713959,06101831-A,1599,1094,39638,192629,2026-07-27,,TRAVELERRECEIVED,,Shipped,29913
713960,06101831-A,882,1128,40870,192629,2026-07-27,,TRAVELERRECEIVED,,Shipped,29915
713962,06101831-A,1394,1057,38297,192629,2026-07-27,,TRAVELERRECEIVED,,Shipped,29927
713963,06101831-A,902,1075,38949,192629,2026-07-27,,TRAVELERRECEIVED,,Shipped,29913
713968,11547349,123,995,10237,191521,2026-07-22,,TRAVELERRECEIVED,TABLE,Shipped,29929
713969,11547349,1430,1203,12377,191521,2026-07-22,,TRAVELERRECEIVED,TABLE,Shipped,29929
713970,11548414,789,1072,16620,191521,2026-07-22,,TRAVELERRECEIVED,TABLE,Shipped,29902
713971,11548414,166,1135,17597,191521,2026-07-22,,TRAVELERRECEIVED,TABLE,Shipped,29902
713972,11548414,1643,1170,18140,191521,2026-07-22,,TRAVELERRECEIVED,TABLE,Shipped,29895
713973,11548414,297,1023,15860,191521,2026-07-22,,TRAVELERRECEIVED,TABLE,Shipped,29911
713974,11548414,1666,1149,17814,191521,2026-07-22,,TRAVELERRECEIVED,TABLE,Shipped,29902
713975,11548414,170,1046,16217,191530,2026-07-22,,TRAVELERRECEIVED,,Shipped,29895
713976,11548414,1398,1046,16217,191530,2026-07-22,,TRAVELERRECEIVED,,Shipped,29893
713977,11548414,607,1147,17783,191530,2026-07-22,,TRAVELERRECEIVED,,Shipped,29895
713978,11548414,760,970,15040,191530,2026-07-22,,TRAVELERRECEIVED,,Shipped,29893
713979,11548414,412,1223,18961,191530,2026-07-22,,TRAVELERRECEIVED,,Shipped,29888
71398,11549168,1575,,,,2026-07-24,,6-202-14-C,,,
713980,06506707AA,232,1108,30356,192681,2026-07-28,,6-208-37-A,,Shipped,29915
713982,06101447-A,246,933,104831,192887,2026-08-05,,6-216-41-A,,Shipped,29948
713983,06101447-A,961,943,105955,192887,2026-08-05,,6-216-41-B,,Shipped,29948
713984,06512834AA,255,786,7767,192887,2026-08-05,,6-218-04-A,,Shipped,29948
713985,06512834AA,1433,931,9200,192887,2026-08-05,,6-218-04-B,,Shipped,29948
713986,06502979-A,342,828,20909,192899,2026-08-06,,6-216-42-A,,Shipped,29956
713987,06502979-A,674,805,20328,192899,2026-08-06,,6-216-42-B,,Shipped,29964
713988,06502979-A,1633,745,18813,192954,2026-08-07,,6-216-43-A,,Shipped,29964
713989,06502979-A,675,882,22273,192933,2026-08-06,,6-216-43-B,,Shipped,29961
713989-,06502979-A,496,882,22273,192887,2026-08-05,,6-216-43-B,,Shipped,29946
713990,06503825-A,680,1034,79538,192933,2026-08-06,,6-218-20-A,,Shipped,29956
713991,06503825-A,319,1033,79462,192933,2026-08-06,,6-218-20-B,,Shipped,29964
713993,06503825-A,731,958,73692,192933,2026-08-06,,6-218-21-A,,Shipped,29967
713994,06503825-A,565,826,63538,192933,2026-08-06,,6-218-21-B,,Shipped,29961
713995,06503825-A,1331,668,51385,192933,2026-08-06,,6-218-21-C,,0,0
713997,06512349AA,691,419,8621,192681,2026-07-28,,6-208-54-A,,Shipped,29915
713998,06512349AA,491,571,11749,192745,2026-07-30,,6-208-54-B,,Shipped,29934
714000,06508711AA,496,1029,19981,192933,2026-08-06,,6-216-39-A,,Shipped,29954
714003,55364498AA,651,1408,24702,192887,2026-08-05,,6-216-40-A,,Shipped,29948
714005,F1302AB,1055,824,26667,193443,2026-08-24,,6-232-29-A,,0,0
714006,F1302AB,934,834,26990,193443,2026-08-24,,6-232-29-E,,0,0
714007,F1302AB,312,825,26699,193443,2026-08-24,,6-232-29-B,,0,0
714009,F1302AB,1618,912,29515,192954,2026-08-07,,6-219-19-A,,Shipped,29961
714010,06105051AA,84,776,16581,192933,2026-08-06,,6-218-38-A,,Shipped,29956
714011,06105051AA,1110,725,15491,192933,2026-08-06,,6-218-38-B,,Shipped,29964
714012,06514720AA,436,973,44027,192954,2026-08-07,,6-217-19-A,,Shipped,29961
714013,06514720AA,673,800,39199,192954,2026-08-07,,6-217-19-B,,Shipped,29964
714014,06514720AA,1594,863,39050,192887,2026-08-05,,6-217-19-C,,Shipped,29946
714015,06514720AA,1562,916,41448,192887,2026-08-05,,6-217-19-D,,Shipped,29948
714016,11609746,739,1149,65284,193122,2026-08-13,,6-225-33-A,,Shipped,29980
714017,11516076,584,1149,65284,192701,2026-07-29,,TRAVELERRECEIVED,,Shipped,29927
714018,91054,244,1235,78165,193262,2026-08-18,,6-230-37-A,,0,0
714019,91054,309,1046,66203,193262,2026-08-18,,6-230-37-B,,0,0
714020,91054,1378,1171,74114,193262,2026-08-18,,6-230-38-A,,0,0
714021,91054,569,1141,72215,193262,2026-08-18,,6-230-38-B,,0,0
714022,11546366-MY-AK,213,1191,42996,192796,2026-07-31,,TRAVELERRECEIVED,,Shipped,29948
714023,11546366-MY-AK,92,1042,37617,192796,2026-07-31,,TRAVELERRECEIVED,,Shipped,29939
714024,11546366-MY-AK,554,1183,42708,192796,2026-07-31,,TRAVELERRECEIVED,,Shipped,29941
714025,11546366-MY-AK,705,1053,38014,192796,2026-07-31,,TRAVELERRECEIVED,,Shipped,29948
714026,11516133,507,1125,16210,192701,2026-07-29,,TRAVELERRECEIVED,,Shipped,29934
714027,11516133,1429,990,14265,192701,2026-07-29,,TRAVELERRECEIVED,,Shipped,29929
714028,11546378-MY-AK,875,1211,46398,192737,2026-07-30,,TRAVELERRECEIVED,,Shipped,29939
714029,11546378-MY-AK,1656,1032,39540,192737,2026-07-30,,TRAVELERRECEIVED,,Shipped,29936
714046,W711953-S900,1640,1061,68896,192639,2026-07-27,,6-208-29-A,,Shipped,29913
714047,W711953-S900,1410,819,53182,192639,2026-07-27,,6-208-29-B,,Shipped,29927
714048,W711953-S900,132,1035,67208,192639,2026-07-27,,6-208-29-C,,Shipped,29921
714049,W711953-S900,261,853,55390,192639,2026-07-27,,6-208-29-D,,Shipped,29936
714050,22800396,115,1127,50538,192639,2026-07-27,,6-208-28-A,,Shipped,29909
714051,22800396,630,911,40852,192639,2026-07-27,,6-208-28-B,,Shipped,29911
714052,06512313AA,1547,982,111591,192639,2026-07-27,,6-208-50-A,,Shipped,29911
714054,W715851-S450B,236,744,48312,192639,2026-07-27,,6-208-27-A,,Shipped,29909
714055,W715851-S450B,241,934,60649,192639,2026-07-27,,6-208-27-B,,Shipped,29911
714056,11612078-B,332,1232,70000,193122,2026-08-13,,SORT&RETURN,,Shipped,30011
714057,11612078-B,1448,1232,70000,192887,2026-08-05,,SORT&RETURN,,Shipped,29949
714058,11612078-B,226,1443,82000,193267,2026-08-19,,SORT&RETURN,,Shipped,30011
714059,11612078,816,1232,70000,193751,2026-09-03,,BIN TO BIN,,0,0
714061,11612078,751,1338,76000,193751,2026-08-07,,6-244-19-D,,0,0
714062,11612078-B,806,1320,75000,193229,2026-08-17,,SORT&RETURN,,Shipped,30011
714066,11547369,1583,1195,9876,192737,2026-07-30,,TRAVELERRECEIVED,,Shipped,29932
714067,11547369,1074,1325,10950,192737,2026-07-30,,TRAVELERRECEIVED,,Shipped,29939
714068,11516782,445,932,16181,192696,2026-07-29,,TRAVELERRECEIVED,,Shipped,29929
714069,11516782,676,1050,18229,192696,2026-07-29,,TRAVELERRECEIVED,,Shipped,29915
714070,06506707AA,614,1145,31370,192681,2026-07-28,,6-208-36-A,,Shipped,29927
714072,W705606-S440,KIB,1694,35000,191424,2026-07-17,,6-198-19-A,,Shipped,29873
714073,W705606-S440,KIB,1694,35000,191424,2026-07-17,,SPLIT FROM TR#714072,,Shipped,29874
714074,F1302AB,932,934,30227,192954,2026-08-07,,6-219-19-B,,Shipped,29961
714076,40110160,1444,1081,6868,193203,2026-08-17,,6-204-16-A,,Shipped,29996
714077,40110160,254,165,7402,193203,2026-08-17,,6-204-16-B,,Shipped,29996
714078,40110160,1039,646,4104,193203,2026-08-17,,6-204-17-A,,Shipped,29996
714080,L0668498AA02,85,1089,119670,193407,2026-08-24,,TRAVELERRECEIVED,,Shipped,30044
714081,L0668498AA02,1363,1064,116923,193407,2026-08-24,,,,Shipped,0
714082,W520111-S440,101,1194,143855,192701,2026-07-29,,TRAVELERRECEIVED,,Shipped,29932
714083,W520111-S440,1049,881,106145,192701,2026-07-29,,TRAVELERRECEIVED,,Shipped,29927
714084,W711468-S437,378,920,53179,193229,2026-08-17,,6-226-26-A,,Shipped,30018
714085,W711468-S437,620,783,45260,193267,2026-08-19,,6-226-26-B,,Shipped,30013
714086,W711468-S437,679,763,44104,193229,2026-08-17,,6-226-26-C,,Shipped,30054
714087,W711468-S437,631,990,57225,193229,2026-08-17,,6-226-26-D,,Shipped,30054
714088,11546571,870,918,54970,192708,2026-07-29,,6-210-17-A,,Shipped,29921
714089,11546571,1551,699,41856,192708,2026-07-29,,6-210-17-B,,Shipped,29929
714090,11546571,907,803,48084,192708,2026-07-29,,6-210-17-C,,Shipped,29921
714091,11546571,41,871,52156,192708,2026-07-29,,6-210-17-D,,Shipped,29921
714093,P3001150,1743,950,51351,191594,2026-07-23,,6-204-24-A,,Shipped,29895
714094,11546368-MY-AK,417,,,,2026-08-17,,6-224-25-A,,,
714095,11546368-my-ak,449,,,,2026-08-14,,6-224-25-b,,,
714096,11546368-MY-AK,266,,,,2026-08-14,,6-224-27-a,,,
714097,11546368-my-ak,285,,,,2026-08-14,,6-224-27-b,,,
714098,11546368-my-ak,549,,,,2026-08-19,,6-229-07-a,,,
714099,11546368-my-ak,1334,,,,2026-08-20,,6-229-07-b,,,
714100,11546368-my-ak,1634,,,,2026-08-28,,6-237-11-a,,,
714101,11546368-MY-AK,558,,,,2026-08-20,,6-229-07-C,,,
714102,11546368-my-ak,841,,,,2026-08-20,,6-229-07-d,,,
714103,11546368-my-ak,1533,,,,2026-08-19,,6-229-07-e,,,
714104,11546368-my-ak,696,,,,2026-08-14,,6-224-25-c,,,
714105,11546368-my-ak,339,,,,2026-08-14,,6-224-25-d,,,
714106,11546367-MY-AK,167,1170,25161,192737,2026-07-30,,TRAVELERRECEIVED,,Shipped,29936
714107,11546367-MY-AK,465,1129,24280,192737,2026-07-30,,TRAVELERRECEIVED,,Shipped,29934
714108,11546367-MY-AK,215,1126,24215,192737,2026-07-30,,TRAVELERRECEIVED,,Shipped,29934
714109,11546367-MY-AK,245,1187,25527,192737,2026-07-30,,TRAVELERRECEIVED,,Shipped,29934
714110,11546367-MY-AK,1566,1182,25419,192737,2026-07-30,,TRAVELERRECEIVED,,Shipped,29934
714111,11546367-MY-AK,581,1172,25204,192737,2026-07-30,,TRAVELERRECEIVED,,Shipped,29934
714112,11546367-MY-AK,117,1206,25935,192737,2026-07-30,,TRAVELERRECEIVED,,Shipped,29932
714113,11546367-MY-AK,1374,1101,23677,192737,2026-07-30,,TRAVELERRECEIVED,,Shipped,29932
714114,11546367-MY-AK,186,1230,26452,192737,2026-07-30,,TRAVELERRECEIVED,,Shipped,29939
714115,11546367-MY-AK,938,1065,22903,192737,2026-07-30,,TRAVELERRECEIVED,,Shipped,29934
714116,11546367-MY-AK,814,1216,26151,192737,2026-07-30,,TRAVELERRECEIVED,,Shipped,29932
714117,11546367-MY-AK,759,1092,23484,192737,2026-07-30,,TRAVELERRECEIVED,,Shipped,29934
714123,11546370-MY-AK,1052,1055,7081,192696,2026-07-29,,TRAVELERRECEIVED,,Shipped,29913
714124,11546370-MY-AK,1601,1138,7638,192696,2026-07-29,,TRAVELERRECEIVED,,Shipped,29919
714125,11546370-MY-AK,1002,1075,7215,192696,2026-07-29,,TRAVELERRECEIVED,,Shipped,29936
714126,11546370-MY-AK,440,1098,7369,192696,2026-07-29,,TRAVELERRECEIVED,,Shipped,29913
714132,NU5108-00,490,1176,68000,192745,2026-07-30,,6-211-29-A,SORT FOR MISSING LOCKNG,Shipped,29949
714133,NU5108-00,305,1159,67000,192745,2026-07-30,,6-211-29-B,SORT FOR MISSING LOCKNG,Shipped,29949
714135,11547369,911,1323,10934,193065,2026-08-12,,TRAVELERRECEIVED,,0,0
714137,11547369,1584,1473,12174,192737,2026-07-30,,TRAVELERRECEIVED,,Shipped,29932
714140,11546437-MY-AK,1762,1115,85769,192761,2026-07-31,,TRAVELERRECEIVED,,Shipped,29941
714141,11546437-MY-AK,635,1148,88308,192761,2026-07-31,,TRAVELERRECEIVED,,Shipped,29941
714142,11546437-MY-AK,1591,1167,89769,192761,2026-07-31,,TRAVELERRECEIVED,,0,0
714143,11546437-MY-AK,1390,1056,81231,192761,2026-07-31,,TRAVELERRECEIVED,,0,0
714144,11546437-MY-AK,1446,1090,83846,192761,2026-07-31,,TRAVELERRECEIVED,,Shipped,29939
714145,11546437-MY-AK,1611,1013,77923,192761,2026-07-31,,TRAVELERRECEIVED,,Shipped,29948
714146,11546437-MY-AK,257,1125,86500,192761,2026-07-31,,TRAVELERRECEIVED,,Shipped,29941
714147,11546437-MY-AK,71,1138,87560,192761,2026-07-31,,,,Shipped,29936
714148,11546437-MY-AK,1786,1131,87000,192761,2026-07-31,,TRAVELERRECEIVED,,Shipped,29941
714149,11546437-MY-AK,738,1105,85000,192761,2026-07-31,,TRAVELERRECEIVED,,Shipped,29941
714150,11546437-MY-AK,711,1131,87000,192761,2026-07-31,,TRAVELERRECEIVED,,Shipped,29956
714151,11546437-MY-AK,576,1092,84000,192761,2026-07-31,,TRAVELERRECEIVED,,0,0
714152,06511847AA,1305,972,24987,192701,2026-07-29,,TRAVELERRECEIVED,,Shipped,29932
714153,06511847AA,878,1024,26324,192701,2026-07-29,,TRAVELERRECEIVED,,Shipped,29934
714154,06511847AA,1409,1000,25707,192701,2026-07-29,,TRAVELERRECEIVED,,Shipped,29929
714155,06511847AA,1794,998,25656,192701,2026-07-29,,TRAVELERRECEIVED,,Shipped,29927
714157,11547103,1526,908,8376,192629,2026-07-27,,TRAVELERRECEIVED,,Shipped,29919
714160,06513514AA,222,771,9437,192761,2026-07-31,,TRAVELERRECEIVED,,Shipped,29946
714162,06513514AA,930,790,7670,192761,2026-07-31,,TRAVELERRECEIVED,,0,0
714164,06513555AA,100,790,11652,192796,2026-07-31,,TRAVELERRECEIVED,,Shipped,29932
714165,06513555AA,326,804,11858,192796,2026-07-31,,TRAVELERRECEIVED,,Shipped,29932
714166,06104384AA,702,940,24868,191611,2026-07-24,,TRAVELERRECEIVED,,Shipped,29898
714167,06104384AA,398,960,25397,191611,2026-07-24,,TRAVELERRECEIVED,,Shipped,29898
714168,11610091-MY-AK,747,1250,81169,193047,2026-08-11,,6-223-01-A,,0,0
714169,11610091-MY-AK,755,1068,69351,193047,2026-08-11,,6-223-01-B,,0,0
714170,11610091-MY-AK,274,1186,77013,193047,2026-08-11,,6-223-02-A,,Shipped,29974
714171,11610091-MY-AK,1781,1176,76364,193047,2026-08-11,,6-223-02-B,,0,0
714174,11546368-MY-AK,1084,,,,2026-08-19,,6-229-08-A,,,
714175,11546368-MY-AK,446,,,,2026-08-20,,6-229-08-B,,,
714176,11546368-my-ak,1041,,,,2026-08-17,,6-224-28-a,,,
714177,11546368-MY-AK,922,,,,2026-08-17,,6-224-28-B,,,
714178,11546368-my-ak,1789,,,,2026-08-20,,6-229-08-c,,,
714179,11546368-my-ak,1434,,,,2026-08-19,,6-229-08-d,,,
714180,11546368-my-ak,520,,,,2026-08-20,,6-229-08-e,,,
714181,11546368-my-ak,1313,,,,2026-08-20,,6-229-08-f,,,
714188,11546367-MY-AK,980,1166,25075,192981,2026-08-10,,TRAVELERRECEIVED,,0,0
714189,11546367-MY-AK,121,1124,24172,192981,2026-08-10,,TRAVELERRECEIVED,,Shipped,29974
714190,11546367-MY-AK,408,1192,25634,192981,2026-08-10,,TRAVELERRECEIVED,,Shipped,29974
714191,11546367-MY-AK,931,1100,23656,192981,2026-08-10,,TRAVELERRECEIVED,,Shipped,29974
714192,11546367-MY-AK,1441,1146,24645,192981,2026-08-10,,TRAVELERRECEIVED,,Shipped,29974
714193,11546367-MY-AK,260,1144,24602,192981,2026-08-10,,TRAVELERRECEIVED,,Shipped,29974
714194,11546367-MY-AK,441,1117,24022,192978,2026-08-10,,TRAVELERRECEIVED,,0,0
714195,11546367-MY-AK,944,1205,25914,192978,2026-08-10,,TRAVELERRECEIVED,,Shipped,29972
714196,11546367-MY-AK,295,1194,25677,192978,2026-08-10,,TRAVELERRECEIVED,,0,0
714197,11546367-MY-AK,48,1110,23871,192978,2026-08-10,,TRAVELERRECEIVED,,Shipped,29974
714198,11546367-MY-AK,458,1150,24731,192978,2026-08-10,,TRAVELERRECEIVED,,0,0
714199,11546367-MY-AK,897,1132,24344,192978,2026-08-10,,TRAVELERRECEIVED,,0,0
714200,11610376,1718,1560,40000,192933,2026-08-06,,6-218-24-A,,Shipped,29956
714201,11610376,141,1560,40000,192933,2026-08-06,,6-218-24-B,,Shipped,29970
714202,11610376,813,780,20000,192933,2026-08-06,,6-218-24-C,,Shipped,29961
714203,11610376,1760,1387,35552,192933,2026-08-06,,6-218-24-D,,Shipped,29956
714214,15047163,3,1167,63770,192831,2026-08-04,,TRAVELERRECEIVED,,Shipped,29964
714217,15047163,748,1150,62842,192831,2026-08-04,,TRAVELERRECEIVED,,Shipped,29964
714218,11602326,843,997,4161,192629,2026-07-27,,TRAVELERRECEIVED,,Shipped,29909
714219,11602326,114,1070,4466,192629,2026-07-27,,TRAVELERRECEIVED,,Shipped,29909
714220,11602326,889,1021,4261,192629,2026-07-27,,TRAVELERRECEIVED,,Shipped,29911
714221,11602326,1649,1016,4240,192629,2026-07-27,,TRAVELERRECEIVED,,Shipped,29909
714222,11602326,365,831,3468,192629,2026-07-27,,TRAVELERRECEIVED,,Shipped,29913
714223,11602326,605,1114,4649,192629,2026-07-27,,TRAVELERRECEIVED,,Shipped,29913
714224,11602326,590,978,4082,192629,2026-07-27,,TRAVELERRECEIVED,,Shipped,29911
714225,11602326,194,1106,4616,192629,2026-07-27,,TRAVELERRECEIVED,,Shipped,29909
714226,11602326,824,1056,4407,192629,2026-07-27,,TRAVELERRECEIVED,,Shipped,29909
714227,11602326,1007,1038,4332,192629,2026-07-27,,TRAVELERRECEIVED,,Shipped,29919
714228,11602326,596,956,3990,192629,2026-07-27,,TRAVELERRECEIVED,,Shipped,29909
714229,11602326,982,1171,4887,192629,2026-07-27,,TRAVELERRECEIVED,,Shipped,29919
714230,06511701AA,484,1096,78849,192701,2026-07-29,,TRAVELERRECEIVED,,Shipped,29929
714231,06511701AA,363,865,62230,192701,2026-07-29,,TRAVELERRECEIVED,,Shipped,29921
714234,NU5108-00-T,50,1142,66000,193949,2026-09-10,,6-253-19-A,,0,0
714235,NU5108-00,235,1058,61156,192745,2026-07-30,,SORT&RETURN,SORT FOR MISSING LOCKNG,0,0
714236,W705606-S440,KIB,1936,40000,191538,2026-07-22,,6-202-12-A,,Shipped,29893
714237,W705606-S440,KIB,1936,40000,191538,2026-07-22,,SPLIT FROM TR#714236,,Shipped,29888
714238,NU3019-00,388,1084,5192,192745,2026-07-30,,6-211-13-A,,Shipped,29922
714239,NU3019-00,1722,1049,5024,192745,2026-07-30,,6-211-13-B,,Shipped,29922
714240,NU3019-00,510,1196,5728,192745,2026-07-30,,6-211-13-C,,Shipped,29922
714241,NU3019-00,1511,914,4377,192745,2026-07-30,,6-211-13-D,,Shipped,29922
714242,NU3019-00,256,962,4612,192745,2026-07-30,,6-211-13-E,,Shipped,29922
714243,NU3019-00,552,1142,5469,192745,2026-07-30,,6-211-13-F,,Shipped,29922
714244,NU3019-00,1512,1219,5838,192852,2026-08-04,,6-216-20-A,,Shipped,29949
714245,NU3019-00,200,819,3922,192852,2026-08-04,,6-216-20-B,,Shipped,29949
714246,NU3019-00,1025,1162,5565,192852,2026-08-04,,6-216-20-C,,Shipped,29949
714247,NU3019-00,1029,939,4497,192852,2026-08-04,,6-216-20-D,,Shipped,29949
714248,NU3019-00,1379,1091,5225,192852,2026-08-04,,6-216-20-E,,Shipped,29949
714249,NU3019-00,1541,1036,4962,192852,2026-08-04,,6-216-20-F,,Shipped,29949
714250,HL3W-4320-AA-L,730,719,4712,193890,2026-09-09,,6-252-16-A,,0,0
714252,HL3W-4320-AA,468,682,4469,193530,2026-08-27,,6-238-22-B,,Shipped,30080
714254,HL3W-4320-AA-L,776,948,6212,193890,2026-09-09,,6-252-17-A,,0,0
714255,HL3W-4320-AA-L,1573,887,5813,193890,2026-09-09,,6-252-17-B,,0,0
714256,HL3W-4320-AA,1679,963,6311,193203,2026-08-17,,6-226-24-A,,Shipped,30065
714257,HL3W-4320-AA,1702,828,5426,193203,2026-08-17,,6-226-24-B,,Shipped,30059
714258,W711468-S437,664,952,55029,193530,2026-08-27,,6-238-21-A,,Shipped,30054
714259,W711468-S437,366,812,49936,193751,2026-09-03,,6-243-34-A,,0,0
714260,W711468-S437,636,838,48439,193530,2026-08-27,,6-238-21-B,,Shipped,30049
714261,W711468-S437,809,935,54046,193229,2026-08-17,,6-229-46-A,,Shipped,30018
714262,L0668498AA02,609,1130,124176,193407,2026-08-24,,TRAVELERRECEIVED,DONE,Shipped,30044
714263,L0668498AA02,929,1008,110769,193407,2026-08-26,,TRAVELERRECEIVED,,Shipped,0
714264,11549204,928,1130,7429,192613,2026-07-27,,TRAVELERRECEIVED,,Shipped,29919
714265,11549204,1514,1154,7589,192613,2026-07-27,,TRAVELERRECEIVED,,Shipped,29919
714266,11549204,1412,1063,6989,192613,2026-07-27,,TRAVELERRECEIVED,,Shipped,29919
714267,11549204,794,1227,8070,192613,2026-07-27,,TRAVELERRECEIVED,,Shipped,29919
714268,11549204,1370,1131,7436,192696,2026-07-29,,TRAVELERRECEIVED,,Shipped,29927
714269,11549204,51,1169,7689,192696,2026-07-29,,TRAVELERRECEIVED,,Shipped,29927
714270,11549204,442,1077,7081,192831,2026-08-04,,TRAVELERRECEIVED,,Shipped,29956
714271,11549204,833,1223,8041,192831,2026-08-04,,TRAVELERRECEIVED,,Shipped,29939
714272,11549204,292,1127,7410,192696,2026-07-29,,TRAVELERRECEIVED,,Shipped,29936
714273,11549204,1383,1179,7751,192696,2026-07-29,,TRAVELERRECEIVED,,Shipped,29939
714274,11546774-MY-AK,753,999,13837,193262,2026-08-18,,6-230-32-A,,Shipped,30074
714275,11546774-MY-AK,1513,941,13033,193262,2026-08-18,,6-230-32-B,,Shipped,30010
714276,11546774-MY-AK,943,970,13435,193262,2026-08-18,,6-230-31-A,,Shipped,30013
714277,11546774-MY-AK,721,1005,13920,193262,2026-08-18,,6-230-31-B,,Shipped,30006
714280,11610376,99,780,20000,192933,2026-08-06,,6-218-24-E,,Shipped,29956
714281,11610376,1075,780,20000,192933,2026-08-06,,6-218-24-F,,Shipped,29964
714298,11547369,1685,1408,11636,193065,2026-08-12,,TRAVELERRECEIVED,,0,0
714299,11547369,704,1319,10901,193065,2026-08-12,,TRAVELERRECEIVED,,0,0
714300,11547369,1005,1284,10612,193205,2026-08-17,,TRAVELERRECEIVED,,Shipped,30018
714302,11516074,811,837,17621,192908,2026-08-06,,TRAVELERRECEIVED,,Shipped,29956
714303,11516074,1534,939,19768,192908,2026-08-06,,TRAVELERRECEIVED,,Shipped,29954
714304,11549168,1382,,,,2026-08-13,,6-222-48-A,,,
714305,11549168,512,,,,2026-08-17,,6-222-48-b,,,
714306,11549168,1766,,,,2026-08-17,,6-222-49-A,,,
714307,11549168,935,,,,2026-08-17,,6-222-49-b,,,
714308,11549168,1600,,,,2026-08-14,,6-222-49-C,,,
714309,11549168,823,,,,2026-08-14,,6-222-49-D,,,
714310,11549168,1035,,,,2026-08-13,,6-222-49-E,,,
714311,11549168,1414,,,,2026-08-14,,6-222-49-F,,,
714312,11546377,525,940,61039,192696,2026-07-29,,TRAVELERRECEIVED,,Shipped,29921
714313,11546377,394,1112,72208,192696,2026-07-29,,TRAVELERRECEIVED,,Shipped,29939
714314,11546377,288,1118,72597,192696,2026-07-29,,TRAVELERRECEIVED,,Shipped,29934
714315,11546377,1578,959,62273,192696,2026-07-29,,TRAVELERRECEIVED,,Shipped,29932
714316,11546377,515,1091,70844,192696,2026-07-29,,TRAVELERRECEIVED,,Shipped,29927
714317,11546377,555,989,64234,192696,2026-07-29,,TRAVELERRECEIVED,,Shipped,29927
714318,11546377,1022,1197,7727,192696,2026-07-29,,TRAVELERRECEIVED,,Shipped,29927
714319,11546377,864,900,58456,192696,2026-07-29,,TRAVELERRECEIVED,,Shipped,29932
714320,11546377,127,998,64805,192696,2026-07-29,,TRAVELERRECEIVED,,Shipped,29927
714321,11546377,722,1080,70130,192696,2026-07-29,,TRAVELERRECEIVED,,Shipped,29932
714325,11546545,1444,1074,89500,193586,2026-08-29,,,,0,0
714338,06104388AA,1603,835,20218,192761,2026-07-31,,TRAVELERRECEIVED,,Shipped,29939
714339,06104388AA,678,819,19831,192761,2026-07-31,,TRAVELERRECEIVED,,Shipped,29954
714340,06104388AA,1769,893,21622,192761,2026-07-31,,TRAVELERRECEIVED,,0,0
714341,06104388AA,1772,838,20291,192761,2026-07-31,,TRAVELERRECEIVED,,Shipped,29939
714342,06104388AA,439,840,20339,192761,2026-07-31,,TRAVELERRECEIVED,,Shipped,29939
714343,06104388AA,432,832,20145,192761,2026-07-31,,TRAVELERRECEIVED,,Shipped,29954
714344,06104388AA,1720,871,21090,192796,2026-07-31,,TRAVELERRECEIVED,,Shipped,29939
714345,06104388AA,936,794,19225,192796,2026-07-31,,TRAVELERRECEIVED,,Shipped,29946
714346,06104388AA,1432,896,21695,192796,2026-07-31,,TRAVELERRECEIVED,,Shipped,29939
714347,06104388AA,603,786,19031,192796,2026-07-31,,TRAVELERRECEIVED,,Shipped,29954
714348,06104388AA,740,846,20484,192796,2026-07-31,,TRAVELERRECEIVED,,Shipped,29941
714349,06104388AA,499,819,19831,192796,2026-07-31,,TRAVELERRECEIVED,,Shipped,29941
714350,11546367-CA-IN,908,1310,28355,193188,2026-08-17,,TRAVELERRECEIVED,,Shipped,30013
714351,11546367-CA-IN,1712,1271,27511,193188,2026-08-17,,TRAVELERRECEIVED,,Shipped,30018
714352,11546367-CA-IN,1302,592,12814,193188,2026-08-17,,TRAVELERRECEIVED,,Shipped,30013
714365,11549170,317,,,,2026-08-18,,6-226-20-A,,,
714366,11549170,261,,,,2026-08-17,,6-226-20-b,,,
714367,11549170,1680,,,,2026-08-13,,6-222-32-A,,,
714368,11549170,1693,,,,2026-08-13,,6-222-32-B,,,
714369,11549170,1616,,,,2026-08-13,,6-222-32-C,,,
714370,11549170,1802,,,,2026-08-13,,6-222-32-d,,,
714371,11549170,690,,,,2026-08-17,,6-226-19-A,,,
714372,11549170,1628,,,,2026-08-17,,6-226-19-b,,,
714373,11549170,1705,,,,2026-08-11,,6-219-21-a,,,
714374,11549170,424,,,,2026-08-10,,6-219-21-b,,,
714375,11549170,177,,,,2026-08-11,,6-219-20-a,,,
714376,11549170,1515,,,,2026-08-11,,6-219-20-b,,,
714377,11549170,173,,,,2026-08-10,,6-219-20-c,,,
714378,11549170,1408,,,,2026-08-10,,6-219-20-d,,,
714379,11549170,1437,,,,2026-08-12,,6-219-21-c,,,
714380,11549170,435,,,,2026-08-11,,6-219-21-d,,,
714381,11549170,310,,,,2026-08-11,,6-219-20-e,,,
714382,11549170,926,,,,2026-08-11,,6-219-20-f,,,
714383,11549170,136,,,,2026-08-11,,6-219-21-e,,,
714384,11549170,199,,,,2026-08-11,,6-219-21-f,,,
714385,11549170,1424,,,,2026-08-11,,6-219-21-G,,,
714386,11549170,451,,,,2026-08-11,,6-219-21-h,,,
714387,11549170,1587,,,,2026-08-10,,6-219-20-g,,,
714388,11549170,1105,,,,2026-08-11,,6-219-20-h,,,
714389,11549170,1593,,,,2026-08-10,,6-219-20-i,,,
714390,11549170,1543,,,,2026-08-11,,6-219-20-j,,,
714391,11549170,159,,,,2026-08-11,,6-219-20-k,,,
714392,11549170,1790,,,,2026-08-11,,6-219-20-l,,,
714393,24576407-B,263,218,10000,193262,2026-08-18,,6-230-34-A,,Shipped,30006
714394,W705606-S440,KIB,1936,40000,191538,2026-07-22,,6-203-46-A,,Shipped,29895
714395,W705606-S440,KIB,1936,40000,191538,2026-07-22,,SPLIT FROM TR#714395,,Shipped,29911
714396,11548147,KIB,1575,12500,192908,2026-08-06,,TRAVELERRECEIVED,,Shipped,29961
714397,11548147,KIB,1575,12500,192908,2026-08-06,,SPLIT FROM TR#714396,,Shipped,29961
714398,11548147,KIB,1575,12500,192908,2026-08-06,,TRAVELERRECEIVED,,Shipped,29964
714399,11548147,KIB,1575,12500,192908,2026-08-06,,SPLIT FROM TR#714398,,Shipped,29961
714400,11611548,KIB,1462,5000,192761,2026-07-31,,TRAVELERRECEIVED,,Shipped,29939
714401,11611548,KIB,1462,5000,192761,2026-07-31,,SPLIT FROM TR#714400,,Shipped,29939
714402,11611548,KIB,1462,5000,192761,2026-07-31,,TRAVELERRECEIVED,,Shipped,29954
714403,11611548,KIB,1462,5000,192761,2026-07-31,,SPLIT FROM TR#714402,,Shipped,29946
714404,06105102AA,KIB,1736,40000,192796,2026-07-31,,TRAVELERRECEIVED,,Shipped,29939
714405,06105102AA,KIB,1736,40000,192796,2026-07-31,,SPLIT FROM TR#714404,,Shipped,29939
714406,06105048AA,KIB,1468,40000,192796,2026-07-31,,TRAVELERRECEIVED,,Shipped,29934
714407,06105048AA,KIB,1468,40000,192796,2026-07-31,,SPLIT FROM TR#714406,,Shipped,29934
714412,06509967AA,KIB,1320,40000,192761,2026-07-31,,TRAVELERRECEIVED,,Shipped,29934
714413,06509967AA,KIB,1320,40000,192761,2026-07-31,,SPLIT FROM TR#714412,,Shipped,29939
714414,M1482AC,KIB,1224,10000,192761,2026-07-31,,TRAVELERRECEIVED,,Shipped,29932
714415,M1482AC,KIB,1224,10000,192761,2026-07-31,,SPLIT FROM TR#714414,,Shipped,29939
714416,M1482AC,KIB,612,5000,192761,2026-07-31,,TRAVELERRECEIVED,,Shipped,29939
714417,M1482AC,KIB,612,5000,192761,2026-07-31,,SPLIT FROM TR#714416,,Shipped,29932
714420,11546703,1324,920,113580,193267,2026-08-19,,6-229-03-A,,Shipped,30013
714421,11546703,1411,1108,136790,193047,2026-08-11,,6-222-47-A,,Shipped,29974
714422,11546703,542,1051,129753,193267,2026-08-19,,6-229-03-B,,Shipped,30013
714423,11546703,307,948,117037,193229,2026-08-17,,6-229-05-B,,0,0
714424,W716298-S450,1784,1017,133816,192887,2026-08-05,,6-216-38-A,,Shipped,29948
714425,W716298-S450,487,1003,131974,193122,2026-08-13,,6-223-21-A,,Shipped,30006
714426,06511637AA,1708,986,39758,192887,2026-08-05,,6-216-35-A,,Shipped,29954
714427,06511637AA,587,1062,42823,192887,2026-08-05,,6-216-35-B,,Shipped,29964
714428,11561645,1071,965,125325,193079,2026-08-12,,6-217-23-A,,Shipped,29996
714429,11561645,335,894,116104,192887,2026-08-05,,6-217-23-B,,Shipped,29948
714430,92468,238,801,24571,192887,2026-08-05,,6-218-06-A,,Shipped,29946
714431,92468,314,839,25736,192887,2026-08-05,,6-218-06-B,,Shipped,29948
714432,06511672AA-HT,1100,1121,48319,193890,2026-09-09,,6-252-25-A,,0,0
714433,06511672AA-HT,196,976,42069,193890,2026-09-09,,6-252-25-B,,0,0
714434,11546566,65,995,55278,192887,2026-08-05,,6-216-34-A,,Shipped,29970
714435,11546566,1333,762,42333,192887,2026-08-05,,6-216-34-B,,Shipped,29948
714437,11546566,832,891,49500,192887,2026-08-05,,6-216-34-C,,Shipped,29946
714444,11549171-MY-AK,844,1041,9052,192950,2026-08-07,,TRAVELERRECEIVED,,Shipped,29967
714445,11549171-MY-AK,1673,1202,10452,192950,2026-08-07,,TRAVELERRECEIVED,,Shipped,29967
714450,11549171-MY-AK,1443,1042,9061,192950,2026-08-07,,TRAVELERRECEIVED,,Shipped,29967
714451,11549171-MY-AK,1508,1211,10530,192950,2026-08-07,,TRAVELERRECEIVED,,Shipped,29967
714452,11549171-MY-AK,392,1081,9400,192950,2026-08-07,,TRAVELERRECEIVED,,Shipped,29972
714453,11549171-MY-AK,475,1162,10104,192950,2026-08-07,,TRAVELERRECEIVED,,Shipped,29972
714454,47336AE,1430,1087,24372,192950,2026-08-07,,TRAVELERRECEIVED,,Shipped,29970
714455,47336AE,82,1060,23767,192950,2026-08-07,,TRAVELERRECEIVED,,Shipped,29970
714462,NU1405-00,1598,1178,76494,192745,2026-07-30,,6-211-27-A,,Shipped,29949
714463,NU1405-00,1761,1227,79675,192745,2026-07-30,,6-211-27-B,,Shipped,29927
714464,NU1405-00,448,1221,79286,192745,2026-07-30,,6-211-28-A,,Shipped,29927
714465,NU1405-00,1067,1158,75495,192745,2026-07-30,,6-211-28-B,,Shipped,29927
714466,NU1510-00,1381,1151,42000,192899,2026-08-06,,6-217-27-A,,Shipped,29949
714467,NU1510-00,1689,1233,45000,192899,2026-08-06,,6-217-27-B,,0,0
714468,NU1510-00,1612,1206,44000,192745,2026-07-30,,6-211-26-A,,Shipped,29922
714469,NU1510-00,798,1206,44000,192745,2026-07-30,,6-211-26-B,,Shipped,29949
714470,NU1510-00,633,1096,40000,192745,2026-07-30,,6-211-25-C,,Shipped,29922
714471,NU1510-00,1373,1096,40000,192745,2026-07-30,,6-211-25-D,,Shipped,29949
714472,11547369,399,1382,11421,193205,2026-08-17,,,,Shipped,30018
714474,11547369,1431,777,6421,193205,2026-08-17,,TRAVELERRECEIVED,,Shipped,30004
714475,11547369,820,1378,11388,193205,2026-08-17,,TRAVELERRECEIVED,,Shipped,30018
714476,11547369,467,1163,9612,193205,2026-08-17,,TRAVELERRECEIVED,,Shipped,30004
714478,11547369,412,1324,10942,193065,2026-08-12,,TRAVELERRECEIVED,,0,0
714479,11547369,279,1394,11521,193188,2026-08-17,,TRAVELERRECEIVED,,Shipped,30013
714480,11547369,1339,1368,11306,193188,2026-08-17,,TRAVELERRECEIVED,,Shipped,30018
714481,11547369,979,1278,10562,193188,2026-08-17,,TRAVELERRECEIVED,DONE,0,0
714482,11547369,252,1280,10579,193188,2026-08-17,,TRAVELERRECEIVED,,Shipped,30013
714484,11547369,871,1366,11289,193065,2026-08-12,,TRAVELERRECEIVED,,0,0
714486,11547369,67,1358,11223,193065,2026-08-12,,TRAVELERRECEIVED,,0,0
714488,11546364-MY-AK,703,1101,132651,192696,2026-07-29,,TRAVELERRECEIVED,,Shipped,29932
714489,11546364-MY-AK,1651,1113,134096,192696,2026-07-29,,TRAVELERRECEIVED,,Shipped,29946
714490,11546364-MY-AK,176,1001,120602,192696,2026-07-29,,TRAVELERRECEIVED,,Shipped,29932
714491,11546364-MY-AK,389,1124,135422,192696,2026-07-29,,TRAVELERRECEIVED,,Shipped,29921
714492,11546364-MY-AK,341,1019,122771,192696,2026-07-29,,TRAVELERRECEIVED,,Shipped,29934
714493,11546364-MY-AK,655,1088,131084,192696,2026-07-29,,TRAVELERRECEIVED,,Shipped,29921
714494,11546364-MY-AK,1501,980,118072,192696,2026-07-29,,TRAVELERRECEIVED,,Shipped,29921
714495,11546364-MY-AK,1038,1145,137952,192696,2026-07-29,,TRAVELERRECEIVED,,Shipped,29927
714496,40109770,665,1192,8862,192701,2026-07-29,,TRAVELERRECEIVED,,Shipped,29927
714497,40109770,293,1106,8223,192701,2026-07-29,,TRAVELERRECEIVED,,Shipped,29929
714498,40109770,379,1090,8104,192701,2026-07-29,,TRAVELERRECEIVED,,Shipped,29927
714499,40109770,1631,1175,8736,192701,2026-07-29,,TRAVELERRECEIVED,,Shipped,29929
714500,06511701AA,374,1095,78777,192701,2026-07-29,,TRAVELERRECEIVED,,Shipped,29921
714501,06511701AA,427,1041,74892,192701,2026-07-29,,TRAVELERRECEIVED,,Shipped,29927
714502,11546377BR,427,1064,69091,192737,2026-07-30,,TRAVELERRECEIVED,,Shipped,29936
714503,11546377BR,913,996,64675,192737,2026-07-30,,TRAVELERRECEIVED,,Shipped,29946
714504,11546440,834,1195,56905,192761,2026-07-31,,TRAVELERRECEIVED,,Shipped,29961
714505,11546440,148,1133,53952,192761,2026-07-31,,TRAVELERRECEIVED,,Shipped,29961
714506,06101831-A,1776,987,35761,192761,2026-07-31,,TRAVELERRECEIVED,,Shipped,29941
714508,06101831-A,1426,1126,40797,192761,2026-07-31,,TRAVELERRECEIVED,,Shipped,29932
714509,06101831-A,545,1193,43225,192761,2026-07-31,,TRAVELERRECEIVED,,Shipped,29936
714511,06101831-A,1710,1153,41775,192761,2026-07-31,,TRAVELERRECEIVED,,Shipped,29946
714512,06101831-A,1102,1137,41196,192761,2026-07-31,,TRAVELERRECEIVED,,Shipped,29936
714514,06101831-A,1311,1113,40326,192737,2026-07-30,,TRAVELERRECEIVED,,Shipped,29936
714515,06101831-A,713,1036,37536,192737,2026-07-30,,TRAVELERRECEIVED,,Shipped,29946
714516,06101831-A,725,1077,39022,192737,2026-07-30,,TRAVELERRECEIVED,,Shipped,29934
714517,06101831-A,1448,1032,37391,192737,2026-07-30,,TRAVELERRECEIVED,,Shipped,29932
714518,11549169-MY-AK,369,1034,21953,193092,2026-08-13,,TRAVELERRECEIVED,,Shipped,30018
714519,11549169-MY-AK,494,1265,26858,193092,2026-08-13,,TRAVELERRECEIVED,,Shipped,30008
714520,11549169-MY-AK,1365,1090,23142,193092,2026-08-13,,TRAVELERRECEIVED,,Shipped,29998
714521,11549169-MY-AK,1800,1249,26518,193092,2026-08-13,,TRAVELERRECEIVED,,Shipped,29998
714522,06511672AA-HT,1683,1082,46638,193890,2026-09-09,,6-252-26-A,,0,0
714523,06511672AA,321,1015,43750,193530,2026-08-27,,6-238-15-A,,Shipped,30049
714524,11561645-T,1073,959,124545,193480,2026-08-25,,6-236-34-A,,0,0
714525,11561645-T,1630,935,121429,193480,2026-08-25,,6-236-34-B,,0,0
714526,W520113-S440,617,1171,43694,193143,2026-08-14,,TRAVELERRECEIVED,,Shipped,30006
714527,W520113-S440,44,1107,41306,193143,2026-08-14,,TRAVELERRECEIVED,DONE,0,0
714528,W520113-S440,1555,1179,43993,193143,2026-08-14,,TRAVELERRECEIVED,,Shipped,30044
714529,W520113-S440,760,1109,41381,193143,2026-08-14,,TRAVELERRECEIVED,,Shipped,30006
714530,11546366-MY-AK,1101,1167,42130,193205,2026-08-17,,,,Shipped,30004
714531,11546366-MY-AK,1082,1090,39350,193205,2026-08-17,,,,Shipped,29998
714532,11546366-MY-AK,737,1122,40505,193570,2026-08-28,,TRAVELERRECEIVED,,Shipped,30059
714533,11546366-MY-AK,1115,852,30758,193570,2026-08-28,,TRAVELERRECEIVED,,Shipped,30065
714536,11546365-MY-AK,698,1153,67427,193188,2026-08-17,,TRAVELERRECEIVED,,Shipped,30010
714537,11546365-MY-AK,790,1079,63099,193188,2026-08-17,,TRAVELERRECEIVED,DONE,0,0
714538,11546365-MY-AK,1714,1231,71988,193188,2026-08-17,,TRAVELERRECEIVED,,Shipped,30026
714539,11546365-MY-AK,1529,983,57485,193188,2026-08-17,,6-229-20-B,,Shipped,29998
714540,11546365-MY-AK,125,1084,63392,193188,2026-08-17,,TRAVELERRECEIVED,,Shipped,30008
714541,11546365-MY-AK,1663,1106,64678,193188,2026-08-17,,TRAVELERRECEIVED,DONE,0,0
714542,11546367-MY-AK,821,1115,23978,192831,2026-08-04,,TRAVELERRECEIVED,,Shipped,29948
714543,11546367-MY-AK,1632,1119,24065,192831,2026-08-04,,TRAVELERRECEIVED,,Shipped,29939
714546,11546367-MY-AK,95,1173,25226,192831,2026-08-04,,TRAVELERRECEIVED,,Shipped,29941
714547,11546367-MY-AK,1343,1136,24430,192831,2026-08-04,,TRAVELERRECEIVED,,Shipped,29941
714548,11546367-MY-AK,1808,1154,24817,192831,2026-08-04,,TRAVELERRECEIVED,,Shipped,29939
714549,11546367-MY-AK,15,1156,24860,192831,2026-08-04,,TRAVELERRECEIVED,,0,0
714550,11546367-MY-AK,1682,1186,25505,192831,2026-08-04,,TRAVELERRECEIVED,,Shipped,29939
714551,11546367-MY-AK,941,1093,23505,192831,2026-08-04,,TRAVELERRECEIVED,,Shipped,29941
714552,11546367-MY-AK,181,1131,24323,192831,2026-08-04,,TRAVELERRECEIVED,,Shipped,29941
714553,11546367-MY-AK,918,1184,25462,192831,2026-08-04,,TRAVELERRECEIVED,,0,0
714556,11546367-MY-AK,21,1082,23269,192831,2026-08-04,,TRAVELERRECEIVED,,0,0
714557,11546367-MY-AK,1525,1210,26022,192831,2026-08-04,,TRAVELERRECEIVED,,Shipped,29941
714558,06509494AA,1106,1073,27303,192933,2026-08-06,,6-218-40-A,,Shipped,29956
714560,06512834AA,404,706,6976,192887,2026-08-05,,6-218-04-C,,Shipped,29948
714561,06512834AA,1619,994,9822,192887,2026-08-05,,6-218-04-D,,Shipped,29946
714562,06502979-A,289,794,20051,192933,2026-08-06,,6-218-42-A,,Shipped,29961
714563,06502979-A,47,832,21010,192933,2026-08-06,,6-218-42-B,,Shipped,29964
714564,06503825-A,1447,680,52308,192933,2026-08-06,,6-218-19-A,,Shipped,29964
714565,06503825-A,763,830,63846,192933,2026-08-06,,6-218-19-B,,Shipped,29956
714566,06503825-A,901,656,50462,192933,2026-08-06,,6-218-19-C,,Shipped,29956
714567,06503825-A,1580,872,67077,192933,2026-08-06,,6-218-19-D,,Shipped,29956
714568,06511799AA,16 CTNS,419,27200,193627,2026-08-31,,6-243-50-A,,Shipped,30069
714569,06511799AA,36 CTNS,736,47792,193627,2026-08-31,,6-243-50-B,,Shipped,30082
714570,06512349AA,210,533,10967,192933,2026-08-06,,6-218-43-A,,Shipped,29961
714571,06512349AA,1676,380,7819,192933,2026-08-06,,6-218-43-B,,Shipped,29964
714572,55364498AA,170,571,10018,192933,2026-08-06,,6-218-39-A,,Shipped,29961
714573,55364498AA,1053,819,14368,192933,2026-08-06,,6-218-39-B,,Shipped,29961
714574,F1302AB,269,645,20874,193443,2026-08-24,,6-236-35-A,,0,0
714575,F1302AB,540,593,19191,193443,2026-08-24,,6-236-35-B,,0,0
714576,F1302AB,847,617,19968,193443,2026-08-24,,6-232-29-C,,0,0
714577,F1302AB,1554,620,20065,193443,2026-08-24,,6-232-29-D,,0,0
714578,F1302AB,1572,618,20000,193443,2026-08-24,,6-236-35-C,,0,0
714580,F1302AB,522,622,20129,193336,2026-08-20,,6-229-56-A,,Shipped,30018
714581,F1302AB,116,585,18932,193336,2026-08-20,,6-229-56-B,,Shipped,30018
714582,06514720AA,81,923,41765,192887,2026-08-05,,6-217-20-A,,Shipped,29956
714583,06514720AA,332,820,37104,192887,2026-08-05,,6-217-20-B,,Shipped,29948
714584,06514720AA,1698,966,43710,192887,2026-08-05,,6-217-20-C,,Shipped,29948
714585,06514720AA,1398,788,35656,192887,2026-08-05,,6-217-20-D,,Shipped,29948
714586,06514720AA,1108,893,40407,192887,2026-08-05,,6-217-20-E,,Shipped,29956
714587,06514720AA,1388,870,39367,192887,2026-08-05,,6-217-20-F,,Shipped,29946
714588,11561645,1807,1011,131299,192887,2026-08-05,,6-216-33-A,,Shipped,29954
714589,11561645,1787,920,119481,192887,2026-08-05,,6-216-33-B,,Shipped,29964
714590,11609789-IN-MR,976,543,50748,192954,2026-08-07,,6-218-36-A,,Shipped,29964
714596,4200818SHJ5A00Z,817,1064,30663,193378,2026-08-21,,6-233-27-A,look for yellow and orange lock tite inside thread x2,Shipped,30059
714597,4200818SHJ5A00Z,1362,1131,32594,193378,2026-08-21,,6-233-28-A,look for yellow and orange lock tite inside thread x2,Shipped,30046
714598,4200818SHJ5A00Z,470,1034,29798,193378,2026-08-21,,6-233-28-B,look for yellow and orange lock tite inside thread x2,Shipped,30049
714599,4200818SHJ5A00Z,639,1145,32997,193378,2026-08-21,,6-233-28-D,look for yellow and orange lock tite inside thread x2,Shipped,30040
714600,4200818SHJ5A00Z,1688,1087,31326,193378,2026-08-21,,6-233-28-C,look for yellow and orange lock tite inside thread x2,Shipped,30040
714604,HL3W-4320-AA,1678,923,6048,193203,2026-08-17,,6-226-25-A,,0,0
714606,HL3W-4320-AA,175,871,5708,193203,2026-08-17,,6-226-25-B,,Shipped,30037
714607,HL3W-4320-AA,416,968,6343,193530,2026-08-27,,6-238-11-A,,Shipped,0
714608,06100050-A,1635,934,49681,192745,2026-07-30,,6-211-11-A,,Shipped,29929
714610,BL3W-4320-BA-L,707,700,4755,193890,2026-09-09,,6-252-18-A,,0,0
714611,BL3W-4320-BA-L,1079,683,4640,193890,2026-09-09,,6-252-18-B,,0,0
714612,06100050-A,87,998,53085,192745,2026-07-30,,6-211-12-A,,Shipped,29932
714613,06100050-A,663,1065,56649,192745,2026-07-30,,6-211-12-B,,Shipped,29929
714614,06511777AA,784,1400,19471,193262,2026-08-18,,6-229-43-C,,Shipped,30004
714617,06511777AA,486,1394,19388,193262,2026-08-18,,6-229-43-D,,0,0
714618,11549170,1581,,,,2026-08-12,,6-222-30-a,,,
714619,11549170,407,,,,2026-08-12,,6-222-30-B,,,
714621,11549170,237,,,,2026-08-12,,6-222-30-d,,,
714622,11549170,624,,,,2026-08-12,,6-222-30-e,,,
714623,11549170,1664,,,,2026-08-12,,6-222-30-f,,,
714624,11549170,240,,,,2026-08-12,,6-222-30-g,,,
714625,11549170,1054,,,,2026-08-12,,6-222-30-H,,,
714626,11549170,1306,,,,2026-08-11,,6-222-30-i,,,
714627,11549170,1015,,,,2026-08-12,,6-222-30-j,,,
714628,11549170,145,,,,2026-08-17,,6-226-18-a,,,
714629,11549170,563,,,,2026-08-18,,6-226-18-b,,,
714630,11549170,1104,,,,2026-08-18,,6-226-18-c,,,
714631,11549170,1531,,,,2026-08-18,,6-226-18-D,,,
714632,11549170,1385,,,,2026-08-14,,6-222-30-k,,,
714633,11549170,1774,,,,2026-08-13,,6-222-30-l,,,
714634,11549170,899,,,,2026-08-11,,6-222-31-a,,,
714635,11549170,648,,,,2026-08-11,,6-222-31-b,,,
714636,11549170,1013,,,,2026-08-12,,6-222-31-c,,,
714637,11549170,1017,,,,2026-08-13,,6-222-31-d,,,
714640,11549170,914,,,,2026-08-18,,6-226-18-e,,,
714641,11549170,508,,,,2026-08-18,,6-226-18-f,,,
714644,11549170,588,,,,2026-08-13,,6-222-31-I,,,
714645,11549170,58,,,,2026-08-12,,6-222-31-j,,,
714646,11549170,1686,,,,2026-08-13,,6-222-31-k,,,
714648,11546774-MY-AK,1078,916,12687,193262,2026-08-18,,6-230-31-C,,Shipped,30008
714649,11546774-MY-AK,331,1026,14211,193262,2026-08-18,,6-230-31-D,,Shipped,30037
714650,11546774-MY-AK,818,953,13199,193262,2026-08-18,,6-230-31-E,,Shipped,30013
714651,11546774-MY-AK,706,1019,14114,193262,2026-08-18,,6-230-31-F,,Shipped,30006
714652,11546774-MY-AK,219,1064,14737,193262,2026-08-18,,6-230-31-G,DONE,Shipped,30069
714653,11546774-MY-AK,152,1062,14709,193267,2026-08-19,,6-230-31-H,,Shipped,30080
714654,11549204,105,1196,7863,192845,2026-08-04,,TRAVELERRECEIVED,,Shipped,29954
714655,11549204,419,1099,7226,192845,2026-08-04,,TRAVELERRECEIVED,,Shipped,29954
714656,11546774-MY-AK,1099,1025,14197,193295,2026-08-19,,6-230-31-I,,Shipped,30013
714657,11546774-MY-AK,652,931,12895,193267,2026-08-19,,6-230-31-J,DONE,0,0
714658,11549204,1355,1191,7830,192845,2026-08-04,,TRAVELERRECEIVED,,Shipped,29948
714659,11549204,231,1104,7258,192845,2026-08-04,,TRAVELERRECEIVED,,Shipped,29946
714660,11549204,532,1070,7035,192845,2026-08-04,,TRAVELERRECEIVED,,Shipped,29954
714661,11549204,657,1220,8021,192845,2026-08-04,,TRAVELERRECEIVED,,Shipped,29941
714662,11549204,945,1104,7258,192845,2026-08-04,,TRAVELERRECEIVED,,Shipped,29954
714663,11549204,34,1207,7936,192845,2026-08-04,,TRAVELERRECEIVED,,Shipped,29946
714664,11549204,543,1175,7725,192845,2026-08-04,,TRAVELERRECEIVED,,Shipped,29941
714665,11549204,895,1104,7258,192845,2026-08-04,,TRAVELERRECEIVED,,Shipped,29954
714666,11546545,1303,1151,95917,192888,2026-08-06,,TRAVELERRECEIVED,,Shipped,29964
714667,11546545,920,1033,86083,192888,2026-08-06,,TRAVELERRECEIVED,,Shipped,29964
714668,11546545,1300,1087,90583,192888,2026-08-06,,TRAVELERRECEIVED,,Shipped,29964
714669,11546545,1397,1165,97083,192888,2026-08-06,,TRAVELERRECEIVED,,Shipped,29972
714670,11546545,1559,1185,98750,192888,2026-08-06,,TRAVELERRECEIVED,,Shipped,29964
714671,11546545,848,1023,85250,192888,2026-08-06,,TRAVELERRECEIVED,,Shipped,29956
714672,11546545,1773,1086,90500,192888,2026-08-06,,TRAVELERRECEIVED,,Shipped,29972
714673,11546545,396,1154,96167,192888,2026-08-06,,TRAVELERRECEIVED,,Shipped,29964
714675,P7241250,1701,948,61558,193709,2026-09-02,,6-245-19-A,,Shipped,0
714680,11546370-MY-AK,1319,1145,7685,193143,2026-08-14,,TRAVELERRECEIVED,,Shipped,30065
714681,11546370-MY-AK,482,1065,7148,193143,2026-08-14,,TRAVELERRECEIVED,,Shipped,29994
714682,11546370-MY-AK,395,1170,7852,193143,2026-08-14,,TRAVELERRECEIVED,DONE,0,0
714683,11546370-MY-AK,1785,1084,7275,193143,2026-08-14,,TRAVELERRECEIVED,,Shipped,29991
714684,11546370-MY-AK,743,1057,7094,193143,2026-08-14,,TRAVELERRECEIVED,,Shipped,29996
714685,11546370-MY-AK,60,1158,7772,193143,2026-08-14,,TRAVELERRECEIVED,,Shipped,30037
714686,11546370-MY-AK,815,1186,7960,193143,2026-08-14,,TRAVELERRECEIVED,,Shipped,29996
714687,11546370-MY-AK,337,1045,7013,193143,2026-08-14,,TRAVELERRECEIVED,,Shipped,29996
714688,11546370-MY-AK,397,1088,7302,193143,2026-08-14,,TRAVELERRECEIVED,,Shipped,29996
714689,11546370-MY-AK,457,1127,7564,193143,2026-08-14,,TRAVELERRECEIVED,DONE,0,0
714690,W520101-S450,774,1134,128864,193167,2026-08-14,,6-226-15-A,,Shipped,29998
714691,W520101-S450,585,989,112386,193267,2026-08-19,,6-226-15-B,,0,0
714692,W520101-S450,792,1067,121250,193167,2026-08-14,,6-226-16-A,,Shipped,30059
714693,W520101-S442,147,1066,121136,193267,2026-08-19,,6-226-13-A,DONE,Shipped,30059
714694,W520101-S442,650,1100,125000,193267,2026-08-19,,6-226-14-A,,Shipped,30059
714695,W520101-S442,498,1100,125000,193267,2026-08-19,,6-226-14-B,,Shipped,30059
714696,W520101-S450,881,1135,128977,193167,2026-08-14,,6-225-32-A,,Shipped,30018
714697,W520101-S450,933,1106,125682,193167,2026-08-14,,6-225-32-B,,Shipped,30006
714698,W520101-S437,188,1138,129318,193267,2026-08-19,,6-224-29-A,,0,0
714699,W520101-S437,1507,1022,116136,193167,2026-08-14,,6-224-29-B,,Shipped,29991
714700,W520101-S437,1011,1058,120227,193167,2026-08-14,,6-224-30-A,,Shipped,29994
714701,W520101-S437,303,1116,126818,193167,2026-08-14,,6-224-30-B,,Shipped,29991
714702,W520413-S450L,243,1180,76623,193167,2026-08-14,,6-224-26-A,,Shipped,29998
714703,W520413-S450L,1318,891,57857,193122,2026-08-13,,6-224-26-B,,Shipped,29996
714704,W520111-S450B,1417,1193,143735,193167,2026-08-14,,6-225-30-A,,Shipped,30026
714705,W520111-S450B,1357,942,113494,193167,2026-08-14,,6-225-30-B,,Shipped,29994
714706,W520111-S450B,1737,1111,133855,193167,2026-08-14,,6-225-31-A,,Shipped,0
714707,W520111-S450B,443,1028,123855,193167,2026-08-14,,6-225-31-B,,Shipped,29994
714708,N620483-S2,1687,1230,23251,192954,2026-08-07,,6-218-44-A,,Shipped,29967
714709,N620483-S2,851,1144,21626,192954,2026-08-07,,6-218-44-B,,Shipped,29970
714710,11547059,400,1070,23516,193122,2026-08-13,,6-222-35-A,,Shipped,29991
714711,11547059,1312,998,21934,193122,2026-08-13,,6-222-35-B,,Shipped,29998
714712,11547059,83,1030,22637,193122,2026-08-13,,6-222-36-A,,Shipped,29998
714713,11547059,1336,1056,23209,193122,2026-08-13,,6-222-36-B,,Shipped,29991
714714,11602659,1585,1101,19521,193262,2026-08-18,,6-230-40-A,,Shipped,30004
714715,11602659,230,988,17518,193262,2026-08-18,,6-230-40-B,,Shipped,30004
714718,11602659,1518,699,12394,193262,2026-08-18,,6-230-40-C,,Shipped,30004
714719,11602659,529,632,11206,193262,2026-08-18,,6-230-40-D,,Shipped,30008
714720,94012078,1351,869,2846,193047,2026-08-11,,6-222-37-A,,0,0
714721,94012078,1345,678,2221,193047,2026-08-11,,6-222-37-B,,0,0
714722,94012078,1423,822,2692,193047,2026-08-11,,6-222-37-C,,0,0
714723,94012078,1667,700,2293,193047,2026-08-11,,6-222-37-D,,Shipped,29974
715600,06513904AA,149,987,9950,192950,2026-08-07,,TRAVELERRECEIVED,,Shipped,29970
715601,06513904AA,343,1186,11956,192950,2026-08-07,,TRAVELERRECEIVED,,Shipped,29970
715602,06511834AA,23,437,3000,193188,2026-08-17,,TRAVELERRECEIVED,,Shipped,30013
715603,06511834AA,688,437,3000,193188,2026-08-17,,TRAVELERRECEIVED,,Shipped,30013
715604,06511834AA,1083,397,2727,192831,2026-08-04,,TRAVELERRECEIVED,,0,0
715605,06511834AA,593,487,3345,192831,2026-08-04,,TRAVELERRECEIVED,,0,0
715606,06101968-A,1329,994,75303,193092,2026-08-13,,TRAVELERRECEIVED,,Shipped,29996
715607,06101968-A,1066,967,73258,193092,2026-08-13,,TRAVELERRECEIVED,DONE,0,0
715608,11546389,769,926,120260,192761,2026-07-31,,TRAVELERRECEIVED,,Shipped,29957
715609,11546389,1801,972,126234,192761,2026-07-31,,TRAVELERRECEIVED,,Shipped,29957
715610,11546389BR,1768,1012,131429,192761,2026-07-31,,TRAVELERRECEIVED,,Shipped,29946
715611,11546389BR,574,900,116883,192761,2026-07-31,,TRAVELERRECEIVED,,Shipped,29941
715612,06512106AA,102,813,6067,192831,2026-08-04,,TRAVELERRECEIVED,,0,0
715613,06512106AA,694,804,6000,192831,2026-08-04,,TRAVELERRECEIVED,,0,0
715614,11546456,693,944,77377,192831,2026-08-04,,TRAVELERRECEIVED,,Shipped,29948
715615,11546456,187,912,74754,192831,2026-08-04,,TRAVELERRECEIVED,,Shipped,29956
715616,11546456,795,960,78689,192831,2026-08-04,,TRAVELERRECEIVED,,Shipped,29946
715617,11546456,971,912,74754,192831,2026-08-04,,TRAVELERRECEIVED,,Shipped,29954
715618,11546456,793,912,74754,192831,2026-08-04,,TRAVELERRECEIVED,,0,0
715619,11546456,90,922,75574,192831,2026-08-04,,TRAVELERRECEIVED,,Shipped,29948
715620,11546456,677,1010,82787,192831,2026-08-04,,TRAVELERRECEIVED,,Shipped,29954
715621,11546456,1795,881,72213,192831,2026-08-04,,TRAVELERRECEIVED,,Shipped,29948
715665,NU1510-00,953,1096,40000,192899,2026-08-06,,6-217-27-C,,Shipped,29949
715666,NU1510-00,73,1178,43000,192899,2026-08-06,,6-217-27-D,,Shipped,29949
715674,61273,896,745,7035,192933,2026-08-06,,6-218-37-A,,Shipped,29954
715675,61273,418,819,7734,192933,2026-08-06,,6-218-37-B,,Shipped,29956
715676,11588714,KIB,1547,70000,192831,2026-08-04,,TRAVELERRECEIVED,DONE,0,0
715677,11588714,KIB,1547,70000,192831,2026-08-04,,SPLIT FROM TR#715676,,Shipped,29957
715678,11588714,KIB,1547,70000,192831,2026-08-04,,TRAVELERRECEIVED,DONE,0,0
715679,11588714,KIB,1547,70000,192831,2026-08-04,,SPLIT FROM TR#715678,,Shipped,29957
715680,06509967AA,KIB,1320,40000,192908,2026-08-06,,TRAVELERRECEIVED,,Shipped,29974
715681,06509967AA,KIB,1320,40000,192908,2026-08-06,,SPLIT FROM TR#715680,,0,0
715682,06509967AA,KIB,1320,40000,192908,2026-08-06,,TRAVELERRECEIVED,,Shipped,29970
715683,06509967AA,KIB,1320,40000,192908,2026-08-06,,SPLIT FROM TR#715682,,Shipped,29967
715684,06105049AA,KIB,1468,40000,192978,2026-08-10,,TRAVELERRECEIVED,,Shipped,29970
715685,06105049AA,KIB,1468,40000,192978,2026-08-10,,SPLIT FROM TR#715684,,Shipped,29974
715686,11546465,1096,1139,39276,193627,2026-08-31,,6-224-22-A,,Shipped,30059
715687,11546465,752,985,33966,193627,2026-08-31,,6-224-22-B,,Shipped,30059
715701,06104725AA,586,1130,106604,192908,2026-08-06,,TRAVELERRECEIVED,,Shipped,29974
715702,06104725AA,1639,1007,95000,192908,2026-08-06,,TRAVELERRECEIVED,,Shipped,29961
715703,06104725AA,2,1155,108962,192908,2026-08-06,,TRAVELERRECEIVED,,Shipped,29964
715704,06104725AA,939,1146,108113,192908,2026-08-06,,TRAVELERRECEIVED,,Shipped,29972
715705,06104725AA,1526,1036,97736,192908,2026-08-06,,TRAVELERRECEIVED,,Shipped,29964
715706,06104725AA,38,1063,100283,192908,2026-08-06,,TRAVELERRECEIVED,,Shipped,29964
715707,06104725AA,183,1094,103208,192908,2026-08-06,,TRAVELERRECEIVED,,0,0
715708,06104725AA,903,1053,99340,192908,2026-08-06,,TRAVELERRECEIVED,,0,0
715709,06104725AA,629,1050,99057,192908,2026-08-06,,TRAVELERRECEIVED,,Shipped,29964
715710,06104725AA,561,1072,101132,192908,2026-08-06,,TRAVELERRECEIVED,,Shipped,29961
715711,06104725AA,398,1050,99057,192908,2026-08-06,,TRAVELERRECEIVED,,Shipped,29967
715712,NU1510-00,1449,1178,43000,192899,2026-08-06,,6-217-26-A,,Shipped,29949
715713,NU1510-00,370,1123,41000,192899,2026-08-06,,6-217-26-B,,0,0
715714,NU1510-00,1592,1260,46000,192899,2026-08-06,,6-217-25-A,,Shipped,29949
715715,NU1510-00,1804,1151,42000,192899,2026-08-03,,6-217-25-B,,Shipped,29949
715716,11546368-my-ak,634,,,,2026-08-19,,6-229-06-a,,,
715717,11546368-my-ak,846,,,,2026-08-18,,6-229-06-b,,,
715718,11546368-my-ak,977,,,,2026-08-19,,6-229-06-c,,,
715719,11546368-my-ak,1657,,,,2026-08-18,,6-229-06-d,,,
715720,11546368-MY-AK,429,,,,2026-08-19,,6-229-06-E,,,
715721,11546368-MY-AK,778,,,,2026-08-19,,6-229-06-F,,,
715722,11546367-MY-AK,350,1148,24688,193143,2026-08-14,,TRAVELERRECEIVED,,Shipped,30006
715723,11546367-MY-AK,564,1161,24968,193143,2026-08-14,,TRAVELERRECEIVED,,Shipped,30008
715724,11546367-MY-AK,1613,1259,27075,193143,2026-08-14,,TRAVELERRECEIVED,,Shipped,30018
715725,11546367-MY-AK,142,1021,21957,193143,2026-08-14,,TRAVELERRECEIVED,,Shipped,29998
715726,11546368-my-ak,393,,,,2026-08-19,,6-229-06-g,,,
715727,11546368-MY-AK,325,,,,2026-08-19,,6-229-06-H,,,
715728,11546367-MY-AK,928,1173,25226,193143,2026-08-14,,TRAVELERRECEIVED,,Shipped,29998
715729,11546367-MY-AK,212,1100,23656,193143,2026-08-14,,TRAVELERRECEIVED,,Shipped,30006
715730,11546367-MY-AK,1757,1134,24387,193143,2026-08-14,,TRAVELERRECEIVED,,Shipped,30013
715731,11546367-MY-AK,322,1188,25548,193143,2026-08-14,,TRAVELERRECEIVED,,Shipped,30004
715734,11546377,1738,1354,87922,192888,2026-08-06,,TRAVELERRECEIVED,,Shipped,29956
715735,11546377,376,1148,74545,192888,2026-08-06,,TRAVELERRECEIVED,,Shipped,29964
715736,11546377,109,1051,68247,192888,2026-08-06,,TRAVELERRECEIVED,,Shipped,29964
715737,11546377,271,1011,65649,192888,2026-08-06,,TRAVELERRECEIVED,,Shipped,29964
715738,11546377,894,1119,72662,192888,2026-08-06,,TRAVELERRECEIVED,,Shipped,29967
715739,11546377,626,953,61883,192888,2026-08-06,,TRAVELERRECEIVED,,Shipped,29970
715746,W20-1028-020SL,365,1110,8126,192845,2026-08-04,,TRAVELERRECEIVED,,Shipped,29949
715747,W20-1028-020SL,1524,948,6940,192845,2026-08-04,,TRAVELERRECEIVED,,Shipped,29949
715748,W20-1028-020SL,485,1034,7570,192845,2026-08-04,,TRAVELERRECEIVED,,Shipped,29949
715749,W20-1028-020SL,1806,1068,7818,192845,2026-08-04,,TRAVELERRECEIVED,,Shipped,29949
715750,W20-1028-020SL,174,999,7313,192845,2026-08-04,,TRAVELERRECEIVED,,Shipped,29949
715751,W20-1028-020SL,889,1060,7760,192845,2026-08-04,,TRAVELERRECEIVED,,Shipped,29949
715752,11546449,171,1090,92373,193092,2026-08-13,,TRAVELERRECEIVED,DONE,0,0
715753,11546449,1328,958,81186,193092,2026-08-13,,TRAVELERRECEIVED,,Shipped,29991
715754,11546449,734,970,82203,193092,2026-08-13,,TRAVELERRECEIVED,,Shipped,29996
715755,11546449,194,1070,90678,193092,2026-08-13,,TRAVELERRECEIVED,,Shipped,29991
715756,11546449,683,1047,88729,193092,2026-08-13,,TRAVELERRECEIVED,,Shipped,#REF!
715757,11546449,1711,1001,84831,193065,2026-08-12,,TRAVELERRECEIVED,,0,0
715758,11546449,1674,1030,87288,193065,2026-08-12,,TRAVELERRECEIVED,,0,0
715759,11546449,982,1013,85847,193065,2026-08-12,,TRAVELERRECEIVED,,0,0
715760,11546449,619,962,81525,193065,2026-08-12,,TRAVELERRECEIVED,,0,0
715761,11546449,241,1095,92797,193065,2026-08-12,,TRAVELERRECEIVED,,0,0
715762,11546449,268,1012,85763,193092,2026-08-13,,TRAVELERRECEIVED,,Shipped,30008
715763,11546449,702,1050,88983,193092,2026-08-13,,TRAVELERRECEIVED,,Shipped,30004
715764,11546449,32,988,83729,193092,2026-08-13,,TRAVELERRECEIVED,,Shipped,30004
715765,11546449,951,1056,89492,193092,2026-08-13,,TRAVELERRECEIVED,,Shipped,30018
715768,11549168,1767,,,,2026-08-19,,6-229-09-a,,,
715769,11549168,1640,,,,2026-08-20,,6-229-09-b,,,
715770,11549168,1739,,,,2026-08-18,,6-229-10-A,,,
715771,11549168,236,,,,2026-08-20,,6-229-10-B,,,
715772,11549168,1030,,,,2026-08-19,,6-229-11-a,,,
715773,11549168,1315,,,,2026-08-19,,6-229-11-B,,,
715774,11549168,749,,,,2026-08-20,,6-229-10-c,,,
715775,11549168,45,,,,2026-08-19,,6-229-10-d,,,
715776,11549170,765,,,,2026-08-18,,6-226-18-G,,,
715777,11549170,489,,,,2026-08-17,,6-226-18-h,,,
715778,11549170,824,,,,2026-08-20,,6-231-12-e,,,
715779,11549170,1007,,,,2026-08-20,,6-230-12-f,,,
715780,11549170,836,,,,2026-08-22,,6-231-12-A,,,
715781,11549170,643,,,,2026-08-22,,6-231-12-b,,,
715782,11549170,1368,,,,2026-08-17,,6-226-18-i,,,
715783,11549170,691,,,,2026-08-18,,6-226-18-j,,,
715788,11610126,1036,815,32087,193122,2026-08-13,,6-224-07-A,,Shipped,29991
715789,11610126,382,874,34409,193122,2026-08-13,,6-224-07-B,,Shipped,29988
715790,11546566,1416,867,48167,193079,2026-08-12,,6-224-06-A,,Shipped,29977
715791,11546566,515,872,48444,193122,2026-08-13,,6-224-06-B,,Shipped,29988
715792,W711953-S900,605,309,20065,193079,2026-08-12,,6-223-18-A,,Shipped,29987
715794,11602292,513,882,28544,192899,2026-08-06,,6-218-01-A,,Shipped,29952
715795,11602292,1710,765,24757,192899,2026-08-06,,6-218-01-B,,Shipped,29952
715796,11610128,1330,832,29714,193267,2026-08-19,,6-224-05-A,,0,0
715797,11610128,670,902,32214,193267,2026-08-19,,6-224-05-B,,Shipped,30010
715798,11546391,614,613,95781,193530,2026-08-27,,6-239-01-A,,Shipped,30049
715799,1K2GZ0-00,1545,599,93594,193079,2026-08-12,,6-223-17-A,,Shipped,29987
715800,W715851-S450B,282,851,55260,193122,2026-08-13,,6-224-04-A,,Shipped,29988
715801,W715851-S450B,1599,1024,66494,193122,2026-08-13,,6-224-04-B,,Shipped,29987
715802,22800396,161,650,29148,193079,2026-08-12,,6-223-20-A,,Shipped,29977
715804,7151143403,276,982,58107,193079,2026-08-12,,6-224-24-A,,Shipped,29991
715806,11546703,1415,959,118395,193627,2026-08-31,,6-243-51-A,,Shipped,30065
715807,11546703,46,1051,129753,193627,2026-08-31,,6-243-51-B,,Shipped,30059
715808,11546703,1666,933,115185,193627,2026-08-31,,6-243-52-A,,Shipped,30059
715809,11546703,1755,1093,134938,193627,2026-08-31,,6-243-52-B,,Shipped,30061
715810,11602023,882,793,34629,193443,2026-08-24,,6-232-25-A,,0,0
715812,11546703,708,1106,136543,193627,2026-08-31,,6-243-53-A,,Shipped,30065
715813,11546703,1589,925,114198,193627,2026-08-31,,6-243-53-B,,Shipped,30061
715814,11546703-HT,165,1091,134691,193890,2026-09-09,,6-252-24-A,,0,0
715815,11546703-HT,1644,922,113827,193890,2026-09-09,,6-252-24-B,,0,0
715816,11546703,275,1082,133580,193627,2026-08-31,,6-243-54-A,,Shipped,30059
715817,11546703,1521,943,116420,193627,2026-08-31,,6-243-54-B,,Shipped,30057
715818,11549170,972,,,,2026-08-17,,6-226-17-a,,,
715819,11549170,596,,,,2026-08-18,,6-226-17-B,,,
715820,11549170,937,,,,2026-08-20,,6-231-12-C,,,
715821,11549170,76,,,,2026-08-20,,6-231-12-d,,,
715822,11549170,1601,,,,2026-08-18,,6-226-17-c,,,
715823,11549170,1052,,,,2026-08-18,,6-226-17-d,,,
715824,11549170,642,,,,2026-08-17,,6-226-17-e,,,
715825,11549170,566,,,,2026-08-17,,6-226-17-f,,,
715826,11549170,535,,,,2026-08-18,,6-226-17-g,,,
715827,11549170,1439,,,,2026-08-17,,6-226-17-H,,,
715828,11549170,1427,,,,2026-08-17,,6-226-17-i,,,
715829,11549170,1040,,,,2026-08-18,,6-226-17-J,,,
715830,40161567,590,724,4497,192845,2026-08-04,,TRAVELERRECEIVED,,Shipped,29946
715831,40161567,1649,863,5360,192845,2026-08-04,,TRAVELERRECEIVED,,Shipped,29948
715832,PZ18-7P483-AA,27TOTES,755,5600,193336,2026-08-20,,6-210-20-A,,0,0
715834,NU5210-03,526,1096,40000,192852,2026-08-04,,6-216-32-A,,Shipped,29949
715835,NU5210-03,523,1123,41000,192887,2026-08-05,,6-217-22-A,,Shipped,29949
715836,NU1510-00,193,1096,40000,192989,2026-08-10,,6-222-38-A,,0,0
715837,NU1510-00,1662,1151,42000,192989,2026-08-10,,6-222-38-B,,0,0
715838,NU1510-00,49,1151,42000,192899,2026-08-06,,6-217-26-C,,Shipped,29949
715840,06510997AA,1763,684,2280,192950,2026-08-07,,TRAVELERRECEIVED,,Shipped,29967
715841,06510997AA,658,689,2297,192950,2026-08-07,,TRAVELERRECEIVED,,Shipped,29967
715842,06510997AA,874,660,2200,192950,2026-08-07,,TRAVELERRECEIVED,,Shipped,29967
715843,06510997AA,923,698,2327,192950,2026-08-07,,TRAVELERRECEIVED,,0,0
715844,06510997AA,1547,641,2137,192950,2026-08-07,,TRAVELERRECEIVED,,Shipped,29967
715845,06510997AA,1695,709,2363,192950,2026-08-07,,TRAVELERRECEIVED,,Shipped,29967
715846,06104384AA,530,935,24735,193092,2026-08-13,,TRAVELERRECEIVED,,Shipped,29991
715847,06104384AA,789,85,21561,193092,2026-08-13,,TRAVELERRECEIVED,,Shipped,29994
715848,11546465,232,1068,36828,193627,2026-08-31,,6-224-22-C,,Shipped,30059
715849,11546465,1646,1030,35517,193627,2026-08-31,,6-224-22-D,,Shipped,30059
715853,06101831-A,1627,1135,41123,192981,2026-08-10,,TRAVELERRECEIVED,,0,0
715854,06101831-A,632,1096,39710,192981,2026-08-10,,TRAVELERRECEIVED,,Shipped,29972
715855,06101831-A,1043,1071,38804,192981,2026-08-10,,TRAVELERRECEIVED,,Shipped,29974
715857,06101831-A,709,1066,38623,192981,2026-08-10,,TRAVELERRECEIVED,,Shipped,29974
715858,06101831-A,227,1025,37138,192981,2026-08-10,,TRAVELERRECEIVED,,Shipped,29972
715859,06101831-A,1791,1025,37138,192888,2026-08-06,,TRAVELERRECEIVED,,Shipped,29961
715861,06101831-A,1093,958,34710,192888,2026-08-06,,TRAVELERRECEIVED,,Shipped,29956
715862,06101831-A,1540,1167,42283,192888,2026-08-06,,TRAVELERRECEIVED,,Shipped,29954
715863,06101831-A,1575,965,34964,192888,2026-08-06,,TRAVELERRECEIVED,,Shipped,29956
715864,06104388AA,1765,821,19879,192981,2026-08-10,,TRAVELERRECEIVED,,0,0
715865,06104388AA,1571,883,21380,192981,2026-08-10,,TRAVELERRECEIVED,,0,0
715866,06104388AA,843,911,22058,192981,2026-08-10,,TRAVELERRECEIVED,,0,0
715867,06104388AA,29,758,18354,192981,2026-08-10,,TRAVELERRECEIVED,,0,0
715868,06104388AA,178,865,20944,193065,2026-08-12,,,,0,0
715869,06104388AA,1602,786,19031,193065,2026-08-12,,,,0,0
715870,06104388AA,735,898,21743,193065,2026-08-12,,,,0,0
715871,06104388AA,223,761,18426,193065,2026-08-12,,,,0,0
715872,11549204,1764,1224,8047,192950,2026-08-07,,TRAVELERRECEIVED,,Shipped,29967
715873,11549204,387,1099,7226,192950,2026-08-07,,TRAVELERRECEIVED,,0,0
715874,11549204,1551,1110,7298,192950,2026-08-07,,TRAVELERRECEIVED,,Shipped,29970
715875,11549204,445,1188,7811,192950,2026-08-07,,TRAVELERRECEIVED,,Shipped,29967
715876,11549204,333,1189,7817,192950,2026-08-07,,TRAVELERRECEIVED,,0,0
715877,11549204,421,1124,7390,192950,2026-08-07,,TRAVELERRECEIVED,,Shipped,29967
715878,11549204,687,1230,8087,192950,2026-08-07,,TRAVELERRECEIVED,,Shipped,29967
715879,11549204,1558,1067,7015,192950,2026-08-07,,TRAVELERRECEIVED,,Shipped,29967
715880,11549204,1833,1250,8218,192950,2026-08-07,,TRAVELERRECEIVED,,Shipped,29972
715881,11549204,1834,1110,7298,192950,2026-08-07,,TRAVELERRECEIVED,,Shipped,29967
715882,11549204,1827,1226,8060,192950,2026-08-07,,TRAVELERRECEIVED,,Shipped,29970
715883,11549204,1828,1136,7469,192950,2026-08-07,,TRAVELERRECEIVED,,Shipped,29972
715884,11549204,1577,1259,8277,192950,2026-08-07,,TRAVELERRECEIVED,,Shipped,29970
715885,11549204,969,1059,6963,192950,2026-08-07,,TRAVELERRECEIVED,,Shipped,29967
715948,11546366-MY-AK,525,1143,41264,193371,2026-08-21,,TRAVELERRECEIVED,DONE,0,0
715949,11546366-MY-AK,51,1118,40361,193371,2026-08-21,,,DONE,0,0
715950,11546366-MY-AK,1631,1105,39892,193371,2026-08-21,,TRAVELERRECEIVED,DONE,0,0
715951,11546366-MY-AK,1428,1154,41661,193371,2026-08-21,,TRAVELERRECEIVED,DONE,0,0
715952,11546369-MY-AK,1377,1158,10321,193398,2026-08-24,,TRAVELERRECEIVED,DONE,Shipped,30044
715953,11546369-MY-AK,389,1051,9367,193398,2026-08-24,,TRAVELERRECEIVED,DONE,0,0
715954,11549169-MY-AK,217,1158,24586,193092,2026-08-13,,TRAVELERRECEIVED,DONE,0,0
715955,11549169-MY-AK,925,1149,24395,193092,2026-08-13,,TRAVELERRECEIVED,,Shipped,29998
715956,11549169-MY-AK,293,1137,24140,193065,2026-08-12,,TRAVELERRECEIVED,,0,0
715957,11549169-MY-AK,132,1172,24883,193065,2026-08-12,,TRAVELERRECEIVED,,0,0
715958,11549169-MY-AK,1429,1115,23673,193065,2026-08-12,,TRAVELERRECEIVED,,0,0
715959,11549169-MY-AK,1574,1205,25584,193065,2026-08-12,,TRAVELERRECEIVED,,0,0
715960,11549169-MY-AK,139,1178,25011,193065,2026-08-12,,TRAVELERRECEIVED,,0,0
715961,11549169-MY-AK,1582,1110,23567,193065,2026-08-12,,TRAVELERRECEIVED,,0,0
715962,11546378-MY-AK,1056,1152,44138,193322,2026-08-20,,TRAVELERRECEIVED,DONE,0,0
715963,11546378-MY-AK,1033,1124,43065,193322,2026-08-20,,TRAVELERRECEIVED,DONE,0,0
715964,11546378-MY-AK,712,1199,45939,193322,2026-08-20,,TRAVELERRECEIVED,DONE,0,0
715965,11546378-MY-AK,248,1087,41648,193322,2026-08-20,,TRAVELERRECEIVED,DONE,0,0
715966,11546365-MY-AK,808,1178,68889,193371,2026-08-21,,TRAVELERRECEIVED,,0,0
715967,11546365-MY-AK,57,1099,64269,193371,2026-08-21,,TRAVELERRECEIVED,DONE,0,0
715968,11546365-MY-AK,1696,1199,70117,193371,2026-08-21,,TRAVELERRECEIVED,DONE,0,0
715969,11546365-MY-AK,860,1087,63567,193371,2026-08-21,,TRAVELERRECEIVED,DONE,0,0
715970,NU3019-00,1325,1058,5067,193047,2026-08-11,,6-223-12-A,,0,0
715971,NU3019-00,1374,1048,5019,193047,2026-08-11,,6-223-12-B,,0,0
715972,NU3019-00,507,1087,5206,193047,2026-08-11,,6-223-12-C,,0,0
715973,NU3019-00,154,1018,4875,193512,2026-08-26,,6-238-12-A,,0,0
715974,NU3019-00,560,1106,5297,193047,2026-08-11,,6-223-12-D,,0,0
715975,NU3019-00,197,993,4756,193047,2026-08-11,,6-223-12-E,,0,0
715976,NU3019-00,1584,1052,5038,193047,2026-08-11,,6-223-12-F,,0,0
715977,NU3019-00,1604,1054,5048,193047,2026-08-11,,6-223-12-G,,0,0
715978,NU3019-00,578,991,4746,193047,2026-08-11,,6-223-12-H,,0,0
715979,NU3019-00,1626,1109,5311,193047,2026-08-11,,6-223-12-I,,0,0
715980,NU3019-00,1049,1037,4966,193047,2026-08-11,,6-223-11-A,,0,0
715981,NU3019-00,198,1044,5000,193047,2026-08-11,,6-223-11-B,,0,0
715982,W520217-S440,300,1113,5096,193407,2026-08-24,,TRAVELERRECEIVED,,Shipped,30031
715983,W520217-S440,1706,1077,4931,193407,2026-08-24,,TRAVELERRECEIVED,,Shipped,30031
715984,W520217-S440,16,1103,5050,193407,2026-08-24,,TRAVELERRECEIVED,,Shipped,30031
715985,W520217-S440,782,1068,4890,193407,2026-08-24,,TRAVELERRECEIVED,DONE,Shipped,30037
715986,W520217-S440,826,1128,5165,193398,2026-08-24,,TRAVELERRECEIVED,DONE,0,0
715987,W520217-S440,557,1056,4835,193398,2026-08-24,,TRAVELERRECEIVED,DONE,0,0
715988,W520217-S440,710,1184,5421,193407,2026-08-24,,TRAVELERRECEIVED,,Shipped,30031
715989,W520217-S440,1550,1005,4602,193407,2026-08-24,,TRAVELERRECEIVED,,Shipped,30030
715990,W520414-S440,1402,879,33678,192978,2026-08-10,,TRAVELERRECEIVED,,Shipped,29972
715991,W520414-S440,662,1068,40920,192978,2026-08-10,,TRAVELERRECEIVED,,Shipped,29972
715992,11609280,115,772,41283,193398,2026-08-24,,TRAVELERRECEIVED,DONE,Shipped,0
715993,11609280,1112,929,49679,193398,2026-08-24,,TRAVELERRECEIVED,DONE,Shipped,0
715994,11611122,184,727,48467,193751,2026-09-03,,6-243-49-A,,0,0
715998,W520412-S442,1067,1025,131410,193480,2026-08-25,,6-231-16-A,,0,0
715999,W520412-S442,480,855,109615,193480,2026-08-25,,6-231-16-B,,0,0
716000,11546571,341,872,52216,193079,2026-08-12,,6-223-14-A,,Shipped,30044
716001,11546571,1074,771,46168,193079,2026-08-12,,6-223-14-B,,Shipped,30037
716002,11546571,87,942,56407,193267,2026-08-19,,6-223-14-C,,Shipped,30010
716003,11546571,1753,748,44790,193079,2026-08-12,,6-223-14-D,,Shipped,0
716004,06503825-A,575,474,57462,193443,2026-08-24,,6-229-54-A,OILY PART NEED TUMBLE,0,0
716005,06503825-A,1548,760,58462,193443,2026-08-24,,6-229-54-B,OILY PART NEED TUMBLE,0,0
716006,06503825-A,495,757,58231,193267,2026-08-19,,6-229-54-C,,Shipped,30008
716007,06503825-A,1501,717,55154,193267,2026-08-19,,6-229-54-D,,Shipped,0
716008,06503825-A,259,745,57308,193336,2026-08-20,,6-229-54-C,DONE,0,0
716009,06503825-A,672,725,55769,193295,2026-08-19,,6-229-54-D,,Shipped,30059
716010,06512834AA,1504,966,9545,193267,2026-08-19,,6-229-60-A,,Shipped,30010
716011,06512834AA,1016,767,7579,193267,2026-08-19,,6-229-60-B,,Shipped,30013
716012,06502979-A,473,852,21515,193443,2026-08-24,,6-229-61-A,,0,0
716013,06502979-A,1114,782,19747,193443,2026-08-24,,6-229-61-B,,0,0
716014,F1302AB-HT,1107,612,19806,193949,2026-09-10,,6-253-24-A,,0,0
716015,F1302AB-HT,362,620,20065,193949,2026-09-10,,6-253-24-B,,0,0
716016,F1302AB-HT,1024,669,21650,193949,2026-09-10,,6-253-24-C,,0,0
716017,F1302AB-HT,146,573,18544,193949,2026-09-10,,6-253-24-D,,0,0
716018,F1302AB-HT,909,539,17443,193949,2026-09-10,,6-253-24-E,,0,0
716019,F1302AB-HT,1672,693,22427,193949,2026-09-10,,6-253-24-F,,0,0
716020,06105051AA,292,818,17479,193267,2026-08-19,,6-229-59-A,,Shipped,30013
716021,06105051AA,1002,680,14530,193267,2026-08-19,,6-229-59-B,,Shipped,30010
716022,55364498AA,984,652,11439,193267,2026-08-19,,,,Shipped,30042
716023,55364498AA,1648,743,13035,193267,2026-08-19,,,,Shipped,30039
716024,40179994,1383,1013,5662,193480,2026-08-25,,6-231-17-A,,0,0
716025,40179994,625,701,3918,193480,2026-08-25,,6-231-17-B,,0,0
716026,06509475AA,1370,1141,17367,193843,2026-09-03,,6-245-22-A,,Shipped,30092
716028,06512732AA,676,620,15938,193443,2026-08-24,,6-229-58-A,,0,0
716029,06512732AA,1596,531,13650,193267,2026-08-19,,6-229-58-B,,Shipped,30030
716030,11547369-BR-HA,107,1235,10207,193398,2026-08-24,,TRAVELERRECEIVED,DONE,Shipped,30044
716032,11547369-BR-HA,464,1038,8579,193371,2026-08-21,,TRAVELERRECEIVED,DONE,0,0
716034,11547369-BR-HA,1752,1480,12231,193371,2026-08-21,,TRAVELERRECEIVED,DONE,0,0
716038,11547369-BR-HA,291,1380,11405,193398,2026-08-24,,TRAVELERRECEIVED,DONE,Shipped,30037
716040,11547369-BR-HA,1821,1350,11157,193398,2026-08-24,,TRAVELERRECEIVED,DONE,Shipped,30030
716042,11547369-BR-HA,1822,1465,12107,193371,2026-08-21,,TRAVELERRECEIVED,DONE,0,0
716052,11611122-BR-HA,942,169,11250,193709,2026-09-02,,6-244-02-A,,Shipped,0
716074,11546437-MY-AK,794,1155,88846,192978,2026-08-10,,TRAVELERRECEIVED,,0,0
716075,11546437-MY-AK,1848,1103,84846,192978,2026-08-10,,TRAVELERRECEIVED,,0,0
716076,11546437-MY-AK,1038,1076,82769,192978,2026-08-10,,TRAVELERRECEIVED,,0,0
716077,11546437-MY-AK,154,1136,87385,192978,2026-08-10,,TRAVELERRECEIVED,,0,0
716078,11546437-MY-AK,1838,1084,83385,192978,2026-08-10,,TRAVELERRECEIVED,,0,0
716079,11546437-MY-AK,555,1165,89615,192978,2026-08-10,,TRAVELERRECEIVED,,0,0
716080,06101968-A,1839,1061,80379,192981,2026-08-10,,TRAVELERRECEIVED,,Shipped,29974
716081,06101968-A,1840,972,73636,192981,2026-08-10,,TRAVELERRECEIVED,,0,0
716082,W520203-S440,KIB,1794,60000,192852,2026-08-04,,6-216-30-A,,Shipped,29954
716083,W520203-S440,KIB,1794,60000,192852,2026-08-04,,SPLIT FROM TR#716082,,Shipped,29954
716084,94012038,388,362,46410,193079,2026-08-12,,6-223-19-A,,Shipped,29991
716087,94012039,1048,720,57600,193295,2026-08-19,,6-231-14-A,DONE,0,0
716088,06513404AA,1826,1160,4647,193229,2026-08-17,,6-219-01-A,,Shipped,29996
716089,06513404AA,1832,1090,4367,193229,2026-08-17,,6-219-01-B,,Shipped,30054
716090,06513404AA,1816,1099,4403,193229,2026-08-17,,6-219-01-C,,Shipped,29996
716091,06513404AA,1815,1153,4619,193229,2026-08-17,,6-219-01-D,,Shipped,30004
716092,06513404AA,1824,1123,4499,193229,2026-08-17,,6-219-01-E,,Shipped,30069
716093,06513404AA,1825,1133,4539,193229,2026-08-17,,6-219-01-F,,Shipped,29996
716094,06513404AA,1849,1130,4527,193229,2026-08-17,,6-219-01-G,,Shipped,29996
716095,06513404AA,1850,1123,4499,193229,2026-08-17,,6-219-01-H,,Shipped,30037
716096,06105049AA,178,,,193065,2026-08-12,,TRAVELERRECEIVED,WAS TR#715868-06104388AA,Shipped,#REF!
716097,06105049AA,1602,,,193065,2026-08-12,,TRAVELERRECEIVED,WAS TR#715869-06104388AA,Shipped,30030
716098,06105049AA,735,,,193065,2026-08-12,,TRAVELERRECEIVED,WAS TR#715870-06104388AA,Shipped,29987
716099,06105049AA,223,,,193065,2026-08-12,,TRAVELERRECEIVED,WAS TR#715871-06104388AA,Shipped,29987
716100,11548147,KIB,1575,12500,192981,2026-08-10,,TRAVELERRECEIVED,,Shipped,29970
716101,11548147,KIB,1575,12500,192981,2026-08-10,,SPLIT FROM TR#716100,,Shipped,29970
716102,06105048AA,KIB,1468,40000,193143,2026-08-14,,TRAVELERRECEIVED,,Shipped,30004
716103,06105048AA,KIB,1468,40000,193143,2026-08-14,,SPLIT FROM TR#716102,,Shipped,29996
716108,06105102AA,KIB,1736,40000,192981,2026-08-10,,TRAVELERRECEIVED,,Shipped,29970
716109,06105102AA,KIB,1736,40000,192981,2026-08-10,,SPLIT FROM TR#716108,,Shipped,29970
716110,06105102AA,KIB,1736,40000,192981,2026-08-10,,TRAVELERRECEIVED,,Shipped,29974
716111,06105102AA,KIB,1736,40000,192981,2026-08-10,,SPLIT FROM TR#716110,,0,0
716114,06105102AA,KIB,1736,40000,192981,2026-08-10,,TRAVELERRECEIVED,,Shipped,29974
716115,06105102AA,KIB,1736,40000,192981,2026-08-10,,SPLIT FROM TR#716114,,0,0
716116,06105102AA,KIB,1736,40000,192981,2026-08-10,,TRAVELERRECEIVED,,Shipped,29970
716117,06105102AA,KIB,1736,40000,192981,2026-08-10,,SPLIT FROM TR#716116,,Shipped,29970
716118,06105102AA,KIB,1736,40000,192981,2026-08-10,,TRAVELERRECEIVED,,Shipped,29970
716119,06105102AA,KIB,1736,40000,192981,2026-08-10,,SPLIT FROM TR#716118,,Shipped,29970
716120,11546368-MY-AK,35,,,,2026-08-26,,6-237-12-A,,,
716121,11546368-my-ak,1337,,,,2026-08-28,,6-237-12-b,,,
716122,11546368-my-ak,103,,,,2026-08-26,,6-237-12-c,,,
716123,11546368-MY-AK,1114,,,,2026-08-28,,6-237-12-D,,,
716124,11546368-MY-AK,1635,,,,2026-08-29,,6-237-13-A,,,
716125,11546368-my-ak,22,,,,2026-08-29,,6-237-13-b,,,
716126,11546368-my-ak,129,,,,2026-08-28,,6-237-13-C,,,
716127,11546368-my-ak,484,,,,2026-08-29,,6-237-13-d,,,
716128,11546368-MY-AK,448,,,,2026-08-26,,6-237-12-E,,,
716129,11546368-my-ak,1761,,,,2026-08-26,,6-237-12-f,,,
716130,11546367-MY-AK,1583,1179,25355,193252,2026-08-18,,TRAVELERRECEIVED,DONE,0,0
716131,11546367-MY-AK,663,1123,24151,193252,2026-08-18,,TRAVELERRECEIVED,DONE,Shipped,30044
716132,11546367-MY-AK,158,1155,24839,193322,2026-08-20,,TRAVELERRECEIVED,,0,0
716133,11546367-MY-AK,722,1150,24731,193322,2026-08-20,,TRAVELERRECEIVED,,Shipped,30024
716134,11546367-MY-AK,1031,1107,23806,193322,2026-08-20,,TRAVELERRECEIVED,,Shipped,30069
716135,11546367-MY-AK,439,1178,25333,193322,2026-08-20,,TRAVELERRECEIVED,DONE,0,0
716136,11546367-MY-AK,245,1160,24946,193252,2026-08-18,,TRAVELERRECEIVED,DONE,0,0
716137,11546367-MY-AK,176,1125,24194,193252,2026-08-18,,TRAVELERRECEIVED,DONE,0,0
716138,11546367-MY-AK,101,1150,24731,193322,2026-08-20,,TRAVELERRECEIVED,,Shipped,#REF!
716139,11546367-MY-AK,432,1142,24559,193322,2026-08-20,,TRAVELERRECEIVED,DONE,Shipped,30031
716150,NU1405-00,788,1110,72078,192989,2026-08-10,,6-222-39-A,,0,0
716151,NU1405-00,66,1450,94156,192989,2026-08-10,,6-222-39-B,,0,0
716152,06511701AA,892,1147,82518,192981,2026-08-10,,TRAVELERRECEIVED,,0,0
716153,06511701AA,258,1006,72374,192981,2026-08-10,,TRAVELERRECEIVED,,0,0
716156,11546437-MY-AK,1305,1114,85692,192978,2026-08-10,,TRAVELERRECEIVED,,0,0
716157,11546437-MY-AK,5,1360,104615,192978,2026-08-10,,TRAVELERRECEIVED,,0,0
716158,11546437-MY-AK,873,1070,82308,192978,2026-08-10,,TRAVELERRECEIVED,,0,0
716159,11546437-MY-AK,1510,1412,108615,192978,2026-08-10,,TRAVELERRECEIVED,,0,0
716160,11546437-MY-AK,1811,1123,86385,192978,2026-08-10,,TRAVELERRECEIVED,,0,0
716161,11546437-MY-AK,1835,1123,86385,192978,2026-08-10,,TRAVELERRECEIVED,,0,0
716162,06511847AA,912,978,25141,193188,2026-08-17,,TRAVELERRECEIVED,DONE,0,0
716163,06511847AA,427,904,23239,193188,2026-08-17,,TRAVELERRECEIVED,,Shipped,30013
716164,117546774-MY-AK,1311,890,12327,193665,2026-09-01,,6-243-37-A,,Shipped,0
716165,117546774-MY-AK,71,1060,14681,193665,2026-09-01,,6-243-37-B,,Shipped,0
716166,11548414,878,1135,17597,192978,2026-08-10,,TRAVELERRECEIVED,,Shipped,29972
716167,11548414,108,1084,16806,192978,2026-08-10,,TRAVELERRECEIVED,,Shipped,29972
716168,11548414,1409,1137,17628,192978,2026-08-10,,TRAVELERRECEIVED,,0,0
716169,11548414,1539,1065,16512,192978,2026-08-10,,TRAVELERRECEIVED,,Shipped,29972
716170,11546463,233,1036,16037,192978,2026-08-10,,TRAVELERRECEIVED,,0,0
716171,11546463,584,935,14474,192978,2026-08-10,,TRAVELERRECEIVED,,0,0
716172,11546463,1000,1027,15898,192978,2026-08-10,,TRAVELERRECEIVED,,0,0
716173,11546463,42,945,14628,192978,2026-08-10,,TRAVELERRECEIVED,,0,0
716174,11546774-MY-AK,694,937,12978,193751,2026-09-03,,6-243-37-C,,0,0
716175,117546774-MY-AK,102,1024,14183,193665,2026-09-01,,6-243-37-D,,Shipped,0
716176,11546462,374,870,21750,192981,2026-08-10,,TRAVELERRECEIVED,,0,0
716177,11546462,837,933,23325,192981,2026-08-10,,TRAVELERRECEIVED,,0,0
716178,11546463,318,1027,15898,192981,2026-08-10,,TRAVELERRECEIVED,,0,0
716179,11546463,148,956,14799,192981,2026-08-10,,TRAVELERRECEIVED,,0,0
716180,11546463,1720,1021,15805,192981,2026-08-10,,TRAVELERRECEIVED,,0,0
716181,11546463,1446,931,14412,192981,2026-08-10,,TRAVELERRECEIVED,,0,0
716182,11546462,100,892,22300,192981,2026-08-10,,TRAVELERRECEIVED,,0,0
716183,11546462,1432,912,22800,192981,2026-08-10,,TRAVELERRECEIVED,,Shipped,29974
716184,11546462,798,981,24525,192978,2026-08-10,,TRAVELERRECEIVED,,Shipped,29972
716185,11546462,1037,832,20800,192978,2026-08-10,,TRAVELERRECEIVED,,Shipped,29974
716186,11546462,830,888,22200,192978,2026-08-10,,TRAVELERRECEIVED,,0,0
716187,11546462,1578,946,23650,192978,2026-08-10,,TRAVELERRECEIVED,,Shipped,29972
716188,11546545,678,1117,93083,192888,2026-08-06,,TRAVELERRECEIVED,,Shipped,29956
716189,11546545,499,1056,88000,192888,2026-08-06,,TRAVELERRECEIVED,,Shipped,29954
716190,11546545,117,1044,87000,192888,2026-08-06,,TRAVELERRECEIVED,,Shipped,29954
716191,11546545,814,1145,95417,192888,2026-08-06,,TRAVELERRECEIVED,,Shipped,29964
716192,11546545,222,1096,91333,192888,2026-08-06,,TRAVELERRECEIVED,,Shipped,29956
716193,11546545,1371,1079,89917,192888,2026-08-06,,TRAVELERRECEIVED,,Shipped,29956
716200,06513734AA,581,810,78641,192899,2026-08-06,,6-218-17-A,,Shipped,29948
716202,40161567,186,833,5174,192950,2026-08-07,,TRAVELERRECEIVED,,Shipped,29964
716203,40161567,938,766,4758,192950,2026-08-07,,TRAVELERRECEIVED,,Shipped,29964
716204,40161567,153,841,5224,192950,2026-08-07,,TRAVELERRECEIVED,,Shipped,29965
716205,40161567,1603,779,4839,192950,2026-08-07,,TRAVELERRECEIVED,,Shipped,29965
716206,40161567,1653,881,5472,192950,2026-08-07,,TRAVELERRECEIVED,,Shipped,29965
716207,40161567,20,745,4627,192950,2026-08-07,,TRAVELERRECEIVED,,Shipped,29965
716208,11549170,870,,,,2026-08-22,,6-231-09-A,,,
716209,11549170,1719,,,,2026-08-20,,6-231-09-b,,,
716210,11549170,256,,,,2026-08-22,,6-231-09-c,,,
716211,11549170,717,,,,2026-08-21,,6-231-09-d,,,
716212,11549170,665,,,,2026-08-22,,6-231-09-k,,,
716213,11549170,379,,,,2026-08-22,,6-231-09-e,,,
716214,11549170,907,,,,2026-08-21,,6-231-09-f,,,
716215,11549170,681,,,,2026-08-21,,6-231-09-g,,,
716216,11549170,579,,,,2026-08-20,,6-231-09-h,,,
716217,11549170,420,,,,2026-08-21,,6-231-09-i,,,
716218,11549170,277,,,,2026-08-21,,6-231-09-j,,,
716219,11549170,41,,,,2026-08-21,,6-231-10-a,,,
716220,11549170,654,,,,2026-08-22,,6-231-10-b,,,
716221,11549170,1717,,,,2026-08-24,,6-231-10-c,,,
716222,11549170,965,,,,2026-08-21,,6-231-10-d,,,
716223,11549170,862,,,,2026-08-24,,6-231-10-e,,,
716224,11549170,1788,,,,2026-08-21,,6-231-10-f,,,
716225,11549170,367,,,,2026-08-20,,6-231-10-G,,,
716226,11549170,1538,,,,2026-08-22,,6-231-10-h,,,
716227,11549170,118,,,,2026-08-21,,6-230-10-i,,,
716228,11549168,1606,1117,41679,193585,2026-08-28,,6-240-23-A,,0,0
716229,11549168,428,1146,42761,193585,2026-08-28,,6-240-23-B,,0,0
716230,11549168,360,1211,45187,193550,2026-08-27,,6-239-22-A,,0,0
716231,11549168,1519,1075,40112,193550,2026-08-27,,6-239-22-B,,Shipped,30043
716232,11549168,968,1116,41642,193550,2026-08-27,,6-239-20-A,,0,0
716233,11549168,1695,1147,42799,193550,2026-08-27,,6-239-20-B,,0,0
716234,W520101-S437,202,1010,114773,193480,2026-08-25,,6-237-21-A,,0,0
716235,W520101-S437,793,1126,127955,193480,2026-08-25,,6-237-21-B,,0,0
716236,W520101-S442,1537,1087,123523,193480,2026-08-25,,6-237-15-A,,0,0
716237,W520101-S450,206,1087,123523,193709,2026-09-02,,6-245-18-A,,Shipped,0
716238,N620483-S2,1682,1140,21550,193443,2026-08-24,,6-233-37-A,DONE,0,0
716239,N620483-S2,329,1200,22684,193443,2026-08-24,,6-233-37-B,DONE,0,0
716240,61273,281,724,6837,193443,2026-08-24,,6-232-30-A,,0,0
716241,61273,574,816,7705,193443,2026-08-24,,6-232-30-B,,0,0
716242,61273,833,740,6988,193443,2026-08-24,,6-232-30-C,,0,0
716243,61273,1801,816,7705,193443,2026-08-24,,6-232-30-D,,0,0
716244,82253,940,1045,43908,193480,2026-08-25,,6-236-30-A,,0,0
716245,82253,1087,1007,42311,193480,2026-08-25,,6-236-30-B,,0,0
716246,NU3014-02,68,1113,10018,193167,2026-08-14,,6-226-21-A,,Shipped,30011
716247,NU3014-02,552,1125,10126,193167,2026-08-14,,6-226-21-B,,Shipped,30011
716248,NU3014-02,593,1123,10108,193167,2026-08-14,,6-226-21-C,,Shipped,30011
716249,NU3014-02,766,1086,9775,193167,2026-08-14,,6-226-21-D,,Shipped,30011
716250,NU3014-02,1710,1121,10090,193167,2026-08-14,,6-226-21-E,,Shipped,30039
716251,NU3014-02,167,1106,9955,193267,2026-08-19,,6-226-21-F,,Shipped,30011
716252,NU3014-02,604,1206,10855,193267,2026-08-19,,6-224-03-A,,Shipped,30030
716253,NU3014-02,1591,10520,9469,193167,2026-08-14,,6-226-21-G,,Shipped,30011
716254,11547059,738,1071,23538,193336,2026-08-20,,6-230-36-A,DONE,Shipped,30031
716255,11547059,875,995,21868,193336,2026-08-20,,6-230-36-B,DONE,0,0
716256,11547059,510,1025,22527,193336,2026-08-20,,6-230-36-C,DONE,Shipped,30030
716257,11547059,1612,1018,22374,193336,2026-08-20,,6-230-36-D,DONE,0,0
716258,NU3034-02,KIB,1000,40000,192852,2026-08-04,,6-216-31-A,,Shipped,29949
716260,11546545,1541,1022,85167,193065,2026-08-12,,TRAVELERRECEIVED,,0,0
716261,11546545,829,1138,94833,193065,2026-08-12,,TRAVELERRECEIVED,,0,0
716262,11546545,200,1100,91667,193065,2026-08-12,,TRAVELERRECEIVED,,0,0
716263,11546545,1069,1061,88417,193065,2026-08-12,,TRAVELERRECEIVED,,0,0
716264,11546545,1659,1082,90167,193065,2026-08-12,,TRAVELERRECEIVED,,0,0
716265,11546545,831,1057,88083,193065,2026-08-12,,TRAVELERRECEIVED,,0,0
716266,11546545,854,1073,89417,193065,2026-08-12,,TRAVELERRECEIVED,,0,0
716267,11546545,224,1130,94167,193065,2026-08-12,,TRAVELERRECEIVED,,0,0
716268,11546545,913,1086,90500,193065,2026-08-12,,TRAVELERRECEIVED,,0,0
716269,11546545,541,1118,93167,193065,2026-08-12,,TRAVELERRECEIVED,,0,0
716270,11546545,1566,1078,89833,193065,2026-08-12,,TRAVELERRECEIVED,,0,0
716271,11546545,284,1128,94000,193065,2026-08-12,,TRAVELERRECEIVED,,0,0
716272,11546449,545,1047,88729,193092,2026-08-13,,TRAVELERRECEIVED,,Shipped,30092
716273,11546449,748,1080,91525,193092,2026-08-13,,TRAVELERRECEIVED,,Shipped,29998
716274,11546449,465,1032,87458,193092,2026-08-13,,TRAVELERRECEIVED,,Shipped,29998
716275,11546449,1652,1072,90847,193092,2026-08-13,,TRAVELERRECEIVED,,Shipped,30006
716276,11546449,1632,1096,92881,193092,2026-08-13,,TRAVELERRECEIVED,,Shipped,30004
716277,11546449,1776,1044,88475,193092,2026-08-13,,TRAVELERRECEIVED,,Shipped,29998
716278,11546449,180,1021,86525,193092,2026-08-13,,TRAVELERRECEIVED,,Shipped,29996
716279,11546449,1102,1079,91441,193092,2026-08-13,,TRAVELERRECEIVED,,0,0
716280,11546449,411,1008,85424,193092,2026-08-13,,TRAVELERRECEIVED,,Shipped,29996
716281,11546449,1786,1112,94237,193092,2026-08-13,,TRAVELERRECEIVED,,Shipped,29994
716282,11546449,363,1041,88220,193092,2026-08-13,,TRAVELERRECEIVED,,Shipped,30004
716283,11546449,3,1051,89068,193092,2026-08-13,,TRAVELERRECEIVED,,Shipped,29991
716284,117546774-MY-AK,1656,962,13324,193665,2026-09-01,,6-243-36-A,,Shipped,0
716285,117546774-MY-AK,918,971,13449,193665,2026-09-01,,6-243-36-B,,Shipped,0
716286,117546774-MY-AK,62,937,12978,193665,2026-09-01,,6-243-36-C,,Shipped,0
716287,117546774-MY-AK,1346,993,13750,193665,2026-09-01,,6-243-36-D,,Shipped,0
716288,06104388AA,958,900,21792,193252,2026-08-18,,TRAVELERRECEIVED,,Shipped,30008
716289,06104388AA,917,772,18692,193252,2026-08-18,,TRAVELERRECEIVED,,Shipped,30069
716290,06104388AA,1390,843,20413,193252,2026-08-18,,TRAVELERRECEIVED,,Shipped,30008
716291,06104388AA,90,803,19443,193252,2026-08-18,,TRAVELERRECEIVED,,Shipped,30008
716305,11516077BR-MY-AK,589,1072,40000,193470,2026-08-25,,TRAVELERRECEIVED,,0,0
716306,11516077BR-MY-AK,257,1099,41000,193470,2026-08-25,,TRAVELERRECEIVED,,0,0
716307,06513399AA,703,959,7500,193263,2026-08-19,,TRAVELERRECEIVED,,Shipped,30030
716308,06513399AA,655,1111,8686,193263,2026-08-19,,TRAVELERRECEIVED,,Shipped,30044
716309,06513399AA,172,1060,8288,193263,2026-08-19,,TRAVELERRECEIVED,,Shipped,30010
716310,06513399AA,1072,1183,9249,193263,2026-08-19,,TRAVELERRECEIVED,,Shipped,30010
716317,06513404AA,240,1104,4423,193530,2026-08-27,,6-229-15-A,,Shipped,30069
716318,06513404AA,213,1076,4311,193530,2026-08-27,,6-229-15-B,,Shipped,30069
716319,06513404AA,1369,1145,4587,193530,2026-08-27,,6-229-15-C,,Shipped,30046
716320,06513404AA,1609,1043,4179,193530,2026-08-27,,6-229-15-D,,Shipped,30082
716321,06513404AA,832,1122,4495,193530,2026-08-27,,6-229-15-E,,Shipped,30046
716322,06513404AA,1698,1047,4195,193530,2026-08-27,,6-229-15-F,,Shipped,30082
716323,06513404AA,834,1153,4619,193530,2026-08-27,,6-229-15-G,,Shipped,30046
716324,06513404AA,576,1056,4231,193530,2026-08-27,,6-229-15-H,,Shipped,30046
716325,06511834AA,97,421,2891,193188,2026-08-17,,TRAVELERRECEIVED,DONE,Shipped,30040
716326,06511834AA,97,421,2891,193188,2026-08-17,,TRAVELERRECEIVED,,0,0
716327,06511834AA,26,407,2795,193188,2026-08-17,,TRAVELERRECEIVED,,Shipped,30013
716328,06511834AA,889,432,2967,193188,2026-08-17,,TRAVELERRECEIVED,,Shipped,30013
716333,11546364-MY-AK,1301,1162,140000,193252,2026-08-18,,TRAVELERRECEIVED,,Shipped,30013
716334,11546364-MY-AK,478,970,116867,193252,2026-08-18,,TRAVELERRECEIVED,,Shipped,30037
716335,11546364-MY-AK,1769,881,106145,193252,2026-08-18,,TRAVELERRECEIVED,,0,0
716341,07336-54-D01,602,1039,51182,193205,2026-08-17,,,,Shipped,30031
716348,06509787AA,1506,1334,30457,193627,2026-08-31,,6-243-13-A,,Shipped,30059
716353,11546368-MY-AK,590,1147,15799,193666,2026-09-01,,6-244-12-A,,0,0
716354,11546368-MY-AK,705,1127,15523,193666,2026-09-01,,6-244-12-B,,0,0
716355,11546368-MY-AK,845,1145,15771,193666,2026-09-01,,6-244-12-C,,0,0
716356,11546368-MY-AK,827,1146,15785,193666,2026-09-01,,6-244-12-D,,0,0
716357,11546368-MY-AK,1523,1184,16309,193666,2026-09-01,,6-244-15-A,,0,0
716358,11546368-MY-AK,419,1096,15096,193666,2026-09-01,,6-244-15-B,,0,0
716359,11546368-MY-AK,895,1123,15468,193666,2026-09-01,,6-244-12-E,,0,0
716360,11546368-MY-AK,657,1156,15923,193666,2026-09-01,,6-244-12-F,,0,0
716361,11546368-MY-AK,713,1094,15069,193666,2026-09-01,,6-244-12-G,,0,0
716362,11546368-MY-AK,1768,1221,16818,193666,2026-09-01,,6-244-12-H,,0,0
716363,11546368-MY-AK,1057,1121,15441,193666,2026-09-01,,6-244-14-A,,0,0
716364,11546368-my-ak,945,,,,2026-09-03,,6-244-14-b,,,
716365,11546368-MY-AK,330,1118,15399,193666,2026-09-01,,6-244-14-C,,0,0
716366,11546368-MY-AK,1355,1160,15978,193666,2026-09-01,,6-244-14-D,,0,0
716367,11546368-MY-AK,839,1132,15592,193666,2026-09-01,,6-244-14-E,,0,0
716368,11546368-MY-AK,532,,,,2026-09-03,,6-244-14-F,,,
716369,11546367-MY-AK,821,1117,24022,193398,2026-08-24,,TRAVELERRECEIVED,,Shipped,30046
716370,11546367-MY-AK,21,1128,24258,193398,2026-08-24,,TRAVELERRECEIVED,,Shipped,30037
716371,11546367-MY-AK,526,1232,26495,193398,2026-08-24,,TRAVELERRECEIVED,,Shipped,30069
716372,11546367-MY-AK,231,1058,22753,193398,2026-08-24,,TRAVELERRECEIVED,,Shipped,30040
716373,11546367-my-ak,647,,,,2026-09-08,,6-247-26-a,,,
716374,11546367-MY-AK,1111,,,,2026-09-08,,6-247-26-B,,,
716375,11546367-MY-AK,1595,1136,24430,193322,2026-08-20,,TRAVELERRECEIVED,DONE,0,0
716376,11546367-MY-AK,637,1167,25097,193322,2026-08-20,,TRAVELERRECEIVED,DONE,Shipped,30037
716377,11546367-MY-AK,7,1224,26323,193322,2026-08-20,,TRAVELERRECEIVED,DONE,0,0
716378,11546367-MY-AK,1512,1058,22753,193322,2026-08-20,,TRAVELERRECEIVED,DONE,Shipped,30082
716379,11546367-MY-AK,640,1170,25161,193398,2026-08-24,,TRAVELERRECEIVED,,Shipped,30040
716380,11546367-MY-AK,677,1118,24043,193398,2026-08-24,,TRAVELERRECEIVED,,Shipped,30039
716381,11546367-MY-AK,1525,1163,25011,193322,2026-08-20,,TRAVELERRECEIVED,DONE,0,0
716382,11546367-MY-AK,365,1163,25011,193322,2026-08-20,,TRAVELERRECEIVED,,Shipped,#REF!
716383,11546367-MY-AK,1343,1338,28774,193398,2026-08-24,,TRAVELERRECEIVED,,Shipped,30024
716384,11546367-MY-AK,1379,1441,30989,193398,2026-08-24,,TRAVELERRECEIVED,,Shipped,30046
716394,11549204,164,1217,8000,193793,2026-09-04,,TRAVELERRECEIVED,,0,0
716395,11549204,137,1217,8000,193793,2026-09-04,,TRAVELERRECEIVED,,0,0
716397,11549204,361,1217,8000,193793,2026-09-04,,TRAVELERRECEIVED,,0,0
716398,11549204,838,1217,8000,193793,2026-09-04,,TRAVELERRECEIVED,,0,0
716404,PZ18-7P483-AA,1083,1013,7515,192887,2026-08-05,,6-217-21-A,,Shipped,29946
716404-,PZ18-7P483-AA,1083,1013,7515,192887,2026-08-05,,6-217-21-A,,Shipped,29946
716406,PZ18-7P483-AA,49TOTES,968,7181,193336,2026-08-20,,6-218-18-A,,0,0
716410,PZ18-7P483-AA,33TOTES,965,7159,193336,2026-08-20,,6-218-18-B,,Shipped,0
716412,PZ18-7P483-AA,799,130,963,192887,2026-08-05,,6-217-21-B,,Shipped,29946
716412-,PZ18-7P483-AA,799,130,963,192887,2026-08-05,,6-217-21-B,,Shipped,29946
716414,11549170,394,,,,2026-08-21,,6-231-11-a,,,
716415,11549170,472,,,,2026-08-21,,6-231-11-B,,,
716416,11549170,442,,,,2026-08-20,,6-231-11-c,,,
716417,11549170,1598,,,,2026-08-20,,6-231-11-D,,,
716418,11549170,1373,,,,2026-08-21,,6-231-11-e,,,
716419,11549170,711,,,,2026-08-20,,6-231-11-F,,,
716429,11604820,671,411,4692,193665,2026-09-01,,6-244-18-A,,0,0
716431,06511637AA,1307,1038,41855,193443,2026-08-24,,6-229-62-A,,0,0
716432,06511637AA,1619,995,40121,193443,2026-08-24,,6-229-62-B,,0,0
716433,11561114,1103,874,10568,193480,2026-08-25,,6-236-36-A,,0,0
716434,11561114,238,790,9553,193480,2026-08-25,,6-236-36-B,,0,0
716435,11602292-A,693,309,10000,193443,2026-08-24,,6-231-15-A,,0,0
716438,22800396-IN-PN,1611,661,29641,193480,2026-08-25,,6-236-43-A,,0,0
716443,W719080-S450,941,907,37792,193480,2026-08-25,,6-236-41-A,,0,0
716444,W719080-S450,1089,916,38167,193443,2026-08-24,,6-229-53-A,,0,0
716445,92468,967,945,28988,193443,2026-08-24,,,,0,0
716446,92468,981,951,29172,193443,2026-08-24,,6-229-47-B,,0,0
716447,11610091,902,1233,80065,193262,2026-08-18,,6-229-48-A,DONE,0,0
716448,11610091,1549,1125,73052,193262,2026-08-18,,6-229-48-B,,Shipped,30018
716449,11610091,1004,1251,81234,193262,2026-08-18,,6-229-49-A,DONE,0,0
716450,11610091,1060,1134,73636,193262,2026-08-18,,6-229-49-B,,Shipped,30037
716451,11610091,301,1141,74091,193262,2026-08-18,,6-229-50-A,,Shipped,30030
716452,11610091,1567,1228,79740,193262,2026-08-18,,6-229-50-B,DONE,0,0
716453,11610091,509,1172,76104,193262,2026-08-18,,6-229-51-A,DONE,0,0
716454,11610091,1623,1183,76818,193262,2026-08-18,,6-229-51-B,,Shipped,30010
716464,11546378-MY-AK,1575,1129,43257,193371,2026-08-21,,TRAVELERRECEIVED,DONE,0,0
716465,11546378-MY-AK,1784,1159,44406,193371,2026-08-21,,TRAVELERRECEIVED,DONE,0,0
716466,11546378-MY-AK,396,1129,43406,193371,2026-08-21,,TRAVELERRECEIVED,,0,0
716467,11546378-MY-AK,629,1120,42912,193371,2026-08-21,,TRAVELERRECEIVED,DONE,0,0
716468,11546378-MY-AK,462,1195,45785,193371,2026-08-21,,TRAVELERRECEIVED,DONE,0,0
716469,11546378-MY-AK,616,1089,41724,193371,2026-08-21,,TRAVELERRECEIVED,DONE,0,0
716474,91054-L,1108,1126,71266,193949,2026-09-10,,6-253-26-A,,0,0
716475,91054-L,745,1120,70886,193949,2026-09-10,,6-253-26-B,,0,0
716480,91058-L,1333,1119,41754,193949,2026-09-10,,6-253-01-B,,0,0
716481,91058-L,1540,1178,43955,193949,2026-09-10,,6-253-01-A,,0,0
716488,E6267AB,93,1186,25180,193470,2026-08-25,,TRAVELERRECEIVED,,0,0
716489,E6267AB,603,1121,23800,193470,2026-08-25,,TRAVELERRECEIVED,,0,0
716490,NU1136-01-T,GAYLORD,916,8585,193984,2026-08-27,,6-238-13-A,,0,0
716491,NU1136-01-T,GAYLORD,821,7694,193984,2026-08-27,,6-238-13-B,,0,0
716492,NU1136-01-T,GAYLORD,583,5464,193984,2026-08-27,,6-238-13-N,,0,0
716493,NU1136-01-T,GAYLORD,702,6579,193984,2026-08-28,,6-238-13-C,,0,0
716494,NU1136-01-T,GAYLORD,757,7095,193984,2026-08-27,,6-238-13-D,,0,0
716495,NU1136-01-T,GAYLORD,953,8932,193984,2026-08-27,,6-238-13-E,,0,0
716496,06104388AAMOD,1651,218,5280,193203,2026-08-17,,6-229-16-A,,Shipped,29994
716503,06101831-A,34,937,33949,193252,2026-08-18,,TRAVELERRECEIVED,,Shipped,30006
716504,06101831-A,501,693,25109,193252,2026-08-18,,TRAVELERRECEIVED,,Shipped,30004
716505,06101831-A,124,918,33261,193252,2026-08-18,,TRAVELERRECEIVED,,Shipped,30008
716506,06101831-A,601,689,24964,193252,2026-08-18,,TRAVELERRECEIVED,,Shipped,30054
716507,06101831-A,255,825,29891,193252,2026-08-18,,TRAVELERRECEIVED,,Shipped,30026
716508,06101831-A,936,808,29275,193252,2026-08-18,,TRAVELERRECEIVED,,Shipped,30026
716514,11546449,48,1117,94661,193205,2026-08-17,,TRAVELERRECEIVED,,Shipped,30013
716515,11546449,1503,975,82627,193205,2026-08-17,,TRAVELERRECEIVED,DONE,Shipped,0
716516,11546449,1360,1102,93390,193205,2026-08-17,,TRAVELERRECEIVED,DONE,0,0
716517,11546449,879,955,80932,193205,2026-08-17,,TRAVELERRECEIVED,DONE,0,0
716518,11546449,174,1089,92288,193205,2026-08-17,,TRAVELERRECEIVED,,Shipped,30013
716519,11546449,1807,1080,91525,193205,2026-08-17,,TRAVELERRECEIVED,,Shipped,30006
716520,11546449,28,1000,84746,193205,2026-08-17,,TRAVELERRECEIVED,,Shipped,30059
716521,11546449,581,10321,87458,193205,2026-08-17,,TRAVELERRECEIVED,,Shipped,30026
716522,11546449,497,1006,85254,193205,2026-08-17,,TRAVELERRECEIVED,,Shipped,30010
716523,11546449,1639,1014,85932,193205,2026-08-17,,TRAVELERRECEIVED,,Shipped,#REF!
716524,11546449,73,1080,91525,193205,2026-08-17,,TRAVELERRECEIVED,,Shipped,30057
716525,11546449,1449,1051,89068,193205,2026-08-17,,TRAVELERRECEIVED,,Shipped,30010
716526,11546449,95,1022,86610,193205,2026-08-17,,TRAVELERRECEIVED,,Shipped,30006
716527,11546449,1381,980,83051,193205,2026-08-17,,TRAVELERRECEIVED,,0,0
716528,11546449,1708,1069,90593,193205,2026-08-17,,TRAVELERRECEIVED,,Shipped,30054
716529,06506707AA,1791,769,21068,193378,2026-08-21,,6-233-33-A,,0,0
716530,06506707AA,1594,943,25836,193378,2026-08-21,,6-233-33-B,,Shipped,30024
716531,F1302AB,1371,512,16570,193512,2026-08-26,,6-238-16-A,,0,0
716532,F1302AB,1535,738,23883,193512,2026-08-26,,6-238-16-B,,0,0
716533,06105051AA,1076,892,19060,193378,2026-08-21,,6-232-34-A,,Shipped,30026
716534,06105051AA,418,625,13355,193378,2026-08-21,,6-232-34-B,,Shipped,30026
716535,06102398AA,222,709,114355,193378,2026-08-21,,6-233-34-A,,Shipped,30039
716536,06102398AA,610,688,110968,193378,2026-08-21,,6-233-34-B,,Shipped,30031
716537,06502979-A,1445,906,22879,193378,2026-08-21,,6-233-35-A,DONE,Shipped,30101
716538,06502979-A,1376,738,18636,193378,2026-08-21,,6-233-35-B,,Shipped,30031
716540,90280051,456,722,96267,193378,2026-08-21,,6-232-31-A,,Shipped,30024
716541,06503825-A,565,901,69308,193378,2026-08-21,,6-233-29-A,,Shipped,30026
716542,06503825-A,680,852,65538,193378,2026-08-21,,6-233-29-B,,Shipped,30024
716543,06503825-A,12,779,59923,193378,2026-08-21,,6-233-30-A,,Shipped,30026
716544,06503825-A,404,711,54692,193378,2026-08-21,,6-233-30-B,,Shipped,30026
716545,06502979-A,335,700,17677,193378,2026-08-21,,6-233-36-A,,Shipped,30031
716546,06502979-A,1557,523,13207,193378,2026-08-21,,6-233-36-B,DONE,Shipped,30037
716547,06512834AA,795,801,7915,193378,2026-08-21,,6-233-31-A,,Shipped,30024
716548,06512834AA,814,566,5593,193378,2026-08-21,,6-233-31-B,,Shipped,30024
716549,11549168,1689,116,43321,193550,2026-08-27,,6-239-19-A,,0,0
716550,11549168,678,1094,40821,193550,2026-08-27,,6-239-19-B,,0,0
716551,11549170,1787,1131,14707,193550,2026-08-27,,6-239-16-A,,0,0
716552,11549170,1546,1170,15215,193550,2026-08-27,,6-239-16-B,,0,0
716553,11549170,1396,1146,14902,193550,2026-08-27,,6-239-16-C,,0,0
716554,11549170,1533,1115,14499,193550,2026-08-27,,6-239-16-D,,0,0
716555,11549170,220,1161,15098,193550,2026-08-27,,6-239-16-E,,0,0
716556,11549170,463,1085,14109,193550,2026-08-27,,6-239-16-F,,0,0
716557,11549170,98,1065,13849,193550,2026-08-27,,6-239-16-G,,0,0
716558,11549170,1699,1189,15462,193550,2026-08-27,,6-239-16-H,,0,0
716559,11549170,1397,1174,15267,193550,2026-08-27,,6-239-16-I,,0,0
716560,11549170,848,1085,14109,193550,2026-08-27,,6-239-16-J,,0,0
716561,11549168,675,1107,41306,193550,2026-08-27,,6-239-21-A,,0,0
716562,11549168,1331,1157,43172,193550,2026-08-27,,6-239-21-B,,0,0
716563,11549168,1340,10741,39963,193585,2026-08-28,,6-240-20-A,,0,0
716564,11549168,1047,1202,44851,193585,2026-08-28,,6-240-20-B,,0,0
716565,11549168,272,1156,43134,193585,2026-08-28,,6-240-20-C,,0,0
716566,11549168,126,1126,42015,193585,2026-08-28,,6-240-20-D,,0,0
716567,11549168,547,1128,42090,193550,2026-08-27,,6-239-19-C,,0,0
716568,11549168,763,1148,42836,193550,2026-08-27,,6-239-19-D,,0,0
716569,11549170,587,1079,14031,193550,2026-08-27,,6-239-17-A,,0,0
716570,11549170,84,1155,15020,193550,2026-08-27,,6-239-17-B,,0,0
716571,11549170,1029,1083,14083,193550,2026-08-27,,6-239-17-C,,0,0
716572,11549170,1335,1144,14876,193550,2026-08-27,,6-239-17-D,,0,0
716573,11549170,33,1095,14239,193550,2026-08-27,,6-239-18-A,,0,0
716574,11549170,351,1135,14759,193550,2026-08-27,,6-239-18-B,,0,0
716575,11549170,289,1074,13966,193550,2026-08-27,,6-239-16-K,,0,0
716576,11549170,1001,1163,15124,193550,2026-08-27,,6-239-16-L,,0,0
716577,55364498AA,561,694,12175,193378,2026-08-21,,6-232-32-A,,Shipped,30026
716578,55364498AA,290,674,11825,193378,2026-08-21,,6-232-32-B,,Shipped,30026
716579,85158B,813,957,20105,193378,2026-08-21,,6-232-33-A,,Shipped,30024
716580,85158B,89,1127,23676,193378,2026-08-21,,6-232-33-B,DONE,0,0
716581,11549170,1317,1072,13940,193550,2026-08-27,,6-239-17-E,,0,0
716582,11549170,1718,1152,14980,193550,2026-08-27,,6-239-17-F,,0,0
716583,11549170,294,1074,13966,193550,2026-08-27,,6-239-17-G,,0,0
716584,11549170,376,1156,15033,193550,2026-08-27,,6-239-17-H,,0,0
716593,11546463,1410,970,15015,193092,2026-08-13,,TRAVELERRECEIVED,,Shipped,30008
716594,11546463,99,1004,15542,193092,2026-08-13,,TRAVELERRECEIVED,,Shipped,30008
716595,11546463,1106,1015,15712,193092,2026-08-13,,TRAVELERRECEIVED,,Shipped,30018
716596,11546463,801,932,14427,193092,2026-08-13,,TRAVELERRECEIVED,,Shipped,30008
716597,11546463,1748,786,12167,193143,2026-08-14,,TRAVELERRECEIVED,,Shipped,0
716598,11546463,1350,659,10201,193143,2026-08-14,,TRAVELERRECEIVED,,Shipped,30008
716599,11546463,901,1042,16130,193143,2026-08-14,,TRAVELERRECEIVED,,Shipped,30010
716600,11546463,1760,968,14985,193143,2026-08-14,,TRAVELERRECEIVED,,Shipped,30008
716602,11546378-CA-IN,541,1004,40160,194002,2026-09-14,,,,0,0
716603,11546378-CA-IN-B,586,1013,40520,193783,2026-09-04,,TRAVELERRECEIVED,,0,0
716604,11546378-CA-IN-B,830,1169,46760,193783,2026-09-04,,TRAVELERRECEIVED,,0,0
716605,11546378-CA-IN-B,475,1276,51040,193783,2026-09-04,,TRAVELERRECEIVED,,0,0
716606,11546378-CA-IN-B,1339,1077,43080,193783,2026-09-04,,TRAVELERRECEIVED,,0,0
716613,11546377,1559,970,62987,193143,2026-08-14,,TRAVELERRECEIVED,,Shipped,29998
716614,11546377,1764,1149,74610,193143,2026-08-14,,TRAVELERRECEIVED,,0,0
716615,11546377,1805,1180,76623,193143,2026-08-14,,TRAVELERRECEIVED,,Shipped,30069
716616,11546377,440,933,60584,193143,2026-08-14,,TRAVELERRECEIVED,,Shipped,#REF!
716621,06512106AA,1592,1118,8343,193497,2026-08-26,,TRAVELERRECEIVED,,0,0
716622,06512106AA,490,765,5709,193497,2026-08-26,,TRAVELERRECEIVED,,0,0
716623,11546370-MY-AK-L,923,1170,7852,193611,2026-09-01,,TRAVELERRECEIVED,,0,0
716624,11546370-MY-AK-L,319,1053,7067,193611,2026-09-01,,TRAVELERRECEIVED,,0,0
716625,11546370-MY-AK-L,856,1159,7779,193611,2026-09-01,,TRAVELERRECEIVED,,0,0
716626,11546370-MY-AK-L,1110,1070,7181,193611,2026-09-01,,TRAVELERRECEIVED,,0,0
716627,11546370-MY-AK-L,136,1175,7886,193611,2026-09-01,,TRAVELERRECEIVED,,0,0
716628,11546370-MY-AK-L,948,1055,7081,193611,2026-09-01,,TRAVELERRECEIVED,,0,0
716629,11546370-MY-AK-L,673,1185,7953,193611,2026-09-01,,TRAVELERRECEIVED,,0,0
716630,11546370-MY-AK-L,424,1032,6926,193611,2026-09-01,,TRAVELERRECEIVED,,0,0
716631,11546370-MY-AK-L,1618,1206,8094,193611,2026-09-01,,TRAVELERRECEIVED,,0,0
716632,11546370-MY-AK-L,1508,1006,6752,193611,2026-09-01,,TRAVELERRECEIVED,,0,0
716633,11546370-MY-AK-L,313,1023,6866,193611,2026-09-01,,TRAVELERRECEIVED,,0,0
716634,11546370-MY-AK-L,727,1198,8040,193611,2026-09-01,,TRAVELERRECEIVED,,0,0
716635,11546370-MY-AK-L,932,1138,7638,193611,2026-09-01,,TRAVELERRECEIVED,,0,0
716636,11546370-MY-AK-L,384,1061,7121,193611,2026-09-01,,TRAVELERRECEIVED,,0,0
716638,11546377-PH-RO,176,,,#N/A,,,,,,
716639,11549171-MY-AK,939,1144,9948,193470,2026-08-25,,TRAVELERRECEIVED,,0,0
716640,11549171-MY-AK,771,1104,9600,193470,2026-08-25,,TRAVELERRECEIVED,,0,0
716641,11549171-MY-AK,1443,1128,9809,193470,2026-08-25,,TRAVELERRECEIVED,,0,0
716642,11549171-MY-AK,1587,1124,9774,193470,2026-08-25,,TRAVELERRECEIVED,,0,0
716645,11549171-MY-AK,1551,1212,10539,193470,2026-08-25,,TRAVELERRECEIVED,,0,0
716646,11549171-MY-AK,1556,1056,9183,193470,2026-08-25,,TRAVELERRECEIVED,,0,0
716647,11549171-MY-AK,1695,1128,9809,193470,2026-08-25,,TRAVELERRECEIVED,,0,0
716648,11549171-MY-AK,387,1124,9774,193470,2026-08-25,,TRAVELERRECEIVED,,0,0
716657,06514720AA,105,975,44118,193378,2026-08-21,,6-232-28-A,,Shipped,30026
716658,06514720AA,182,784,35475,193443,2026-08-24,,6-232-28-B,,0,0
716659,06514720AA,267,840,38009,193378,2026-08-21,,6-232-27-A,,Shipped,30024
716660,06514720AA,1095,931,42127,193378,2026-08-21,,6-232-27-B,,Shipped,30024
716661,06514720AA,135,919,41584,193336,2026-08-20,,6-232-27-C,,Shipped,0
716662,06514720AA,883,828,37466,193336,2026-08-20,,6-232-27-D,,Shipped,30031
716663,06514720AA,305,817,36968,193336,2026-08-20,,6-232-28-C,,Shipped,30018
716664,06514720AA,195,932,42172,193336,2026-08-20,,6-232-28-D,,Shipped,30018
716665,82246,KIB,1658,15000,193143,2026-08-14,,TRAVELERRECEIVED,,Shipped,29996
716666,82246,KIB,1658,15000,193143,2026-08-14,,SPLIT FROM TR#716665,,Shipped,29996
716667,82246,KIB,1683,15230,193143,2026-08-14,,TRAVELERRECEIVED,,Shipped,29996
716668,82246,KIB,1683,15230,193143,2026-08-14,,SPLIT FROM TR#716667,,Shipped,30040
716669,06105048AA,KIB,1429,38930,193205,2026-08-17,,TRAVELERRECEIVED,,Shipped,0
716670,06105048AA,KIB,1429,38930,193205,2026-08-17,,SPLIT FROM TR#716669,,Shipped,29998
716671,06105048AA,KIB,1468,40000,193205,2026-08-17,,TRAVELERRECEIVED,,Shipped,29998
716672,06105048AA,KIB,1468,40000,193205,2026-08-17,,SPLIT FROM TR#716671,,Shipped,29998
716677,06105049AA,KIB,1468,40000,193188,2026-08-17,,TRAVELERRECEIVED,,Shipped,30067
716678,06105049AA,KIB,1468,40000,193188,2026-08-17,,SPLIT FROM TR 716677,,Shipped,30018
716679,06105049AA,KIB,1468,40000,193188,2026-08-17,,TRAVELERRECEIVED,,Shipped,30069
716680,06105049AA,KIB,1468,40000,193188,2026-08-17,,SPLIT FROM TR 716679,,0,0
716681,11547176,KIB,1710,45000,193143,2026-08-14,,TRAVELERRECEIVED,,Shipped,#REF!
716682,11547176,KIB,1710,45000,193143,2026-08-14,,SPLIT FROM TR#716681,,Shipped,30008
716687,06105102AA,KIB,1736,40000,193188,2026-08-17,,TRAVELERRECEIVED,,Shipped,30006
716688,06105102AA,KIB,1736,40000,193188,2026-08-17,,SPLIT FROM TR#716687,,Shipped,30006
716689,06105102AA,KIB,1736,40000,193188,2026-08-17,,TRAVELERRECEIVED,,Shipped,30008
716690,06105102AA,KIB,1736,40000,193188,2026-08-17,,SPLIT FROM TR#716689,,Shipped,30044
716691,06105102AA,KIB,1736,40000,193188,2026-08-17,,TRAVELERRECEIVED,,Shipped,30037
716692,06105102AA,KIB,1736,40000,193188,2026-08-17,,SPLIT FROM TR#716691,,Shipped,30008
716693,06105102AA,KIB,1736,40000,193188,2026-08-17,,TRAVELERRECEIVED,,Shipped,30006
716694,06105102AA,KIB,1736,40000,193188,2026-08-17,,SPLIT FROM TR#716693,,Shipped,30037
716695,06105102AA,KIB,1736,40000,193188,2026-08-17,,TRAVELERRECEIVED,,Shipped,30037
716696,06105102AA,KIB,1736,40000,193188,2026-08-17,,SPLIT FROM TR#716695,,Shipped,30040
716697,06105102AA,KIB,1736,40000,193188,2026-08-17,,TRAVELERRECEIVED,,Shipped,30006
716698,06105102AA,KIB,1736,40000,193188,2026-08-17,,SPLIT FROM TR#716697,,Shipped,30006
716699,W705606-S440,KIB,1936,40000,192989,2026-08-10,,6-222-26-A,,Shipped,29967
716700,W705606-S440,KIB,1936,40000,192989,2026-08-10,,SPLIT FROM TR#716699,,Shipped,29967
716701,W705606-S440,KIB,1936,40000,192989,2026-08-10,,6-222-27-A,,Shipped,29970
716702,W705606-S440,KIB,1936,40000,192989,2026-08-10,,SPLIT FROM TR#716701,,Shipped,29970
716703,1420503001,KIB,846,47000,192989,2026-08-10,,6-222-28-A,,Shipped,29967
716704,1420503001,KIB,846,47000,192989,2026-08-10,,SPLIT FROM TR#7160703,,Shipped,29967
716705,K1046AB,KIB,1431,94160,192989,2026-08-10,,6-222-34-A,,Shipped,29967
716706,K1046AB,KIB,1431,94160,192989,2026-08-10,,SPLIT FROM TR#716705,,Shipped,29967
716707,K1046AB,KIB,972,63980,192989,2026-08-10,,6-222-34-C,,Shipped,29970
716708,K1046AB,KIB,972,63980,192989,2026-08-10,,SPLIT FROM TR#716707,,Shipped,29970
716709,61525,KIB,918,85000,192989,2026-08-10,,6-222-29-A,,Shipped,29967
716710,61525,KIB,918,85000,192989,2026-08-10,,SPLIT FROM TR#716709,,Shipped,29967
716711,11602031,1841,892,4370,193205,2026-08-17,,TRAVELERRECEIVED,,Shipped,30067
716712,11602031,1569,900,4410,193205,2026-08-17,,TRAVELERRECEIVED,,Shipped,29998
716713,11602031,770,860,4214,193205,2026-08-17,,TRAVELERRECEIVED,,Shipped,30037
716714,11602031,1068,888,4351,193205,2026-08-17,,TRAVELERRECEIVED,,Shipped,30039
716715,11602031,250,974,4772,193205,2026-08-17,,TRAVELERRECEIVED,,Shipped,30039
716716,11602031,288,747,3660,193205,2026-08-17,,TRAVELERRECEIVED,,Shipped,30026
716717,11602031,306,915,4483,193205,2026-08-17,,TRAVELERRECEIVED,,Shipped,30069
716718,11602031,1845,859,4209,193205,2026-08-17,,TRAVELERRECEIVED,,Shipped,30069
716723,NU3019-00,1828,1150,5508,193512,2026-08-26,,6-238-12-B,,0,0
716724,NU3019-00,1430,988,4732,193512,2026-08-26,,6-238-12-C,,0,0
716725,NU3019-00,1053,997,4775,193512,2026-08-26,,6-238-12-D,,0,0
716726,NU3019-00,170,1102,5278,193512,2026-08-26,,6-238-12-E,,0,0
716727,NU3019-00,1447,978,4681,193512,2026-08-26,,6-238-12-F,,0,0
716728,NU3019-00,1783,1158,5546,193512,2026-08-26,,6-238-12-G,,0,0
716729,NU3019-00,894,980,4693,193512,2026-08-26,,6-238-12-H,,0,0
716730,NU3019-00,758,1129,5407,193512,2026-08-26,,6-238-12-I,,0,0
716731,NU3019-00,1300,1042,4990,193512,2026-08-26,,6-238-12-J,,0,0
716732,NU3019-00,844,1073,5139,193512,2026-08-26,,6-238-12-K,,0,0
716733,NU3019-00,149,1124,5383,193512,2026-08-26,,6-238-12-L,,0,0
716734,NU3019-00,1833,994,4761,193512,2026-08-26,,6-238-12-M,,0,0
716735,NU3019-00,731,1021,4890,193512,2026-08-26,,6-238-12-N,,0,0
716736,NU3019-00,1593,1101,5273,193512,2026-08-26,,6-238-12-O,,0,0
716739,11609280,1773,810,43316,193398,2026-08-24,,TRAVELERRECEIVED,DONE,Shipped,0
716740,11609280,210,914,48877,193398,2026-08-24,,TRAVELERRECEIVED,DONE,Shipped,0
716741,40110160-L,1633,1182,7510,193890,2026-09-09,,6-229-14-A,,0,0
716742,40110160-L,658,1049,6665,193890,2026-09-09,,6-229-14-B,,0,0
716743,82253,1526,1017,42731,193480,2026-08-25,,6-236-30-C,,0,0
716744,82253,186,1014,42605,193480,2026-08-25,,6-236-30-D,,0,0
716745,06511777AA,674,1412,19638,193949,2026-09-10,,6-253-23-A,,0,0
716747,11546571,109,950,56886,193584,2026-08-28,,6-239-23-A,,0,0
716748,11546571,1834,716,42874,193584,2026-08-28,,6-239-23-B,,0,0
716751,06513399AA,445,1040,8131,193263,2026-08-19,,TRAVELERRECEIVED,,Shipped,30037
716752,06513399AA,1763,1200,9382,193263,2026-08-19,,TRAVELERRECEIVED,,Shipped,30040
716753,06513399AA,349,760,5942,193263,2026-08-19,,TRAVELERRECEIVED,,Shipped,30013
716754,06513399AA,358,1075,8405,193263,2026-08-19,,TRAVELERRECEIVED,,0,0
716756,06513399AA,686,1023,7998,193263,2026-08-19,,TRAVELERRECEIVED,,Shipped,30080
716757,11546437,1842,1172,90154,193252,2026-08-18,,TRAVELERRECEIVED,,0,0
716758,11546437,1700,1093,84077,193252,2026-08-18,,TRAVELERRECEIVED,DONE,Shipped,#REF!
716759,11546437,757,1022,78615,193252,2026-08-18,,TRAVELERRECEIVED,,Shipped,30031
716760,11546437,534,1183,91000,193252,2026-08-18,,TRAVELERRECEIVED,DONE,0,0
716761,11546437,867,1076,82769,193252,2026-08-18,,TRAVELERRECEIVED,DONE,0,0
716762,11546437,1387,1149,88385,193252,2026-08-18,,TRAVELERRECEIVED,,0,0
716763,11546437,91,1166,89692,193252,2026-08-18,,TRAVELERRECEIVED,,Shipped,30031
716764,11546437,1063,1038,79846,193252,2026-08-18,,TRAVELERRECEIVED,,0,0
716765,11546437,283,1245,95769,193252,2026-08-18,,TRAVELERRECEIVED,,Shipped,30092
716767,11516782,598,897,15573,193252,2026-08-18,,TRAVELERRECEIVED,,Shipped,30013
716768,11516782,633,1070,18576,193252,2026-08-18,,TRAVELERRECEIVED,,Shipped,30010
716769,06104384AA,577,959,25370,193339,2026-08-21,,TRAVELERRECEIVED,DONE,0,0
716770,06104384AA,1522,787,20820,193339,2026-08-21,,TRAVELERRECEIVED,DONE,Shipped,30082
716771,06513514AA,1794,777,9510,193252,2026-08-18,,TRAVELERRECEIVED,,Shipped,30008
716772,06513514AA,127,819,10024,193252,2026-08-18,,TRAVELERRECEIVED,,Shipped,0
716773,H62534A,880,819,20682,193398,2026-08-24,,TRAVELERRECEIVED,,0,0
716774,H62534A,687,817,20631,193398,2026-08-24,,TRAVELERRECEIVED,,Shipped,30030
716775,06101736-A,1827,688,77303,193407,2026-08-24,,TRAVELERRECEIVED,,Shipped,30049
716776,06101736-A,1676,1090,122472,193407,2026-08-24,,TRAVELERRECEIVED,,Shipped,30061
716782,11514596-CA-IN,479,1153,74870,193827,2026-09-08,,TRAVELERRECEIVED,,0,0
716783,11514596-CA-IN,183,1217,79026,193827,2026-09-08,,TRAVELERRECEIVED,,0,0
716789,06104725AA,177,1124,106038,193339,2026-08-21,,TRAVELERRECEIVED,DONE,0,0
716790,06104725AA,903,1002,94528,193339,2026-08-21,,TRAVELERRECEIVED,DONE,0,0
716791,06104725AA,1649,1124,106038,193339,2026-08-21,,TRAVELERRECEIVED,,0,0
716792,06104725AA,851,1013,95566,193339,2026-08-21,,TRAVELERRECEIVED,,Shipped,0
716793,06104725AA,1687,1086,102453,193339,2026-08-21,,TRAVELERRECEIVED,,0,0
716794,06104725AA,1775,1088,102642,193339,2026-08-21,,TRAVELERRECEIVED,,Shipped,30092
716795,06104725AA,1539,1086,102453,193339,2026-08-21,,TRAVELERRECEIVED,,0,0
716796,06104725AA,2,1081,101981,193339,2026-08-21,,TRAVELERRECEIVED,DONE,0,0
716797,06104725AA,108,978,92264,193339,2026-08-21,,TRAVELERRECEIVED,DONE,0,0
716798,06104725AA,1402,1181,111415,193339,2026-08-21,,TRAVELERRECEIVED,DONE,0,0
716799,06104388AA,48,848,20533,193339,2026-08-21,,TRAVELERRECEIVED,DONE,0,0
716800,06104388AA,82,818,19806,193339,2026-08-21,,TRAVELERRECEIVED,DONE,Shipped,30054
716801,06104388AA,1603,860,20823,193339,2026-08-21,,TRAVELERRECEIVED,DONE,0,0
716802,06104388AA,878,803,19443,193339,2026-08-21,,TRAVELERRECEIVED,DONE,0,0
716803,06104388AA,373,817,19782,193339,2026-08-21,,TRAVELERRECEIVED,DONE,0,0
716804,06104388AA,798,843,20412,193339,2026-08-21,,TRAVELERRECEIVED,DONE,Shipped,30054
716807,NU1237,1446,1001,22444,193336,2026-08-20,,6-232-36-A,,Shipped,30065
716808,NU1237,408,1154,25874,193336,2026-08-20,,6-232-36-B,,Shipped,30011
716809,NU1237,1038,960,21525,193336,2026-08-20,,6-232-37-A,,Shipped,30092
716810,NU1237,1510,1191,26704,193336,2026-08-20,,6-232-37-B,,Shipped,30011
716811,11516133,136,1021,14712,193965,2026-09-11,,,,0,0
716812,11516133,632,1099,15836,193965,2026-09-11,,,,0,0
716813,11516133,42,1155,16643,193965,2026-09-11,,,,0,0
716814,11516133,141,968,13948,193965,2026-09-11,,,,0,0
716815,NA1055-02,260,1055,15202,193336,2026-08-20,,6-232-35-A,,Shipped,30011
716816,NA1055-02,233,1049,15115,193336,2026-08-20,,6-232-35-B,,Shipped,30042
716817,11546365-MY-AK,1516,1120,65497,193570,2026-08-28,,TRAVELERRECEIVED,,Shipped,30069
716818,11546365-MY-AK,1570,1137,66491,193570,2026-08-28,,,,Shipped,30067
716819,11546365-MY-AK,310,940,54971,193570,2026-08-28,,TRAVELERRECEIVED,,Shipped,30092
716820,11546365-MY-AK,1838,930,54386,193570,2026-08-28,,,,Shipped,30067
716821,11546365-MY-AK,1653,1120,65497,193570,2026-08-28,,TRAVELERRECEIVED,,Shipped,30101
716822,11546365-MY-AK,1756,1148,67135,193570,2026-08-28,,TRAVELERRECEIVED,,Shipped,30069
716823,11609826,1037,1082,6402,193827,2026-09-08,,,,0,0
716824,11609826,1790,1106,6544,193827,2026-09-08,,,,0,0
716825,11546379-T,1424,1136,25471,193611,2026-09-01,,TRAVELERRECEIVED,,0,0
716826,11546379-T,450,1088,24395,193611,2026-08-31,,TRAVELERRECEIVED,,0,0
716827,W20-1028-012,899,1202,37918,193586,2026-08-29,,TRAVELERRECEIVED,,0,0
716828,W20-1028-012,1720,983,31009,193586,2026-08-29,,TRAVELERRECEIVED,,0,0
716829,W20-1028-012,618,1172,36972,193586,2026-08-29,,TRAVELERRECEIVED,,0,0
716830,W20-1028-012,1637,978,30852,193586,2026-08-29,,TRAVELERRECEIVED,,0,0
716835,11609789-IN-MR,20,529,49439,193627,2026-08-31,,6-243-55-A,,Shipped,30092
716837,11609826,1515,1100,6509,193827,2026-09-08,,,,0,0
716838,11609826,154,1060,6272,193827,2026-09-08,,,,0,0
716849,W20-1028-020SL,193,1010,7394,193322,2026-08-20,,,,Shipped,30011
716850,W20-1028-020SL,1411,899,6581,193322,2026-08-20,,,,Shipped,30042
716851,W20-1028-020SL,1664,1136,8316,193322,2026-08-20,,,,Shipped,30011
716852,W20-1028-020SL,638,599,4385,193322,2026-08-20,,,,Shipped,0
716854,11546448,227,811,90111,193398,2026-08-24,,TRAVELERRECEIVED,,Shipped,30040
716855,11546448,264,662,73556,193398,2026-08-24,,TRAVELERRECEIVED,,Shipped,30044
716856,11546448,148,977,108556,193398,2026-08-24,,TRAVELERRECEIVED,,Shipped,30040
716857,11546448,519,1106,122889,193398,2026-08-24,,TRAVELERRECEIVED,,Shipped,30039
716858,06514085AA,919,1018,28757,193709,2026-09-02,,6-233-10-A,,Shipped,0
716860,06101968-A,949,1016,76970,193407,2026-08-24,,TRAVELERRECEIVED,,Shipped,30037
716861,06101968-A,1517,967,73258,193407,2026-08-24,,TRAVELERRECEIVED,,Shipped,30040
716862,06101968-A,208,996,75455,193407,2026-08-24,,TRAVELERRECEIVED,,Shipped,30030
716863,06101968-A,648,979,74167,193407,2026-08-24,,,,Shipped,30037
716864,40073474,1000,767,5148,193497,2026-08-26,,TRAVELERRECEIVED,,0,0
716865,40073474,626,698,4685,193497,2026-08-26,,TRAVELERRECEIVED,,0,0
716867,11517665-A,1306,265,26500,193252,2026-08-18,,,,Shipped,30031
716868,11546449,1028,1108,93898,193322,2026-08-20,,TRAVELERRECEIVED,DONE,Shipped,30030
716869,11546449,704,1031,87373,193322,2026-08-20,,TRAVELERRECEIVED,DONE,Shipped,30042
716870,11546449,1671,1171,99237,193322,2026-08-20,,TRAVELERRECEIVED,DONE,0,0
716871,11546449,1819,978,82881,193322,2026-08-20,,TRAVELERRECEIVED,DONE,Shipped,30042
716872,11546449,559,1108,93898,193322,2026-08-20,,TRAVELERRECEIVED,DONE,Shipped,30059
716873,11546449,580,893,75678,193322,2026-08-20,,TRAVELERRECEIVED,DONE,Shipped,30061
716874,11546449,1395,1044,88475,193322,2026-08-20,,TRAVELERRECEIVED,DONE,Shipped,30040
716875,11546449,1074,1031,87373,193322,2026-08-20,,TRAVELERRECEIVED,DONE,Shipped,30037
716876,11546449,1620,979,82966,193322,2026-08-20,,TRAVELERRECEIVED,DONE,Shipped,30065
716877,11546449,221,1079,91441,193322,2026-08-20,,TRAVELERRECEIVED,DONE,Shipped,30067
716878,11546449,150,954,80847,193322,2026-08-20,,TRAVELERRECEIVED,DONE,Shipped,30065
716879,11546449,1829,1123,95169,193322,2026-08-20,,TRAVELERRECEIVED,DONE,Shipped,#REF!
716880,W20-1028-020SL,19,1111,8133,193339,2026-08-21,,TRAVELERRECEIVED,DONE,Shipped,#REF!
716881,W20-1028-020SL,653,942,6896,193339,2026-08-21,,TRAVELERRECEIVED,DONE,Shipped,30067
716882,W20-1028-020SL,1437,993,7269,193339,2026-08-21,,TRAVELERRECEIVED,DONE,Shipped,30031
716883,W20-1028-020SL,1811,1080,7906,193339,2026-08-21,,TRAVELERRECEIVED,DONE,Shipped,30031
716884,W20-1028-020SL,1813,979,7167,193339,2026-08-21,,TRAVELERRECEIVED,DONE,Shipped,0
716885,W20-1028-020SL,209,1095,8016,193339,2026-08-21,,TRAVELERRECEIVED,DONE,Shipped,30031
716886,06101831-A,1017,794,28768,193371,2026-08-21,,TRAVELERRECEIVED,,0,0
716887,06101831-A,1659,815,29529,193371,2026-08-21,,TRAVELERRECEIVED,,0,0
716888,06101831-A,1314,875,31703,193371,2026-08-21,,TRAVELERRECEIVED,,0,0
716889,06101831-A,304,773,28007,193371,2026-08-21,,TRAVELERRECEIVED,,0,0
716890,06101831-A,1568,853,30906,193371,2026-08-21,,TRAVELERRECEIVED,,0,0
716891,06101831-A,130,798,28913,193371,2026-08-21,,TRAVELERRECEIVED,,0,0
716892,06101831-A,750,904,32754,193398,2026-08-24,,TRAVELERRECEIVED,,Shipped,30039
716893,06101831-A,431,726,26304,193398,2026-08-24,,TRAVELERRECEIVED,,Shipped,30044
716895,06101831-A,1823,1172,42464,193398,2026-08-24,,TRAVELERRECEIVED,,Shipped,30040
716896,06101831-A,106,1064,38551,193398,2026-08-24,,TRAVELERRECEIVED,,Shipped,30040
716897,06101831-A,1544,1073,38877,193398,2026-08-24,,TRAVELERRECEIVED,,Shipped,30031
716898,06511637AA,1584,1049,42298,193480,2026-08-25,,6-236-32-A,,0,0
716899,06511637AA,873,1012,40806,193480,2026-08-25,,6-236-32-B,,0,0
716900,W716298-S450-A,896,1030,135526,193480,2026-08-25,,6-236-42-A,,0,0
716901,W716298-S450-A,1777,985,129605,193480,2026-08-25,,6-236-42-B,,0,0
716902,06514094AA,1667,759,8615,193512,2026-08-26,,6-236-37-A,,0,0
716903,06514094AA,1308,527,5982,193512,2026-08-26,,6-236-37-B,,0,0
716905,7151143403,1305,990,58580,193480,2026-08-25,,6-237-22-A,,0,0
716906,11561645,1674,997,129481,193480,2026-08-25,,6-236-33-A,,0,0
716907,11561645,455,832,108052,193480,2026-08-25,,6-236-33-B,,0,0
716908,11549168,1022,1141,42575,193585,2026-08-28,,6-240-21-A,,0,0
716909,11549168,1782,1171,43694,193585,2026-08-28,,6-240-21-B,,0,0
716910,11549168,959,1113,41530,193585,2026-08-28,,6-240-22-A,,0,0
716911,11549168,1070,1168,43582,193585,2026-08-28,,6-240-22-B,,0,0
716912,11549168,50,1257,46903,193585,2026-08-28,,6-240-22-C,,0,0
716913,11549168,398,1019,38022,193585,2026-08-28,,6-240-22-D,,0,0
716914,11549168,584,1231,45933,193585,2026-08-28,,6-240-21-C,,0,0
716915,11549168,1034,1050,39179,193585,2026-08-28,,6-240-21-D,,0,0
716916,11549170-L,1835,1193,15514,193852,2026-09-08,,6-247-12-A,,0,0
716917,11549170-L,451,1113,14473,193852,2026-09-08,,6-247-12-B,,0,0
716918,11549170,342,1132,14720,193666,2026-09-01,,6-244-26-A,,0,0
716919,11549170,65,1116,14512,193666,2026-09-01,,6-240-26-B,,0,0
716920,11549170-L,121,1079,14031,193852,2026-09-08,,6-247-11-A,,0,0
716921,11549170-L,1759,1156,15033,193852,2026-09-08,,6-247-11-B,,0,0
716922,11549170,197,1102,14330,193585,2026-08-28,,6-240-24-A,,0,0
716923,11549170,1604,1144,14876,193585,2026-08-28,,6-240-24-B,,0,0
716924,11549170,66,,,,2026-09-03,,6-240-25-A,,,
716925,11549170,1309,,,,2026-09-04,,6-240-25-B,,,
716926,11549170-L,1625,1187,15436,193852,2026-09-08,,6-247-10-C,,0,0
716927,11549170-L,1407,1070,13914,193852,2026-09-08,,6-247-10-D,,0,0
716928,11549170,507,,,,2026-09-03,,6-240-25-C,,,
716929,11549170,560,,,,2026-09-04,,6-240-25-D,,,
716930,11549170,1325,1102,14330,193585,2026-08-28,,6-240-24-C,,0,0
716931,11549170,1049,1145,14889,193585,2026-08-28,,6-240-24-D,,0,0
716932,11549170,132,1120,14564,193585,2026-08-28,,6-240-24-E,,0,0
716933,11549170,58,1140,14824,193585,2026-08-28,,6-240-24-F,,0,0
716934,11549170,1432,,,,2026-09-03,,6-240-25-e,,,
716935,11549170,198,,,,2026-09-04,,6-240-25-F,,,
716936,11549170,624,,,,2026-09-03,,6-240-26-c,,,
716937,11549170,29,,,,2026-09-05,,6-240-26-d,,,
716938,11549170,237,1141,14837,193585,2026-08-28,,6-240-24-G,,0,0
716939,11549170,578,1111,14447,193585,2026-08-28,,6-240-24-H,,0,0
716940,11549204,444,1217,8000,193783,2026-09-04,,TRAVELERRECEIVED,,0,0
716941,11549204,552,1217,8000,193783,2026-09-04,,TRAVELERRECEIVED,,0,0
716942,11549204,1601,1217,8000,193783,2026-09-04,,TRAVELERRECEIVED,,0,0
716943,11549204,960,1217,8000,193793,2026-09-04,,TRAVELERRECEIVED,,0,0
716944,11549204,1826,1217,8000,193783,2026-09-04,,TRAVELERRECEIVED,,0,0
716946,11549204,1581,1217,8000,193793,2026-09-04,,TRAVELERRECEIVED,,0,0
716950,11546369-IN-PN,892,1107,9866,193783,2026-09-04,,TRAVELERRECEIVED,,0,0
716953,11546369-IN-PN,1781,1132,10089,193783,2026-09-04,,TRAVELERRECEIVED,,0,0
716954,22800396-IN-PN,274,686,30762,193480,2026-08-25,,6-236-43-B,,0,0
716955,22800396-IN-PN,1771,488,21883,193665,2026-09-01,,6-243-57-A,,Shipped,0
716958,11549168-CA-IN,1837,1367,51000,193853,2026-09-08,,,,0,0
716969,11548535,1330,1142,5710,193665,2026-09-01,,6-243-35-A,,0,0
716970,11548535,588,1100,5500,193263,2026-08-19,,SORT&RETURN,,Shipped,30042
716971,06102612AA,181,1194,72364,193339,2026-08-21,,TRAVELERRECEIVED,DONE,0,0
716973,11546369-IN-PN,709,1033,9207,193783,2026-09-04,,TRAVELERRECEIVED,,0,0
716975,11546369-IN-PN,205,1147,10223,193783,2026-09-04,,TRAVELERRECEIVED,,0,0
716979,11546369-IN-PN,530,1214,10820,193783,2026-09-04,,TRAVELERRECEIVED,,0,0
716981,11546369-IN-PN,911,1268,11301,193783,2026-09-04,,TRAVELERRECEIVED,,0,0
716985,06105102AA,KIB,1736,40000,193371,2026-08-21,,TRAVELERRECEIVED,DONE,0,0
716986,06105102AA,KIB,1736,40000,193371,2026-08-21,,SPLIT FROM TR716985,DONE,Shipped,30065
716987,06105102AA,KIB,1736,40000,193371,2026-08-21,,TRAVELERRECEIVED,DONE,0,0
716988,06105102AA,KIB,1736,40000,193371,2026-08-21,,SPLIT FROM TR716987,DONE,Shipped,30065
716989,06105102AA,KIB,1320,40000,193371,2026-08-21,,TRAVELERRECEIVED,DONE,0,0
716990,06105102AA,KIB,1736,40000,193371,2026-08-21,,SPLIT FROM TR716989,DONE,0,0
716991,06509967AA,KIB,1320,40000,193398,2026-08-24,,TRAVELERRECEIVED,,Shipped,30037
716992,06509967AA,KIB,1320,40000,193398,2026-08-24,,SPLIT FROM TR716991,,Shipped,30031
716993,06512834AA,56,1245,12302,193709,2026-09-02,,6-243-60-A,,Shipped,30082
716995,06512834AA,931,1245,12302,193709,2026-09-02,,6-243-60-B,,Shipped,30082
716996,06512834AA,788,1269,12540,193709,2026-09-02,,6-243-60-C,,Shipped,0
716999,06503825-A,485,792,60923,193584,2026-08-28,,6-240-16-A,,0,0
717000,06503825-A,1579,717,55154,193584,2026-08-28,,6-240-16-B,,0,0
717002,06503825-A,123,1071,82385,193584,2026-08-28,,6-240-17-A,,0,0
717003,06503825-A,1817,1030,79231,193584,2026-08-28,,6-240-17-B,,0,0
717004,06503825-A,296,900,69231,193584,2026-08-28,,6-240-17-C,,0,0
717005,06105051AA,1345,772,16496,193709,2026-09-02,,6-243-56-A,,Shipped,0
717006,06105051AA,747,721,15406,193709,2026-09-02,,6-243-56-B,,Shipped,0
717009,55364498AA,1616,637,11175,193584,2026-08-28,,6-240-19-A,,0,0
717010,55364498AA,67,747,13105,193584,2026-08-28,,6-240-19-B,,0,0
717013,11546368-my-ak,1013,,,,2026-09-09,,6-246-23-a,,,
717014,11546368-MY-AK,982,,,,2026-09-08,,6-246-23-B,,,
717015,11546368-my-ak,517,,,,2026-09-05,,6-246-23-c,,,
717016,11546368-my-ak,1416,,,,2026-09-08,,6-246-23-d,,,
717017,11546368-my-ak,240,,,,2026-09-05,,6-246-22-a,,,
717018,11546368-MY-AK,234,,,,2026-09-08,,6-246-22-B,,,
717019,11546368-my-ak,1697,,,,2026-09-05,,6-246-23-e,,,
717020,11546368-my-ak,407,,,,2026-09-08,,6-246-23-f,,,
717021,11546368-MY-AK,374,,,,2026-09-08,,6-246-23-G,,,
717022,11546368-MY-AK,1770,,,,2026-09-08,,6-246-23-H,,,
717023,11546368-my-ak,341,,,,2026-09-08,,6-246-22-c,,,
717024,11546368-my-ak,1753,,,,2026-09-08,,6-246-22-d,,,
717025,11546368-my-ak,1393,,,,2026-09-09,,6-246-23-i,,,
717026,11546368-my-ak,1662,,,,2026-09-05,,6-246-23-j,,,
717027,11546368-my-ak,1054,,,,2026-09-08,,6-246-23-k,,,
717028,11546368-my-ak,293,,,,2026-09-08,,6-246-23-l,,,
717029,11546367-MY-AK-L,966,1197,25742,193595,2026-08-31,,TRAVELERRECEIVED,,0,0
717030,11546367-MY-AK,742,1091,23462,193595,2026-08-31,,TRAVELERRECEIVED,,Shipped,30067
717031,11546367-MY-AK,837,1148,24688,193470,2026-08-25,,TRAVELERRECEIVED,,0,0
717032,11546367-MY-AK,1035,1138,24473,193470,2026-08-25,,TRAVELERRECEIVED,,0,0
717033,11546367-MY-AK,1774,1158,24903,193470,2026-08-25,,TRAVELERRECEIVED,,0,0
717034,11546367-MY-AK,897,1175,25269,193470,2026-08-25,,TRAVELERRECEIVED,,0,0
717035,11546367-MY-AK,458,1144,24602,193470,2026-08-25,,TRAVELERRECEIVED,,0,0
717036,11546367-MY-AK,224,1142,24559,193470,2026-08-25,,TRAVELERRECEIVED,,0,0
717037,11546367-MY-AK,1693,1158,24903,193470,2026-08-25,,TRAVELERRECEIVED,,0,0
717038,11546367-MY-AK,15,1097,23591,193470,2026-08-25,,TRAVELERRECEIVED,,0,0
717039,11546367-MY-AK,1765,1107,23806,193470,2026-08-25,,TRAVELERRECEIVED,,0,0
717040,11546367-MY-AK,533,1211,26043,193470,2026-08-25,,TRAVELERRECEIVED,,0,0
717041,11546367-MY-AK,619,1125,24194,193470,2026-08-25,,TRAVELERRECEIVED,,0,0
717042,11546367-MY-AK,1680,1146,24645,193470,2026-08-25,,TRAVELERRECEIVED,,0,0
717043,11546367-MY-AK,1574,1195,25699,193470,2026-08-25,,TRAVELERRECEIVED,,0,0
717044,11546367-MY-AK,388,1107,23806,193470,2026-08-25,,TRAVELERRECEIVED,,0,0
717045,11610128,1358,828,29571,193480,2026-08-25,,6-236-38-A,,0,0
717046,11610128,1802,943,33679,193480,2026-08-25,,6-236-38-B,,0,0
717047,11548414,823,1120,17364,193339,2026-08-21,,TRAVELERRECEIVED,DONE,0,0
717048,11548414,1319,880,13643,193339,2026-08-21,,TRAVELERRECEIVED,DONE,Shipped,#REF!
717049,11548414,68,1040,16124,193339,2026-08-21,,TRAVELERRECEIVED,DONE,0,0
717050,11548414,1409,1146,17767,193339,2026-08-21,,TRAVELERRECEIVED,,Shipped,30057
717051,11548414,44,1160,17984,193339,2026-08-21,,TRAVELERRECEIVED,DONE,Shipped,30059
717052,11548414,1417,1046,16217,193339,2026-08-21,,TRAVELERRECEIVED,DONE,0,0
717053,11548414,1366,806,12496,193339,2026-08-21,,TRAVELERRECEIVED,,Shipped,30059
717054,11548414,913,650,10078,193339,2026-08-21,,TRAVELERRECEIVED,,Shipped,30059
717055,11548414,400,1107,17163,193339,2026-08-21,,TRAVELERRECEIVED,,0,0
717056,11548414,120,1056,16372,193339,2026-08-21,,TRAVELERRECEIVED,,Shipped,30061
717057,11546463-A,217,983,15217,193371,2026-08-21,,TRAVELERRECEIVED,DONE,0,0
717058,11546463-A,1336,984,15232,193371,2026-08-21,,TRAVELERRECEIVED,DONE,0,0
717059,11546463-A,39,981,15186,193371,2026-08-21,,TRAVELERRECEIVED,DONE,0,0
717060,11546463-A,562,978,15139,193371,2026-08-21,,TRAVELERRECEIVED,DONE,0,0
717061,11546463,854,1059,16393,193407,2026-08-24,,TRAVELERRECEIVED,,Shipped,30044
717062,11546463,223,873,13514,193407,2026-08-24,,TRAVELERRECEIVED,,Shipped,30069
717063,11546463,1106,991,15341,193407,2026-08-24,,TRAVELERRECEIVED,,Shipped,30069
717064,11546463,364,975,15093,193407,2026-08-24,,TRAVELERRECEIVED,,Shipped,30044
717065,11546774-MY-AK,1800,947,13116,193984,2026-09-11,,6-253-27-A,,0,0
717066,11546774-MY-AK,739,1033,14307,193984,2026-09-11,,6-253-27-B,,0,0
717067,11546774-MY-AK,178,931,12895,193984,2026-09-11,,6-253-27-C,,0,0
717068,11546774-MY-AK,683,1027,14224,193984,2026-09-11,,6-253-27-D,,0,0
717069,11546774-MY-AK,295,1046,14488,193984,2026-09-11,,6-253-27-E,,0,0
717070,11546774-MY-AK,689,883,12230,193984,2026-09-11,,6-253-27-F,,0,0
717071,11546456,1528,948,77705,193407,2026-08-24,,TRAVELERRECEIVED,,Shipped,30046
717072,11546456,1780,890,72951,193407,2026-08-24,,TRAVELERRECEIVED,,Shipped,30040
717073,11546456,724,932,76393,193407,2026-08-24,,TRAVELERRECEIVED,,Shipped,30040
717074,11546456,1059,843,69098,193407,2026-08-24,,TRAVELERRECEIVED,,Shipped,30040
717075,11546456,605,995,81557,193407,2026-08-24,,TRAVELERRECEIVED,,Shipped,30069
717076,11546456,1711,803,65820,193407,2026-08-24,,TRAVELERRECEIVED,,Shipped,30046
717077,11546456,921,938,76885,193407,2026-08-24,,TRAVELERRECEIVED,,Shipped,30054
717078,11546456,716,858,70328,193407,2026-08-24,,TRAVELERRECEIVED,,Shipped,30040
717079,11546462-A,1382,935,23375,193371,2026-08-21,,TRAVELERRECEIVED,,0,0
717080,11546462-A,1385,868,21700,193371,2026-08-21,,TRAVELERRECEIVED,DONE,0,0
717081,11546462-A,171,822,20550,193371,2026-08-21,,TRAVELERRECEIVED,,0,0
717082,11546462-A,1421,975,24375,193371,2026-08-21,,TRAVELERRECEIVED,DONE,0,0
717083,11588714,KIB,1547,70000,193263,2026-08-19,,TRAVELERRECEIVED,,Shipped,30059
717084,11588714,KIB,1547,70000,193263,2026-08-19,,SPLIT FROM TR#717083,,Shipped,30061
717085,11588714,KIB,1547,70000,193263,2026-08-19,,TRAVELERRECEIVED,,Shipped,0
717086,11588714,KIB,1547,70000,193263,2026-08-19,,SPLIT FROM TR#717085,,Shipped,0
717101,NU1510-00-T,1560,1123,41000,193949,2026-09-10,,6-253-21-A,,0,0
717102,NU1510-00-T,325,1123,41000,193949,2026-09-10,,6-253-21-B,,0,0
717103,NU1510-00,755,1096,40000,193551,2026-08-27,,6-239-25-A,,Shipped,30074
717104,NU1510-00,1429,1096,40000,193551,2026-08-27,,6-239-25-B,,Shipped,30074
717105,NU5210-03,282,1096,40000,193336,2026-08-20,,6-229-52-A,DONE,0,0
717106,NU5210-03,411,1096,40000,193229,2026-08-17,,6-229-52-B,,Shipped,0
717107,06514720AA,1627,830,37557,193709,2026-09-02,,6-245-20-A,,Shipped,0
717108,06514720AA,1686,901,40769,193709,2026-09-02,,6-245-20-B,,Shipped,0
717109,06514720AA,1685,868,39276,193709,2026-09-02,,6-245-20-C,,Shipped,0
717111,06101736-A,1545,866,97303,193398,2026-08-24,,TRAVELERRECEIVED,,Shipped,30044
717112,06101736-A,734,780,87640,193398,2026-08-24,,TRAVELERRECEIVED,DONE,0,0
717113,11588714,KIB,1547,70000,193263,2026-08-19,,TRAVELERRECEIVED,,Shipped,30018
717114,11588714,KIB,1547,70000,193263,2026-08-19,,SPLIT FROM TR#717113,DONE,0,0
717115,11588714,KIB,1547,70000,193263,2026-08-19,,TRAVELERRECEIVED,,0,0
717116,11588714,KIB,1547,70000,193263,2026-08-19,,SPLIT FROM TR#717115,,Shipped,30031
717129,11602031-IN-PN,1661,651,3190,193407,2026-08-24,,TRAVELERRECEIVED,,Shipped,30031
717130,11602031-IN-PN,54,654,3204,193407,2026-08-24,,TRAVELERRECEIVED,,Shipped,30044
717137,11546545-TH-TC,284,1001,77000,193570,2026-08-28,,TRAVELERRECEIVED,,Shipped,30057
717138,11546545-TH-TC,546,1048,80615,193570,2026-08-28,,TRAVELERRECEIVED,,Shipped,30061
717139,11546545-TH-TC,511,917,70538,193570,2026-08-28,,TRAVELERRECEIVED,,Shipped,0
717141,11546449-TH-TC,63,914,71406,193322,2026-08-20,,TRAVELERRECEIVED,DONE,0,0
717142,11546449-TH-TC,369,1048,81875,193322,2026-08-20,,TRAVELERRECEIVED,DONE,0,0
717143,11546449-TH-TC,922,1050,82031,193322,2026-08-20,,TRAVELERRECEIVED,DONE,0,0
717145,11546463-TH-TC,1760,914,13113,193407,2026-08-24,,TRAVELERRECEIVED,DONE,Shipped,30049
717146,11546463-TH-TC,200,1097,15739,193407,2026-08-24,,TRAVELERRECEIVED,,Shipped,30046
717147,11546463-TH-TC,901,1114,15983,193407,2026-08-24,,TRAVELERRECEIVED,DONE,Shipped,30044
717149,11546463-TH-TC,417,809,11607,193407,2026-08-24,,TRAVELERRECEIVED,,Shipped,30044
717159,06511777AA,382,832,11572,193949,2026-09-10,,6-253-23-B,,0,0
717160,06511777AA,761,939,13060,193949,2026-09-10,,6-253-23-C,,0,0
717161,11546571,1365,858,51377,193551,2026-08-27,,6-239-24-A,,0,0
717162,11546571,915,802,48024,193551,2026-08-27,,6-239-24-B,,Shipped,30067
717163,11546571,1328,867,51916,193584,2026-08-28,,6-239-24-C,,0,0
717164,11546571,493,809,48443,193584,2026-08-28,,6-239-24-D,,0,0
717165,11546370-MY-AK-L,868,1034,6940,193611,2026-09-01,,,,0,0
717166,11546370-MY-AK-L,983,1174,7879,193611,2026-09-01,,,,0,0
717167,11546370-MY-AK-L,83,1165,7819,193611,2026-09-01,,,,0,0
717168,11546370-MY-AK-L,1600,1074,7208,193611,2026-09-01,,,,0,0
717169,11546370-MY-AK-L,449,1170,7852,193611,2026-09-01,,,,0,0
717170,11546370-MY-AK-L,1312,1054,7074,193595,2026-08-31,,TRAVELERRECEIVED,,0,0
717171,11546370-MY-AK-L,1599,1177,7899,193595,2026-08-31,,TRAVELERRECEIVED,,0,0
717172,11546370-MY-AK-L,194,1017,6826,193595,2026-08-31,,TRAVELERRECEIVED,,0,0
717173,11546370-MY-AK-L,1354,1127,7654,193595,2026-08-31,,TRAVELERRECEIVED,,0,0
717174,11546370-MY-AK-L,1410,1105,7416,193595,2026-08-31,,TRAVELERRECEIVED,,0,0
717175,11546378-MY-AK-T,785,1104,42299,193595,2026-08-31,,TRAVELERRECEIVED,,0,0
717176,11546378-MY-AK-T,355,1096,41992,193595,2026-08-31,,TRAVELERRECEIVED,,0,0
717177,11546378-MY-AK-T,1602,1091,41801,193595,2026-08-31,,TRAVELERRECEIVED,,0,0
717178,11546378-MY-AK-T,696,1126,43142,193595,2026-08-31,,TRAVELERRECEIVED,,0,0
717179,11610091-MY-AK,482,1133,73571,193627,2026-08-31,,6-243-38-A,,Shipped,30082
717180,11610091-MY-AK,743,1193,77468,193627,2026-08-31,,6-243-38-B,,Shipped,30067
717181,11549171-MY-AK,1010,1608,13979,193586,2026-08-29,,,,0,0
717182,11549171-MY-AK,375,1739,15124,193586,2026-08-29,,,,0,0
717183,11602031-IN-PN,829,654,3204,193407,2026-08-24,,TRAVELERRECEIVED,,Shipped,30031
717184,11602031-IN-PN,1799,693,3395,193407,2026-08-24,,TRAVELERRECEIVED,,Shipped,30031
717185,11546370-IN-PN,249,1191,7993,193904,2026-09-10,,,,0,0
717187,11546370-IN-PN,1804,1173,7872,193904,2026-09-10,,,,0,0
717189,11546370-IN-PN,1361,1200,8054,193904,2026-09-10,,,,0,0
717191,11546370-IN-PN,3,1200,8054,193904,2026-09-10,,,,0,0
717193,11546370-IN-PN,786,1135,7617,193904,2026-09-10,,,,0,0
717195,11546370-IN-PN,1786,1130,7584,193904,2026-09-10,,,,0,0
717201,42068967,1375,961,10300,193584,2026-08-28,,6-240-18-A,PACK IN VCI BAG,0,0
717202,42068967,435,1160,12433,193584,2026-08-28,,6-240-18-B,PACK IN VCI BAG,0,0
717203,42068967,1403,1012,10847,193584,2026-08-28,,6-240-18-C,PACK IN VCI BAG,0,0
717204,42068967,1716,1125,12058,193584,2026-08-28,,6-240-18-D,PACK IN VCI BAG,0,0
717205,42068967,72,1013,10857,193584,2026-08-28,,6-240-18-E,PACK IN VCI BAG,0,0
717206,42068967,297,1134,12154,193584,2026-08-28,,6-240-18-F,PACK IN VCI BAG,0,0
717207,11549171-MY-AK,112,1096,9530,193586,2026-08-29,,TRAVELERRECEIVED,,0,0
717208,11549171-MY-AK,1691,1121,9748,193586,2026-08-29,,TRAVELERRECEIVED,,0,0
717209,11549171-MY-AK,815,1151,10009,193586,2026-08-29,,TRAVELERRECEIVED,,0,0
717210,11549171-MY-AK,1414,1075,9348,193570,2026-08-28,,TRAVELERRECEIVED,,Shipped,30065
717211,11549171-MY-AK,397,1226,10661,193570,2026-08-28,,TRAVELERRECEIVED,,Shipped,30082
717212,11549171-MY-AK,801,986,8574,193570,2026-08-28,,TRAVELERRECEIVED,,Shipped,30057
717213,11549171-MY-AK,180,1121,9748,193570,2026-08-28,,TRAVELERRECEIVED,,Shipped,30059
717214,11549171-MY-AK,337,1091,9487,193570,2026-08-28,,TRAVELERRECEIVED,,0,0
717215,11549171-MY-AK,60,1136,9878,193570,2026-08-28,,TRAVELERRECEIVED,,Shipped,30059
717216,11549171-MY-AK,849,1068,9287,193570,2026-08-28,,TRAVELERRECEIVED,,Shipped,30067
717217,11549171-MY-AK,954,1091,9487,193570,2026-08-28,,TRAVELERRECEIVED,,Shipped,30061
717218,11549171-MY-AK,974,1099,9557,193570,2026-08-28,,TRAVELERRECEIVED,,Shipped,30059
717228,61525,KIB,1890,175000,193229,2026-08-17,,6-229-44-A,,Shipped,30031
717229,61525,KIB,1890,175000,193229,2026-08-14,,SPLIT FROM TR#717228,,Shipped,29996
717232,W520113-S440-L,642,1130,42164,193902,2026-09-10,,TRAVELERRECEIVED,,0,0
717233,W520113-S440-L,1071,1130,42164,193902,2026-09-10,,TRAVELERRECEIVED,,0,0
717234,W520113-S441,279,1102,41119,193827,2026-09-08,,TRAVELERRECEIVED,,0,0
717235,W520113-S441,1318,1162,43358,193827,2026-09-08,,TRAVELERRECEIVED,,0,0
717236,NU1136-01-T,GAYLORD,878,8229,193984,2026-08-28,,6-238-13-F,,0,0
717237,NU1136-01-T,GAYLORD,839,7863,193984,2026-08-28,,6-238-13-G,,0,0
717238,NU1136-01-T,GAYLORD,879,8238,193984,2026-08-28,,6-238-13-G,,0,0
717239,NU1136-01-T,GAYLORD,887,8313,193984,2026-08-28,,6-238-13-I,,0,0
717240,NU1136-01-T,GAYLORD,944,8847,193984,2026-08-28,,6-238-13-J,,0,0
717241,NU1136-01-T,GAYLORD,960,8997,193984,2026-08-28,,6-238-13-K,,0,0
717242,NU1136-01,979,886,8304,193512,2026-08-26,,6-238-13-L,,0,0
717243,NU1136-01-T,GAYLORD,834,7816,193984,2026-08-28,,6-238-13-M,,0,0
717244,E6267AB,566,1194,25350,193793,2026-09-04,,TRAVELERRECEIVED,,0,0
717245,E6267AB,1757,1135,24098,193793,2026-09-04,,TRAVELERRECEIVED,,0,0
717246,E6267AB,97,1155,24522,193793,2026-09-04,,TRAVELERRECEIVED,,0,0
717247,E6267AB,443,1133,24055,193793,2026-09-04,,TRAVELERRECEIVED,,0,0
717248,11547059,15CTNS,375,8250,193203,2026-08-17,,6-229-13-A,,Shipped,29998
717259,06100050-A,286,985,52394,193530,2026-08-27,,6-238-17-A,,Shipped,30067
717260,06100050-A,513,1045,55585,193530,2026-08-27,,6-238-17-B,,Shipped,30080
717261,06100050-A,370,1024,54468,193530,2026-08-27,,6-238-17-C,,Shipped,30072
717262,06100050-A,1793,1059,56330,193480,2026-08-25,,6-236-40-A,,0,0
717263,06100050-A,348,1035,55053,193530,2026-08-27,,6-238-18-A,,Shipped,30049
717264,06100050-A,1707,1024,54468,193530,2026-08-27,,6-238-18-B,,Shipped,30059
717265,06100050-A,1342,1240,65957,193530,2026-08-27,,6-238-19-A,,Shipped,30061
717266,06100050-A,81,1259,66968,193530,2026-08-27,,6-238-19-B,,Shipped,30059
717267,06100050-A,1344,1061,56436,193530,2026-08-27,,6-238-19-C,,Shipped,30046
717268,06100050-A,1812,1167,62074,193480,2026-08-25,,6-236-39-A,,0,0
717279,NU1405-00,1632,1155,75000,193336,2026-08-20,,6-232-38-A,,Shipped,30011
717280,NU1405-00,820,1151,74740,193336,2026-08-20,,6-232-38-B,,Shipped,30013
717281,NU1405-00,1712,1128,73247,193336,2026-08-20,,6-232-39-A,,Shipped,30011
717282,NU1405-00,261,1196,77662,193336,2026-08-20,,6-232-39-B,DONE,Shipped,30040
717283,NU1405-00,1011,1196,77662,193336,2026-08-20,,6-232-40-A,DONE,0,0
717284,NU1405-00,457,1115,72403,193336,2026-08-20,,6-232-40-B,DONE,Shipped,30061
717285,11610091-MY-AK,399,1221,79286,193627,2026-08-31,,6-243-39-A,,Shipped,30080
717286,11610091-MY-AK,1629,1081,70195,193890,2026-09-09,,6-251-32-A,,0,0
717287,11610091-MY-AK,1368,1132,73506,193627,2026-08-31,,6-243-40-A,,Shipped,30092
717288,11610091-MY-AK,145,1212,78701,193627,2026-08-31,,6-243-40-B,,Shipped,30065
717289,11610091-MY-AK,908,1126,73117,193627,2026-08-31,,6-243-39-B,,Shipped,30072
717290,11610091-MY-AK,489,1219,79156,193890,2026-09-09,,6-251-32-B,,0,0
717291,11610091-MY-AK,1302,1136,73766,193627,2026-08-31,,6-243-41-A,,Shipped,30067
717292,11610091-MY-AK,889,1178,76494,193627,2026-08-31,,6-243-41-B,,Shipped,30072
717303,11546367-MY-AK-L,742,1091,23462,193595,,,,,0,0
717321,11546545,1832,1025,85417,193586,2026-08-29,,TRAVELERRECEIVED,,0,0
717322,11546545,1026,949,79083,193586,2026-08-29,,TRAVELERRECEIVED,,0,0
717323,11546545,405,1145,95417,193586,2026-08-29,,TRAVELERRECEIVED,,0,0
717324,11546545,1824,1061,88417,193586,2026-08-29,,TRAVELERRECEIVED,,0,0
717325,11546545,1444,1074,89500,193586,2026-08-29,,TRAVELERRECEIVED,,Shipped,0
717326,11546545,1809,1142,95167,193586,2026-08-29,,TRAVELERRECEIVED,,0,0
717327,11546545,688,1022,85167,193586,2026-08-29,,TRAVELERRECEIVED,,0,0
717328,11546545,465,1178,98167,193586,2026-08-29,,TRAVELERRECEIVED,,0,0
717329,11546545,914,1005,83750,193586,2026-08-29,,TRAVELERRECEIVED,,0,0
717330,11546545,317,1152,96000,193586,2026-08-29,,TRAVELERRECEIVED,,0,0
717331,11546545,1588,1056,88000,193586,2026-08-29,,TRAVELERRECEIVED,,0,0
717332,11546545,508,1128,94000,193586,2026-08-29,,TRAVELERRECEIVED,,0,0
717347,11549170-L,1529,1166,15163,193852,2026-09-08,,6-246-24-A,,0,0
717348,11549170-L,635,1105,14369,193852,2026-09-08,,6-246-24-B,,0,0
717349,11549170-L,1846,1134,14746,193852,2026-09-08,,6-246-24-C,,0,0
717350,11549170-L,1849,1188,15449,193852,2026-09-08,,6-246-24-D,,0,0
717351,11549170,1766,1165,15150,194033,2026-09-14,,6-254-30-A,,0,0
717352,11549170,1597,1082,14070,194033,2026-09-14,,6-254-30-B,,0,0
717353,11549170-L,1559,1053,13693,193852,2026-09-08,,6-247-09-A,,0,0
717354,11549170-L,1039,1188,15449,193852,2026-09-08,,6-247-09-B,,0,0
717355,11549170-L,1052,1119,14551,193852,2026-09-08,,6-247-09-C,,0,0
717356,11549170-L,1816,1138,14798,193852,2026-09-08,,6-247-09-D,,0,0
717357,11549170,691,1156,15033,194033,2026-09-14,,6-254-30-C,,0,0
717358,11549170,1825,1127,14655,194033,2026-09-14,,6-254-30-D,,0,0
717359,11549170-L,794,1112,14460,193852,2026-09-08,,6-246-24-E,,0,0
717360,11549170-L,1815,1179,15332,193852,2026-09-08,,6-246-24-F,,0,0
717361,11549170,311,1089,14161,194033,2026-09-14,,6-254-30-E,,0,0
717362,11549170,307,1154,15007,194033,2026-09-14,,6-254-30-F,,0,0
717363,11549170-L,1555,1152,14980,193852,2026-09-08,,6-247-09-E,,0,0
717364,11549170-L,306,1064,13836,193852,2026-09-08,,6-247-09-F,,0,0
717365,11549170-L,1038,1152,14980,193852,2026-09-08,,6-247-10-A,,0,0
717366,11549170,32,,,,2026-09-05,,6-247-10-b,,,
717367,11549170-L,1082,1104,14356,193852,2026-09-08,,6-246-24-G,,0,0
717368,11549170-L,346,1145,14889,193852,2026-09-08,,6-246-24-H,,0,0
717369,11549168,1845,,,,2026-09-05,,6-247-24-a,,,
717370,11549168-L,288,1198,44701,193852,2026-09-08,,6-247-24-B,,0,0
717371,11549168,414,,,,2026-09-05,,6-247-25-a,,,
717372,11549168,810,,,,2026-09-08,,6-247-25-b,,,
717373,11549168-L,951,1236,46119,193852,2026-09-08,,6-247-24-C,,0,0
717374,11549168-L,765,1038,38731,193852,2026-09-08,,6-247-24-D,,0,0
717375,11549168-L,494,1201,44813,193852,2026-09-08,,6-247-25-C,,0,0
717376,11549168-L,243,1129,42127,193852,2026-09-08,,6-247-25-D,,0,0
717377,11549168,1040,,,,2026-09-08,,6-247-24-E,,,
717378,11549168,250,,,,2026-09-08,,6-247-24-f,,,
717379,11612078-B,1395,1144,65000,193480,2026-08-25,,,,0,0
717386,11546378-CA-IN,1552,1028,41120,194002,2026-09-14,,,,0,0
717387,11546378-CA-IN,904,1215,48600,194002,2026-09-14,,,,0,0
717393,06101831-A,1372,1134,41087,193827,2026-09-08,,TRAVELERRECEIVED,,0,0
717395,06101831-A,1837,785,28442,193696,2026-09-02,,TRAVELERRECEIVED,,Shipped,30072
717396,06101831-A,1062,875,31703,193696,2026-09-02,,TRAVELERRECEIVED,,Shipped,30072
717397,06101831-A,702,1209,43804,193827,2026-09-08,,TRAVELERRECEIVED,,0,0
717399,06101831-A,679,951,34457,193827,2026-09-08,,TRAVELERRECEIVED,,0,0
717400,06101831-A,127,1086,39348,193827,2026-09-08,,TRAVELERRECEIVED,,0,0
717401,06101831-A,212,743,26920,193827,2026-09-08,,TRAVELERRECEIVED,,0,0
717402,06101831-A,69,960,34783,193570,2026-08-28,,TRAVELERRECEIVED,,0,0
717403,06101831-A,778,975,35326,193570,2026-08-28,,TRAVELERRECEIVED,,Shipped,30098
717404,06101831-A,1320,19,677,193570,2026-08-28,,TRAVELERRECEIVED,,Shipped,30082
717405,06101831-A,1101,1091,39529,193570,2026-08-28,,TRAVELERRECEIVED,,Shipped,30065
717406,06101831-A,784,1084,39275,193570,2026-08-28,,TRAVELERRECEIVED,,Shipped,30067
717407,06101831-A,1639,1032,37391,193570,2026-08-28,,TRAVELERRECEIVED,,Shipped,30069
717411,06511834AA,840,447,3070,193497,2026-08-26,,TRAVELERRECEIVED,,0,0
717412,06511834AA,617,377,2589,193497,2026-08-26,,TRAVELERRECEIVED,,0,0
717413,06511834AA,545,390,2679,193497,2026-08-26,,TRAVELERRECEIVED,,0,0
717414,06511834AA,1585,436,2995,193497,2026-08-26,,TRAVELERRECEIVED,,0,0
717415,40109770,125,1196,8892,193497,2026-08-26,,TRAVELERRECEIVED,,0,0
717416,40109770,350,1050,7807,193497,2026-08-26,,TRAVELERRECEIVED,,0,0
717417,40109770,770,1184,8803,193497,2026-08-26,,TRAVELERRECEIVED,,0,0
717418,40109770,1702,1082,8045,193497,2026-08-26,,TRAVELERRECEIVED,,0,0
717419,82248,1068,1041,35897,193570,2026-08-28,,TRAVELERRECEIVED,,Shipped,30069
717420,82248,1794,1121,38655,193570,2026-08-28,,TRAVELERRECEIVED,,Shipped,30061
717423,06513555AA,95,1050,15487,193570,2026-08-28,,TRAVELERRECEIVED,,Shipped,30059
717425,06514113AA,928,726,51489,193497,2026-08-26,,TRAVELERRECEIVED,,0,0
717431,11549168-VN-VT,408,1363,48000,193793,2026-09-04,,TRAVELERRECEIVED,,0,0
717433,11549168-VN-VT,712,1250,44000,193793,2026-09-04,,TRAVELERRECEIVED,,0,0
717442,715150010W,34CTNS,1309,85000,193267,2026-08-19,,6-231-08-A,,Shipped,30065
717443,11604000,KIB,1515,29700,193295,2026-08-19,,6-231-13-A,,0,0
717444,11604000,KIB,,,,2026-08-22,,6-231-13-b,,,
717447,11546370-IN-PN,663,1195,8020,193904,2026-09-10,,,,0,0
717449,06510549AA,KIB,1468,40000,193586,2026-08-29,,TRAVELERRECEIVED,,0,0
717450,06105049AA,,KIB,,193586,2026-08-29,,6-243-12-B,,Shipped,30059
717451,06509967AA,KIB,1320,40000,193586,2026-08-29,,TRAVELERRECEIVED,,0,0
717452,06509967AA,KIB,1320,40000,193586,2026-08-29,,,,Shipped,30057
717453,82246,KIB,1658,15000,193696,2026-09-02,,TRAVELERRECEIVED,,Shipped,30072
717454,82246,KIB,1658,15000,193696,2026-09-02,,TRAVELERRECEIVED,,Shipped,0
717461,06105102AA,KIB,1736,40000,193586,2026-08-29,,TRAVELERRECEIVED,,0,0
717462,06105102AA,KIB,1736,40000,193586,2026-08-29,,,,Shipped,0
717463,06105102AA,KIB,1736,40000,193586,2026-08-29,,TRAVELERRECEIVED,,0,0
717464,06105102AA,KIB,1736,40000,193586,2026-08-29,,TRAVELERRECEIVED,,Shipped,30057
717465,06105102AA,KIB,1736,40000,193586,2026-08-29,,TRAVELERRECEIVED,,0,0
717466,06105102AA,KIB,1736,40000,193586,2026-08-29,,,,Shipped,30057
717467,06105102AA,KIB,1736,40000,193586,2026-08-29,,TRAVELERRECEIVED,,0,0
717468,06105102AA,KIB,1736,40000,193586,2026-08-29,,SPLIT FROM TR#717467,,Shipped,30085
717469,06105102AA,KIB,1736,40000,193586,2026-08-29,,TRAVELERRECEIVED,,0,0
717470,06105102AA,KIB,,25460,193586,2026-08-31,,TRAVELERRECEIVED,,Shipped,0
717471,94012078,1524,828,2712,193443,2026-08-24,,6-236-31-A,,0,0
717472,94012078,211,721,2362,193443,2026-08-24,,6-236-31-B,,0,0
717473,94012078,543,781,2558,193443,2026-08-24,,6-236-31-C,,0,0
717474,94012078,1426,740,2424,193443,2026-08-24,,6-236-31-D,,0,0
717475,94012078,1007,758,2483,193443,2026-08-24,,6-236-31-E,,0,0
717477,11549204,1374,1217,8000,193793,2026-09-04,,TRAVELERRECEIVED,,0,0
717478,11549204,1030,1217,8000,193783,2026-09-04,,TRAVELERRECEIVED,,0,0
717492,11546370-IN-PN,174,1150,7718,193904,2026-09-10,,,,0,0
717493,06513554AA,1684,967,12740,193751,2026-09-03,,6-244-25-A,,0,0
717494,06513554AA,4,901,11871,193751,2026-09-03,,6-244-25-B,,0,0
717495,11546367-MY-AK,666,1162,24989,193902,2026-09-10,,TRAVELERRECEIVED,,0,0
717496,11546367-MY-AK,363,1108,23828,193902,2026-09-10,,TRAVELERRECEIVED,,0,0
717497,11546367-MY-AK-L,608,1162,24989,193595,2026-08-31,,TRAVELERRECEIVED,,0,0
717498,11546367-MY-AK-L,809,1143,24581,193595,2026-08-31,,TRAVELERRECEIVED,,0,0
717499,11546367-MY-AK,1505,1116,24000,193902,2026-09-10,,TRAVELERRECEIVED,,0,0
717500,11546367-MY-AK,268,1183,25441,193902,2026-09-10,,TRAVELERRECEIVED,,0,0
717501,11546367-MY-AK,402,1110,23871,193902,2026-09-10,,TRAVELERRECEIVED,,0,0
717502,11546367-MY-AK,748,1190,25591,193902,2026-09-10,,TRAVELERRECEIVED,,0,0
717503,11546367-MY-AK,1315,1119,24065,193902,2026-09-10,,TRAVELERRECEIVED,,0,0
717504,11546367-MY-AK,1078,1173,25226,193902,2026-09-10,,TRAVELERRECEIVED,,0,0
717505,11546367-MY-AK,1098,1183,25441,193902,2026-09-10,,TRAVELERRECEIVED,,0,0
717506,11546367-MY-AK,124,1104,23742,193902,2026-09-10,,TRAVELERRECEIVED,,0,0
717507,11546367-MY-AK-L,1713,1219,26215,193595,2026-08-31,,TRAVELERRECEIVED,,0,0
717508,11546367-MY-AK-L,331,1085,23333,193595,2026-08-31,,TRAVELERRECEIVED,,0,0
717509,11546367-MY-AK-L,581,1142,24559,193595,2026-08-31,,TRAVELERRECEIVED,,0,0
717510,11546367-MY-AK-L,1767,1146,24645,193595,2026-08-31,,TRAVELERRECEIVED,,0,0
717511,11546368-my-ak,393,,,,2026-09-05,,6-246-21-a,,,
717512,11546368-my-ak,1652,,,,2026-09-09,,6-246-21-b,,,
717513,11546368-my-ak,634,,,,2026-09-09,,6-246-21-c,,,
717514,11546368-my-ak,753,,,,2026-09-09,,6-246-21-d,,,
717515,11546368-my-ak,564,,,,2026-09-08,,6-246-21-e,,,
717516,11546368-MY-AK,933,,,,2026-09-08,,6-246-21-F,,,
717517,11546368-MY-AK,706,,,,2026-09-08,,6-246-22-E,,,
717518,11546368-MY-AK,1583,,,,2026-09-08,,6-246-22-F,,,
717519,11546368-my-ak,1518,,,,2026-09-08,,6-246-22-g,,,
717520,11546368-my-ak,219,,,,2026-09-08,,6-246-22-h,,,
717521,11546368-MY-AK,925,1159,15964,193752,2026-09-03,,6-246-23-M,,0,0
717522,11546368-MY-AK,1807,1156,15923,193752,2026-09-03,,6-246-23-N,,0,0
717523,11546368-MY-AK,263,1170,16116,193752,2026-09-03,,6-246-23-O,,0,0
717524,11546368-MY-AK,266,1082,14904,193752,2026-09-03,,6-246-23-P,,0,0
717525,11546368-MY-AK,1610,,,,2026-09-08,,6-246-21-G,,,
717526,11546368-my-ak,721,,,,2026-09-08,,6-246-21-h,,,
717527,06511637AA,769,1134,45726,193751,2026-09-03,,6-244-26-A,,0,0
717528,06511637AA-A,1669,903,36411,193890,2026-09-09,,6-252-22-A,,0,0
717529,06511637AA,969,1048,42258,193751,2026-09-03,,6-244-24-A,,0,0
717530,06511637AA,1341,1006,40565,193751,2026-09-03,,6-244-24-B,,Shipped,30080
717531,06511637AA,1577,1141,46008,193751,2026-09-03,,6-244-24-C,,0,0
717532,06511637AA,38,926,37339,193751,2026-09-03,,6-244-24-D,,0,0
717533,06512278AA,898,900,56250,193709,2026-09-02,,6-245-21-A,,Shipped,30092
717534,06512278AA,551,710,44375,193709,2026-09-02,,6-245-21-B,,Shipped,0
717535,06512313AA,251,972,110455,193665,2026-09-01,,6-243-58-A,,0,0
717537,W716298-S450,1778,962,126579,193751,2026-09-03,,6-243-59-A,,0,0
717538,W716298-S450,628,1218,160263,193751,2026-09-03,,6-243-59-B,,0,0
717541,11502717-TH-TC,655,601,23027,193378,2026-08-21,,6-233-32-A,DONE,Shipped,30030
717542,11502717-TH-TC,604,857,32835,193378,2026-08-21,,6-233-32-B,DONE,Shipped,30030
717543,11502717-TN-TC,1635,1252,47969,193708,2026-09-02,,6-245-03-A,,Shipped,0
717544,11502717-TH-TC,614,1240,47510,193874,2026-09-09,,,,Shipped,0
717547,11502717-TH-TC-T,682,1075,41188,193890,2026-09-09,,6-252-23-A,,0,0
717548,11502717-TH-TC,1718,1070,40996,193890,2026-09-09,,6-252-23-B,,0,0
717549,11549204,1445,1217,8000,193904,2026-09-10,,TRAVELERRECEIVED,,0,0
717550,11549204,534,1217,8000,193904,2026-09-10,,6-244-24-B,,0,0
717551,11549204,63,1217,8000,193904,2026-09-10,,TRAVELERRECEIVED,,0,0
717552,11549204,1512,1065,7000,193783,2026-09-04,,TRAVELERRECEIVED,,0,0
717553,11588293,KIB,1946,70000,193336,2026-08-20,,6-232-24-A,DONE,0,0
717554,11588293,KIB,1946,70000,193336,2026-08-20,,SPLIT FROM TR#717553,,Shipped,30024
717555,11588293,KIB,1946,70000,193336,2026-08-20,,6-232-23-A,,Shipped,30011
717556,11588293,KIB,1946,70000,193336,2026-08-20,,SPLIT FROM TR#717555,,Shipped,30031
717557,11588293,KIB,1946,70000,193336,2026-08-20,,6-232-24-C,DONE,0,0
717558,11588293,KIB,,,,2026-08-21,,6-232-24-d,,,
717559,11610091-MY-AK,946,1218,79091,193890,2026-09-09,,6-251-33-A,,0,0
717560,11610091-MY-AK,504,1124,72987,193751,2026-09-03,,6-243-44-A,,0,0
717561,11610091-MY-AK,1077,1099,71364,193627,2026-08-31,,6-243-44-B,,Shipped,30082
717562,11610091-MY-AK,1792,1298,84286,193890,2026-09-09,,6-251-33-B,,0,0
717563,11610091-MY-AK,469,1166,75714,193627,2026-08-31,,6-243-43-A,,Shipped,30082
717564,11610091-MY-AK,1367,1214,78831,193627,2026-08-31,,6-243-43-B,,Shipped,30061
717565,11610091-MY-AK,759,1217,79026,193627,2026-08-31,,6-243-42-A,,Shipped,30061
717566,11610091-MY-AK,1806,1120,72727,193627,2026-08-31,,6-243-42-B,,Shipped,30080
717567,7150-1710-03,1621,750,26786,193665,2026-09-01,,6-244-13-A,,0,0
717569,6502979-A,1819,982,24798,193949,2026-09-10,,6-252-27-A,,0,0
717570,6502979-A,118,679,17146,193949,2026-09-10,,6-252-27-B,,0,0
717571,6502979-A,1028,796,20101,193949,2026-09-10,,6-252-27-C,,0,0
717572,6502979-A,369,831,20985,193949,2026-09-10,,6-252-27-D,,0,0
717575,06503825-A,881,714,54923,193949,2026-09-10,,6-252-28-A,,0,0
717576,06503825-A,1437,781,60077,193949,2026-09-10,,6-252-28-B,,0,0
717577,06503825-A,1603,714,54923,193949,2026-09-10,,,,0,0
717578,06503825-A,1788,809,62231,193949,2026-09-10,,,,0,0
717579,55364498AA-HT,394,826,14491,194080,2026-09-15,,6-253-28-A,,0,0
717580,55364498AA-HT,82,564,9895,194080,2026-09-15,,6-253-28-B,,0,0
717581,06105051AA-HT,1595,673,14380,193949,2026-09-10,,6-252-30-A,,0,0
717582,06105051AA-HT,248,842,17991,193949,2026-09-10,,6-252-30-B,,0,0
717583,06514720AA,522,715,32353,193984,2026-09-11,,6-253-29-A,,0,0
717584,06514720AA,633,547,24751,194034,2026-09-14,,6-257-37-A,,0,0
717590,11546370-MY-AK,984,1214,8148,193904,2026-09-10,,TRAVELERRECEIVED,,0,0
717591,11546370-MY-AK,602,1145,7685,193904,2026-09-10,,TRAVELERRECEIVED,,0,0
717592,11546370-MY-AK,824,1069,7174,193904,2026-09-10,,TRAVELERRECEIVED,,0,0
717593,11546370-MY-AK,349,1125,7550,193904,2026-09-10,,TRAVELERRECEIVED,,0,0
717594,11546370-MY-AK,579,1089,7309,193904,2026-09-10,,TRAVELERRECEIVED,,0,0
717603,11546378-MY-AK,633,1236,47356,194012,2026-09-14,,,,0,0
717604,11546378-MY-AK,1099,1250,47893,194012,2026-09-14,,,,0,0
717605,11546378-MY-AK,497,952,36475,194012,2026-09-14,,,,0,0
717609,11546378-MY-AK,1708,1151,44100,194012,2026-09-14,,,,0,0
717610,11546378-MY-AK,1569,1104,42299,194012,2026-09-14,,,,0,0
717611,11546378-MY-AK,792,1135,43487,194012,2026-09-14,,,,0,0
717625,06104388AA-HT,99,827,20024,193595,2026-08-31,,TRAVELERRECEIVED,,0,0
717626,06104388AA-HT,910,851,20605,193595,2026-08-31,,TRAVELERRECEIVED,,0,0
717627,06104388AA-HT,1798,775,18765,193595,2026-08-31,,TRAVELERRECEIVED,,0,0
717628,06104388AA-HT,958,929,22494,193595,2026-08-31,,TRAVELERRECEIVED,,0,0
717629,11546377-PH-RO,73,1070,69481,193497,2026-08-26,,TRAVELERRECEIVED,,0,0
717630,11546377-PH-RO,520,898,58312,193497,2026-08-26,,TRAVELERRECEIVED,,0,0
717631,11546377-PH-RO,92,1072,69610,193497,2026-08-26,,TRAVELERRECEIVED,,0,0
717632,11546377-PH-RO,698,918,59610,193497,2026-08-26,,TRAVELERRECEIVED,,0,0
717633,11546377-PH-RO,325,1103,71623,193497,2026-08-26,,TRAVELERRECEIVED,,0,0
717634,11546377-PH-RO,631,866,56234,193497,2026-08-26,,TRAVELERRECEIVED,,0,0
717635,11546377-PH-RO,917,971,63052,193497,2026-08-26,,TRAVELERRECEIVED,,0,0
717636,11546377-PH-RO,1714,1024,66494,193497,2026-08-26,,TRAVELERRECEIVED,,0,0
717637,11546377-PH-RO,1360,958,62208,193497,2026-08-26,,TRAVELERRECEIVED,,0,0
717638,11546377-PH-RO,176,1036,67273,193497,2026-08-26,,TRAVELERRECEIVED,,0,0
717639,11546389-PH-RO-T,977,841,109221,193595,2026-08-31,,TRAVELERRECEIVED,,0,0
717640,11546389-PH-RO-T,588,1000,129870,193595,2026-08-31,,TRAVELERRECEIVED,,0,0
717641,1154389-PH-RO-T,936,1010,131169,193595,2026-08-31,,TRAVELERRECEIVED,,0,0
717642,11546389-PH-RO-T,1134,813,105584,193595,2026-08-31,,TRAVELERRECEIVED,,0,0
717643,11546389-PH-RO-T,1390,889,115455,193595,2026-08-31,,TRAVELERRECEIVED,,0,0
717644,11546389-PH-RO-T,1501,959,124545,193611,2026-09-01,,TRAVELERRECEIVED,,0,0
717645,11546389-PH-RO-T,529,1024,132987,193611,2026-09-01,,TRAVELERRECEIVED,,0,0
717646,11546389-PH-RO-T,703,840,109091,193611,2026-09-01,,TRAVELERRECEIVED,,0,0
717647,11546389-PH-RO,1060,840,109091,193611,2026-09-01,,TRAVELERRECEIVED,,Shipped,30072
717648,11546389-PH-RO-T,245,800,103896,193611,2026-09-01,,TRAVELERRECEIVED,,0,0
717649,11546389-PH-RO-T,1381,880,114286,193611,2026-09-01,,TRAVELERRECEIVED,,0,0
717650,11546389-PH-RO-T,1326,954,123896,193611,2026-09-01,,TRAVELERRECEIVED,,0,0
717651,11546389-PH-RO-T,1513,1051,136494,193611,2026-09-01,,TRAVELERRECEIVED,,0,0
717652,11546389-PH-RO-T,445,816,105974,193611,2026-09-01,,TRAVELERRECEIVED,,0,0
717653,11546389,45,1109,144026,193570,2026-08-28,,TRAVELERRECEIVED,,Shipped,30061
717654,11546389,1072,839,108961,193570,2026-08-28,,TRAVELERRECEIVED,,Shipped,30057
717671,11546370-IN-PN,236,1188,7973,193842,2026-09-08,,,,0,0
717675,06104388AA,1336,876,21211,193827,2026-09-08,,TRAVELERRECEIVED,,0,0
717676,06104388AA,217,792,19177,193827,2026-09-08,,TRAVELERRECEIVED,,0,0
717677,06104388AA,525,816,19758,193827,2026-09-08,,TRAVELERRECEIVED,,0,0
717678,06104388AA,462,836,20242,193827,2026-09-08,,TRAVELERRECEIVED,,0,0
717689,11546449-A,1324,1058,89661,193595,2026-08-31,,TRAVELERRECEIVED,,0,0
717690,11546449-A,1016,1044,88475,193595,2026-08-31,,TRAVELERRECEIVED,,0,0
717691,11546449-A,620,1052,89153,193595,2026-08-31,,TRAVELERRECEIVED,,0,0
717692,11546449-A,1503,1073,90932,193595,2026-08-31,,TRAVELERRECEIVED,,0,0
717693,11546449-A,49,1146,97119,193595,2026-08-31,,TRAVELERRECEIVED,,0,0
717694,11546449-A,841,960,81356,193595,2026-08-31,,TRAVELERRECEIVED,,0,0
717695,11546377-PH-RO,1056,952,61818,193497,2026-08-26,,TRAVELERRECEIVED,,0,0
717696,11546377-PH-RO,1664,1014,65844,193497,2026-08-26,,TRAVELERRECEIVED,,0,0
717697,11546377-PH-RO,806,945,61364,193497,2026-08-26,,TRAVELERRECEIVED,,0,0
717698,11546377-PH-RO,1411,1052,68312,193497,2026-08-26,,TRAVELERRECEIVED,,0,0
717699,11546377-PH-RO,638,1156,75065,193497,2026-08-26,,TRAVELERRECEIVED,,0,0
717700,11546377-PH-RO,542,821,53312,193497,2026-08-26,,TRAVELERRECEIVED,,0,0
717701,11546389,1038,1050,136364,193570,2026-08-28,,TRAVELERRECEIVED,,Shipped,30052
717702,11546389,879,791,102727,193570,2026-08-28,,TRAVELERRECEIVED,,Shipped,30072
717703,11546389,943,997,129481,193570,2026-08-28,,TRAVELERRECEIVED,,Shipped,30052
717704,11546389,1657,852,110649,193570,2026-08-28,,TRAVELERRECEIVED,,Shipped,30059
717705,11546389,358,958,124416,193570,2026-08-28,,TRAVELERRECEIVED,,Shipped,30052
717706,83106-T,965,958,131233,193984,2026-09-11,,6-253-25-A,,0,0
717707,40161567,301,772,4795,193827,2026-09-08,,TRAVELERRECEIVED,,0,0
717708,40161567,241,856,5317,193827,2026-09-08,,TRAVELERRECEIVED,,0,0
717711,11546368-CA-IN-B,1716,1135,15255,193984,2026-09-11,,,,0,0
717719,11549170,1377,1130,14694,194033,2026-09-14,,6-254-29-A,,0,0
717720,11549170,107,1130,14694,194033,2026-09-14,,6-254-29-B,,0,0
717721,11549170,1056,1154,15007,194033,2026-09-14,,6-254-29-C,,0,0
717722,11549170,404,1100,14304,194033,2026-09-14,,6-254-29-D,,0,0
717723,11549170,1417,1109,14421,194033,2026-09-14,,6-254-29-D,,0,0
717724,11549170,1717,1148,14928,194033,2026-09-14,,6-254-29-F,,0,0
717725,11549170,1319,1081,14057,194033,2026-09-14,,6-254-29-G,,0,0
717726,11549170,1557,1187,15436,194033,2026-09-14,,6-254-29-H,,0,0
717727,11549170,875,1151,14967,194033,2026-09-14,,6-254-28-A,,0,0
717728,11549170,867,1112,14460,194033,2026-09-14,,6-254-28-B,,0,0
717729,11549170,89,1061,13797,194033,2026-09-14,,6-254-28-C,,0,0
717730,11549170,89,1061,13797,194033,2026-09-14,,6-254-28-D,,0,0
717731,11549170,922,1091,14187,194033,2026-09-14,,6-254-28-E,,0,0
717732,11549170,378,1181,15358,194033,2026-09-14,,6-254-28-F,,0,0
717733,11549170,478,1149,14941,194033,2026-09-14,,6-254-29-I,,0,0
717734,11549170,261,1102,14330,194033,2026-09-14,,6-254-29-J,,0,0
717735,11549170,44,1155,15020,194033,2026-09-14,,6-254-29-K,,0,0
717736,11549170,355,1106,14382,194033,2026-09-14,,6-254-29-L,,0,0
717737,11549170,41,1156,15033,194033,2026-09-14,,6-254-28-G,,0,0
717738,11549170,1549,1111,14447,194033,2026-09-14,,6-254-28-H,,0,0
717739,11549170,135,1129,14681,194033,2026-09-14,,6-254-28-I,,0,0
717740,11549170,820,1121,14577,194033,2026-09-14,,6-254-28-J,,0,0
717743,11549168,298,1070,39925,194033,2026-09-14,,6-254-27-A,,0,0
717744,11549168,509,1171,43694,194033,2026-09-14,,6-254-27-B,,0,0
717745,11549168,193,1127,42052,194033,2026-09-14,,6-254-27-C,,0,0
717746,11549168,1769,1193,44515,194033,2026-09-14,,6-254-27-D,,0,0
717752,W705606-S440,KIB,1936,40000,193378,2026-08-21,,6-233-38-A,DONE,Shipped,30049
717753,W705606-S440,KIB,1936,40000,193378,2026-08-21,,SPLIT FROM 717752,DONE,Shipped,30030
717754,W705606-S440,KIB,1936,40000,193378,2026-08-21,,6-233-38-C,,Shipped,30031
717755,W705606-S440,KIB,1936,40000,193378,2026-08-21,,SPLIT FROM 717754,,Shipped,30030
717756,11546545,68,1071,89250,193793,2026-09-04,,TRAVELERRECEIVED,,0,0
717757,11546545,2,1102,91833,193793,2026-09-04,,TRAVELERRECEIVED,,0,0
717758,11546545,252,1138,94833,193793,2026-09-04,,TRAVELERRECEIVED,,0,0
717759,11546545,795,1016,84667,193793,2026-09-04,,TRAVELERRECEIVED,,0,0
717760,11546545,823,1107,92250,193793,2026-09-04,,TRAVELERRECEIVED,,0,0
717761,11546545,1095,1077,89750,193793,2026-09-04,,TRAVELERRECEIVED,,0,0
717762,11546545,654,1076,89667,193793,2026-09-04,,TRAVELERRECEIVED,,0,0
717763,11546545,814,1081,90083,193793,2026-09-04,,TRAVELERRECEIVED,,0,0
717764,06101736-A,1594,1160,130337,193696,2026-09-02,,TRAVELERRECEIVED,,0,0
717765,06101736-A,1352,1108,124494,193696,2026-09-02,,TRAVELERRECEIVED,,Shipped,30111
717766,06101736-A,836,1050,117978,193696,2026-09-02,,TRAVELERRECEIVED,,Shipped,30098
717767,06101736-A,108,1198,134607,193696,2026-09-02,,TRAVELERRECEIVED,,Shipped,0
717768,11546437-MY,1440,1180,90769,193842,2026-09-08,,TRAVELERRECEIVED,,0,0
717769,11546437-MY,569,1023,78692,193842,2026-09-08,,TRAVELERRECEIVED,,0,0
717770,11546437-MY,616,1164,89538,193842,2026-09-08,,TRAVELERRECEIVED,,0,0
717771,11546437-MY,18,1058,81385,193842,2026-09-08,,TRAVELERRECEIVED,,0,0
717772,11546437-MY-AK,039,1123,86385,193827,2026-09-08,,TRAVELERRECEIVED,,0,0
717773,11546437-MY-AK,1538,1097,84385,193827,2026-09-08,,TRAVELERRECEIVED,,0,0
717780,11546437-MY-AK,175,1116,84846,193827,2026-09-08,,TRAVELERRECEIVED,,0,0
717781,11546437-MY-AK,282,1088,83692,193827,2026-09-08,,TRAVELERRECEIVED,,0,0
717786,06509967AA,KIB,1320,40000,193827,2026-09-08,,TRAVELERRECEIVED,,0,0
717787,06509967AA,KIB,1320,40000,193827,2026-09-08,,SPLIT FROM 717786,,Shipped,30115
717788,06509967AA,KIB,1320,40000,193827,2026-09-08,,TRAVELERRECEIVED,,0,0
717789,06509967AA,KIB,1320,40000,193827,2026-09-08,,SPLIT FROM TR717788,,Shipped,30120
717790,06509967AA,KIB,1320,40000,193827,2026-09-08,,TRAVELERRECEIVED,,0,0
717791,06509967AA,KIB,1320,40000,193827,2026-09-08,,SPLIT FROM TRAVER 717790,,Shipped,30122
717792,82218-HT,KIB,1602,16000,194002,2026-09-14,,,,0,0
717794,82218-HT,KIB,400,4000,194002,2026-09-14,,,,0,0
717796,06512349-AA,878,544,11193,193842,2026-09-08,,TRAVELERRECEIVED,,0,0
717797,06512349-AA,19,422,8683,193842,2026-09-08,,TRAVELERRECEIVED,,0,0
7178018,11546370-IN-PN,221,1050,7047,193842,2026-09-08,,,,0,0
717816,11546370-IN-PN,1434,1178,7906,193842,2026-09-08,,TRAVELERRECEIVED,,0,0
717818,11546370-IN-PN,236,1188,7973,193842,2026-09-08,,TRAVELERRECEIVED,,Shipped,30122
717820,11610128-BR-HA,1373,154,5491,193890,2026-09-09,,6-252-21-A,,Shipped,30115
717822,NU3019-00,1019,1041,4986,193778,2026-09-04,,6-247-01-A,,Shipped,30080
717823,NU3019-00,322,1042,4990,193778,2026-09-04,,6-247-01-B,,0,0
717824,NU3019-00,1408,1028,4923,193778,2026-09-04,,6-247-01-C,,Shipped,30080
717825,NU3019-00,426,1082,5182,193778,2026-09-04,,6-247-01-D,,Shipped,30080
717826,NU3019-00,760,1029,4928,193778,2026-09-04,,6-247-01-E,,Shipped,30080
717827,NU3019-00,935,1071,5129,193778,2026-09-04,,6-247-01-F,,Shipped,30080
717828,NU3019-00,1536,1011,4842,193778,2026-09-04,,6-247-01-G,,Shipped,30080
717829,NU3019-00,466,1109,5311,193778,2026-09-04,,6-247-01-H,,Shipped,30080
717830,NU3019-00,1690,980,4693,193778,2026-09-04,,6-247-01-I,,Shipped,30080
717831,NU3019-00,1357,1113,5330,193778,2026-09-04,,6-247-01-J,,Shipped,30080
717832,NU3019-00-L,1533,980,4693,194080,2026-09-15,,6-258-40-I,,0,0
717834,W520101-S437-L,187,1136,129091,193984,2026-09-11,,6-253-22-A,,0,0
717835,W520101-S437-L,314,1025,116477,193984,2026-09-11,,6-253-22-B,,0,0
717836,W520101-S450-L,870,1008,114545,194080,2026-09-15,,6-257-35-A,,0,0
717837,W520101-S450-L,1378,1096,124545,194080,2026-09-15,,6-257-35-B,,0,0
717838,W520101-S450-L,12,1086,123409,194080,2026-09-15,,6-257-36-A,,0,0
717844,06504080-T,903,676,137959,193853,2026-09-08,,,,0,0
717850,11611960,290,712,148333,193874,2026-09-09,,,,Shipped,0
717852,W711953-S900,680,1030,66883,193665,2026-09-01,,6-244-16-A,,0,0
717853,W711953-S900,389,1017,66039,193665,2026-09-01,,6-244-16-B,,0,0
717854,W711953-S900,1821,1019,66169,193665,2026-09-01,,6-244-17-A,,0,0
717855,W711953-S900,862,1022,66364,193665,2026-09-01,,6-244-17-B,,0,0
717856,500009196,1421,1127,42052,193480,2026-08-25,,6-237-14-A,,0,0
717857,500009196,798,1160,43284,193480,2026-08-25,,6-237-14-B,,0,0
717860,06504080-T,1784,1029,210000,193853,2026-09-08,,,,0,0
717864,11546370-IN-PN,115,1150,7718,193904,2026-09-10,,,,0,0
717866,11546370-IN-PN,1007,1190,7989,193904,2026-09-10,,,,0,0
717868,11546370-IN-PN,1696,1178,7906,193904,2026-09-10,,,,0,0
717870,11546370-IN-PN,629,1182,7933,193904,2026-09-10,,,,0,0
717878,W520111-S450B,244,1298,156386,193984,2026-09-11,,6-253-31-A,,0,0
717880,11610126-BR-HA,1031,,,,2026-09-16,,6-258-36-a,,,
717892,40161567,575,848,5267,193827,2026-09-08,,TRAVELERRECEIVED,,0,0
717893,40161567,1409,774,4807,193827,2026-09-08,,TRAVELERRECEIVED,,0,0
717894,40161567,1682,868,5391,193827,2026-09-08,,TRAVELERRECEIVED,,0,0
717895,40161567,1061,722,4484,193827,2026-09-08,,TRAVELERRECEIVED,,0,0
717896,40161567,439,782,4857,193827,2026-09-08,,TRAVELERRECEIVED,,0,0
717897,40161567,853,842,5230,193827,2026-09-08,,TRAVELERRECEIVED,,0,0
717898,11602031-A,396,901,4415,193595,2026-08-31,,TRAVELERRECEIVED,,0,0
717899,11602031-A,981,852,4174,193595,2026-08-31,,TRAVELERRECEIVED,,0,0
717900,11602031-A,1050,754,3694,193595,2026-08-31,,TRAVELERRECEIVED,,0,0
717901,11602031-A,927,999,4895,193595,2026-08-31,,TRAVELERRECEIVED,,0,0
717904,40073474-L,1560,750,5034,193611,2026-09-01,,TRAVELERRECEIVED,,0,0
717905,40073474-L,682,752,5047,193611,2026-09-01,,TRAVELERRECEIVED,,0,0
717906,40073474-L,1543,664,4456,193611,2026-09-01,,TRAVELERRECEIVED,,0,0
717907,40073474-L,662,747,5013,193611,2026-09-01,,,,0,0
717912,06101831-A,1092,678,24565,193696,2026-09-02,,TRAVELERRECEIVED,,Shipped,30117
717914,06101831-A,1509,997,36123,193696,2026-09-02,,TRAVELERRECEIVED,,0,0
717915,06101831-A,568,1170,42391,193696,2026-09-02,,TRAVELERRECEIVED,,Shipped,0
717916,06101831-A,491,1116,40435,193696,2026-09-02,,TRAVELERRECEIVED,,Shipped,30092
717932,11549169-MY-AK,177,1238,26285,194002,2026-09-14,,,,0,0
717933,11549169-MY-AK,808,1040,22081,194002,2026-09-14,,,,0,0
717934,11549169-MY-AK,21,1171,24862,194002,2026-09-14,,,,0,0
717935,11549169-MY-AK,1539,1117,23715,194002,2026-09-14,,,,0,0
717936,11549169-MY-AK,1548,1242,26369,194002,2026-09-14,,,,0,0
717937,11549169-MY-AK,1801,1104,23439,194012,2026-09-14,,,,0,0
717938,11549169-MY-AK,281,1177,24989,194012,2026-09-14,,,,0,0
717939,11549169-MY-AK,710,1127,23928,194012,2026-09-14,,,,0,0
717940,11549169-MY-AK,604,1215,25796,194012,2026-09-14,,,,0,0
717941,11549169-MY-AK,833,1087,23079,194012,2026-09-14,,,,0,0
717956,11549204,223,1217,8000,193904,2026-09-10,,,,0,0
717957,11549204,609,1217,8000,193904,2026-09-10,,,,0,0
717958,11549204,1394,1217,8000,193904,2026-09-10,,,,0,0
717959,11549204,1303,1217,8000,193904,2026-09-10,,,,0,0
717962,11549204,510,1217,8000,193904,2026-09-10,,,,0,0
717963,11549204,400,1217,8000,193904,2026-09-10,,,,0,0
717966,11549204,544,1217,8000,193904,2026-09-10,,,,0,0
717967,11549204,971,1217,8000,193904,2026-09-10,,,,0,0
717968,06101831-A,668,954,34565,193696,2026-09-02,,,,Shipped,0
717969,NU5108-00,7,1159,67000,193627,2026-08-31,,6-243-45-A,,Shipped,30074
717970,NU5108-00,51,1176,68000,193627,2026-08-31,,6-243-45-B,,Shipped,30074
717975,W20203-S440-PA,KIB,1794,60000,193709,2026-09-02,,6-244-21-A,,Shipped,0
717976,W20203-S440-PA,KIB,1794,60000,193709,2026-09-02,,SPLIT FROM 717975,,Shipped,30082
717977,W705606-S440,KIB,1694,35000,193530,2026-08-27,,6-238-20-A,,Shipped,30065
717978,W705606-S440,KIB,,,193530,2026-09-02,,,,Shipped,0
717979,W705606-S440,KIB,1694,35000,193530,2026-08-27,,6-238-20-C,,Shipped,30065
717980,W705606-S440,KIB,,,193530,2026-08-27,,,,Shipped,0
717981,11604000,KIB,2193,43000,193512,2026-08-26,,6-238-14-A,,0,0
717982,11604000,KIB,2193,43000,193512,2026-08-26,,SPLIT,,Shipped,30040
717983,11604000,KIB,1418,27800,193512,2026-08-26,,6-238-14-C,,0,0
717984,11604000,KIB,1418,27800,193512,2026-08-26,,SPLIT FROM TR 717983,,Shipped,0
717985,W520203-S450B,KIB,1530,50000,193709,2026-09-02,,6-244-22-A,,Shipped,0
717986,W520203-S450B,KIB,1530,50000,193709,2026-09-02,,SPLIT FROM 717985,,Shipped,0
717987,11518428,KIB,1940,61000,193709,2026-09-02,,6-244-23-A,,Shipped,0
717988,11518428,KIB,1940,61000,193709,2026-09-02,,6-244-23-A,,Shipped,30082
718007,11546437-MY-AK,166,1070,82308,193842,2026-09-08,,TRAVELERRECEIVED,,0,0
718008,11546437-MY-AK,598,1155,88468,193842,2026-09-08,,TRAVELERRECEIVED,,0,0
718009,11546437-MY-AK,1568,1210,93077,193842,2026-09-08,,TRAVELERRECEIVED,,0,0
718010,11546437-MY-AK,182,990,76154,193842,2026-09-08,,TRAVELERRECEIVED,,0,0
718011,11546437-MY-AK,1812,1167,89769,193842,2026-09-08,,TRAVELERRECEIVED,,0,0
718012,11546437-MY-AK,16,1053,81000,193842,2026-09-08,,TRAVELERRECEIVED,,0,0
718013,11546437-MY-AK,1585,1086,83538,193842,2026-09-08,,TRAVELERRECEIVED,,0,0
718014,11546437-MY-AK,448,1129,86846,193842,2026-09-08,,TRAVELERRECEIVED,,0,0
718015,11546437-MY-AK,941,1080,83077,193842,2026-09-08,,TRAVELERRECEIVED,,0,0
718016,11546437-MY-AK,276,1107,85154,193842,2026-09-08,,TRAVELERRECEIVED,,0,0
718017,11546437-MY-AK,831,1100,84615,193842,2026-09-08,,TRAVELERRECEIVED,,0,0
718018,11546437-MY-AK,519,1093,84077,193842,2026-09-08,,TRAVELERRECEIVED,,0,0
718037,11546389-T,54,930,120779,193842,2026-09-08,,TRAVELERRECEIVED,,0,0
718038,11546389-T,291,924,120000,193842,2026-09-08,,TRAVELERRECEIVED,,0,0
718039,11546389-T,693,1096,142338,193842,2026-09-08,,TRAVELERRECEIVED,,0,0
718040,11546389-T,738,761,98831,193842,2026-09-08,,TRAVELERRECEIVED,,0,0
718045,W711953-S900-A,409,994,64545,193890,2026-09-09,,6-251-37-A,,0,0
718046,W711953-S900-A,846,912,59221,193890,2026-09-09,,6-251-37-B,,0,0
718047,11546566-HT,523,947,52611,193890,2026-09-09,,6-251-33-A,,0,0
718048,11546566-HT,1710,765,42500,193890,2026-09-09,,6-251-33-B,,0,0
718049,11546566-HT,725,918,51000,193890,2026-09-09,,6-251-33-C,,0,0
718051,W711953-S900-A,591,1075,69805,193984,2026-09-11,,6-251-38-A,,0,0
718052,W711953-S900-A,597,906,58831,193890,2026-09-09,,6-251-38-B,,0,0
718053,W711953-S900-A,1502,1112,72208,193984,2026-09-11,,6-251-39-A,,0,0
718054,W711953-S900-A,1591,894,58052,193984,2026-09-11,,6-251-39-B,,0,0
718055,W711953-S900-A,1850,1029,66818,193890,2026-09-09,,6-251-40-A,,0,0
718056,W711953-S900-A,1406,1027,66688,193984,2026-09-11,,6-251-40-B,,0,0
718057,11561645-HT,303,818,106234,193890,2026-09-09,,6-251-30-A,,0,0
718058,11561645-HT,37,1034,134286,193890,2026-09-09,,6-251-30-B,,0,0
718059,11561645-HT,1818,808,104935,193853,2026-09-08,,,,0,0
718060,11561645-HT,1541,715,92857,193853,2026-09-08,,,,0,0
718061,06508200AA-HT,729,554,13317,193890,2026-09-09,,6-251-36-A,,0,0
718062,06508200AA-HT,1384,650,15625,193890,2026-09-09,,6-251-36-B,,0,0
718063,7151143403-L,86,846,50059,193984,2026-09-11,,6-252-20-A,,0,0
718064,7151143403-L,1021,778,46036,193984,2026-09-11,,6-252-20-B,,0,0
718065,06512278AA-L,699,983,61438,193984,2026-09-11,,6-251-26-A,,0,0
718067,1K2GZ0-00-A,200,666,104062,193853,2026-09-08,,,,0,0
718068,1K2GZ0-00-A,215,651,101719,193853,2026-09-08,,,,0,0
718069,11602292-A,1647,697,22557,193890,2026-09-09,,6-251-35-A,,0,0
718070,11602292-A,1520,705,22816,193890,2026-09-09,,6-251-35-B,,0,0
718071,11602292-A,803,543,17573,193890,2026-09-09,,6-251-35-C,,0,0
718073,11546367-MY-AK,1063,1175,25269,193902,2026-09-10,,TRAVELERRECEIVED,,0,0
718074,11546367-MY-AK,1775,1150,24731,193902,2026-09-10,,TRAVELERRECEIVED,,0,0
718075,11546367-MY-AK,490,1164,25032,193902,2026-09-10,,TRAVELERRECEIVED,,0,0
718076,11546367-MY-AK,1056,1146,24645,193902,2026-09-10,,TRAVELERRECEIVED,,0,0
718077,11546367-MY-AK,309,462,9935,193902,2026-09-10,,TRAVELERRECEIVED,,0,0
718079,11546367-MY-AK-L,91,1097,23591,194081,2026-09-16,,,,0,0
718080,11546367-MY-AK-L,1592,1218,26194,194081,2026-09-16,,,,0,0
718081,11546367-MY-AK-L,648,1101,23677,194081,2026-09-16,,,,0,0
718082,11546367-MY-AK-L,73,1201,25828,194081,2026-09-16,,,,0,0
718083,11546367-MY-AK-L,1805,1190,25591,194081,2026-09-16,,,,0,0
718084,11546367-MY-AK-L,1443,1110,23871,194081,2026-09-16,,,,0,0
718085,11546367-MY-AK-L,1106,1181,25398,194081,2026-09-16,,,,0,0
718086,11546367-MY-AK-L,619,1112,23914,194081,2026-09-16,,,,0,0
718087,W20-1028-012,274,1137,35868,193965,2026-09-11,,,,0,0
718088,W20-1028-012,1059,1020,32177,193965,2026-09-11,,,,0,0
718089,W20-1028-012,605,1137,35868,193965,2026-09-11,,,,0,0
718090,W20-1028-012,625,1045,32965,193965,2026-09-11,,,,0,0
718095,W20-1028-012,1702,1085,34227,193965,2026-09-11,,,,0,0
718096,W20-1028-012,770,1057,33344,193965,2026-09-11,,,,0,0
718097,NU1405-00,1411,1201,77987,193627,2026-08-31,,6-243-47-A,,Shipped,30074
718098,NU1405-00,1000,1125,73052,193627,2026-08-31,,6-243-47-B,,Shipped,30074
718099,NU1405-00,1564,1262,81948,193627,2026-08-31,,6-243-46-A,,Shipped,30074
718100,NU1405-00,928,1047,67987,193627,2026-08-31,,6-243-46-B,,Shipped,30074
718101,NU1405-00,626,1172,76104,193627,2026-08-31,,6-243-48-A,,Shipped,30074
718102,NU1405-00,940,1152,74805,193627,2026-08-31,,6-243-48-B,,Shipped,30074
718105,06104725AA,1556,1080,101887,194063,2026-09-15,,,,0,0
718106,06104725AA,1103,1061,100094,194063,2026-09-15,,,,0,0
718107,06104725AA,1087,1095,103302,194063,2026-09-15,,,,0,0
718108,06104725AA,1761,1077,101604,194063,2026-09-15,,,,0,0
718120,11546377-PH-RO,1343,833,54091,193696,2026-09-02,,TRAVELERRECEIVED,,Shipped,30082
718121,11546377-PH-RO,186,1110,72078,193696,2026-09-02,,TRAVELERRECEIVED,,Shipped,30092
718123,11546377-PH-RO,1528,1012,65714,193696,2026-09-02,,TRAVELERRECEIVED,,Shipped,30082
718124,11546377-PH-RO,1011,982,63766,193696,2026-09-02,,TRAVELERRECEIVED,,Shipped,30080
718131,11546377,1363,1025,66558,193696,2026-09-02,,TRAVELERRECEIVED,,Shipped,30101
718132,11546377,1526,1079,70065,193696,2026-09-02,,TRAVELERRECEIVED,,Shipped,30080
718133,11546377,1773,1212,78701,193696,2026-09-02,,TRAVELERRECEIVED,,Shipped,30082
718134,11546377,85,893,57987,193696,2026-09-02,,TRAVELERRECEIVED,,Shipped,30101
718135,11546377,798,1029,66818,193696,2026-09-02,,TRAVELERRECEIVED,,Shipped,30082
718136,11546377,1544,1072,69610,193696,2026-09-02,,TRAVELERRECEIVED,,Shipped,30082
718137,11546377,148,1004,65195,193696,2026-09-02,,TRAVELERRECEIVED,,Shipped,30101
718138,11546377,1668,1079,70065,193696,2026-09-02,,TRAVELERRECEIVED,,Shipped,30117
718139,11546377,1836,1130,73377,193696,2026-09-02,,TRAVELERRECEIVED,,Shipped,30082
718140,11546377,401,997,64740,193696,2026-09-02,,TRAVELERRECEIVED,,Shipped,30080
718141,11546377,1551,1074,69740,193696,2026-09-02,,TRAVELERRECEIVED,,Shipped,30101
718142,11546377,473,1044,67792,193696,2026-09-02,,TRAVELERRECEIVED,,Shipped,30082
718155,06509967AA,KIB,1320,40000,193842,2026-09-08,,TRAVELERRECEIVED,,0,0
718156,06509967AA,KIB,1320,40000,193842,2026-09-08,,SPLIT FROM 718155,,0,0
718161,11612078,BOX,1267,72000,193512,2026-08-26,,6-236-29-B,,0,0
718190,06101831-A,254,1181,42790,194063,2026-09-15,,,,0,0
718191,06101831-A,23,1043,37790,194063,2026-09-15,,,,0,0
718192,06101831-A,343,1054,38188,194063,2026-09-15,,,,0,0
718194,06101831-A,228,848,30725,194063,2026-09-15,,,,0,0
718195,06101831-A,502,779,28225,194063,2026-09-15,,,,0,0
718196,06101831-A,49,755,27355,194063,2026-09-15,,,,0,0
718197,06101831-A,424,882,31957,194063,2026-09-15,,,,0,0
718198,06101831-A,1578,1096,39710,194063,2026-09-15,,,,0,0
718200,06101831-A,944,1036,37536,194063,2026-09-15,,,,0,0
718201,06101831-A,787,1146,41522,194063,2026-09-15,,,,0,0
718202,11546449-A,1366,1147,97203,194002,2026-09-14,,,,0,0
718203,11546449-A,1645,922,78136,194002,2026-09-14,,,,0,0
718204,11546449-A,67,1110,94068,194002,2026-09-14,,,,0,0
718205,11546449-A,67,964,81695,194002,2026-09-14,,,,0,0
718206,11546449-A,1429,1084,91864,194002,2026-09-14,,,,0,0
718207,11546449-A,1834,1035,87712,194002,2026-09-14,,,,0,0
718208,11546449-A,914,930,78814,194002,2026-09-14,,,,0,0
718209,11546449-A,980,1128,95593,194002,2026-09-14,,,,0,0
718210,11546449-A,665,1141,96695,194002,2026-09-14,,,,0,0
718211,11546449-A,1787,1009,85508,194002,2026-09-14,,,,0,0
718212,11546449-A,1519,1016,86102,194002,2026-09-14,,,,0,0
718213,11546449-A,1430,1118,94746,194002,2026-09-14,,,,0,0
718214,11546449-A,1337,1095,92797,194002,2026-09-14,,,,0,0
718215,11546449-A,520,1010,85593,194002,2026-09-14,,,,0,0
718216,11546449-A,1300,1034,87627,194012,2026-09-14,,,,0,0
718217,11546449-A,149,1070,90678,194012,2026-09-14,,,,0,0
718218,11546449-A,643,1053,89237,194012,2026-09-14,,,,0,0
718219,11546449-A,1447,1038,87966,194012,2026-09-14,,,,0,0
718220,11546449-A,580,511,43305,194012,2026-09-14,,,,0,0
718222,11546462,704,873,21825,193783,2026-09-04,,TRAVELERRECEIVED,,0,0
718223,11546462,1758,990,24750,193783,2026-09-04,,TRAVELERRECEIVED,,0,0
718224,11546462,1316,840,21000,193783,2026-09-04,,TRAVELERRECEIVED,,0,0
718225,11546462,847,983,24575,193783,2026-09-04,,TRAVELERRECEIVED,,0,0
718226,11546462,93,753,18825,193783,2026-09-04,,TRAVELERRECEIVED,,0,0
718227,11546462,1619,1041,26025,193783,2026-09-04,,TRAVELERRECEIVED,,0,0
718228,11546462,1436,895,22375,193783,2026-09-04,,TRAVELERRECEIVED,,0,0
718229,11546462,455,906,22650,193783,2026-09-04,,TRAVELERRECEIVED,,0,0
718230,11546545,224,1044,87000,193783,2026-09-04,,TRAVELERRECEIVED,,0,0
718231,11546545,264,1101,91750,193783,2026-09-04,,TRAVELERRECEIVED,,0,0
718232,11546545,495,1126,93833,193783,2026-09-04,,TRAVELERRECEIVED,,0,0
718233,11546545,585,1028,85667,193783,2026-09-04,,TRAVELERRECEIVED,,0,0
718234,11546545,1439,1148,95667,193783,2026-09-04,,TRAVELERRECEIVED,,0,0
718235,11546545,793,997,83083,193783,2026-09-04,,TRAVELERRECEIVED,,0,0
718236,11546545,176,1112,83667,193793,2026-09-04,,TRAVELERRECEIVED,,0,0
718237,11546545,129,1023,85250,193793,2026-09-04,,TRAVELERRECEIVED,,0,0
718238,11546545,790,987,82250,193793,2026-09-04,,TRAVELERRECEIVED,,0,0
718239,11546545,1033,1186,98833,193793,2026-09-04,,TRAVELERRECEIVED,,0,0
718280,06512278AA-L,1638,1025,64062,193984,2026-09-11,,6-251-26-B,,0,0
718326,NU5108-00-T,35,1211,70000,193949,2026-09-10,,6-253-16-A,,0,0
718327,NU5108-00-T,317,1125,65000,193949,2026-09-10,,6-253-16-B,,0,0
718328,NU5108-00-T,1543,1125,65000,193949,2026-09-10,,6-253-17-A,,0,0
718329,NU5108-00-T,849,1310,75723,194080,2026-09-15,,6-257-39-A,,0,0
718330,NU5108-00-T,26,1176,68000,193949,2026-09-10,,6-253-18-A,,0,0
718331,NU5108-00-T,101,1176,68000,193949,2026-09-10,,6-253-18-B,,0,0
718373,11546367-MY-AK-L,896,1231,26473,194081,2026-09-16,,,,0,0
718374,11546367-MY-AK-L,1344,1076,23140,194081,2026-09-16,,,,0,0
718375,11546367-MY-AK-L,834,1047,22516,194081,2026-09-16,,,,0,0
718376,11546367-MY-AK-L,1688,1268,27269,194081,2026-09-16,,,,0,0
718377,11546367-MY-AK-L,405,1214,26108,194081,2026-09-16,,,,0,0
718378,11546367-MY-AK-L,1606,1071,23032,194081,2026-09-16,,,,0,0
718433,06511847AA,84,981,25219,194002,2026-09-14,,,,0,0
718434,06511847AA,1838,958,24627,194002,2026-09-14,,,,0,0
718437,06104388AA,371,615,14891,193842,2026-09-08,,TRAVELERRECEIVED,,0,0
718438,06104388AA,890,613,14843,193842,2026-09-08,,TRAVELERRECEIVED,,0,0
718439,06104388AA,923,923,22349,193842,2026-09-08,,TRAVELERRECEIVED,,0,0
718440,06104388AA,126,727,17603,193842,2026-09-08,,TRAVELERRECEIVED,,0,0
718441,06513555AA,1397,656,9676,193842,2026-09-08,,TRAVELERRECEIVED,,0,0
718442,06513555AA,587,685,10103,193842,2026-09-08,,TRAVELERRECEIVED,,0,0
718443,06511834AA,464,424,2912,194002,2026-09-14,,,,0,0
718444,06511834AA,546,367,2512,194002,2026-09-14,,,,0,0
718445,06511834AA,1328,419,2878,194002,2026-09-14,,,,0,0
718446,06511834AA,1354,406,2788,194002,2026-09-14,,,,0,0
718511,06509967AA,KIB,1320,40000,193827,2026-09-08,,TRAVELERRECEIVED,,0,0
718512,06509967AA,KIB,1320,40000,193827,2026-09-08,,SPLIT FROM 718511,,Shipped,30115
718513,06509967AA,KIB,1320,40000,193827,2026-09-08,,TRAVELERRECEIVED,,0,0
718514,06509967AA,KIB,1320,40000,193827,2026-09-08,,SPLIT FROM 718513,,Shipped,30107
718519,06509967AA,KIB,1320,40000,193827,2026-09-08,,TRAVELERRECEIVED,,0,0
718520,06509967AA,KIB,1320,40000,193827,2026-09-08,,SPLIT FROM TR718519,,Shipped,30120
718571,11609280-A,1072,887,47433,194081,2026-09-16,,,,0,0
718572,11609280-A,1689,809,43262,194081,2026-09-16,,,,0,0
718574,11609280-A,740,750,40107,194081,2026-09-16,,,,0,0
718575,06100050-A,1067,1028,54681,194080,2026-09-15,,6-257-42-A,,0,0
718576,06100050-A,484,1044,55532,194080,2026-09-15,,6-257-42-B,,0,0
718609,11546449,1831,1116,94576,194063,2026-09-15,,,,0,0
718610,11546449,1564,992,84068,194063,2026-09-15,,,,0,0
718611,11546449,1381,992,84068,194063,2026-09-15,,,,0,0
718612,11546449,664,1070,90678,194063,2026-09-15,,,,0,0
718613,11546449,102,1140,96610,194063,2026-09-15,,,,0,0
718614,11546449,1656,925,78390,194063,2026-09-15,,,,0,0
718615,11549058-A,983,1011,85678,194080,2026-09-15,,6-258-34-A,,0,0
718616,11546449,1621,1033,87542,194063,2026-09-15,,,,0,0
718617,11602326-HT,1653,1150,4800,193902,2026-09-10,,TRAVELERRECEIVED,,0,0
718618,11602326-HT,1844,986,4115,193902,2026-09-10,,TRAVELERRECEIVED,,0,0
718619,11602326-HT,784,1167,4871,193902,2026-09-10,,TRAVELERRECEIVED,,0,0
718620,11602326-HT,1503,947,3952,193902,2026-09-10,,TRAVELERRECEIVED,,0,0
718621,11602326-HT,1626,1155,4821,193902,2026-09-10,,TRAVELERRECEIVED,,0,0
718622,11602326-HT,1034,942,3932,193902,2026-09-10,,TRAVELERRECEIVED,,0,0
718623,11602326-HT,899,982,4100,193904,2026-09-10,,TRAVELERRECEIVED,,0,0
718624,11602326-HT,631,934,3900,193904,2026-09-10,,TRAVELERRECEIVED,,0,0
718631,06101831-A,1070,655,23732,194063,2026-09-15,,,,0,0
718632,06101831-A,1035,958,34710,194063,2026-09-15,,,,0,0
718633,06101831-A,232,896,32464,194063,2026-09-15,,,,0,0
718634,06101831-A,1506,746,27029,194063,2026-09-15,,,,0,0
718639,11546462-A,946,966,24150,193902,2026-09-10,,TRAVELERRECEIVED,,0,0
718640,11546462-A,245,861,21525,193902,2026-09-10,,TRAVELERRECEIVED,,0,0
718641,11546462-A,1655,868,21700,193902,2026-09-10,,TRAVELERRECEIVED,,0,0
718642,11546462-A,99,937,24425,193902,2026-09-10,,TRAVELERRECEIVED,,0,0
718643,11546462-A,313,927,23175,193902,2026-09-10,,TRAVELERRECEIVED,,0,0
718644,11546462-A,727,880,22000,193902,2026-09-10,,TRAVELERRECEIVED,,0,0
718645,11546462-A,973,915,22875,193902,2026-09-10,,TRAVELERRECEIVED,,0,0
718646,11546462-A,83,928,23200,193902,2026-09-10,,TRAVELERRECEIVED,,0,0
718658,11548414,355,1078,16713,193965,2026-09-11,,,,0,0
718659,11548414,449,1208,18729,193965,2026-09-11,,,,0,0
718660,11548414,1767,1029,15953,193965,2026-09-11,,,,0,0
718661,11548414,848,1051,16295,193965,2026-09-11,,,,0,0
718662,11548414,868,1141,17690,193965,2026-09-11,,,,0,0
718663,NU1510-00-T,1330,1343,49000,193949,2026-09-10,,6-253-21-C,,0,0
718664,NU1510-00-T,662,1096,40000,193949,2026-09-10,,6-253-21-D,,0,0
718665,NU1510-00-T,62,822,40000,193949,2026-09-10,,6-253-20-A,,0,0
718666,NU1510-00-T,708,932,34000,193949,2026-09-10,,6-253-20-B,,0,0
718671,11549204,966,1217,8000,194012,2026-09-14,,,,0,0
718672,11549204,671,1217,8000,194012,2026-09-14,,,,0,0
718674,11549204,1346,1217,8000,194012,2026-09-14,,,,0,0
718719,11610091-HT,1771,1169,75909,194080,2026-09-15,,6-258-37-A,,0,0
718720,11610091-HT,1501,1233,80065,194080,2026-09-15,,6-258-37-B,,0,0
718721,11546593,785,1062,22264,194080,2026-09-15,,6-258-33-A,,0,0
718722,11546593,1720,1090,22851,194080,2026-09-15,,6-258-33-B,,0,0
718757,40109770-L,618,1209,8989,194081,2026-09-16,,,,0,0
718758,40109770-L,1302,1072,7970,194081,2026-09-16,,,,0,0
718777,40073474-L,1773,779,5228,194081,2026-09-16,,,,0,0
718778,40073474-L,898,755,5067,194081,2026-09-16,,,,0,0
718779,40073474-L,1768,799,5362,194081,2026-09-16,,,,0,0
718780,40073474-L,85,729,4893,194081,2026-09-16,,,,0,0
718781,11546545-A,675,1074,89500,194081,2026-09-16,,,,0,0
718782,11546545-A,1368,1115,92917,194081,2026-09-16,,,,0,0
718783,11546545-A,1868,1086,90500,194081,2026-09-16,,,,0,0
718784,11546545-A,1851,1151,95917,194081,2026-09-16,,,,0,0
718785,11546545-A,1419,1056,88000,194081,2026-09-16,,,,0,0
718786,11546545-A,1862,1151,95917,194081,2026-09-16,,,,0,0
718787,11546545-A,1865,1161,96750,194081,2026-09-16,,,,0,0
718788,11609280-A,1864,1076,89667,194081,2026-09-16,,,,0,0
718794,W705606-S440,KIB,1936,40000,193751,2026-09-03,,6-246-19-A,,0,0
718795,W705606-S440,kib,,,,2026-09-08,,6-246-19-B,,,
718796,K1046AB,KIB,1915,126000,193751,2026-09-03,,6-246-17-A,,0,0
718797,K1046AB,KIB,1915,126000,193751,2026-09-03,,SPLIT FROM TR718796,,Shipped,0
718798,82250,KIB,2336,45000,193751,2026-09-03,,6-246-20-A,,0,0
718799,82250,KIB,2336,45000,193751,2026-09-03,,SPLIT FROM TR718799,,Shipped,0
718800,SL2404-00,KIB,2130,6000,193751,2026-09-03,,6-246-18-A,,0,0
718801,SL2404-00,KIB,2130,6000,193751,2026-09-03,,6-246-18-A,,Shipped,30111
718802,SL2404-00,KIB,2130,6000,193751,2026-09-03,,6-246-18-C,,0,0
718803,SL2404-00,KIB,2130,6000,193751,2026-09-03,,6-246-18-C,,Shipped,30111
718804,SL2404-00,KIB,2130,6000,193751,2026-09-03,,6-246-18-E,,0,0
718805,SL2404-00,KIB,2130,6000,193751,2026-09-03,,"SPLIT FRO, 718804",,Shipped,30111
718806,SL2404-00,KIB,2130,6000,193751,2026-09-03,,6-246-18-G,,0,0
718807,SL2404-00,KIB,2130,6000,193751,2026-09-03,,SPLIT FROM TR718806,,Shipped,30111
718808,SL2404-00,KIB,2130,6000,193751,2026-09-03,,6-246-18-I,,0,0
718809,SL2404-00,KIB,2130,6000,193751,2026-09-03,,6-246-18-I,,Shipped,30111
718813,NU3019-00-L,1867,1243,5953,194080,2026-09-15,,6-258-40-A,,0,0
718814,NU3019-00-L,524,1020,4885,194080,2026-09-15,,6-258-40-B,,0,0
718815,NU3019-00-L,1869,1186,5680,194080,2026-09-15,,6-258-40-C,,0,0
718816,NU3019-00-L,1866,1197,5733,194080,2026-09-15,,6-258-40-D,,0,0
718819,NU3019-00-L,1871,1160,5556,194080,2026-09-15,,6-258-40-E,,0,0
718820,NU3019-00-L,1870,1174,5623,194080,2026-09-15,,6-258-40-F,,0,0
718821,NU3019-00-L,1862,1182,5661,194080,2026-09-15,,6-258-40-G,,0,0
718822,NU3019-00-L,1860,986,4722,194080,2026-09-15,,6-258-40-H,,0,0
718828,11609280-A,1848,909,48610,194081,2026-09-16,,,,0,0
718829,11609280-A,789,931,49786,194081,2026-09-16,,,,0,0
718830,11609280-A,800,783,41872,194081,2026-09-16,,,,0,0
718853,NU1144-L,265,1185,25159,193949,2026-09-10,,6-253-15-A,,0,0
718854,NU1144-L,1685,1088,23100,193949,2026-09-10,,6-253-15-B,,0,0
718864,11546377-T,1105,855,55519,193902,2026-09-10,,TRAVELERRECEIVED,,0,0
718865,11546377-T,1345,1181,76688,193902,2026-09-10,,TRAVELERRECEIVED,,0,0
718866,11546377-T,370,926,60130,193902,2026-09-10,,TRAVELERRECEIVED,,0,0
718867,W719080-S450-HT,521,818,34083,194080,2026-09-15,,6-258-39-A,,0,0
718868,W719080-S450-HT,159,990,41250,194080,2026-09-15,,6-258-39-B,,0,0
718869,22800396,926,849,38072,194080,2026-09-15,,6-258-38-A,,0,0
718870,22800396,1810,642,28789,194080,2026-09-15,,6-258-38-B,,0,0
718871,11610126-HT,549,459,18071,194080,2026-09-15,,6-258-35-A,,0,0
718872,11610126-HT,799,729,28701,194080,2026-09-15,,6-258-35-B,,0,0
718880,11610126-BR-HA-HT,1031,155,6114,194080,2026-09-15,,6-257-36-A,,0,0
718882,11546389,1727,1097,142468,194012,2026-09-14,,,,0,0
718883,11546389,1750,837,108701,194012,2026-09-14,,,,0,0
718884,11546389,184,920,119481,194012,2026-09-14,,,,0,0
718885,11546389,1726,974,126494,194012,2026-09-14,,,,0,0
718886,11546389,1724,1077,139870,194012,2026-09-14,,,,0,0
718887,11546389,1749,856,111169,194012,2026-09-14,,,,0,0
718888,11546389,1527,1055,137013,194012,2026-09-14,,,,0,0
718889,11546389,104,830,107792,194012,2026-09-14,,,,0,0
718890,11546389,1684,886,115065,194012,2026-09-14,,,,0,0
718891,11546389,1783,984,127792,194012,2026-09-14,,,,0,0
718892,11546389,133,881,114416,194012,2026-09-14,,,,0,0
718893,11546389,1350,989,128442,194012,2026-09-14,,,,0,0
718894,11546389,1326,903,117273,194012,2026-09-14,,,,0,0
718895,11546389,1011,966,125455,194012,2026-09-14,,,,0,0
718896,11546389,931,960,124675,194012,2026-09-14,,,,0,0
718897,11546389,206,917,119091,194012,2026-09-14,,,,0,0
718898,11546389,1641,978,127013,194012,2026-09-14,,,,0,0
718906,11602031,1859,855,4189,194063,2026-09-15,,,,0,0
718907,11602031,764,919,4503,194063,2026-09-15,,,,0,0
718952,11546449,198,740,62712,194063,2026-09-15,,,,0,0
718953,11546449,889,654,55424,194063,2026-09-15,,,,0,0
718954,11546449,760,1093,92627,194063,2026-09-15,,,,0,0
718955,11546449,935,1070,90678,194063,2026-09-15,,,,0,0
718956,11546456-A,1836,902,73934,193965,2026-09-11,,,,0,0
718957,11546456-A,4,925,75820,193965,2026-09-11,,,,0,0
718958,11546456-A,1320,900,73770,193965,2026-09-11,,,,0,0
718959,11546456-A,1432,906,74262,193965,2026-09-11,,,,0,0
718960,11546456-A,426,859,70410,193965,2026-09-11,,,,0,0
718961,11546456-A,1357,941,77131,193965,2026-09-11,,,,0,0
718962,11546456-A,1601,825,67623,193965,2026-09-11,,,,0,0
718963,11546456-A,137,953,78115,193965,2026-09-11,,,,0,0
718964,06511834AA,1355,356,2445,194002,2026-09-14,,,,0,0
718965,06511834AA,389,469,3221,194002,2026-09-14,,,,0,0
718966,06511834AA,266,357,2452,194002,2026-09-14,,,,0,0
718967,06511834AA,791,453,3111,194002,2026-09-14,,,,0,0
718968,06511834AA,339,458,3146,194002,2026-09-14,,,,0,0
718969,06511834AA,179,358,24559,194002,2026-09-14,,,,0,0
718970,06511847AA,445,948,24370,194002,2026-09-14,,,,0,0
718971,06511847AA,473,935,24036,194002,2026-09-14,,,,0,0
719016,NU5108-00-T,282,1125,65000,194080,2026-09-15,,6-257-40-A,,0,0
719043,06100050-A,217,949,50479,194080,2026-09-15,,6-257-41-A,,0,0
719044,06100050-A,564,758,40319,194080,2026-09-15,,6-257-41-B,,0,0
719316,11588293-P,KIB,834,30000,194080,2026-09-15,,6-257-38-A,,0,0
719318,11588293-P,KIB,1112,40000,194080,2026-09-15,,6-257-33-A,,0,0
719320,11588293-P,KIB,1946,70000,194080,2026-09-15,,6-257-33-C,,0,0
719322,W705606-S440-P,KIB,1694,35000,194080,2026-09-15,,6-257-32-A,,0,0
f,11546545,12,,,,2026-07-02,,6-182-04-B,,,
