traveler,partNo,pot,forecastPieces,receivedPieces,receivedBoxQty,receivedWeight,receiveDate,receivedBy,note,createdAt
660087,55718-S2,1098,41000,41000,,,2026-08-18,,Suy từ PIECES của WORK ORDER (AVP_AI không có sổ nhận kho riêng) — dữ liệu chạy thử,
660088,55718-S2,1713,32000,32000,,,2026-08-18,,Suy từ PIECES của WORK ORDER (AVP_AI không có sổ nhận kho riêng) — dữ liệu chạy thử,
703121,11612078-B,1665,60000,60000,,,2026-08-24,,Suy từ PIECES của WORK ORDER (AVP_AI không có sổ nhận kho riêng) — dữ liệu chạy thử,
703943,11610091-CA-IN,1503,77273,77273,,,2026-08-05,,Suy từ PIECES của WORK ORDER (AVP_AI không có sổ nhận kho riêng) — dữ liệu chạy thử,
704978,11549168-CA-IN,742,44000,44000,,,2026-07-27,,Suy từ PIECES của WORK ORDER (AVP_AI không có sổ nhận kho riêng) — dữ liệu chạy thử,
705483,11549168-CA-IN,900,42000,42000,,,2026-08-04,,Suy từ PIECES của WORK ORDER (AVP_AI không có sổ nhận kho riêng) — dữ liệu chạy thử,
705986,11612078-B,134,70000,70000,,,2026-06-12,,Suy từ PIECES của WORK ORDER (AVP_AI không có sổ nhận kho riêng) — dữ liệu chạy thử,
705988,11612078-B,287,73000,73000,,,2026-06-12,,Suy từ PIECES của WORK ORDER (AVP_AI không có sổ nhận kho riêng) — dữ liệu chạy thử,
706811,11612078-B,1026,66000,66000,,,2026-06-12,,Suy từ PIECES của WORK ORDER (AVP_AI không có sổ nhận kho riêng) — dữ liệu chạy thử,
707097,11561645-MY-AK,727,15690,15690,,,2026-08-05,,Suy từ PIECES của WORK ORDER (AVP_AI không có sổ nhận kho riêng) — dữ liệu chạy thử,
707325,11612078-B,1391,74000,74000,,,2026-08-24,,Suy từ PIECES của WORK ORDER (AVP_AI không có sổ nhận kho riêng) — dữ liệu chạy thử,
707328,11612078-B,800,70000,70000,,,2026-08-06,,Suy từ PIECES của WORK ORDER (AVP_AI không có sổ nhận kho riêng) — dữ liệu chạy thử,
707555,11549168-CA-IN,950,42000,42000,,,2026-08-18,,Suy từ PIECES của WORK ORDER (AVP_AI không có sổ nhận kho riêng) — dữ liệu chạy thử,
707998,11549168-CA-IN,533,42000,42000,,,2026-07-27,,Suy từ PIECES của WORK ORDER (AVP_AI không có sổ nhận kho riêng) — dữ liệu chạy thử,
708437,11612078-B,815,70000,70000,,,2026-06-30,,Suy từ PIECES của WORK ORDER (AVP_AI không có sổ nhận kho riêng) — dữ liệu chạy thử,
708641,11549168-CA-IN,637,42000,42000,,,2026-07-27,,Suy từ PIECES của WORK ORDER (AVP_AI không có sổ nhận kho riêng) — dữ liệu chạy thử,
708734,11549168-CA-IN,435,42000,42000,,,2026-07-08,,Suy từ PIECES của WORK ORDER (AVP_AI không có sổ nhận kho riêng) — dữ liệu chạy thử,
708736,11549168-CA-IN,9,30000,30000,,,2026-08-04,,Suy từ PIECES của WORK ORDER (AVP_AI không có sổ nhận kho riêng) — dữ liệu chạy thử,
708737,11549168-CA-IN,1301,37000,37000,,,2026-07-27,,Suy từ PIECES của WORK ORDER (AVP_AI không có sổ nhận kho riêng) — dữ liệu chạy thử,
708738,11549168-CA-IN,62,46000,46000,,,2026-07-08,,Suy từ PIECES của WORK ORDER (AVP_AI không có sổ nhận kho riêng) — dữ liệu chạy thử,
708873,11612078-B,843,70000,70000,,,2026-07-02,,Suy từ PIECES của WORK ORDER (AVP_AI không có sổ nhận kho riêng) — dữ liệu chạy thử,
708874,11612078-B,767,65000,65000,,,2026-08-06,,Suy từ PIECES của WORK ORDER (AVP_AI không có sổ nhận kho riêng) — dữ liệu chạy thử,
708875,11612078-B,70,68000,68000,,,2026-06-30,,Suy từ PIECES của WORK ORDER (AVP_AI không có sổ nhận kho riêng) — dữ liệu chạy thử,
708876,11612078-B,1015,76000,76000,,,2026-07-02,,Suy từ PIECES của WORK ORDER (AVP_AI không có sổ nhận kho riêng) — dữ liệu chạy thử,
708877,11612078-B,1668,78000,78000,,,2026-08-06,,Suy từ PIECES của WORK ORDER (AVP_AI không có sổ nhận kho riêng) — dữ liệu chạy thử,
708929,PZ18-7P483-AA,34 TOTES,6630,6630,,,2026-07-13,,Suy từ PIECES của WORK ORDER (AVP_AI không có sổ nhận kho riêng) — dữ liệu chạy thử,
709055,11612078-B,553,72000,72000,,,2026-07-02,,Suy từ PIECES của WORK ORDER (AVP_AI không có sổ nhận kho riêng) — dữ liệu chạy thử,
709056,11612078-B,1614,69000,69000,,,2026-08-06,,Suy từ PIECES của WORK ORDER (AVP_AI không có sổ nhận kho riêng) — dữ liệu chạy thử,
709057,11612078-B,386,72000,72000,,,2026-07-28,,Suy từ PIECES của WORK ORDER (AVP_AI không có sổ nhận kho riêng) — dữ liệu chạy thử,
709059,11612078-B,1440,74000,74000,,,2026-08-06,,Suy từ PIECES của WORK ORDER (AVP_AI không có sổ nhận kho riêng) — dữ liệu chạy thử,
709060,11549168-CA-IN,127,42000,42000,,,2026-07-17,,Suy từ PIECES của WORK ORDER (AVP_AI không có sổ nhận kho riêng) — dữ liệu chạy thử,
709062,11549168-CA-IN,662,45000,45000,,,2026-07-08,,Suy từ PIECES của WORK ORDER (AVP_AI không có sổ nhận kho riêng) — dữ liệu chạy thử,
709064,11549168-CA-IN,1050,40000,40000,,,2026-07-08,,Suy từ PIECES của WORK ORDER (AVP_AI không có sổ nhận kho riêng) — dữ liệu chạy thử,
709332,11546367-CA-IN,1672,28485,28485,,,2026-06-25,,Suy từ PIECES của WORK ORDER (AVP_AI không có sổ nhận kho riêng) — dữ liệu chạy thử,
709534,11549168-CA-IN,539,45000,45000,,,2026-07-08,,Suy từ PIECES của WORK ORDER (AVP_AI không có sổ nhận kho riêng) — dữ liệu chạy thử,
709535,11549168-CA-IN,1366,45000,45000,,,2026-07-08,,Suy từ PIECES của WORK ORDER (AVP_AI không có sổ nhận kho riêng) — dữ liệu chạy thử,
709537,11549168-CA-IN,858,42000,42000,,,2026-07-08,,Suy từ PIECES của WORK ORDER (AVP_AI không có sổ nhận kho riêng) — dữ liệu chạy thử,
709995,E6267AB,1PC,23885,23885,,,2026-07-22,,Suy từ PIECES của WORK ORDER (AVP_AI không có sổ nhận kho riêng) — dữ liệu chạy thử,
710142,06511672AA,519,32026,32026,,,2026-08-11,,Suy từ PIECES của WORK ORDER (AVP_AI không có sổ nhận kho riêng) — dữ liệu chạy thử,
710150,11612078-B,1566,72000,72000,,,2026-09-14,,Suy từ PIECES của WORK ORDER (AVP_AI không có sổ nhận kho riêng) — dữ liệu chạy thử,
710153,11612078,157,60000,60000,,,2026-09-03,,Suy từ PIECES của WORK ORDER (AVP_AI không có sổ nhận kho riêng) — dữ liệu chạy thử,
710173,11612078-B,785,70000,70000,,,2026-07-29,,Suy từ PIECES của WORK ORDER (AVP_AI không có sổ nhận kho riêng) — dữ liệu chạy thử,
710174,11612078-B,906,70000,70000,,,2026-08-06,,Suy từ PIECES của WORK ORDER (AVP_AI không có sổ nhận kho riêng) — dữ liệu chạy thử,
710176,11612078-B,1582,75000,75000,,,2026-09-14,,Suy từ PIECES của WORK ORDER (AVP_AI không có sổ nhận kho riêng) — dữ liệu chạy thử,
710203,W20-1028-010,531,64000,64000,,,2026-06-04,,Suy từ PIECES của WORK ORDER (AVP_AI không có sổ nhận kho riêng) — dữ liệu chạy thử,
710204,W20-1028-010,805,70000,70000,,,2026-06-04,,Suy từ PIECES của WORK ORDER (AVP_AI không có sổ nhận kho riêng) — dữ liệu chạy thử,
710209,W20-1028-010,24,55000,55000,,,2026-06-04,,Suy từ PIECES của WORK ORDER (AVP_AI không có sổ nhận kho riêng) — dữ liệu chạy thử,
710211,W20-1028-010,759,70000,70000,,,2026-06-19,,Suy từ PIECES của WORK ORDER (AVP_AI không có sổ nhận kho riêng) — dữ liệu chạy thử,
710214,W20-1028-010,545,62000,62000,,,2026-06-19,,Suy từ PIECES của WORK ORDER (AVP_AI không có sổ nhận kho riêng) — dữ liệu chạy thử,
710241,91058,592,42761,42761,,,2026-06-25,,Suy từ PIECES của WORK ORDER (AVP_AI không có sổ nhận kho riêng) — dữ liệu chạy thử,
710251,11516133,1439,14683,14683,,,2026-07-02,,Suy từ PIECES của WORK ORDER (AVP_AI không có sổ nhận kho riêng) — dữ liệu chạy thử,
710252,11516133,1014,15850,15850,,,2026-07-02,,Suy từ PIECES của WORK ORDER (AVP_AI không có sổ nhận kho riêng) — dữ liệu chạy thử,
710271,W520514-S442,523,43218,43218,,,2026-06-26,,Suy từ PIECES của WORK ORDER (AVP_AI không có sổ nhận kho riêng) — dữ liệu chạy thử,
710288,06511799AA,42 CTNS,71400,71400,,,2026-06-29,,Suy từ PIECES của WORK ORDER (AVP_AI không có sổ nhận kho riêng) — dữ liệu chạy thử,
710308,11546448,499,107222,107222,,,2026-06-15,,Suy từ PIECES của WORK ORDER (AVP_AI không có sổ nhận kho riêng) — dữ liệu chạy thử,
710329,11612078-B,20CTNS,37000,37000,,,2026-05-29,,Suy từ PIECES của WORK ORDER (AVP_AI không có sổ nhận kho riêng) — dữ liệu chạy thử,
710399,11549168-CA-IN,597,42000,42000,,,2026-07-27,,Suy từ PIECES của WORK ORDER (AVP_AI không có sổ nhận kho riêng) — dữ liệu chạy thử,
710400,11549168-CA-IN,240,45000,45000,,,2026-07-08,,Suy từ PIECES của WORK ORDER (AVP_AI không có sổ nhận kho riêng) — dữ liệu chạy thử,
710402,11549168-CA-IN,797,45000,45000,,,2026-07-27,,Suy từ PIECES của WORK ORDER (AVP_AI không có sổ nhận kho riêng) — dữ liệu chạy thử,
710492,11546367-CA-IN,364,26320,26320,,,2026-07-01,,Suy từ PIECES của WORK ORDER (AVP_AI không có sổ nhận kho riêng) — dữ liệu chạy thử,
710494,11546367-CA-IN,1019,26494,26494,,,2026-06-25,,Suy từ PIECES của WORK ORDER (AVP_AI không có sổ nhận kho riêng) — dữ liệu chạy thử,
710495,11546367-CA-IN,1533,25238,25238,,,2026-07-01,,Suy từ PIECES của WORK ORDER (AVP_AI không có sổ nhận kho riêng) — dữ liệu chạy thử,
710532,40173371,865,66000,66000,,,2026-07-08,,Suy từ PIECES của WORK ORDER (AVP_AI không có sổ nhận kho riêng) — dữ liệu chạy thử,
710533,40173371,422,73000,73000,,,2026-07-08,,Suy từ PIECES của WORK ORDER (AVP_AI không có sổ nhận kho riêng) — dữ liệu chạy thử,
710572,W520111-S450B,705,114458,114458,,,2026-06-24,,Suy từ PIECES của WORK ORDER (AVP_AI không có sổ nhận kho riêng) — dữ liệu chạy thử,
710574,W520101-S442,292,125795,125795,,,2026-06-26,,Suy từ PIECES của WORK ORDER (AVP_AI không có sổ nhận kho riêng) — dữ liệu chạy thử,
710576,W520101-S442,414,116705,116705,,,2026-06-26,,Suy từ PIECES của WORK ORDER (AVP_AI không có sổ nhận kho riêng) — dữ liệu chạy thử,
710683,11549168-CA-IN,1335,45000,45000,,,2026-07-08,,Suy từ PIECES của WORK ORDER (AVP_AI không có sổ nhận kho riêng) — dữ liệu chạy thử,
710686,11549168-CA-IN,158,45000,45000,,,2026-07-17,,Suy từ PIECES của WORK ORDER (AVP_AI không có sổ nhận kho riêng) — dữ liệu chạy thử,
710687,11549168-CA-IN,382,45000,45000,,,2026-07-27,,Suy từ PIECES của WORK ORDER (AVP_AI không có sổ nhận kho riêng) — dữ liệu chạy thử,
710688,11549168-CA-IN,516,46000,46000,,,2026-07-27,,Suy từ PIECES của WORK ORDER (AVP_AI không có sổ nhận kho riêng) — dữ liệu chạy thử,
710690,11549168-CA-IN,615,44000,44000,,,2026-08-04,,Suy từ PIECES của WORK ORDER (AVP_AI không có sổ nhận kho riêng) — dữ liệu chạy thử,
710691,11549168-CA-IN,883,40000,40000,,,2026-07-27,,Suy từ PIECES của WORK ORDER (AVP_AI không có sổ nhận kho riêng) — dữ liệu chạy thử,
710823,11549168-CA-IN,370,43918,43918,,,2026-07-17,,Suy từ PIECES của WORK ORDER (AVP_AI không có sổ nhận kho riêng) — dữ liệu chạy thử,
710824,11549168-CA-IN,1061,40000,40000,,,2026-08-18,,Suy từ PIECES của WORK ORDER (AVP_AI không có sổ nhận kho riêng) — dữ liệu chạy thử,
710825,11549168-CA-IN,567,45000,45000,,,2026-07-08,,Suy từ PIECES của WORK ORDER (AVP_AI không có sổ nhận kho riêng) — dữ liệu chạy thử,
710826,11549168-CA-IN,1380,45000,45000,,,2026-07-10,,Suy từ PIECES của WORK ORDER (AVP_AI không có sổ nhận kho riêng) — dữ liệu chạy thử,
710828,11549168-CA-IN,323,44000,44000,,,2026-08-18,,Suy từ PIECES của WORK ORDER (AVP_AI không có sổ nhận kho riêng) — dữ liệu chạy thử,
710829,11549168-CA-IN,666,45000,45000,,,2026-08-04,,Suy từ PIECES của WORK ORDER (AVP_AI không có sổ nhận kho riêng) — dữ liệu chạy thử,
710830,11549168-CA-IN,1028,45000,45000,,,2026-08-04,,Suy từ PIECES của WORK ORDER (AVP_AI không có sổ nhận kho riêng) — dữ liệu chạy thử,
710831,11549168-CA-IN,822,44000,44000,,,2026-08-19,,Suy từ PIECES của WORK ORDER (AVP_AI không có sổ nhận kho riêng) — dữ liệu chạy thử,
710832,11549168-CA-IN,1564,42000,42000,,,2026-08-19,,Suy từ PIECES của WORK ORDER (AVP_AI không có sổ nhận kho riêng) — dữ liệu chạy thử,
710861,W711468-S437,706,54624,54624,,,2026-07-21,,Suy từ PIECES của WORK ORDER (AVP_AI không có sổ nhận kho riêng) — dữ liệu chạy thử,
710862,W711468-S437,339,4769,4769,,,2026-07-14,,Suy từ PIECES của WORK ORDER (AVP_AI không có sổ nhận kho riêng) — dữ liệu chạy thử,
710863,W711468-S437,1436,52428,52428,,,2026-07-14,,Suy từ PIECES của WORK ORDER (AVP_AI không có sổ nhận kho riêng) — dữ liệu chạy thử,
710864,W711468-S437,1562,54104,54104,,,2026-07-14,,Suy từ PIECES của WORK ORDER (AVP_AI không có sổ nhận kho riêng) — dữ liệu chạy thử,
710966,11546364-PH-RO,1081,168675,168675,,,2026-08-06,,Suy từ PIECES của WORK ORDER (AVP_AI không có sổ nhận kho riêng) — dữ liệu chạy thử,
711035,W520101-S437,18,132841,132841,,,2026-06-24,,Suy từ PIECES của WORK ORDER (AVP_AI không có sổ nhận kho riêng) — dữ liệu chạy thử,
711038,11547059,894,25033,25033,,,2026-06-25,,Suy từ PIECES của WORK ORDER (AVP_AI không có sổ nhận kho riêng) — dữ liệu chạy thử,
711040,11547059,92,21956,21956,,,2026-06-25,,Suy từ PIECES của WORK ORDER (AVP_AI không có sổ nhận kho riêng) — dữ liệu chạy thử,
711043,11547059,914,23055,23055,,,2026-06-25,,Suy từ PIECES của WORK ORDER (AVP_AI không có sổ nhận kho riêng) — dữ liệu chạy thử,
711110,40050697,183,5058,5058,,,2026-07-27,,Suy từ PIECES của WORK ORDER (AVP_AI không có sổ nhận kho riêng) — dữ liệu chạy thử,
711115,W520113-S440,1385,43022,43022,,,2026-07-08,,Suy từ PIECES của WORK ORDER (AVP_AI không có sổ nhận kho riêng) — dữ liệu chạy thử,
711116,W520113-S440,309,42201,42201,,,2026-07-08,,Suy từ PIECES của WORK ORDER (AVP_AI không có sổ nhận kho riêng) — dữ liệu chạy thử,
711118,11516133,716,15490,15490,,,2026-07-02,,Suy từ PIECES của WORK ORDER (AVP_AI không có sổ nhận kho riêng) — dữ liệu chạy thử,
711125,11546366-MY-AK,554,40614,40614,,,2026-06-29,,Suy từ PIECES của WORK ORDER (AVP_AI không có sổ nhận kho riêng) — dữ liệu chạy thử,
711126,11546366-MY-AK,1531,41083,41083,,,2026-06-29,,Suy từ PIECES của WORK ORDER (AVP_AI không có sổ nhận kho riêng) — dữ liệu chạy thử,
711127,11546366-MY-AK,1005,39783,39783,,,2026-06-29,,Suy từ PIECES của WORK ORDER (AVP_AI không có sổ nhận kho riêng) — dữ liệu chạy thử,
711128,11546366-MY-AK,1614,40181,40181,,,2026-06-29,,Suy từ PIECES của WORK ORDER (AVP_AI không có sổ nhận kho riêng) — dữ liệu chạy thử,
711129,11546367-MY-AK,686,27376,27376,,,2026-06-25,,Suy từ PIECES của WORK ORDER (AVP_AI không có sổ nhận kho riêng) — dữ liệu chạy thử,
711130,11546367-MY-AK,1431,22409,22409,,,2026-06-25,,Suy từ PIECES của WORK ORDER (AVP_AI không có sổ nhận kho riêng) — dữ liệu chạy thử,
711131,11546367-MY-AK,157,25312,25312,,,2026-06-25,,Suy từ PIECES của WORK ORDER (AVP_AI không có sổ nhận kho riêng) — dữ liệu chạy thử,
711132,11546367-MY-AK,905,24452,24452,,,2026-06-25,,Suy từ PIECES của WORK ORDER (AVP_AI không có sổ nhận kho riêng) — dữ liệu chạy thử,
711154,W520217-S440,707,5234,5234,,,2026-07-02,,Suy từ PIECES của WORK ORDER (AVP_AI không có sổ nhận kho riêng) — dữ liệu chạy thử,
711225,11546703,34,130617,130617,,,2026-07-06,,Suy từ PIECES của WORK ORDER (AVP_AI không có sổ nhận kho riêng) — dữ liệu chạy thử,
711228,40204491,1084,24553,24553,,,2026-06-29,,Suy từ PIECES của WORK ORDER (AVP_AI không có sổ nhận kho riêng) — dữ liệu chạy thử,
711229,40204491,65,22085,22085,,,2026-06-29,,Suy từ PIECES của WORK ORDER (AVP_AI không có sổ nhận kho riêng) — dữ liệu chạy thử,
711242,E6267AB,456,24268,24268,,,2026-08-06,,Suy từ PIECES của WORK ORDER (AVP_AI không có sổ nhận kho riêng) — dữ liệu chạy thử,
711243,E6267AB,1003,24268,24268,,,2026-08-06,,Suy từ PIECES của WORK ORDER (AVP_AI không có sổ nhận kho riêng) — dữ liệu chạy thử,
711250,E6267AB,723,23928,23928,,,2026-08-06,,Suy từ PIECES của WORK ORDER (AVP_AI không có sổ nhận kho riêng) — dữ liệu chạy thử,
711251,E6267AB,89,25096,25096,,,2026-08-06,,Suy từ PIECES của WORK ORDER (AVP_AI không có sổ nhận kho riêng) — dữ liệu chạy thử,
711262,W711953-S900,975,79091,79091,,,2026-06-25,,Suy từ PIECES của WORK ORDER (AVP_AI không có sổ nhận kho riêng) — dữ liệu chạy thử,
711385,P7241950-IN-PN,133,2084,2084,,,2026-09-02,,Suy từ PIECES của WORK ORDER (AVP_AI không có sổ nhận kho riêng) — dữ liệu chạy thử,
711386,P7241950-IN-PN,1356,2870,2870,,,2026-09-02,,Suy từ PIECES của WORK ORDER (AVP_AI không có sổ nhận kho riêng) — dữ liệu chạy thử,
711387,P7241950-IN-PN,791,2494,2494,,,2026-09-03,,Suy từ PIECES của WORK ORDER (AVP_AI không có sổ nhận kho riêng) — dữ liệu chạy thử,
711388,P7241950-IN-PN,53,2649,2649,,,2026-09-03,,Suy từ PIECES của WORK ORDER (AVP_AI không có sổ nhận kho riêng) — dữ liệu chạy thử,
711512,W711468-S437,920,47919,47919,,,2026-07-21,,Suy từ PIECES của WORK ORDER (AVP_AI không có sổ nhận kho riêng) — dữ liệu chạy thử,
711576,W520113-S440,27,43955,43955,,,2026-07-08,,Suy từ PIECES của WORK ORDER (AVP_AI không có sổ nhận kho riêng) — dữ liệu chạy thử,
711577,W520113-S440,983,40410,40410,,,2026-07-08,,Suy từ PIECES của WORK ORDER (AVP_AI không có sổ nhận kho riêng) — dữ liệu chạy thử,
711580,91054,799,76203,76203,,,2026-07-28,,Suy từ PIECES của WORK ORDER (AVP_AI không có sổ nhận kho riêng) — dữ liệu chạy thử,
711591,91054,981,68354,68354,,,2026-07-28,,Suy từ PIECES của WORK ORDER (AVP_AI không có sổ nhận kho riêng) — dữ liệu chạy thử,
711619,06101968-A,664,80000,80000,,,2026-06-24,,Suy từ PIECES của WORK ORDER (AVP_AI không có sổ nhận kho riêng) — dữ liệu chạy thử,
711646,11546448,1397,88222,88222,,,2026-06-29,,Suy từ PIECES của WORK ORDER (AVP_AI không có sổ nhận kho riêng) — dữ liệu chạy thử,
711647,11546448,1651,106111,106111,,,2026-06-29,,Suy từ PIECES của WORK ORDER (AVP_AI không có sổ nhận kho riêng) — dữ liệu chạy thử,
711656,11546449,1510,82881,82881,,,2026-06-24,,Suy từ PIECES của WORK ORDER (AVP_AI không có sổ nhận kho riêng) — dữ liệu chạy thử,
711657,11546449,1416,90119,90119,,,2026-06-24,,Suy từ PIECES của WORK ORDER (AVP_AI không có sổ nhận kho riêng) — dữ liệu chạy thử,
711658,11546449,915,90254,90254,,,2026-06-24,,Suy từ PIECES của WORK ORDER (AVP_AI không có sổ nhận kho riêng) — dữ liệu chạy thử,
711659,11546449,459,84407,84407,,,2026-06-24,,Suy từ PIECES của WORK ORDER (AVP_AI không có sổ nhận kho riêng) — dữ liệu chạy thử,
711660,11546449,823,89407,89407,,,2026-06-24,,Suy từ PIECES của WORK ORDER (AVP_AI không có sổ nhận kho riêng) — dữ liệu chạy thử,
711661,11546449,829,85678,85678,,,2026-06-24,,Suy từ PIECES của WORK ORDER (AVP_AI không có sổ nhận kho riêng) — dữ liệu chạy thử,
711663,11546449,1698,82288,82288,,,2026-06-24,,Suy từ PIECES của WORK ORDER (AVP_AI không có sổ nhận kho riêng) — dữ liệu chạy thử,
711664,11546449,1573,88136,88136,,,2026-06-24,,Suy từ PIECES của WORK ORDER (AVP_AI không có sổ nhận kho riêng) — dữ liệu chạy thử,
711665,11546449,366,84864,84864,,,2026-06-24,,Suy từ PIECES của WORK ORDER (AVP_AI không có sổ nhận kho riêng) — dữ liệu chạy thử,
711671,11546449,486,89746,89746,,,2026-06-24,,Suy từ PIECES của WORK ORDER (AVP_AI không có sổ nhận kho riêng) — dữ liệu chạy thử,
711702,11739913,1016,43470,43470,,,2026-07-13,,Suy từ PIECES của WORK ORDER (AVP_AI không có sổ nhận kho riêng) — dữ liệu chạy thử,
711703,11739913,1572,41530,41530,,,2026-07-13,,Suy từ PIECES của WORK ORDER (AVP_AI không có sổ nhận kho riêng) — dữ liệu chạy thử,
711704,11546366-MY-AK,596,43502,43502,,,2026-07-01,,Suy từ PIECES của WORK ORDER (AVP_AI không có sổ nhận kho riêng) — dữ liệu chạy thử,
711705,11546366-MY-AK,618,38412,38412,,,2026-07-01,,Suy từ PIECES của WORK ORDER (AVP_AI không có sổ nhận kho riêng) — dữ liệu chạy thử,
711706,11546366-MY-AK,220,42491,42491,,,2026-07-01,,Suy từ PIECES của WORK ORDER (AVP_AI không có sổ nhận kho riêng) — dữ liệu chạy thử,
711707,11546366-MY-AK,1587,39458,39458,,,2026-07-01,,Suy từ PIECES của WORK ORDER (AVP_AI không có sổ nhận kho riêng) — dữ liệu chạy thử,
711708,11546366-MY-AK,1710,42744,42744,,,2026-07-01,,Suy từ PIECES của WORK ORDER (AVP_AI không có sổ nhận kho riêng) — dữ liệu chạy thử,
711709,11546366-MY-AK,652,37690,37690,,,2026-07-01,,Suy từ PIECES của WORK ORDER (AVP_AI không có sổ nhận kho riêng) — dữ liệu chạy thử,
711740,NU1305-01,294,65000,65000,,,2026-06-25,,Suy từ PIECES của WORK ORDER (AVP_AI không có sổ nhận kho riêng) — dữ liệu chạy thử,
711741,NU1305-01,1714,73000,73000,,,2026-06-26,,Suy từ PIECES của WORK ORDER (AVP_AI không có sổ nhận kho riêng) — dữ liệu chạy thử,
711759,W711953-S900,663,61818,61818,,,2026-07-02,,Suy từ PIECES của WORK ORDER (AVP_AI không có sổ nhận kho riêng) — dữ liệu chạy thử,
711760,W711953-S900,1373,66429,66429,,,2026-07-02,,Suy từ PIECES của WORK ORDER (AVP_AI không có sổ nhận kho riêng) — dữ liệu chạy thử,
711761,W711953-S900,446,62727,62727,,,2026-07-02,,Suy từ PIECES của WORK ORDER (AVP_AI không có sổ nhận kho riêng) — dữ liệu chạy thử,
711762,W711953-S900,397,67273,67273,,,2026-07-02,,Suy từ PIECES của WORK ORDER (AVP_AI không có sổ nhận kho riêng) — dữ liệu chạy thử,
711766,11546703,442,133457,133457,,,2026-07-21,,Suy từ PIECES của WORK ORDER (AVP_AI không có sổ nhận kho riêng) — dữ liệu chạy thử,
711767,11610128,1534,29107,29107,,,2026-07-02,,Suy từ PIECES của WORK ORDER (AVP_AI không có sổ nhận kho riêng) — dữ liệu chạy thử,
711768,11610128,495,35893,35893,,,2026-07-02,,Suy từ PIECES của WORK ORDER (AVP_AI không có sổ nhận kho riêng) — dữ liệu chạy thử,
711769,W716298-S450,1559,122237,122237,,,2026-07-02,,Suy từ PIECES của WORK ORDER (AVP_AI không có sổ nhận kho riêng) — dữ liệu chạy thử,
711770,W716298-S450,387,127763,127763,,,2026-07-02,,Suy từ PIECES của WORK ORDER (AVP_AI không có sổ nhận kho riêng) — dữ liệu chạy thử,
711771,06511672AA,239,51422,51422,,,2026-08-05,,Suy từ PIECES của WORK ORDER (AVP_AI không có sổ nhận kho riêng) — dữ liệu chạy thử,
711772,06511672AA,919,38190,38190,,,2026-08-11,,Suy từ PIECES của WORK ORDER (AVP_AI không có sổ nhận kho riêng) — dữ liệu chạy thử,
711774,06511672AA,1358,47974,47974,,,2026-08-12,,Suy từ PIECES của WORK ORDER (AVP_AI không có sổ nhận kho riêng) — dữ liệu chạy thử,
711776,11604439,1012,22707,22707,,,2026-07-02,,Suy từ PIECES của WORK ORDER (AVP_AI không có sổ nhận kho riêng) — dữ liệu chạy thử,
711777,715150010W,1110,75390,75390,,,2026-07-02,,Suy từ PIECES của WORK ORDER (AVP_AI không có sổ nhận kho riêng) — dữ liệu chạy thử,
711778,715150010W,711,77597,77597,,,2026-07-02,,Suy từ PIECES của WORK ORDER (AVP_AI không có sổ nhận kho riêng) — dữ liệu chạy thử,
711782,11609411,1303,62323,62323,,,2026-07-02,,Suy từ PIECES của WORK ORDER (AVP_AI không có sổ nhận kho riêng) — dữ liệu chạy thử,
711795,11548414-MY-AK,1700,17845,17845,,,2026-06-29,,Suy từ PIECES của WORK ORDER (AVP_AI không có sổ nhận kho riêng) — dữ liệu chạy thử,
711796,11548414-MY-AK,173,16155,16155,,,2026-06-29,,Suy từ PIECES của WORK ORDER (AVP_AI không có sổ nhận kho riêng) — dữ liệu chạy thử,
711801,11548414-MY-AK,562,16760,16760,,,2026-06-29,,Suy từ PIECES của WORK ORDER (AVP_AI không có sổ nhận kho riêng) — dữ liệu chạy thử,
711802,11548414-MY-AK,1089,17380,17380,,,2026-06-29,,Suy từ PIECES của WORK ORDER (AVP_AI không có sổ nhận kho riêng) — dữ liệu chạy thử,
711803,11548414-MY-AK,305,17101,17101,,,2026-06-29,,Suy từ PIECES của WORK ORDER (AVP_AI không có sổ nhận kho riêng) — dữ liệu chạy thử,
711804,11548414-MY-AK,15,16853,16853,,,2026-06-29,,Suy từ PIECES của WORK ORDER (AVP_AI không có sổ nhận kho riêng) — dữ liệu chạy thử,
711805,11548414-MY-AK,540,17721,17721,,,2026-06-29,,Suy từ PIECES của WORK ORDER (AVP_AI không có sổ nhận kho riêng) — dữ liệu chạy thử,
711806,11548414-MY-AK,1426,16388,16388,,,2026-06-29,,Suy từ PIECES của WORK ORDER (AVP_AI không có sổ nhận kho riêng) — dữ liệu chạy thử,
711811,11548414-MY-AK,591,17178,17178,,,2026-06-29,,Suy từ PIECES của WORK ORDER (AVP_AI không có sổ nhận kho riêng) — dữ liệu chạy thử,
711812,11548414-MY-AK,1067,17008,17008,,,2026-06-29,,Suy từ PIECES của WORK ORDER (AVP_AI không có sổ nhận kho riêng) — dữ liệu chạy thử,
711817,06104725AA,979,101132,101132,,,2026-06-25,,Suy từ PIECES của WORK ORDER (AVP_AI không có sổ nhận kho riêng) — dữ liệu chạy thử,
711818,06104725AA,39,101698,101698,,,2026-06-25,,Suy từ PIECES của WORK ORDER (AVP_AI không có sổ nhận kho riêng) — dữ liệu chạy thử,
711819,06104725AA,1071,102642,102642,,,2026-06-25,,Suy từ PIECES của WORK ORDER (AVP_AI không có sổ nhận kho riêng) — dữ liệu chạy thử,
711820,06104725AA,721,100849,100849,,,2026-06-25,,Suy từ PIECES của WORK ORDER (AVP_AI không có sổ nhận kho riêng) — dữ liệu chạy thử,
711821,06104725AA,1043,103302,103302,,,2026-06-25,,Suy từ PIECES của WORK ORDER (AVP_AI không có sổ nhận kho riêng) — dữ liệu chạy thử,
711823,06104725AA,1721,84811,84811,,,2026-06-25,,Suy từ PIECES của WORK ORDER (AVP_AI không có sổ nhận kho riêng) — dữ liệu chạy thử,
711825,11546389,1363,137273,137273,,,2026-06-24,,Suy từ PIECES của WORK ORDER (AVP_AI không có sổ nhận kho riêng) — dữ liệu chạy thử,
711826,11546389,782,105974,105974,,,2026-06-24,,Suy từ PIECES của WORK ORDER (AVP_AI không có sổ nhận kho riêng) — dữ liệu chạy thử,
711827,11546389BR,45,120260,120260,,,2026-06-25,,Suy từ PIECES của WORK ORDER (AVP_AI không có sổ nhận kho riêng) — dữ liệu chạy thử,
711828,11546389BR,237,117922,117922,,,2026-06-25,,Suy từ PIECES của WORK ORDER (AVP_AI không có sổ nhận kho riêng) — dữ liệu chạy thử,
711829,11546389,382,117403,117403,,,2026-06-24,,Suy từ PIECES của WORK ORDER (AVP_AI không có sổ nhận kho riêng) — dữ liệu chạy thử,
711830,11546389,272,117273,117273,,,2026-06-24,,Suy từ PIECES của WORK ORDER (AVP_AI không có sổ nhận kho riêng) — dữ liệu chạy thử,
711831,11546389,1585,120649,120649,,,2026-06-24,,Suy từ PIECES của WORK ORDER (AVP_AI không có sổ nhận kho riêng) — dữ liệu chạy thử,
711843,11546449,1068,92288,92288,,,2026-06-24,,Suy từ PIECES của WORK ORDER (AVP_AI không có sổ nhận kho riêng) — dữ liệu chạy thử,
711844,11546449,462,87373,87373,,,2026-06-24,,Suy từ PIECES của WORK ORDER (AVP_AI không có sổ nhận kho riêng) — dữ liệu chạy thử,
711846,11546449,547,81525,81525,,,2026-06-24,,Suy từ PIECES của WORK ORDER (AVP_AI không có sổ nhận kho riêng) — dữ liệu chạy thử,
711848,11546449,1686,84153,84153,,,2026-06-24,,Suy từ PIECES của WORK ORDER (AVP_AI không có sổ nhận kho riêng) — dữ liệu chạy thử,
711850,11546449,1391,94915,94915,,,2026-06-24,,Suy từ PIECES của WORK ORDER (AVP_AI không có sổ nhận kho riêng) — dữ liệu chạy thử,
711851,11546449,605,83305,83305,,,2026-06-24,,Suy từ PIECES của WORK ORDER (AVP_AI không có sổ nhận kho riêng) — dữ liệu chạy thử,
711860,11549168-CA-IN,198,45000,45000,,,2026-07-17,,Suy từ PIECES của WORK ORDER (AVP_AI không có sổ nhận kho riêng) — dữ liệu chạy thử,
711863,11549168-CA-IN,966,44000,44000,,,2026-08-04,,Suy từ PIECES của WORK ORDER (AVP_AI không có sổ nhận kho riêng) — dữ liệu chạy thử,
711865,11549168-CA-IN,318,46000,46000,,,2026-07-27,,Suy từ PIECES của WORK ORDER (AVP_AI không có sổ nhận kho riêng) — dữ liệu chạy thử,
711867,11549168-CA-IN,975,45000,45000,,,2026-08-19,,Suy từ PIECES của WORK ORDER (AVP_AI không có sổ nhận kho riêng) — dữ liệu chạy thử,
711869,11549168-CA-IN,1001,42000,42000,,,2026-07-27,,Suy từ PIECES của WORK ORDER (AVP_AI không có sổ nhận kho riêng) — dữ liệu chạy thử,
711882,06101968-A,409,75455,75455,,,2026-07-02,,Suy từ PIECES của WORK ORDER (AVP_AI không có sổ nhận kho riêng) — dữ liệu chạy thử,
711883,06101968-A,522,72652,72652,,,2026-07-02,,Suy từ PIECES của WORK ORDER (AVP_AI không có sổ nhận kho riêng) — dữ liệu chạy thử,
711884,06511701AA,1546,79568,79568,,,2026-06-29,,Suy từ PIECES của WORK ORDER (AVP_AI không có sổ nhận kho riêng) — dữ liệu chạy thử,
711885,06511701AA,1423,75540,75540,,,2026-06-29,,Suy từ PIECES của WORK ORDER (AVP_AI không có sổ nhận kho riêng) — dữ liệu chạy thử,
711890,11602326,1382,4057,4057,,,2026-07-01,,Suy từ PIECES của WORK ORDER (AVP_AI không có sổ nhận kho riêng) — dữ liệu chạy thử,
711891,11602326,224,4745,4745,,,2026-07-01,,Suy từ PIECES của WORK ORDER (AVP_AI không có sổ nhận kho riêng) — dữ liệu chạy thử,
711892,11602326,381,4236,4236,,,2026-07-01,,Suy từ PIECES của WORK ORDER (AVP_AI không có sổ nhận kho riêng) — dữ liệu chạy thử,
711894,11546456,99,76148,76148,,,2026-07-02,,Suy từ PIECES của WORK ORDER (AVP_AI không có sổ nhận kho riêng) — dữ liệu chạy thử,
711895,11546456,1674,70492,70492,,,2026-07-02,,Suy từ PIECES của WORK ORDER (AVP_AI không có sổ nhận kho riêng) — dữ liệu chạy thử,
711896,11546456,820,67623,67623,,,2026-07-02,,Suy từ PIECES của WORK ORDER (AVP_AI không có sổ nhận kho riêng) — dữ liệu chạy thử,
711897,11546456,760,79836,79836,,,2026-07-02,,Suy từ PIECES của WORK ORDER (AVP_AI không có sổ nhận kho riêng) — dữ liệu chạy thử,
711913,11546437-MY-AK,729,78923,78923,,,2026-06-29,,Suy từ PIECES của WORK ORDER (AVP_AI không có sổ nhận kho riêng) — dữ liệu chạy thử,
711914,11546437-MY-AK,943,90769,90769,,,2026-06-29,,Suy từ PIECES của WORK ORDER (AVP_AI không có sổ nhận kho riêng) — dữ liệu chạy thử,
711915,11546437-MY-AK,1645,79077,79077,,,2026-06-29,,Suy từ PIECES của WORK ORDER (AVP_AI không có sổ nhận kho riêng) — dữ liệu chạy thử,
711916,11546437-MY-AK,154,84231,84231,,,2026-06-29,,Suy từ PIECES của WORK ORDER (AVP_AI không có sổ nhận kho riêng) — dữ liệu chạy thử,
711917,11546437-MY-AK,1670,84077,84077,,,2026-06-29,,Suy từ PIECES của WORK ORDER (AVP_AI không có sổ nhận kho riêng) — dữ liệu chạy thử,
711926,06105048AA,KIB,40000,40000,,,2026-06-26,,Suy từ PIECES của WORK ORDER (AVP_AI không có sổ nhận kho riêng) — dữ liệu chạy thử,
711928,06105048AA,KIB,40000,40000,,,2026-06-26,,Suy từ PIECES của WORK ORDER (AVP_AI không có sổ nhận kho riêng) — dữ liệu chạy thử,
711939,11549204,222,7508,7508,,,2026-07-01,,Suy từ PIECES của WORK ORDER (AVP_AI không có sổ nhận kho riêng) — dữ liệu chạy thử,
711944,11546462,444,24425,24425,,,2026-06-29,,Suy từ PIECES của WORK ORDER (AVP_AI không có sổ nhận kho riêng) — dữ liệu chạy thử,
711945,11546462,293,26350,26350,,,2026-06-29,,Suy từ PIECES của WORK ORDER (AVP_AI không có sổ nhận kho riêng) — dữ liệu chạy thử,
711946,11546462,545,27350,27350,,,2026-06-29,,Suy từ PIECES của WORK ORDER (AVP_AI không có sổ nhận kho riêng) — dữ liệu chạy thử,
711947,11546462,1681,23500,23500,,,2026-06-29,,Suy từ PIECES của WORK ORDER (AVP_AI không có sổ nhận kho riêng) — dữ liệu chạy thử,
711948,11546462,404,19325,19325,,,2026-06-29,,Suy từ PIECES của WORK ORDER (AVP_AI không có sổ nhận kho riêng) — dữ liệu chạy thử,
711950,11546462,1649,20650,20650,,,2026-06-29,,Suy từ PIECES của WORK ORDER (AVP_AI không có sổ nhận kho riêng) — dữ liệu chạy thử,
711953,11546462,852,25375,25375,,,2026-06-29,,Suy từ PIECES của WORK ORDER (AVP_AI không có sổ nhận kho riêng) — dữ liệu chạy thử,
712076,F1302AB,778,21909,21909,,,2026-07-27,,Suy từ PIECES của WORK ORDER (AVP_AI không có sổ nhận kho riêng) — dữ liệu chạy thử,
712084,06506707AA,1637,22740,22740,,,2026-07-17,,Suy từ PIECES của WORK ORDER (AVP_AI không có sổ nhận kho riêng) — dữ liệu chạy thử,
712085,06502979-A,1334,18283,18283,,,2026-06-15,,Suy từ PIECES của WORK ORDER (AVP_AI không có sổ nhận kho riêng) — dữ liệu chạy thử,
712086,06502979-A,171,23056,23056,,,2026-06-15,,Suy từ PIECES của WORK ORDER (AVP_AI không có sổ nhận kho riêng) — dữ liệu chạy thử,
712101,11546367-MY-AK,917,25398,25398,,,2026-07-13,,Suy từ PIECES của WORK ORDER (AVP_AI không có sổ nhận kho riêng) — dữ liệu chạy thử,
712102,11546367-MY-AK,1638,24000,24000,,,2026-07-13,,Suy từ PIECES của WORK ORDER (AVP_AI không có sổ nhận kho riêng) — dữ liệu chạy thử,
712103,11546367-MY-AK,464,1175,1175,,,2026-07-08,,Suy từ PIECES của WORK ORDER (AVP_AI không có sổ nhận kho riêng) — dữ liệu chạy thử,
712104,11546367-MY-AK,373,1100,1100,,,2026-07-08,,Suy từ PIECES của WORK ORDER (AVP_AI không có sổ nhận kho riêng) — dữ liệu chạy thử,
712105,11546367-MY-AK,1323,25075,25075,,,2026-07-08,,Suy từ PIECES của WORK ORDER (AVP_AI không có sổ nhận kho riêng) — dữ liệu chạy thử,
712107,11546367-MY-AK,1528,25355,25355,,,2026-07-08,,Suy từ PIECES của WORK ORDER (AVP_AI không có sổ nhận kho riêng) — dữ liệu chạy thử,
712108,11546367-MY-AK,1520,24839,24839,,,2026-07-08,,Suy từ PIECES của WORK ORDER (AVP_AI không có sổ nhận kho riêng) — dữ liệu chạy thử,
712109,11546367-MY-AK,1076,24129,24129,,,2026-07-08,,Suy từ PIECES của WORK ORDER (AVP_AI không có sổ nhận kho riêng) — dữ liệu chạy thử,
712110,11546367-MY-AK,514,25269,25269,,,2026-07-08,,Suy từ PIECES của WORK ORDER (AVP_AI không có sổ nhận kho riêng) — dữ liệu chạy thử,
712111,11546367-MY-AK,51,24237,24237,,,2026-07-08,,Suy từ PIECES của WORK ORDER (AVP_AI không có sổ nhận kho riêng) — dữ liệu chạy thử,
712112,11546367-MY-AK,764,25742,25742,,,2026-07-08,,Suy từ PIECES của WORK ORDER (AVP_AI không có sổ nhận kho riêng) — dữ liệu chạy thử,
712113,11546378-MY-AK,290,39770,39770,,,2026-07-06,,Suy từ PIECES của WORK ORDER (AVP_AI không có sổ nhận kho riêng) — dữ liệu chạy thử,
712114,11546378-MY-AK,1524,47318,47318,,,2026-07-06,,Suy từ PIECES của WORK ORDER (AVP_AI không có sổ nhận kho riêng) — dữ liệu chạy thử,
712115,11546378-MY-AK,258,43908,43908,,,2026-07-06,,Suy từ PIECES của WORK ORDER (AVP_AI không có sổ nhận kho riêng) — dữ liệu chạy thử,
712116,11546378-MY-AK,1696,42069,42069,,,2026-07-06,,Suy từ PIECES của WORK ORDER (AVP_AI không có sổ nhận kho riêng) — dữ liệu chạy thử,
712117,11546378-MY-AK,1575,45287,45287,,,2026-07-06,,Suy từ PIECES của WORK ORDER (AVP_AI không có sổ nhận kho riêng) — dữ liệu chạy thử,
712118,11546378-MY-AK,938,40766,40766,,,2026-07-06,,Suy từ PIECES của WORK ORDER (AVP_AI không có sổ nhận kho riêng) — dữ liệu chạy thử,
712120,11546378-MY-AK,53,47816,47816,,,2026-07-06,,Suy từ PIECES của WORK ORDER (AVP_AI không có sổ nhận kho riêng) — dữ liệu chạy thử,
712121,11546378-MY-AK,1621,39923,39923,,,2026-07-06,,Suy từ PIECES của WORK ORDER (AVP_AI không có sổ nhận kho riêng) — dữ liệu chạy thử,
712123,11546378-MY-AK,1362,44176,44176,,,2026-07-06,,Suy từ PIECES của WORK ORDER (AVP_AI không có sổ nhận kho riêng) — dữ liệu chạy thử,
712125,11546378-MY-AK,489,45862,45862,,,2026-07-06,,Suy từ PIECES của WORK ORDER (AVP_AI không có sổ nhận kho riêng) — dữ liệu chạy thử,
712126,11546378-MY-AK,190,41303,41303,,,2026-07-06,,Suy từ PIECES của WORK ORDER (AVP_AI không có sổ nhận kho riêng) — dữ liệu chạy thử,
712127,11546378-MY-AK,687,42644,42644,,,2026-07-06,,Suy từ PIECES của WORK ORDER (AVP_AI không có sổ nhận kho riêng) — dữ liệu chạy thử,
712128,11546378-MY-AK,551,43908,43908,,,2026-07-06,,Suy từ PIECES của WORK ORDER (AVP_AI không có sổ nhận kho riêng) — dữ liệu chạy thử,
712129,11546545,1346,99000,99000,,,2026-07-01,,Suy từ PIECES của WORK ORDER (AVP_AI không có sổ nhận kho riêng) — dữ liệu chạy thử,
712130,11546545,194,81000,81000,,,2026-07-01,,Suy từ PIECES của WORK ORDER (AVP_AI không có sổ nhận kho riêng) — dữ liệu chạy thử,
712135,11546545,918,92167,92167,,,2026-07-01,,Suy từ PIECES của WORK ORDER (AVP_AI không có sổ nhận kho riêng) — dữ liệu chạy thử,
712136,11546545,3,90000,90000,,,2026-07-01,,Suy từ PIECES của WORK ORDER (AVP_AI không có sổ nhận kho riêng) — dữ liệu chạy thử,
712138,11604183,109,13850,13850,,,2026-06-29,,Suy từ PIECES của WORK ORDER (AVP_AI không có sổ nhận kho riêng) — dữ liệu chạy thử,
712143,11546389BR,284,122315,122315,,,2026-06-29,,Suy từ PIECES của WORK ORDER (AVP_AI không có sổ nhận kho riêng) — dữ liệu chạy thử,
712144,11546389BR,1045,122804,122804,,,2026-06-29,,Suy từ PIECES của WORK ORDER (AVP_AI không có sổ nhận kho riêng) — dữ liệu chạy thử,
712145,06511847AA,944,24700,24700,,,2026-06-29,,Suy từ PIECES của WORK ORDER (AVP_AI không có sổ nhận kho riêng) — dữ liệu chạy thử,
712146,06511847AA,73,24800,24800,,,2026-06-29,,Suy từ PIECES của WORK ORDER (AVP_AI không có sổ nhận kho riêng) — dữ liệu chạy thử,
712153,06104388AA,1743,18668,18668,,,2026-06-29,,Suy từ PIECES của WORK ORDER (AVP_AI không có sổ nhận kho riêng) — dữ liệu chạy thử,
712155,11546774-MY-AK,1574,13740,13740,,,2026-07-28,,Suy từ PIECES của WORK ORDER (AVP_AI không có sổ nhận kho riêng) — dữ liệu chạy thử,
712156,11546774-MY-AK,579,13435,13435,,,2026-07-28,,Suy từ PIECES của WORK ORDER (AVP_AI không có sổ nhận kho riêng) — dữ liệu chạy thử,
712157,11546774-MY-AK,276,13352,13352,,,2026-07-28,,Suy từ PIECES của WORK ORDER (AVP_AI không có sổ nhận kho riêng) — dữ liệu chạy thử,
712158,11546774-MY-AK,46,13227,13227,,,2026-07-28,,Suy từ PIECES của WORK ORDER (AVP_AI không có sổ nhận kho riêng) — dữ liệu chạy thử,
712162,11546367,347,23961,23961,,,2026-07-15,,Suy từ PIECES của WORK ORDER (AVP_AI không có sổ nhận kho riêng) — dữ liệu chạy thử,
712165,11546367-MY-AK,614,24172,24172,,,2026-07-08,,Suy từ PIECES của WORK ORDER (AVP_AI không có sổ nhận kho riêng) — dữ liệu chạy thử,
712166,11546449,1749,91695,91695,,,2026-07-07,,Suy từ PIECES của WORK ORDER (AVP_AI không có sổ nhận kho riêng) — dữ liệu chạy thử,
712167,11546449,1750,89915,89915,,,2026-07-07,,Suy từ PIECES của WORK ORDER (AVP_AI không có sổ nhận kho riêng) — dữ liệu chạy thử,
712168,11546449,1736,90932,90932,,,2026-07-07,,Suy từ PIECES của WORK ORDER (AVP_AI không có sổ nhận kho riêng) — dữ liệu chạy thử,
712169,11546449,1741,90254,90254,,,2026-07-07,,Suy từ PIECES của WORK ORDER (AVP_AI không có sổ nhận kho riêng) — dữ liệu chạy thử,
712170,11546449,1727,89322,89322,,,2026-07-07,,Suy từ PIECES của WORK ORDER (AVP_AI không có sổ nhận kho riêng) — dữ liệu chạy thử,
712173,06513514AA,690,8568,8568,,,2026-06-29,,Suy từ PIECES của WORK ORDER (AVP_AI không có sổ nhận kho riêng) — dữ liệu chạy thử,
712176,11561645,1583,132338,132338,,,2026-07-09,,Suy từ PIECES của WORK ORDER (AVP_AI không có sổ nhận kho riêng) — dữ liệu chạy thử,
712177,11561645,228,115974,115974,,,2026-07-09,,Suy từ PIECES của WORK ORDER (AVP_AI không có sổ nhận kho riêng) — dữ liệu chạy thử,
712178,11561645,1112,118312,118312,,,2026-07-10,,Suy từ PIECES của WORK ORDER (AVP_AI không có sổ nhận kho riêng) — dữ liệu chạy thử,
712179,11561645,342,115195,115195,,,2026-07-10,,Suy từ PIECES của WORK ORDER (AVP_AI không có sổ nhận kho riêng) — dữ liệu chạy thử,
712180,11546462,765,21600,21600,,,2026-06-29,,Suy từ PIECES của WORK ORDER (AVP_AI không có sổ nhận kho riêng) — dữ liệu chạy thử,
712181,11546462,678,22900,22900,,,2026-06-29,,Suy từ PIECES của WORK ORDER (AVP_AI không có sổ nhận kho riêng) — dữ liệu chạy thử,
712182,11546462,734,21350,21350,,,2026-06-29,,Suy từ PIECES của WORK ORDER (AVP_AI không có sổ nhận kho riêng) — dữ liệu chạy thử,
712183,11546462,951,23500,23500,,,2026-06-29,,Suy từ PIECES của WORK ORDER (AVP_AI không có sổ nhận kho riêng) — dữ liệu chạy thử,
712184,11546462,1734,22650,22650,,,2026-06-29,,Suy từ PIECES của WORK ORDER (AVP_AI không có sổ nhận kho riêng) — dữ liệu chạy thử,
712185,11546462,1722,24175,24175,,,2026-06-29,,Suy từ PIECES của WORK ORDER (AVP_AI không có sổ nhận kho riêng) — dữ liệu chạy thử,
712186,11546462,1723,26750,26750,,,2026-06-29,,Suy từ PIECES của WORK ORDER (AVP_AI không có sổ nhận kho riêng) — dữ liệu chạy thử,
712187,11546462,1721,25625,25625,,,2026-06-29,,Suy từ PIECES của WORK ORDER (AVP_AI không có sổ nhận kho riêng) — dữ liệu chạy thử,
712188,11546462,1731,23450,23450,,,2026-06-29,,Suy từ PIECES của WORK ORDER (AVP_AI không có sổ nhận kho riêng) — dữ liệu chạy thử,
712189,11546462,1732,23750,23750,,,2026-06-29,,Suy từ PIECES của WORK ORDER (AVP_AI không có sổ nhận kho riêng) — dữ liệu chạy thử,
712190,11546449,1724,87203,87203,,,2026-07-06,,Suy từ PIECES của WORK ORDER (AVP_AI không có sổ nhận kho riêng) — dữ liệu chạy thử,
712191,11546449,1737,94068,94068,,,2026-07-06,,Suy từ PIECES của WORK ORDER (AVP_AI không có sổ nhận kho riêng) — dữ liệu chạy thử,
712192,11546449,1726,92373,92373,,,2026-07-06,,Suy từ PIECES của WORK ORDER (AVP_AI không có sổ nhận kho riêng) — dữ liệu chạy thử,
712193,11546449,1725,88983,88983,,,2026-07-06,,Suy từ PIECES của WORK ORDER (AVP_AI không có sổ nhận kho riêng) — dữ liệu chạy thử,
712194,11546449,1744,94576,94576,,,2026-07-06,,Suy từ PIECES của WORK ORDER (AVP_AI không có sổ nhận kho riêng) — dữ liệu chạy thử,
712195,11546449,1745,86780,86780,,,2026-07-06,,Suy từ PIECES của WORK ORDER (AVP_AI không có sổ nhận kho riêng) — dữ liệu chạy thử,
712198,06101736-A,712,125393,125393,,,2026-07-01,,Suy từ PIECES của WORK ORDER (AVP_AI không có sổ nhận kho riêng) — dữ liệu chạy thử,
712199,06101736-A,1021,127303,127303,,,2026-07-01,,Suy từ PIECES của WORK ORDER (AVP_AI không có sổ nhận kho riêng) — dữ liệu chạy thử,
712201,06101736-A,297,122809,122809,,,2026-07-01,,Suy từ PIECES của WORK ORDER (AVP_AI không có sổ nhận kho riêng) — dữ liệu chạy thử,
712204,06511799AA,36 CTNS,69935,69935,,,2026-08-06,,Suy từ PIECES của WORK ORDER (AVP_AI không có sổ nhận kho riêng) — dữ liệu chạy thử,
712205,06511799AA,35 CTNS,58701,58701,,,2026-08-12,,Suy từ PIECES của WORK ORDER (AVP_AI không có sổ nhận kho riêng) — dữ liệu chạy thử,
712206,06511799AA,37CTNS,66948,66948,,,2026-08-12,,Suy từ PIECES của WORK ORDER (AVP_AI không có sổ nhận kho riêng) — dữ liệu chạy thử,
712207,06511799AA,954,60649,60649,,,2026-08-17,,Suy từ PIECES của WORK ORDER (AVP_AI không có sổ nhận kho riêng) — dữ liệu chạy thử,
712208,W520101-S437,332,119659,119659,,,2026-07-23,,Suy từ PIECES của WORK ORDER (AVP_AI không có sổ nhận kho riêng) — dữ liệu chạy thử,
712209,W520101-S437,639,123068,123068,,,2026-07-23,,Suy từ PIECES của WORK ORDER (AVP_AI không có sổ nhận kho riêng) — dữ liệu chạy thử,
712211,W520101-S437,709,117727,117727,,,2026-07-23,,Suy từ PIECES của WORK ORDER (AVP_AI không có sổ nhận kho riêng) — dữ liệu chạy thử,
712213,W520101-S450,1313,121818,121818,,,2026-07-13,,Suy từ PIECES của WORK ORDER (AVP_AI không có sổ nhận kho riêng) — dữ liệu chạy thử,
712214,W520101-S450,870,107273,107273,,,2026-07-13,,Suy từ PIECES của WORK ORDER (AVP_AI không có sổ nhận kho riêng) — dữ liệu chạy thử,
712215,W520101-S450,966,134886,134886,,,2026-07-13,,Suy từ PIECES của WORK ORDER (AVP_AI không có sổ nhận kho riêng) — dữ liệu chạy thử,
712216,W520101-S450,1374,116136,116136,,,2026-07-13,,Suy từ PIECES của WORK ORDER (AVP_AI không có sổ nhận kho riêng) — dữ liệu chạy thử,
712217,W520101-S450,1369,127500,127500,,,2026-07-13,,Suy từ PIECES của WORK ORDER (AVP_AI không có sổ nhận kho riêng) — dữ liệu chạy thử,
712218,W520101-S450,368,121250,121250,,,2026-07-13,,Suy từ PIECES của WORK ORDER (AVP_AI không có sổ nhận kho riêng) — dữ liệu chạy thử,
712236,11549169-MY-AK,775,25414,25414,,,2026-07-09,,Suy từ PIECES của WORK ORDER (AVP_AI không có sổ nhận kho riêng) — dữ liệu chạy thử,
712237,11549169-MY-AK,622,23057,23057,,,2026-07-09,,Suy từ PIECES của WORK ORDER (AVP_AI không có sổ nhận kho riêng) — dữ liệu chạy thử,
712239,11549169-MY-AK,766,26412,26412,,,2026-07-09,,Suy từ PIECES của WORK ORDER (AVP_AI không có sổ nhận kho riêng) — dữ liệu chạy thử,
712240,11549169-MY-AK,1342,23100,23100,,,2026-07-09,,Suy từ PIECES của WORK ORDER (AVP_AI không có sổ nhận kho riêng) — dữ liệu chạy thử,
712241,11549169-MY-AK,525,25520,25520,,,2026-07-09,,Suy từ PIECES của WORK ORDER (AVP_AI không có sổ nhận kho riêng) — dữ liệu chạy thử,
712254,11546545,145,87333,87333,,,2026-07-01,,Suy từ PIECES của WORK ORDER (AVP_AI không có sổ nhận kho riêng) — dữ liệu chạy thử,
712255,11546545,1682,94833,94833,,,2026-07-01,,Suy từ PIECES của WORK ORDER (AVP_AI không có sổ nhận kho riêng) — dữ liệu chạy thử,
712256,11546545,1073,90083,90083,,,2026-07-01,,Suy từ PIECES của WORK ORDER (AVP_AI không có sổ nhận kho riêng) — dữ liệu chạy thử,
712257,11546545,445,92500,92500,,,2026-07-01,,Suy từ PIECES của WORK ORDER (AVP_AI không có sổ nhận kho riêng) — dữ liệu chạy thử,
712258,11546545,597,93833,93833,,,2026-07-01,,Suy từ PIECES của WORK ORDER (AVP_AI không có sổ nhận kho riêng) — dữ liệu chạy thử,
712259,11546545,169,88583,88583,,,2026-07-01,,Suy từ PIECES của WORK ORDER (AVP_AI không có sổ nhận kho riêng) — dữ liệu chạy thử,
712261,11546545,921,95167,95167,,,2026-07-01,,Suy từ PIECES của WORK ORDER (AVP_AI không có sổ nhận kho riêng) — dữ liệu chạy thử,
712262,11546545,400,92500,92500,,,2026-07-01,,Suy từ PIECES của WORK ORDER (AVP_AI không có sổ nhận kho riêng) — dữ liệu chạy thử,
712263,11546545,574,90750,90750,,,2026-07-01,,Suy từ PIECES của WORK ORDER (AVP_AI không có sổ nhận kho riêng) — dữ liệu chạy thử,
712281,NU1305-01,480,68000,68000,,,2026-07-07,,Suy từ PIECES của WORK ORDER (AVP_AI không có sổ nhận kho riêng) — dữ liệu chạy thử,
712282,NU1305-01,181,65000,65000,,,2026-07-01,,Suy từ PIECES của WORK ORDER (AVP_AI không có sổ nhận kho riêng) — dữ liệu chạy thử,
712287,11549168-CA-IN,863,45000,45000,,,2026-08-04,,Suy từ PIECES của WORK ORDER (AVP_AI không có sổ nhận kho riêng) — dữ liệu chạy thử,
712288,11549168-CA-IN,1010,44000,44000,,,2026-08-04,,Suy từ PIECES của WORK ORDER (AVP_AI không có sổ nhận kho riêng) — dữ liệu chạy thử,
712292,NU1305-01,482,58000,58000,,,2026-07-06,,Suy từ PIECES của WORK ORDER (AVP_AI không có sổ nhận kho riêng) — dữ liệu chạy thử,
712293,NU1305-01,1584,71000,71000,,,2026-07-06,,Suy từ PIECES của WORK ORDER (AVP_AI không có sổ nhận kho riêng) — dữ liệu chạy thử,
712294,82248,1401,35966,35966,,,2026-07-01,,Suy từ PIECES của WORK ORDER (AVP_AI không có sổ nhận kho riêng) — dữ liệu chạy thử,
712295,82248,1061,35862,35862,,,2026-07-01,,Suy từ PIECES của WORK ORDER (AVP_AI không có sổ nhận kho riêng) — dữ liệu chạy thử,
712299,11602031,841,4566,4566,,,2026-07-01,,Suy từ PIECES của WORK ORDER (AVP_AI không có sổ nhận kho riêng) — dữ liệu chạy thử,
712300,11602031,555,4160,4160,,,2026-07-01,,Suy từ PIECES của WORK ORDER (AVP_AI không có sổ nhận kho riêng) — dữ liệu chạy thử,
712302,11602031,1671,3753,3753,,,2026-07-01,,Suy từ PIECES của WORK ORDER (AVP_AI không có sổ nhận kho riêng) — dữ liệu chạy thử,
712310,06101968-A,826,69091,69091,,,2026-07-02,,Suy từ PIECES của WORK ORDER (AVP_AI không có sổ nhận kho riêng) — dữ liệu chạy thử,
712311,06101968-A,604,80000,80000,,,2026-07-02,,Suy từ PIECES của WORK ORDER (AVP_AI không có sổ nhận kho riêng) — dữ liệu chạy thử,
712312,06105049AA,KIB,40000,40000,,,2026-07-01,,Suy từ PIECES của WORK ORDER (AVP_AI không có sổ nhận kho riêng) — dữ liệu chạy thử,
712313,06105049AA,KIB,40000,40000,,,2026-07-01,,Suy từ PIECES của WORK ORDER (AVP_AI không có sổ nhận kho riêng) — dữ liệu chạy thử,
712314,06105049AA,KIB,40000,40000,,,2026-07-01,,Suy từ PIECES của WORK ORDER (AVP_AI không có sổ nhận kho riêng) — dữ liệu chạy thử,
712315,06105049AA,KIB,40000,40000,,,2026-07-01,,Suy từ PIECES của WORK ORDER (AVP_AI không có sổ nhận kho riêng) — dữ liệu chạy thử,
712320,06509967AA,KIB,40000,40000,,,2026-07-02,,Suy từ PIECES của WORK ORDER (AVP_AI không có sổ nhận kho riêng) — dữ liệu chạy thử,
712321,06509967AA,KIB,40000,40000,,,2026-07-02,,Suy từ PIECES của WORK ORDER (AVP_AI không có sổ nhận kho riêng) — dữ liệu chạy thử,
712330,11588714,KIB,40000,40000,,,2026-06-29,,Suy từ PIECES của WORK ORDER (AVP_AI không có sổ nhận kho riêng) — dữ liệu chạy thử,
712331,11588714,KIB,40000,40000,,,2026-06-29,,Suy từ PIECES của WORK ORDER (AVP_AI không có sổ nhận kho riêng) — dữ liệu chạy thử,
712333,06105102AA,KIB,40000,40000,,,2026-06-29,,Suy từ PIECES của WORK ORDER (AVP_AI không có sổ nhận kho riêng) — dữ liệu chạy thử,
712334,06105102AA,KIB,40000,40000,,,2026-06-29,,Suy từ PIECES của WORK ORDER (AVP_AI không có sổ nhận kho riêng) — dữ liệu chạy thử,
712338,11516382-MY-AK,1041,16527,16527,,,2026-07-17,,Suy từ PIECES của WORK ORDER (AVP_AI không có sổ nhận kho riêng) — dữ liệu chạy thử,
712339,11516382-MY-AK,235,15370,15370,,,2026-07-17,,Suy từ PIECES của WORK ORDER (AVP_AI không có sổ nhận kho riêng) — dữ liệu chạy thử,
712370,11549168-CA-IN,63,45000,45000,,,2026-07-27,,Suy từ PIECES của WORK ORDER (AVP_AI không có sổ nhận kho riêng) — dữ liệu chạy thử,
712376,NU1405-00,1448,86039,86039,,,2026-07-06,,Suy từ PIECES của WORK ORDER (AVP_AI không có sổ nhận kho riêng) — dữ liệu chạy thử,
712377,NU1405-00,1079,67013,67013,,,2026-07-06,,Suy từ PIECES của WORK ORDER (AVP_AI không có sổ nhận kho riêng) — dữ liệu chạy thử,
712378,NU1405-00,1344,85065,85065,,,2026-07-06,,Suy từ PIECES của WORK ORDER (AVP_AI không có sổ nhận kho riêng) — dữ liệu chạy thử,
712380,NU1405-00,1513,85455,85455,,,2026-07-06,,Suy từ PIECES của WORK ORDER (AVP_AI không có sổ nhận kho riêng) — dữ liệu chạy thử,
712381,NU1405-00,41,69416,69416,,,2026-07-06,,Suy từ PIECES của WORK ORDER (AVP_AI không có sổ nhận kho riêng) — dữ liệu chạy thử,
712382,NU1405-00,948,79545,79545,,,2026-07-06,,Suy từ PIECES của WORK ORDER (AVP_AI không có sổ nhận kho riêng) — dữ liệu chạy thử,
712383,NU1405-00,252,72792,72792,,,2026-07-06,,Suy từ PIECES của WORK ORDER (AVP_AI không có sổ nhận kho riêng) — dữ liệu chạy thử,
712384,NU1405-00,1352,82208,82208,,,2026-07-06,,Suy từ PIECES của WORK ORDER (AVP_AI không có sổ nhận kho riêng) — dữ liệu chạy thử,
712385,NU1405-00,451,71688,71688,,,2026-07-06,,Suy từ PIECES của WORK ORDER (AVP_AI không có sổ nhận kho riêng) — dữ liệu chạy thử,
712386,11516133,702,14481,14481,,,2026-07-17,,Suy từ PIECES của WORK ORDER (AVP_AI không có sổ nhận kho riêng) — dữ liệu chạy thử,
712387,11516133,748,16254,16254,,,2026-07-17,,Suy từ PIECES của WORK ORDER (AVP_AI không có sổ nhận kho riêng) — dữ liệu chạy thử,
712390,E6267AB,1596,24947,24947,,,2026-07-29,,Suy từ PIECES của WORK ORDER (AVP_AI không có sổ nhận kho riêng) — dữ liệu chạy thử,
712404,W520414-S440,1577,42107,42107,,,2026-07-10,,Suy từ PIECES của WORK ORDER (AVP_AI không có sổ nhận kho riêng) — dữ liệu chạy thử,
712405,W520414-S440,1511,39080,39080,,,2026-07-06,,Suy từ PIECES của WORK ORDER (AVP_AI không có sổ nhận kho riêng) — dữ liệu chạy thử,
712406,W520414-S440,1661,40498,40498,,,2026-07-10,,Suy từ PIECES của WORK ORDER (AVP_AI không có sổ nhận kho riêng) — dữ liệu chạy thử,
712407,W520414-S440,1056,38812,38812,,,2026-07-10,,Suy từ PIECES của WORK ORDER (AVP_AI không có sổ nhận kho riêng) — dữ liệu chạy thử,
712417,11546456,1529,69836,69836,,,2026-07-02,,Suy từ PIECES của WORK ORDER (AVP_AI không có sổ nhận kho riêng) — dữ liệu chạy thử,
712418,11546456,763,81066,81066,,,2026-07-02,,Suy từ PIECES của WORK ORDER (AVP_AI không có sổ nhận kho riêng) — dữ liệu chạy thử,
712419,11546456,394,70738,70738,,,2026-07-02,,Suy từ PIECES của WORK ORDER (AVP_AI không có sổ nhận kho riêng) — dữ liệu chạy thử,
712424,11546449,671,92119,92119,,,2026-07-07,,Suy từ PIECES của WORK ORDER (AVP_AI không có sổ nhận kho riêng) — dữ liệu chạy thử,
712425,11546449,217,83305,83305,,,2026-07-07,,Suy từ PIECES của WORK ORDER (AVP_AI không có sổ nhận kho riêng) — dữ liệu chạy thử,
712426,11546449,839,94492,94492,,,2026-07-07,,Suy từ PIECES của WORK ORDER (AVP_AI không có sổ nhận kho riêng) — dữ liệu chạy thử,
712429,06510997AA,873,2210,2210,,,2026-07-13,,Suy từ PIECES của WORK ORDER (AVP_AI không có sổ nhận kho riêng) — dữ liệu chạy thử,
712555,06512851AA,375,39739,39739,,,2026-07-20,,Suy từ PIECES của WORK ORDER (AVP_AI không có sổ nhận kho riêng) — dữ liệu chạy thử,
712556,06512851AA,624,45224,45224,,,2026-07-20,,Suy từ PIECES của WORK ORDER (AVP_AI không có sổ nhận kho riêng) — dữ liệu chạy thử,
712557,4519-19,728,38619,38619,,,2026-07-13,,Suy từ PIECES của WORK ORDER (AVP_AI không có sổ nhận kho riêng) — dữ liệu chạy thử,
712558,4519-19,1092,46642,46642,,,2026-07-13,,Suy từ PIECES của WORK ORDER (AVP_AI không có sổ nhận kho riêng) — dữ liệu chạy thử,
712569,W711468-S437,588,56301,56301,,,2026-07-21,,Suy từ PIECES của WORK ORDER (AVP_AI không có sổ nhận kho riêng) — dữ liệu chạy thử,
712570,W711468-S437,459,44624,44624,,,2026-07-30,,Suy từ PIECES của WORK ORDER (AVP_AI không có sổ nhận kho riêng) — dữ liệu chạy thử,
712571,W711468-S437,300,59480,59480,,,2026-07-29,,Suy từ PIECES của WORK ORDER (AVP_AI không có sổ nhận kho riêng) — dữ liệu chạy thử,
712572,W711468-S437,782,42659,42659,,,2026-07-30,,Suy từ PIECES của WORK ORDER (AVP_AI không có sổ nhận kho riêng) — dữ liệu chạy thử,
712573,W711468-S437,1735,49769,49769,,,2026-07-21,,Suy từ PIECES của WORK ORDER (AVP_AI không có sổ nhận kho riêng) — dữ liệu chạy thử,
712574,W711468-S437,526,53121,53121,,,2026-07-30,,Suy từ PIECES của WORK ORDER (AVP_AI không có sổ nhận kho riêng) — dữ liệu chạy thử,
712575,W711468-S437,1539,46474,46474,,,2026-07-29,,Suy từ PIECES của WORK ORDER (AVP_AI không có sổ nhận kho riêng) — dữ liệu chạy thử,
712576,W711468-S437,1698,55202,55202,,,2026-07-21,,Suy từ PIECES của WORK ORDER (AVP_AI không có sổ nhận kho riêng) — dữ liệu chạy thử,
712579,11546703,518,112593,112593,,,2026-08-11,,Suy từ PIECES của WORK ORDER (AVP_AI không có sổ nhận kho riêng) — dữ liệu chạy thử,
712581,11546703,161,122593,122593,,,2026-08-06,,Suy từ PIECES của WORK ORDER (AVP_AI không có sổ nhận kho riêng) — dữ liệu chạy thử,
712585,11546703,159,111852,111852,,,2026-08-06,,Suy từ PIECES của WORK ORDER (AVP_AI không có sổ nhận kho riêng) — dữ liệu chạy thử,
712586,11546703,1530,138272,138272,,,2026-08-11,,Suy từ PIECES của WORK ORDER (AVP_AI không có sổ nhận kho riêng) — dữ liệu chạy thử,
712587,11546703,234,113333,113333,,,2026-08-11,,Suy từ PIECES của WORK ORDER (AVP_AI không có sổ nhận kho riêng) — dữ liệu chạy thử,
712589,W520101-S442,205,102500,102500,,,2026-07-09,,Suy từ PIECES của WORK ORDER (AVP_AI không có sổ nhận kho riêng) — dữ liệu chạy thử,
712590,W520101-S442,1522,111705,111705,,,2026-07-09,,Suy từ PIECES của WORK ORDER (AVP_AI không có sổ nhận kho riêng) — dữ liệu chạy thử,
712593,1K2GZ0-00,1428,131875,131875,,,2026-07-09,,Suy từ PIECES của WORK ORDER (AVP_AI không có sổ nhận kho riêng) — dữ liệu chạy thử,
712595,11610091-MY-AK,912,72792,72792,,,2026-07-10,,Suy từ PIECES của WORK ORDER (AVP_AI không có sổ nhận kho riêng) — dữ liệu chạy thử,
712596,11610091-MY-AK,581,79156,79156,,,2026-07-10,,Suy từ PIECES của WORK ORDER (AVP_AI không có sổ nhận kho riêng) — dữ liệu chạy thử,
712600,7151143403,713,60178,60178,,,2026-07-10,,Suy từ PIECES của WORK ORDER (AVP_AI không có sổ nhận kho riêng) — dữ liệu chạy thử,
712622,06101831-A,498,38732,38732,,,2026-07-07,,Suy từ PIECES của WORK ORDER (AVP_AI không có sổ nhận kho riêng) — dữ liệu chạy thử,
712623,06101831-A,312,39167,39167,,,2026-07-07,,Suy từ PIECES của WORK ORDER (AVP_AI không có sổ nhận kho riêng) — dữ liệu chạy thử,
712624,06101831-A,83,41014,41014,,,2026-07-07,,Suy từ PIECES của WORK ORDER (AVP_AI không có sổ nhận kho riêng) — dữ liệu chạy thử,
712626,06101831-A,510,37899,37899,,,2026-07-07,,Suy từ PIECES của WORK ORDER (AVP_AI không có sổ nhận kho riêng) — dữ liệu chạy thử,
712627,06101831-A,358,39312,39312,,,2026-07-07,,Suy từ PIECES của WORK ORDER (AVP_AI không có sổ nhận kho riêng) — dữ liệu chạy thử,
712628,06101831-A,1672,40616,40616,,,2026-07-07,,Suy từ PIECES của WORK ORDER (AVP_AI không có sổ nhận kho riêng) — dữ liệu chạy thử,
712630,06101831-A,130,40435,40435,,,2026-07-07,,Suy từ PIECES của WORK ORDER (AVP_AI không có sổ nhận kho riêng) — dữ liệu chạy thử,
712632,06101831-A,1676,37174,37174,,,2026-07-07,,Suy từ PIECES của WORK ORDER (AVP_AI không có sổ nhận kho riêng) — dữ liệu chạy thử,
712633,06101831-A,984,41123,41123,,,2026-07-07,,Suy từ PIECES của WORK ORDER (AVP_AI không có sổ nhận kho riêng) — dữ liệu chạy thử,
712634,06101831-A,410,38261,38261,,,2026-07-07,,Suy từ PIECES của WORK ORDER (AVP_AI không có sổ nhận kho riêng) — dữ liệu chạy thử,
712656,11546365-MY-AK,1105,59357,59357,,,2026-07-13,,Suy từ PIECES của WORK ORDER (AVP_AI không có sổ nhận kho riêng) — dữ liệu chạy thử,
712657,11546365-MY-AK,1636,71345,71345,,,2026-07-13,,Suy từ PIECES của WORK ORDER (AVP_AI không có sổ nhận kho riêng) — dữ liệu chạy thử,
712658,11546365-MY-AK,1514,64795,64795,,,2026-07-13,,Suy từ PIECES của WORK ORDER (AVP_AI không có sổ nhận kho riêng) — dữ liệu chạy thử,
712659,11546365-MY-AK,4,66608,66608,,,2026-07-13,,Suy từ PIECES của WORK ORDER (AVP_AI không có sổ nhận kho riêng) — dữ liệu chạy thử,
712661,11549171-MY-AK,1742,9696,9696,,,2026-07-14,,Suy từ PIECES của WORK ORDER (AVP_AI không có sổ nhận kho riêng) — dữ liệu chạy thử,
712663,11549171-MY-AK,940,9043,9043,,,2026-07-10,,Suy từ PIECES của WORK ORDER (AVP_AI không có sổ nhận kho riêng) — dữ liệu chạy thử,
712664,11549171-MY-AK,93,10930,10930,,,2026-07-10,,Suy từ PIECES của WORK ORDER (AVP_AI không có sổ nhận kho riêng) — dữ liệu chạy thử,
712665,11549171-MY-AK,1711,8661,8661,,,2026-07-10,,Suy từ PIECES của WORK ORDER (AVP_AI không có sổ nhận kho riêng) — dữ liệu chạy thử,
712666,11549171-MY-AK,692,9939,9939,,,2026-07-10,,Suy từ PIECES của WORK ORDER (AVP_AI không có sổ nhận kho riêng) — dữ liệu chạy thử,
712667,11549171-MY-AK,881,9443,9443,,,2026-07-10,,Suy từ PIECES của WORK ORDER (AVP_AI không có sổ nhận kho riêng) — dữ liệu chạy thử,
712672,11546367-MY-AK,142,26151,26151,,,2026-07-13,,Suy từ PIECES của WORK ORDER (AVP_AI không có sổ nhận kho riêng) — dữ liệu chạy thử,
712673,11546367-MY-AK,1686,23032,23032,,,2026-07-13,,Suy từ PIECES của WORK ORDER (AVP_AI không có sổ nhận kho riêng) — dữ liệu chạy thử,
712677,W520101-S442,1024,116932,116932,,,2026-07-09,,Suy từ PIECES của WORK ORDER (AVP_AI không có sổ nhận kho riêng) — dữ liệu chạy thử,
712679,W520101-S442,18,126023,126023,,,2026-07-09,,Suy từ PIECES của WORK ORDER (AVP_AI không có sổ nhận kho riêng) — dữ liệu chạy thử,
712682,11546367-MY-AK,589,26710,26710,,,2026-07-13,,Suy từ PIECES của WORK ORDER (AVP_AI không có sổ nhận kho riêng) — dữ liệu chạy thử,
712683,11546367-MY-AK,1663,22409,22409,,,2026-07-13,,Suy từ PIECES của WORK ORDER (AVP_AI không có sổ nhận kho riêng) — dữ liệu chạy thử,
712684,11546367-MY-AK,517,25204,25204,,,2026-07-13,,Suy từ PIECES của WORK ORDER (AVP_AI không có sổ nhận kho riêng) — dữ liệu chạy thử,
712685,11546367-MY-AK,1093,23935,23935,,,2026-07-13,,Suy từ PIECES của WORK ORDER (AVP_AI không có sổ nhận kho riêng) — dữ liệu chạy thử,
712686,11546389,180,119481,119481,,,2026-07-10,,Suy từ PIECES của WORK ORDER (AVP_AI không có sổ nhận kho riêng) — dữ liệu chạy thử,
712687,11546389,786,118052,118052,,,2026-07-10,,Suy từ PIECES của WORK ORDER (AVP_AI không có sổ nhận kho riêng) — dữ liệu chạy thử,
712688,11546389,923,126753,126753,,,2026-07-10,,Suy từ PIECES của WORK ORDER (AVP_AI không có sổ nhận kho riêng) — dữ liệu chạy thử,
712689,11546389,193,116104,116104,,,2026-07-10,,Suy từ PIECES của WORK ORDER (AVP_AI không có sổ nhận kho riêng) — dữ liệu chạy thử,
712690,11546389,92,123247,123247,,,2026-07-10,,Suy từ PIECES của WORK ORDER (AVP_AI không có sổ nhận kho riêng) — dữ liệu chạy thử,
712691,11546389,1406,118442,118442,,,2026-07-10,,Suy từ PIECES của WORK ORDER (AVP_AI không có sổ nhận kho riêng) — dữ liệu chạy thử,
712692,11546389,691,113766,113766,,,2026-07-10,,Suy từ PIECES của WORK ORDER (AVP_AI không có sổ nhận kho riêng) — dữ liệu chạy thử,
712693,11546389,221,127273,127273,,,2026-07-10,,Suy từ PIECES của WORK ORDER (AVP_AI không có sổ nhận kho riêng) — dữ liệu chạy thử,
712694,11546389,166,118961,118961,,,2026-07-10,,Suy từ PIECES của WORK ORDER (AVP_AI không có sổ nhận kho riêng) — dữ liệu chạy thử,
712695,11546389,731,125714,125714,,,2026-07-10,,Suy từ PIECES của WORK ORDER (AVP_AI không có sổ nhận kho riêng) — dữ liệu chạy thử,
712696,W520412-S442,1086,125128,125128,,,2026-06-15,,Suy từ PIECES của WORK ORDER (AVP_AI không có sổ nhận kho riêng) — dữ liệu chạy thử,
712697,W520412-S442,155,145897,145897,,,2026-06-15,,Suy từ PIECES của WORK ORDER (AVP_AI không có sổ nhận kho riêng) — dữ liệu chạy thử,
712698,11546463,590,14412,14412,,,2026-07-08,,Suy từ PIECES của WORK ORDER (AVP_AI không có sổ nhận kho riêng) — dữ liệu chạy thử,
712699,11546463,877,15650,15650,,,2026-07-08,,Suy từ PIECES của WORK ORDER (AVP_AI không có sổ nhận kho riêng) — dữ liệu chạy thử,
712700,11546463,466,14876,14876,,,2026-07-08,,Suy từ PIECES của WORK ORDER (AVP_AI không có sổ nhận kho riêng) — dữ liệu chạy thử,
712701,11546463,730,15789,15789,,,2026-07-08,,Suy từ PIECES của WORK ORDER (AVP_AI không có sổ nhận kho riêng) — dữ liệu chạy thử,
712702,11546463,1629,14969,14969,,,2026-07-08,,Suy từ PIECES của WORK ORDER (AVP_AI không có sổ nhận kho riêng) — dữ liệu chạy thử,
712703,11546463,417,15108,15108,,,2026-07-08,,Suy từ PIECES của WORK ORDER (AVP_AI không có sổ nhận kho riêng) — dữ liệu chạy thử,
712704,06104725AA,488,99717,99717,,,2026-07-10,,Suy từ PIECES của WORK ORDER (AVP_AI không có sổ nhận kho riêng) — dữ liệu chạy thử,
712705,06104725AA,976,105377,105377,,,2026-07-10,,Suy từ PIECES của WORK ORDER (AVP_AI không có sổ nhận kho riêng) — dữ liệu chạy thử,
712706,06104725AA,1704,105943,105943,,,2026-07-10,,Suy từ PIECES của WORK ORDER (AVP_AI không có sổ nhận kho riêng) — dữ liệu chạy thử,
712707,06104725AA,1109,94434,94434,,,2026-07-10,,Suy từ PIECES của WORK ORDER (AVP_AI không có sổ nhận kho riêng) — dữ liệu chạy thử,
712708,06104725AA,1422,102453,102453,,,2026-07-10,,Suy từ PIECES của WORK ORDER (AVP_AI không có sổ nhận kho riêng) — dữ liệu chạy thử,
712709,06104725AA,123,97925,97925,,,2026-07-10,,Suy từ PIECES của WORK ORDER (AVP_AI không có sổ nhận kho riêng) — dữ liệu chạy thử,
712710,11546437-MY-AK,1395,87769,87769,,,2026-07-08,,Suy từ PIECES của WORK ORDER (AVP_AI không có sổ nhận kho riêng) — dữ liệu chạy thử,
712711,11546437-MY-AK,1732,84846,84846,,,2026-07-08,,Suy từ PIECES của WORK ORDER (AVP_AI không có sổ nhận kho riêng) — dữ liệu chạy thử,
712712,11546437-MY-AK,288,83769,83769,,,2026-07-08,,Suy từ PIECES của WORK ORDER (AVP_AI không có sổ nhận kho riêng) — dữ liệu chạy thử,
712713,11546437-MY-AK,757,83462,83462,,,2026-07-08,,Suy từ PIECES của WORK ORDER (AVP_AI không có sổ nhận kho riêng) — dữ liệu chạy thử,
712716,11546377,1677,52922,52922,,,2026-07-08,,Suy từ PIECES của WORK ORDER (AVP_AI không có sổ nhận kho riêng) — dữ liệu chạy thử,
712718,11546377,1549,68831,68831,,,2026-07-08,,Suy từ PIECES của WORK ORDER (AVP_AI không có sổ nhận kho riêng) — dữ liệu chạy thử,
712719,11546377,1035,66429,66429,,,2026-07-08,,Suy từ PIECES của WORK ORDER (AVP_AI không có sổ nhận kho riêng) — dữ liệu chạy thử,
712720,11546377,849,59935,59935,,,2026-07-08,,Suy từ PIECES của WORK ORDER (AVP_AI không có sổ nhận kho riêng) — dữ liệu chạy thử,
712721,11546377,735,74870,74870,,,2026-07-08,,Suy từ PIECES của WORK ORDER (AVP_AI không có sổ nhận kho riêng) — dữ liệu chạy thử,
712730,W705606-S440,KIB,35000,35000,,,2026-07-01,,Suy từ PIECES của WORK ORDER (AVP_AI không có sổ nhận kho riêng) — dữ liệu chạy thử,
712731,W705606-S440,KIB,35000,35000,,,2026-07-01,,Suy từ PIECES của WORK ORDER (AVP_AI không có sổ nhận kho riêng) — dữ liệu chạy thử,
712742,82250,KIB,20000,20000,,,2026-06-30,,Suy từ PIECES của WORK ORDER (AVP_AI không có sổ nhận kho riêng) — dữ liệu chạy thử,
712743,82250,KIB,20000,20000,,,2026-06-30,,Suy từ PIECES của WORK ORDER (AVP_AI không có sổ nhận kho riêng) — dữ liệu chạy thử,
712744,82250,KIB,20000,20000,,,2026-06-30,,Suy từ PIECES của WORK ORDER (AVP_AI không có sổ nhận kho riêng) — dữ liệu chạy thử,
712745,82250,KIB,20000,20000,,,2026-06-30,,Suy từ PIECES của WORK ORDER (AVP_AI không có sổ nhận kho riêng) — dữ liệu chạy thử,
712798,BL3W-4320-BA,1069,6990,6990,,,2026-08-04,,Suy từ PIECES của WORK ORDER (AVP_AI không có sổ nhận kho riêng) — dữ liệu chạy thử,
712799,BL3W-4320-BA,1004,7228,7228,,,2026-08-04,,Suy từ PIECES của WORK ORDER (AVP_AI không có sổ nhận kho riêng) — dữ liệu chạy thử,
712800,BL3W-4320-BA,829,6957,6957,,,2026-08-04,,Suy từ PIECES của WORK ORDER (AVP_AI không có sổ nhận kho riêng) — dữ liệu chạy thử,
712805,W520111-S440,972,127349,127349,,,2026-07-08,,Suy từ PIECES của WORK ORDER (AVP_AI không có sổ nhận kho riêng) — dữ liệu chạy thử,
712806,W520111-S440,1512,157349,157349,,,2026-07-08,,Suy từ PIECES của WORK ORDER (AVP_AI không có sổ nhận kho riêng) — dữ liệu chạy thử,
712807,W520111-S440,1645,131084,131084,,,2026-07-08,,Suy từ PIECES của WORK ORDER (AVP_AI không có sổ nhận kho riêng) — dữ liệu chạy thử,
712808,W520111-S440,1730,157711,157711,,,2026-07-08,,Suy từ PIECES của WORK ORDER (AVP_AI không có sổ nhận kho riêng) — dữ liệu chạy thử,
712829,06101831-A,1096,50870,50870,,,2026-07-10,,Suy từ PIECES của WORK ORDER (AVP_AI không có sổ nhận kho riêng) — dữ liệu chạy thử,
712831,06101831-A,1731,51014,51014,,,2026-07-10,,Suy từ PIECES của WORK ORDER (AVP_AI không có sổ nhận kho riêng) — dữ liệu chạy thử,
712833,06101831-A,1403,48406,48406,,,2026-07-10,,Suy từ PIECES của WORK ORDER (AVP_AI không có sổ nhận kho riêng) — dữ liệu chạy thử,
712834,06101831-A,774,47464,47464,,,2026-07-10,,Suy từ PIECES của WORK ORDER (AVP_AI không có sổ nhận kho riêng) — dữ liệu chạy thử,
712835,06101831-A,135,29348,29348,,,2026-07-10,,Suy từ PIECES của WORK ORDER (AVP_AI không có sổ nhận kho riêng) — dữ liệu chạy thử,
712837,06101831-A,1647,42609,42609,,,2026-07-10,,Suy từ PIECES của WORK ORDER (AVP_AI không có sổ nhận kho riêng) — dữ liệu chạy thử,
712838,06101831-A,1697,51377,51377,,,2026-07-10,,Suy từ PIECES của WORK ORDER (AVP_AI không có sổ nhận kho riêng) — dữ liệu chạy thử,
712839,11548535,610,5095,5095,,,2026-08-06,,Suy từ PIECES của WORK ORDER (AVP_AI không có sổ nhận kho riêng) — dữ liệu chạy thử,
712840,11548535,757,5780,5780,,,2026-08-05,,Suy từ PIECES của WORK ORDER (AVP_AI không có sổ nhận kho riêng) — dữ liệu chạy thử,
712850,NU1510-00,535,40000,40000,,,2026-07-10,,Suy từ PIECES của WORK ORDER (AVP_AI không có sổ nhận kho riêng) — dữ liệu chạy thử,
712851,NU1510-00,1038,40000,40000,,,2026-07-10,,Suy từ PIECES của WORK ORDER (AVP_AI không có sổ nhận kho riêng) — dữ liệu chạy thử,
712852,NU1510-00,426,41000,41000,,,2026-07-10,,Suy từ PIECES của WORK ORDER (AVP_AI không có sổ nhận kho riêng) — dữ liệu chạy thử,
712853,NU1510-00,908,40000,40000,,,2026-07-10,,Suy từ PIECES của WORK ORDER (AVP_AI không có sổ nhận kho riêng) — dữ liệu chạy thử,
712864,06105102AA,KIB,40000,40000,,,2026-07-10,,Suy từ PIECES của WORK ORDER (AVP_AI không có sổ nhận kho riêng) — dữ liệu chạy thử,
712865,06105102AA,KIB,40000,40000,,,2026-07-10,,Suy từ PIECES của WORK ORDER (AVP_AI không có sổ nhận kho riêng) — dữ liệu chạy thử,
712871,82218,KIB,16000,16000,,,2026-07-13,,Suy từ PIECES của WORK ORDER (AVP_AI không có sổ nhận kho riêng) — dữ liệu chạy thử,
712875,11611548,KIB,5000,5000,,,2026-07-13,,Suy từ PIECES của WORK ORDER (AVP_AI không có sổ nhận kho riêng) — dữ liệu chạy thử,
712878,06509967AA,KIB,40000,40000,,,2026-07-13,,Suy từ PIECES của WORK ORDER (AVP_AI không có sổ nhận kho riêng) — dữ liệu chạy thử,
712879,06509967AA,KIB,40000,40000,,,2026-07-13,,Suy từ PIECES của WORK ORDER (AVP_AI không có sổ nhận kho riêng) — dữ liệu chạy thử,
712880,11612078-B,751,72000,72000,,,2026-08-04,,Suy từ PIECES của WORK ORDER (AVP_AI không có sổ nhận kho riêng) — dữ liệu chạy thử,
712882,11612078-B,1350,78000,78000,,,2026-08-20,,Suy từ PIECES của WORK ORDER (AVP_AI không có sổ nhận kho riêng) — dữ liệu chạy thử,
712883,11612078,1359,70000,70000,,,2026-08-06,,Suy từ PIECES của WORK ORDER (AVP_AI không có sổ nhận kho riêng) — dữ liệu chạy thử,
712884,11612078-B,239,72000,72000,,,2026-09-14,,Suy từ PIECES của WORK ORDER (AVP_AI không có sổ nhận kho riêng) — dữ liệu chạy thử,
712886,11612078-B,555,68000,68000,,,2026-08-20,,Suy từ PIECES của WORK ORDER (AVP_AI không có sổ nhận kho riêng) — dữ liệu chạy thử,
712887,11612078-B,100,72000,72000,,,2026-08-14,,Suy từ PIECES của WORK ORDER (AVP_AI không có sổ nhận kho riêng) — dữ liệu chạy thử,
712888,11612078-B,262,72000,72000,,,2026-08-13,,Suy từ PIECES của WORK ORDER (AVP_AI không có sổ nhận kho riêng) — dữ liệu chạy thử,
712889,11612078-B,228,75000,75000,,,2026-09-14,,Suy từ PIECES của WORK ORDER (AVP_AI không có sổ nhận kho riêng) — dữ liệu chạy thử,
712890,11516133,1560,16527,16527,,,2026-07-17,,Suy từ PIECES của WORK ORDER (AVP_AI không có sổ nhận kho riêng) — dữ liệu chạy thử,
712891,11516133,595,14078,14078,,,2026-07-17,,Suy từ PIECES của WORK ORDER (AVP_AI không có sổ nhận kho riêng) — dữ liệu chạy thử,
712896,11546367-MY-AK,699,26882,26882,,,2026-07-15,,Suy từ PIECES của WORK ORDER (AVP_AI không có sổ nhận kho riêng) — dữ liệu chạy thử,
712897,11546367-MY-AK,291,22989,22989,,,2026-07-15,,Suy từ PIECES của WORK ORDER (AVP_AI không có sổ nhận kho riêng) — dữ liệu chạy thử,
712898,11546367-MY-AK,490,26430,26430,,,2026-07-15,,Suy từ PIECES của WORK ORDER (AVP_AI không có sổ nhận kho riêng) — dữ liệu chạy thử,
712899,11546367-MY-AK,607,22946,22946,,,2026-07-15,,Suy từ PIECES của WORK ORDER (AVP_AI không có sổ nhận kho riêng) — dữ liệu chạy thử,
712900,11546367-MY-AK,292,25957,25957,,,2026-07-15,,Suy từ PIECES của WORK ORDER (AVP_AI không có sổ nhận kho riêng) — dữ liệu chạy thử,
712901,11546367-MY-AK,1363,23914,23914,,,2026-07-15,,Suy từ PIECES của WORK ORDER (AVP_AI không có sổ nhận kho riêng) — dữ liệu chạy thử,
712902,11546367-MY-AK,729,27161,27161,,,2026-07-17,,Suy từ PIECES của WORK ORDER (AVP_AI không có sổ nhận kho riêng) — dữ liệu chạy thử,
712903,11546367-MY-AK,1526,22538,22538,,,2026-07-17,,Suy từ PIECES của WORK ORDER (AVP_AI không có sổ nhận kho riêng) — dữ liệu chạy thử,
712904,11546367-MY-AK,928,26581,26581,,,2026-07-17,,Suy từ PIECES của WORK ORDER (AVP_AI không có sổ nhận kho riêng) — dữ liệu chạy thử,
712905,11546367-MY-AK,1084,22452,22452,,,2026-07-17,,Suy từ PIECES của WORK ORDER (AVP_AI không có sổ nhận kho riêng) — dữ liệu chạy thử,
712906,11546367-MY-AK,1700,22774,22774,,,2026-07-15,,Suy từ PIECES của WORK ORDER (AVP_AI không có sổ nhận kho riêng) — dữ liệu chạy thử,
712907,11546367-MY-AK,1005,26086,26086,,,2026-07-15,,Suy từ PIECES của WORK ORDER (AVP_AI không có sổ nhận kho riêng) — dữ liệu chạy thử,
712932,06104388AA,575,18523,18523,,,2026-07-13,,Suy từ PIECES của WORK ORDER (AVP_AI không có sổ nhận kho riêng) — dữ liệu chạy thử,
712933,06104388AA,810,22228,22228,,,2026-07-13,,Suy từ PIECES của WORK ORDER (AVP_AI không có sổ nhận kho riêng) — dữ liệu chạy thử,
712934,06104388AA,487,20775,20775,,,2026-07-13,,Suy từ PIECES của WORK ORDER (AVP_AI không có sổ nhận kho riêng) — dữ liệu chạy thử,
712938,06104388AA,1355,20218,20218,,,2026-07-13,,Suy từ PIECES của WORK ORDER (AVP_AI không có sổ nhận kho riêng) — dữ liệu chạy thử,
712940,06104725AA,173,107358,107358,,,2026-07-20,,Suy từ PIECES của WORK ORDER (AVP_AI không có sổ nhận kho riêng) — dữ liệu chạy thử,
712941,06104725AA,222,93585,93585,,,2026-07-20,,Suy từ PIECES của WORK ORDER (AVP_AI không có sổ nhận kho riêng) — dữ liệu chạy thử,
712942,06104725AA,405,93302,93302,,,2026-07-20,,Suy từ PIECES của WORK ORDER (AVP_AI không có sổ nhận kho riêng) — dữ liệu chạy thử,
712943,06104725AA,1061,107642,107642,,,2026-07-20,,Suy từ PIECES của WORK ORDER (AVP_AI không có sổ nhận kho riêng) — dữ liệu chạy thử,
712944,06104725AA,486,91887,91887,,,2026-07-20,,Suy từ PIECES của WORK ORDER (AVP_AI không có sổ nhận kho riêng) — dữ liệu chạy thử,
712945,06104725AA,424,107264,107264,,,2026-07-20,,Suy từ PIECES của WORK ORDER (AVP_AI không có sổ nhận kho riêng) — dữ liệu chạy thử,
712946,06511847AA,12,23856,23856,,,2026-07-15,,Suy từ PIECES của WORK ORDER (AVP_AI không có sổ nhận kho riêng) — dữ liệu chạy thử,
712947,06511847AA,157,25321,25321,,,2026-07-15,,Suy từ PIECES của WORK ORDER (AVP_AI không có sổ nhận kho riêng) — dữ liệu chạy thử,
712948,06511847AA,329,22699,22699,,,2026-07-15,,Suy từ PIECES của WORK ORDER (AVP_AI không có sổ nhận kho riêng) — dữ liệu chạy thử,
712949,06511847AA,1626,25733,25733,,,2026-07-15,,Suy từ PIECES của WORK ORDER (AVP_AI không có sổ nhận kho riêng) — dữ liệu chạy thử,
712954,82244,710,21827,21827,,,2026-07-13,,Suy từ PIECES của WORK ORDER (AVP_AI không có sổ nhận kho riêng) — dữ liệu chạy thử,
712955,82244,790,23233,23233,,,2026-07-13,,Suy từ PIECES của WORK ORDER (AVP_AI không có sổ nhận kho riêng) — dữ liệu chạy thử,
712964,F1302AB,164,18867,18867,,,2026-07-31,,Suy từ PIECES của WORK ORDER (AVP_AI không có sổ nhận kho riêng) — dữ liệu chạy thử,
712966,F1302AB,868,20000,20000,,,2026-07-31,,Suy từ PIECES của WORK ORDER (AVP_AI không có sổ nhận kho riêng) — dữ liệu chạy thử,
712967,F1302AB,429,20065,20065,,,2026-07-27,,Suy từ PIECES của WORK ORDER (AVP_AI không có sổ nhận kho riêng) — dữ liệu chạy thử,
712970,06102398AA,1390,126452,126452,,,2026-07-16,,Suy từ PIECES của WORK ORDER (AVP_AI không có sổ nhận kho riêng) — dữ liệu chạy thử,
712971,06102398AA,224,97419,97419,,,2026-07-16,,Suy từ PIECES của WORK ORDER (AVP_AI không có sổ nhận kho riêng) — dữ liệu chạy thử,
712976,06511799AA,37CTNS,53117,53117,,,2026-08-06,,Suy từ PIECES của WORK ORDER (AVP_AI không có sổ nhận kho riêng) — dữ liệu chạy thử,
712977,06511799AA,39CTNS,69156,69156,,,2026-08-12,,Suy từ PIECES của WORK ORDER (AVP_AI không có sổ nhận kho riêng) — dữ liệu chạy thử,
712982,06104384AA,376,19947,19947,,,2026-07-13,,Suy từ PIECES của WORK ORDER (AVP_AI không có sổ nhận kho riêng) — dữ liệu chạy thử,
712983,06104384AA,825,26376,26376,,,2026-07-13,,Suy từ PIECES của WORK ORDER (AVP_AI không có sổ nhận kho riêng) — dữ liệu chạy thử,
712997,06105051AA,1039,16239,16239,,,2026-07-17,,Suy từ PIECES của WORK ORDER (AVP_AI không có sổ nhận kho riêng) — dữ liệu chạy thử,
712998,06502979-A,440,27399,27399,,,2026-07-16,,Suy từ PIECES của WORK ORDER (AVP_AI không có sổ nhận kho riêng) — dữ liệu chạy thử,
712999,06502979-A,679,27601,27601,,,2026-06-15,,Suy từ PIECES của WORK ORDER (AVP_AI không có sổ nhận kho riêng) — dữ liệu chạy thử,
713000,06502979-A,250,27374,27374,,,2026-06-15,,Suy từ PIECES của WORK ORDER (AVP_AI không có sổ nhận kho riêng) — dữ liệu chạy thử,
713003,NU1305-01,1089,65000,65000,,,2026-07-06,,Suy từ PIECES của WORK ORDER (AVP_AI không có sổ nhận kho riêng) — dữ liệu chạy thử,
713012,11546369-MY-AK,1631,10472,10472,,,2026-07-22,,Suy từ PIECES của WORK ORDER (AVP_AI không có sổ nhận kho riêng) — dữ liệu chạy thử,
713013,11546369-MY-AK,404,9029,9029,,,2026-07-22,,Suy từ PIECES của WORK ORDER (AVP_AI không có sổ nhận kho riêng) — dữ liệu chạy thử,
713016,11546366-MY-AK,1579,42022,42022,,,2026-07-20,,Suy từ PIECES của WORK ORDER (AVP_AI không có sổ nhận kho riêng) — dữ liệu chạy thử,
713017,11546366-MY-AK,1408,39892,39892,,,2026-07-20,,Suy từ PIECES của WORK ORDER (AVP_AI không có sổ nhận kho riêng) — dữ liệu chạy thử,
713018,11546366-MY-AK,1516,43105,43105,,,2026-07-20,,Suy từ PIECES của WORK ORDER (AVP_AI không có sổ nhận kho riêng) — dữ liệu chạy thử,
713019,11546366-MY-AK,1651,40866,40866,,,2026-07-20,,Suy từ PIECES của WORK ORDER (AVP_AI không có sổ nhận kho riêng) — dữ liệu chạy thử,
713031,11549171-MY-AK,88,9235,9235,,,2026-07-20,,Suy từ PIECES của WORK ORDER (AVP_AI không có sổ nhận kho riêng) — dữ liệu chạy thử,
713032,W520101-S442,378,126591,126591,,,2026-06-15,,Suy từ PIECES của WORK ORDER (AVP_AI không có sổ nhận kho riêng) — dữ liệu chạy thử,
713033,W520101-S442,814,119091,119091,,,2026-06-15,,Suy từ PIECES của WORK ORDER (AVP_AI không có sổ nhận kho riêng) — dữ liệu chạy thử,
713034,W520101-S442,837,130000,130000,,,2026-06-15,,Suy từ PIECES của WORK ORDER (AVP_AI không có sổ nhận kho riêng) — dữ liệu chạy thử,
713035,W520101-S442,1533,114091,114091,,,2026-06-15,,Suy từ PIECES của WORK ORDER (AVP_AI không có sổ nhận kho riêng) — dữ liệu chạy thử,
713040,11546571,1571,43533,43533,,,2026-07-09,,Suy từ PIECES của WORK ORDER (AVP_AI không có sổ nhận kho riêng) — dữ liệu chạy thử,
713044,06511777AA,1386,12156,12156,,,2026-08-18,,Suy từ PIECES của WORK ORDER (AVP_AI không có sổ nhận kho riêng) — dữ liệu chạy thử,
713045,06511777AA,1320,12462,12462,,,2026-08-18,,Suy từ PIECES của WORK ORDER (AVP_AI không có sổ nhận kho riêng) — dữ liệu chạy thử,
713046,HL3W-4320-AA,523,5885,5885,,,2026-07-29,,Suy từ PIECES của WORK ORDER (AVP_AI không có sổ nhận kho riêng) — dữ liệu chạy thử,
713048,HL3W-4320-AA,646,5898,5898,,,2026-08-27,,Suy từ PIECES của WORK ORDER (AVP_AI không có sổ nhận kho riêng) — dữ liệu chạy thử,
713049,HL3W-4320-AA,69,5904,5904,,,2026-08-17,,Suy từ PIECES của WORK ORDER (AVP_AI không có sổ nhận kho riêng) — dữ liệu chạy thử,
713050,HL3W-4320-AA,377,5708,5708,,,2026-07-29,,Suy từ PIECES của WORK ORDER (AVP_AI không có sổ nhận kho riêng) — dữ liệu chạy thử,
713052,HL3W-4320-AA,660,6573,6573,,,2026-08-17,,Suy từ PIECES của WORK ORDER (AVP_AI không có sổ nhận kho riêng) — dữ liệu chạy thử,
713053,HL3W-4320-AA,548,6389,6389,,,2026-08-17,,Suy từ PIECES của WORK ORDER (AVP_AI không có sổ nhận kho riêng) — dữ liệu chạy thử,
713065,11602326,821,4190,4190,,,2026-07-10,,Suy từ PIECES của WORK ORDER (AVP_AI không có sổ nhận kho riêng) — dữ liệu chạy thử,
713066,11602326,238,4520,4520,,,2026-07-10,,Suy từ PIECES của WORK ORDER (AVP_AI không có sổ nhận kho riêng) — dữ liệu chạy thử,
713075,06104725AA,864,100943,100943,,,2026-07-20,,Suy từ PIECES của WORK ORDER (AVP_AI không có sổ nhận kho riêng) — dữ liệu chạy thử,
713076,06104725AA,431,98113,98113,,,2026-07-20,,Suy từ PIECES của WORK ORDER (AVP_AI không có sổ nhận kho riêng) — dữ liệu chạy thử,
713077,06104725AA,1022,97075,97075,,,2026-07-20,,Suy từ PIECES của WORK ORDER (AVP_AI không có sổ nhận kho riêng) — dữ liệu chạy thử,
713078,06104725AA,67,105283,105283,,,2026-07-20,,Suy từ PIECES của WORK ORDER (AVP_AI không có sổ nhận kho riêng) — dữ liệu chạy thử,
713080,06104725AA,930,96415,96415,,,2026-07-20,,Suy từ PIECES của WORK ORDER (AVP_AI không có sổ nhận kho riêng) — dữ liệu chạy thử,
713081,11546462,170,25425,25425,,,2026-07-14,,Suy từ PIECES của WORK ORDER (AVP_AI không có sổ nhận kho riêng) — dữ liệu chạy thử,
713082,11546462,1110,25500,25500,,,2026-07-14,,Suy từ PIECES của WORK ORDER (AVP_AI không có sổ nhận kho riêng) — dữ liệu chạy thử,
713083,11546462,472,26000,26000,,,2026-07-14,,Suy từ PIECES của WORK ORDER (AVP_AI không có sổ nhận kho riêng) — dữ liệu chạy thử,
713084,11546462,496,25450,25450,,,2026-07-14,,Suy từ PIECES của WORK ORDER (AVP_AI không có sổ nhận kho riêng) — dữ liệu chạy thử,
713085,11546462,249,24750,24750,,,2026-07-14,,Suy từ PIECES của WORK ORDER (AVP_AI không có sổ nhận kho riêng) — dữ liệu chạy thử,
713086,11546462,1074,25450,25450,,,2026-07-14,,Suy từ PIECES của WORK ORDER (AVP_AI không có sổ nhận kho riêng) — dữ liệu chạy thử,
713088,06101736-A,1655,137079,137079,,,2026-07-14,,Suy từ PIECES của WORK ORDER (AVP_AI không có sổ nhận kho riêng) — dữ liệu chạy thử,
713111,06101968-A,343,69318,69318,,,2026-07-13,,Suy từ PIECES của WORK ORDER (AVP_AI không có sổ nhận kho riêng) — dữ liệu chạy thử,
713112,06101968-A,1021,79545,79545,,,2026-07-13,,Suy từ PIECES của WORK ORDER (AVP_AI không có sổ nhận kho riêng) — dữ liệu chạy thử,
713113,06101968-A,75,77803,77803,,,2026-07-13,,Suy từ PIECES của WORK ORDER (AVP_AI không có sổ nhận kho riêng) — dữ liệu chạy thử,
713114,06101968-A,1397,71515,71515,,,2026-07-13,,Suy từ PIECES của WORK ORDER (AVP_AI không có sổ nhận kho riêng) — dữ liệu chạy thử,
713115,06101831-A,1570,44348,44348,,,2026-07-13,,Suy từ PIECES của WORK ORDER (AVP_AI không có sổ nhận kho riêng) — dữ liệu chạy thử,
713116,06101831-A,1095,35435,35435,,,2026-07-13,,Suy từ PIECES của WORK ORDER (AVP_AI không có sổ nhận kho riêng) — dữ liệu chạy thử,
713117,06101831-A,169,29203,29203,,,2026-07-13,,Suy từ PIECES của WORK ORDER (AVP_AI không có sổ nhận kho riêng) — dữ liệu chạy thử,
713119,06101831-A,1006,35942,35942,,,2026-07-13,,Suy từ PIECES của WORK ORDER (AVP_AI không có sổ nhận kho riêng) — dữ liệu chạy thử,
713120,06101831-A,248,36341,36341,,,2026-07-13,,Suy từ PIECES của WORK ORDER (AVP_AI không có sổ nhận kho riêng) — dữ liệu chạy thử,
713121,06101831-A,508,39457,39457,,,2026-07-13,,Suy từ PIECES của WORK ORDER (AVP_AI không có sổ nhận kho riêng) — dữ liệu chạy thử,
713123,06101831-A,1305,39312,39312,,,2026-07-13,,Suy từ PIECES của WORK ORDER (AVP_AI không có sổ nhận kho riêng) — dữ liệu chạy thử,
713124,06101831-A,1364,40145,40145,,,2026-07-13,,Suy từ PIECES của WORK ORDER (AVP_AI không có sổ nhận kho riêng) — dữ liệu chạy thử,
713125,06101831-A,1067,39384,39384,,,2026-07-13,,Suy từ PIECES của WORK ORDER (AVP_AI không có sổ nhận kho riêng) — dữ liệu chạy thử,
713131,06512544AA,1762,21235,21235,,,2026-07-20,,Suy từ PIECES của WORK ORDER (AVP_AI không có sổ nhận kho riêng) — dữ liệu chạy thử,
713132,06512544AA,1776,21358,21358,,,2026-07-21,,Suy từ PIECES của WORK ORDER (AVP_AI không có sổ nhận kho riêng) — dữ liệu chạy thử,
713137,W711953-S900,1615,79416,79416,,,2026-07-20,,Suy từ PIECES của WORK ORDER (AVP_AI không có sổ nhận kho riêng) — dữ liệu chạy thử,
713139,06511637AA,522,42581,42581,,,2026-07-22,,Suy từ PIECES của WORK ORDER (AVP_AI không có sổ nhận kho riêng) — dữ liệu chạy thử,
713140,06511637AA,1529,40403,40403,,,2026-07-22,,Suy từ PIECES của WORK ORDER (AVP_AI không có sổ nhận kho riêng) — dữ liệu chạy thử,
713141,11561645,1754,123766,123766,,,2026-07-20,,Suy từ PIECES của WORK ORDER (AVP_AI không có sổ nhận kho riêng) — dữ liệu chạy thử,
713142,11561645,494,123896,123896,,,2026-07-20,,Suy từ PIECES của WORK ORDER (AVP_AI không có sổ nhận kho riêng) — dữ liệu chạy thử,
713143,11561645,1778,102987,102987,,,2026-07-20,,Suy từ PIECES của WORK ORDER (AVP_AI không có sổ nhận kho riêng) — dữ liệu chạy thử,
713144,11561645,1766,100779,100779,,,2026-07-20,,Suy từ PIECES của WORK ORDER (AVP_AI không có sổ nhận kho riêng) — dữ liệu chạy thử,
713145,N620483-S2,1775,19887,19887,,,2026-07-23,,Suy từ PIECES của WORK ORDER (AVP_AI không có sổ nhận kho riêng) — dữ liệu chạy thử,
713149,W520413-S450,1772,68442,68442,,,2026-07-23,,Suy từ PIECES của WORK ORDER (AVP_AI không có sổ nhận kho riêng) — dữ liệu chạy thử,
713150,W520413-S450,1757,72532,72532,,,2026-07-23,,Suy từ PIECES của WORK ORDER (AVP_AI không có sổ nhận kho riêng) — dữ liệu chạy thử,
713153,61273,269,7592,7592,,,2026-07-23,,Suy từ PIECES của WORK ORDER (AVP_AI không có sổ nhận kho riêng) — dữ liệu chạy thử,
713155,11549169-MY-AK,1511,24968,24968,,,2026-07-17,,Suy từ PIECES của WORK ORDER (AVP_AI không có sổ nhận kho riêng) — dữ liệu chạy thử,
713156,11549169-MY-AK,306,23949,23949,,,2026-07-17,,Suy từ PIECES của WORK ORDER (AVP_AI không có sổ nhận kho riêng) — dữ liệu chạy thử,
713158,11549169-MY-AK,1517,25053,25053,,,2026-07-17,,Suy từ PIECES của WORK ORDER (AVP_AI không có sổ nhận kho riêng) — dữ liệu chạy thử,
713159,11549169-MY-AK,596,26964,26964,,,2026-07-17,,Suy từ PIECES của WORK ORDER (AVP_AI không có sổ nhận kho riêng) — dữ liệu chạy thử,
713163,11546367-MY-AK,555,24516,24516,,,2026-07-20,,Suy từ PIECES của WORK ORDER (AVP_AI không có sổ nhận kho riêng) — dữ liệu chạy thử,
713164,11546367-MY-AK,1534,25398,25398,,,2026-07-20,,Suy từ PIECES của WORK ORDER (AVP_AI không có sổ nhận kho riêng) — dữ liệu chạy thử,
713167,11546367-MY-AK,844,25570,25570,,,2026-07-20,,Suy từ PIECES của WORK ORDER (AVP_AI không có sổ nhận kho riêng) — dữ liệu chạy thử,
713168,11546367-MY-AK,392,23871,23871,,,2026-07-20,,Suy từ PIECES của WORK ORDER (AVP_AI không có sổ nhận kho riêng) — dữ liệu chạy thử,
713169,11546367-MY-AK,1409,24258,24258,,,2026-07-20,,Suy từ PIECES của WORK ORDER (AVP_AI không có sổ nhận kho riêng) — dữ liệu chạy thử,
713170,11546367-MY-AK,136,25333,25333,,,2026-07-20,,Suy từ PIECES của WORK ORDER (AVP_AI không có sổ nhận kho riêng) — dữ liệu chạy thử,
713171,11546367-MY-AK,3,24796,24796,,,2026-07-17,,Suy từ PIECES của WORK ORDER (AVP_AI không có sổ nhận kho riêng) — dữ liệu chạy thử,
713174,94012078,1774,2863,2863,,,2026-07-23,,Suy từ PIECES của WORK ORDER (AVP_AI không có sổ nhận kho riêng) — dữ liệu chạy thử,
713175,94012078,1603,2231,2231,,,2026-07-23,,Suy từ PIECES của WORK ORDER (AVP_AI không có sổ nhận kho riêng) — dữ liệu chạy thử,
713176,94012078,899,2801,2801,,,2026-07-23,,Suy từ PIECES của WORK ORDER (AVP_AI không có sổ nhận kho riêng) — dữ liệu chạy thử,
713183,NU1305-01,1328,67000,67000,,,2026-07-08,,Suy từ PIECES của WORK ORDER (AVP_AI không có sổ nhận kho riêng) — dữ liệu chạy thử,
713184,NU1305-01,384,76000,76000,,,2026-07-08,,Suy từ PIECES của WORK ORDER (AVP_AI không có sổ nhận kho riêng) — dữ liệu chạy thử,
713186,NU1305-01,1419,68000,68000,,,2026-07-08,,Suy từ PIECES của WORK ORDER (AVP_AI không có sổ nhận kho riêng) — dữ liệu chạy thử,
713198,11546703,455,128395,128395,,,2026-08-11,,Suy từ PIECES của WORK ORDER (AVP_AI không có sổ nhận kho riêng) — dữ liệu chạy thử,
713199,11546703,56,119506,119506,,,2026-08-11,,Suy từ PIECES của WORK ORDER (AVP_AI không có sổ nhận kho riêng) — dữ liệu chạy thử,
713200,11546703,1759,126049,126049,,,2026-08-11,,Suy từ PIECES của WORK ORDER (AVP_AI không có sổ nhận kho riêng) — dữ liệu chạy thử,
713201,11546703,1758,130370,130370,,,2026-08-11,,Suy từ PIECES của WORK ORDER (AVP_AI không có sổ nhận kho riêng) — dữ liệu chạy thử,
713202,11546703,1770,135185,135185,,,2026-08-11,,Suy từ PIECES của WORK ORDER (AVP_AI không có sổ nhận kho riêng) — dữ liệu chạy thử,
713203,11546703,1771,120988,120988,,,2026-08-11,,Suy từ PIECES của WORK ORDER (AVP_AI không có sổ nhận kho riêng) — dữ liệu chạy thử,
713204,11546703,1777,135802,135802,,,2026-08-11,,Suy từ PIECES của WORK ORDER (AVP_AI không có sổ nhận kho riêng) — dữ liệu chạy thử,
713205,11546703,1308,117284,117284,,,2026-08-11,,Suy từ PIECES của WORK ORDER (AVP_AI không có sổ nhận kho riêng) — dữ liệu chạy thử,
713210,11562515,608,50409,50409,,,2026-08-18,,Suy từ PIECES của WORK ORDER (AVP_AI không có sổ nhận kho riêng) — dữ liệu chạy thử,
713211,11562515,1505,40760,40760,,,2026-08-18,,Suy từ PIECES của WORK ORDER (AVP_AI không có sổ nhận kho riêng) — dữ liệu chạy thử,
713212,11562515,1008,46257,46257,,,2026-08-18,,Suy từ PIECES của WORK ORDER (AVP_AI không có sổ nhận kho riêng) — dữ liệu chạy thử,
713213,11562515,1610,43860,43860,,,2026-08-18,,Suy từ PIECES của WORK ORDER (AVP_AI không có sổ nhận kho riêng) — dữ liệu chạy thử,
713228,W520101-S450,1767,130341,130341,,,2026-07-23,,Suy từ PIECES của WORK ORDER (AVP_AI không có sổ nhận kho riêng) — dữ liệu chạy thử,
713229,W520101-S450,1768,121818,121818,,,2026-07-23,,Suy từ PIECES của WORK ORDER (AVP_AI không có sổ nhận kho riêng) — dữ liệu chạy thử,
713244,NU1305-01,1752,67000,67000,,,2026-07-08,,Suy từ PIECES của WORK ORDER (AVP_AI không có sổ nhận kho riêng) — dữ liệu chạy thử,
713245,NU1305-01,1753,72000,72000,,,2026-07-08,,Suy từ PIECES của WORK ORDER (AVP_AI không có sổ nhận kho riêng) — dữ liệu chạy thử,
713246,82253,439,44202,44202,,,2026-07-23,,Suy từ PIECES của WORK ORDER (AVP_AI không có sổ nhận kho riêng) — dữ liệu chạy thử,
713248,82253,58,28193,28193,,,2026-07-23,,Suy từ PIECES của WORK ORDER (AVP_AI không có sổ nhận kho riêng) — dữ liệu chạy thử,
713253,06100050-A,657,51915,51915,,,2026-07-17,,Suy từ PIECES của WORK ORDER (AVP_AI không có sổ nhận kho riêng) — dữ liệu chạy thử,
713257,06100050-A,1434,63670,63670,,,2026-07-17,,Suy từ PIECES của WORK ORDER (AVP_AI không có sổ nhận kho riêng) — dữ liệu chạy thử,
713258,06100050-A,635,62340,62340,,,2026-07-17,,Suy từ PIECES của WORK ORDER (AVP_AI không có sổ nhận kho riêng) — dữ liệu chạy thử,
713259,06100050-A,889,63617,63617,,,2026-07-17,,Suy từ PIECES của WORK ORDER (AVP_AI không có sổ nhận kho riêng) — dữ liệu chạy thử,
713261,06100050-A,655,52872,52872,,,2026-07-17,,Suy từ PIECES của WORK ORDER (AVP_AI không có sổ nhận kho riêng) — dữ liệu chạy thử,
713262,W520111-S440,176,125060,125060,,,2026-07-17,,Suy từ PIECES của WORK ORDER (AVP_AI không có sổ nhận kho riêng) — dữ liệu chạy thử,
713264,W520111-S440,512,127590,127590,,,2026-07-17,,Suy từ PIECES của WORK ORDER (AVP_AI không có sổ nhận kho riêng) — dữ liệu chạy thử,
713266,W711468-S437,450,55954,55954,,,2026-08-07,,Suy từ PIECES của WORK ORDER (AVP_AI không có sổ nhận kho riêng) — dữ liệu chạy thử,
713267,W711468-S437,298,43353,43353,,,2026-08-19,,Suy từ PIECES của WORK ORDER (AVP_AI không có sổ nhận kho riêng) — dữ liệu chạy thử,
713268,W711468-S437,546,46590,46590,,,2026-08-12,,Suy từ PIECES của WORK ORDER (AVP_AI không có sổ nhận kho riêng) — dữ liệu chạy thử,
713269,W711468-S437,859,52832,52832,,,2026-08-07,,Suy từ PIECES của WORK ORDER (AVP_AI không có sổ nhận kho riêng) — dữ liệu chạy thử,
713300,91058,262,40448,40448,,,2026-08-07,,Suy từ PIECES của WORK ORDER (AVP_AI không có sổ nhận kho riêng) — dữ liệu chạy thử,
713301,91058,304,45373,45373,,,2026-08-07,,Suy từ PIECES của WORK ORDER (AVP_AI không có sổ nhận kho riêng) — dữ liệu chạy thử,
713307,NU3516-00,265,12000,12000,,,2026-09-02,,Suy từ PIECES của WORK ORDER (AVP_AI không có sổ nhận kho riêng) — dữ liệu chạy thử,
713317,W520514-S442,984,40843,40843,,,2026-07-24,,Suy từ PIECES của WORK ORDER (AVP_AI không có sổ nhận kho riêng) — dữ liệu chạy thử,
713318,W520514-S442,1550,45479,45479,,,2026-07-24,,Suy từ PIECES của WORK ORDER (AVP_AI không có sổ nhận kho riêng) — dữ liệu chạy thử,
713319,W520514-S442,937,46245,46245,,,2026-07-24,,Suy từ PIECES của WORK ORDER (AVP_AI không có sổ nhận kho riêng) — dữ liệu chạy thử,
713320,W520514-S442,743,39923,39923,,,2026-07-24,,Suy từ PIECES của WORK ORDER (AVP_AI không có sổ nhận kho riêng) — dữ liệu chạy thử,
713351,NU1305-01,524,75000,75000,,,2026-07-10,,Suy từ PIECES của WORK ORDER (AVP_AI không có sổ nhận kho riêng) — dữ liệu chạy thử,
713352,NU1305-01,914,62000,62000,,,2026-07-10,,Suy từ PIECES của WORK ORDER (AVP_AI không có sổ nhận kho riêng) — dữ liệu chạy thử,
713353,NU1305-01,1716,74000,74000,,,2026-07-09,,Suy từ PIECES của WORK ORDER (AVP_AI không có sổ nhận kho riêng) — dữ liệu chạy thử,
713354,NU1305-01,1114,67000,67000,,,2026-07-09,,Suy từ PIECES của WORK ORDER (AVP_AI không có sổ nhận kho riêng) — dữ liệu chạy thử,
713369,11546449,1007,90000,90000,,,2026-07-15,,Suy từ PIECES của WORK ORDER (AVP_AI không có sổ nhận kho riêng) — dữ liệu chạy thử,
713370,11546449,178,84322,84322,,,2026-07-15,,Suy từ PIECES của WORK ORDER (AVP_AI không có sổ nhận kho riêng) — dữ liệu chạy thử,
713371,11546449,980,93220,93220,,,2026-07-15,,Suy từ PIECES của WORK ORDER (AVP_AI không có sổ nhận kho riêng) — dữ liệu chạy thử,
713372,11546449,357,85847,85847,,,2026-07-15,,Suy từ PIECES của WORK ORDER (AVP_AI không có sổ nhận kho riêng) — dữ liệu chạy thử,
713373,11546449,1002,91780,91780,,,2026-07-15,,Suy từ PIECES của WORK ORDER (AVP_AI không có sổ nhận kho riêng) — dữ liệu chạy thử,
713374,11546449,223,83220,83220,,,2026-07-15,,Suy từ PIECES của WORK ORDER (AVP_AI không có sổ nhận kho riêng) — dữ liệu chạy thử,
713375,11546449,938,78983,78983,,,2026-07-15,,Suy từ PIECES của WORK ORDER (AVP_AI không có sổ nhận kho riêng) — dữ liệu chạy thử,
713376,11546449,935,91610,91610,,,2026-07-15,,Suy từ PIECES của WORK ORDER (AVP_AI không có sổ nhận kho riêng) — dữ liệu chạy thử,
713377,11546449,1548,89492,89492,,,2026-07-15,,Suy từ PIECES của WORK ORDER (AVP_AI không có sổ nhận kho riêng) — dữ liệu chạy thử,
713378,11546449,246,85593,85593,,,2026-07-15,,Suy từ PIECES của WORK ORDER (AVP_AI không có sổ nhận kho riêng) — dữ liệu chạy thử,
713379,11546449,358,90424,90424,,,2026-07-15,,Suy từ PIECES của WORK ORDER (AVP_AI không có sổ nhận kho riêng) — dữ liệu chạy thử,
713380,11546449,1564,83051,83051,,,2026-07-15,,Suy từ PIECES của WORK ORDER (AVP_AI không có sổ nhận kho riêng) — dữ liệu chạy thử,
713381,11546456,510,76475,76475,,,2026-07-20,,Suy từ PIECES của WORK ORDER (AVP_AI không có sổ nhận kho riêng) — dữ liệu chạy thử,
713382,11546456,1446,73770,73770,,,2026-07-20,,Suy từ PIECES của WORK ORDER (AVP_AI không có sổ nhận kho riêng) — dữ liệu chạy thử,
713383,11546456,451,78934,78934,,,2026-07-20,,Suy từ PIECES của WORK ORDER (AVP_AI không có sổ nhận kho riêng) — dữ liệu chạy thử,
713384,11546456,394,72377,72377,,,2026-07-20,,Suy từ PIECES của WORK ORDER (AVP_AI không có sổ nhận kho riêng) — dữ liệu chạy thử,
713386,06101736-A,1696,136067,136067,,,2026-07-15,,Suy từ PIECES của WORK ORDER (AVP_AI không có sổ nhận kho riêng) — dữ liệu chạy thử,
713391,06505246AA,918,32033,32033,,,2026-07-22,,Suy từ PIECES của WORK ORDER (AVP_AI không có sổ nhận kho riêng) — dữ liệu chạy thử,
713395,06509967AA,190,11622,11622,,,2026-07-15,,Suy từ PIECES của WORK ORDER (AVP_AI không có sổ nhận kho riêng) — dữ liệu chạy thử,
713396,06509967AA,841,9263,9263,,,2026-07-15,,Suy từ PIECES của WORK ORDER (AVP_AI không có sổ nhận kho riêng) — dữ liệu chạy thử,
713405,11546364,396,122048,122048,,,2026-07-22,,Suy từ PIECES của WORK ORDER (AVP_AI không có sổ nhận kho riêng) — dữ liệu chạy thử,
713406,11546364,1435,134217,134217,,,2026-07-22,,Suy từ PIECES của WORK ORDER (AVP_AI không có sổ nhận kho riêng) — dữ liệu chạy thử,
713407,11546364,381,116024,116024,,,2026-07-22,,Suy từ PIECES của WORK ORDER (AVP_AI không có sổ nhận kho riêng) — dữ liệu chạy thử,
713408,11546364,1585,135542,135542,,,2026-07-22,,Suy từ PIECES của WORK ORDER (AVP_AI không có sổ nhận kho riêng) — dữ liệu chạy thử,
713419,06509967AA,KIB,40000,40000,,,2026-07-16,,Suy từ PIECES của WORK ORDER (AVP_AI không có sổ nhận kho riêng) — dữ liệu chạy thử,
713420,06509967AA,KIB,40000,40000,,,2026-07-16,,Suy từ PIECES của WORK ORDER (AVP_AI không có sổ nhận kho riêng) — dữ liệu chạy thử,
713421,06513555AA,KIB,22000,22000,,,2026-07-16,,Suy từ PIECES của WORK ORDER (AVP_AI không có sổ nhận kho riêng) — dữ liệu chạy thử,
713422,06513555AA,KIB,22000,22000,,,2026-07-16,,Suy từ PIECES của WORK ORDER (AVP_AI không có sổ nhận kho riêng) — dữ liệu chạy thử,
713427,11547176,KIB,45000,45000,,,2026-07-17,,Suy từ PIECES của WORK ORDER (AVP_AI không có sổ nhận kho riêng) — dữ liệu chạy thử,
713428,11547176,KIB,45000,45000,,,2026-07-17,,Suy từ PIECES của WORK ORDER (AVP_AI không có sổ nhận kho riêng) — dữ liệu chạy thử,
713433,11502717-TH-TC,722,47203,47203,,,2026-07-10,,Suy từ PIECES của WORK ORDER (AVP_AI không có sổ nhận kho riêng) — dữ liệu chạy thử,
713460,11546378-MY-AK,1687,44023,44023,,,2026-07-23,,Suy từ PIECES của WORK ORDER (AVP_AI không có sổ nhận kho riêng) — dữ liệu chạy thử,
713461,11546378-MY-AK,557,42375,42375,,,2026-07-23,,Suy từ PIECES của WORK ORDER (AVP_AI không có sổ nhận kho riêng) — dữ liệu chạy thử,
713462,11546378-MY-AK,1362,40345,40345,,,2026-07-23,,Suy từ PIECES của WORK ORDER (AVP_AI không có sổ nhận kho riêng) — dữ liệu chạy thử,
713463,11546378-MY-AK,1419,46705,46705,,,2026-07-23,,Suy từ PIECES của WORK ORDER (AVP_AI không có sổ nhận kho riêng) — dữ liệu chạy thử,
713464,11546378-MY-AK,578,44636,44636,,,2026-07-23,,Suy từ PIECES của WORK ORDER (AVP_AI không có sổ nhận kho riêng) — dữ liệu chạy thử,
713465,11546378-MY-AK,1415,42490,42490,,,2026-07-23,,Suy từ PIECES của WORK ORDER (AVP_AI không có sổ nhận kho riêng) — dữ liệu chạy thử,
713466,11546378-MY-AK,1323,34674,34674,,,2026-07-23,,Suy từ PIECES của WORK ORDER (AVP_AI không có sổ nhận kho riêng) — dữ liệu chạy thử,
713468,11546378-MY-AK,708,23218,23218,,,2026-07-23,,Suy từ PIECES của WORK ORDER (AVP_AI không có sổ nhận kho riêng) — dữ liệu chạy thử,
713470,11546369-MY-AK,231,9724,9724,,,2026-07-22,,Suy từ PIECES của WORK ORDER (AVP_AI không có sổ nhận kho riêng) — dữ liệu chạy thử,
713471,11546369-MY-AK,543,9822,9822,,,2026-07-22,,Suy từ PIECES của WORK ORDER (AVP_AI không có sổ nhận kho riêng) — dữ liệu chạy thử,
713472,11546369-MY-AK,1681,10018,10018,,,2026-07-22,,Suy từ PIECES của WORK ORDER (AVP_AI không có sổ nhận kho riêng) — dữ liệu chạy thử,
713473,11546369-MY-AK,1629,9394,9394,,,2026-08-17,,Suy từ PIECES của WORK ORDER (AVP_AI không có sổ nhận kho riêng) — dữ liệu chạy thử,
713476,11546365-MY-AK,433,64678,64678,,,2026-07-23,,Suy từ PIECES của WORK ORDER (AVP_AI không có sổ nhận kho riêng) — dữ liệu chạy thử,
713477,11546365-MY-AK,688,66374,66374,,,2026-07-23,,Suy từ PIECES của WORK ORDER (AVP_AI không có sổ nhận kho riêng) — dữ liệu chạy thử,
713480,11546365-MY-AK,851,65614,65614,,,2026-07-23,,Suy từ PIECES của WORK ORDER (AVP_AI không có sổ nhận kho riêng) — dữ liệu chạy thử,
713481,11546365-MY-AK,387,65614,65614,,,2026-07-23,,Suy từ PIECES của WORK ORDER (AVP_AI không có sổ nhận kho riêng) — dữ liệu chạy thử,
713486,11549171-MY-AK,1567,10296,10296,,,2026-07-27,,Suy từ PIECES của WORK ORDER (AVP_AI không có sổ nhận kho riêng) — dữ liệu chạy thử,
713487,11549171-MY-AK,212,9287,9287,,,2026-07-27,,Suy từ PIECES của WORK ORDER (AVP_AI không có sổ nhận kho riêng) — dữ liệu chạy thử,
713488,11549171-MY-AK,301,9574,9574,,,2026-07-27,,Suy từ PIECES của WORK ORDER (AVP_AI không có sổ nhận kho riêng) — dữ liệu chạy thử,
713506,11548535,856,6000,6000,,,2026-08-06,,Suy từ PIECES của WORK ORDER (AVP_AI không có sổ nhận kho riêng) — dữ liệu chạy thử,
713507,11548535,384,5200,5200,,,2026-08-06,,Suy từ PIECES của WORK ORDER (AVP_AI không có sổ nhận kho riêng) — dữ liệu chạy thử,
713508,11548535,1798,5650,5650,,,2026-08-19,,Suy từ PIECES của WORK ORDER (AVP_AI không có sổ nhận kho riêng) — dữ liệu chạy thử,
713509,11548535,1783,5890,5890,,,2026-08-06,,Suy từ PIECES của WORK ORDER (AVP_AI không có sổ nhận kho riêng) — dữ liệu chạy thử,
713510,11546377-PH-RO,1795,74870,74870,,,2026-07-20,,Suy từ PIECES của WORK ORDER (AVP_AI không có sổ nhận kho riêng) — dữ liệu chạy thử,
713511,11546377-PH-RO,1794,58831,58831,,,2026-07-20,,Suy từ PIECES của WORK ORDER (AVP_AI không có sổ nhận kho riêng) — dữ liệu chạy thử,
713512,11546377-PH-RO,1792,72792,72792,,,2026-07-20,,Suy từ PIECES của WORK ORDER (AVP_AI không có sổ nhận kho riêng) — dữ liệu chạy thử,
713513,11546377-PH-RO,1793,60519,60519,,,2026-07-20,,Suy từ PIECES của WORK ORDER (AVP_AI không có sổ nhận kho riêng) — dữ liệu chạy thử,
713514,11546377-PH-RO,1809,59805,59805,,,2026-07-20,,Suy từ PIECES của WORK ORDER (AVP_AI không có sổ nhận kho riêng) — dữ liệu chạy thử,
713515,11546377-PH-RO,1810,74091,74091,,,2026-07-20,,Suy từ PIECES của WORK ORDER (AVP_AI không có sổ nhận kho riêng) — dữ liệu chạy thử,
713516,11546377-PH-RO,1531,68247,68247,,,2026-07-20,,Suy từ PIECES của WORK ORDER (AVP_AI không có sổ nhận kho riêng) — dữ liệu chạy thử,
713517,11546377-PH-RO,119,61558,61558,,,2026-07-20,,Suy từ PIECES của WORK ORDER (AVP_AI không có sổ nhận kho riêng) — dữ liệu chạy thử,
713518,11546377-PH-RO,834,75195,75195,,,2026-07-20,,Suy từ PIECES của WORK ORDER (AVP_AI không có sổ nhận kho riêng) — dữ liệu chạy thử,
713519,11546377-PH-RO,1443,55325,55325,,,2026-07-20,,Suy từ PIECES của WORK ORDER (AVP_AI không có sổ nhận kho riêng) — dữ liệu chạy thử,
713526,47336AE,1804,25471,25471,,,2026-07-24,,Suy từ PIECES của WORK ORDER (AVP_AI không có sổ nhận kho riêng) — dữ liệu chạy thử,
713527,47336AE,1801,23991,23991,,,2026-07-24,,Suy từ PIECES của WORK ORDER (AVP_AI không có sổ nhận kho riêng) — dữ liệu chạy thử,
713528,47336AE,1805,23834,23834,,,2026-07-24,,Suy từ PIECES của WORK ORDER (AVP_AI không có sổ nhận kho riêng) — dữ liệu chạy thử,
713529,47336AE,1806,25740,25740,,,2026-07-24,,Suy từ PIECES của WORK ORDER (AVP_AI không có sổ nhận kho riêng) — dữ liệu chạy thử,
713530,NU1405-00,1618,82468,82468,,,2026-06-15,,Suy từ PIECES của WORK ORDER (AVP_AI không có sổ nhận kho riêng) — dữ liệu chạy thử,
713531,NU1405-00,1584,70584,70584,,,2026-06-15,,Suy từ PIECES của WORK ORDER (AVP_AI không có sổ nhận kho riêng) — dữ liệu chạy thử,
713532,NU1405-00,760,77597,77597,,,2026-06-15,,Suy từ PIECES của WORK ORDER (AVP_AI không có sổ nhận kho riêng) — dữ liệu chạy thử,
713533,NU1405-00,51,77662,77662,,,2026-06-15,,Suy từ PIECES của WORK ORDER (AVP_AI không có sổ nhận kho riêng) — dữ liệu chạy thử,
713536,H62324A,1752,42649,42649,,,2026-07-29,,Suy từ PIECES của WORK ORDER (AVP_AI không có sổ nhận kho riêng) — dữ liệu chạy thử,
713538,W520113-S441,480,45784,45784,,,2026-07-29,,Suy từ PIECES của WORK ORDER (AVP_AI không có sổ nhận kho riêng) — dữ liệu chạy thử,
713539,W520113-S441,968,39254,39254,,,2026-07-29,,Suy từ PIECES của WORK ORDER (AVP_AI không có sổ nhận kho riêng) — dữ liệu chạy thử,
713540,W520113-S441,1031,42724,42724,,,2026-07-29,,Suy từ PIECES của WORK ORDER (AVP_AI không có sổ nhận kho riêng) — dữ liệu chạy thử,
713541,W520113-S441,1607,41940,41940,,,2026-07-29,,Suy từ PIECES của WORK ORDER (AVP_AI không có sổ nhận kho riêng) — dữ liệu chạy thử,
713542,W520113-S440,1036,43582,43582,,,2026-07-27,,Suy từ PIECES của WORK ORDER (AVP_AI không có sổ nhận kho riêng) — dữ liệu chạy thử,
713543,W520113-S440,509,41866,41866,,,2026-07-27,,Suy từ PIECES của WORK ORDER (AVP_AI không có sổ nhận kho riêng) — dữ liệu chạy thử,
713544,W520113-S440,1328,43843,43843,,,2026-07-27,,Suy từ PIECES của WORK ORDER (AVP_AI không có sổ nhận kho riêng) — dữ liệu chạy thử,
713545,W520113-S440,1672,41082,41082,,,2026-07-27,,Suy từ PIECES của WORK ORDER (AVP_AI không có sổ nhận kho riêng) — dữ liệu chạy thử,
713546,11549169,1549,23567,23567,,,2026-07-27,,Suy từ PIECES của WORK ORDER (AVP_AI không có sổ nhận kho riêng) — dữ liệu chạy thử,
713547,11549169,1428,25478,25478,,,2026-07-27,,Suy từ PIECES của WORK ORDER (AVP_AI không có sổ nhận kho riêng) — dữ liệu chạy thử,
713548,11549169,49,24692,24692,,,2026-07-27,,Suy từ PIECES của WORK ORDER (AVP_AI không có sổ nhận kho riêng) — dữ liệu chạy thử,
713549,11549169,972,24055,24055,,,2026-07-27,,Suy từ PIECES của WORK ORDER (AVP_AI không có sổ nhận kho riêng) — dữ liệu chạy thử,
713552,E6267AB,1556,22420,22420,,,2026-08-06,,Suy từ PIECES của WORK ORDER (AVP_AI không có sổ nhận kho riêng) — dữ liệu chạy thử,
713553,E6267AB,514,26603,26603,,,2026-08-06,,Suy từ PIECES của WORK ORDER (AVP_AI không có sổ nhận kho riêng) — dữ liệu chạy thử,
713556,11611121,577,22933,22933,,,2026-08-06,,Suy từ PIECES của WORK ORDER (AVP_AI không có sổ nhận kho riêng) — dữ liệu chạy thử,
713557,11611121,948,26533,26533,,,2026-08-06,,Suy từ PIECES của WORK ORDER (AVP_AI không có sổ nhận kho riêng) — dữ liệu chạy thử,
713559,11611122,970,73733,73733,,,2026-08-06,,Suy từ PIECES của WORK ORDER (AVP_AI không có sổ nhận kho riêng) — dữ liệu chạy thử,
713582,11546774,865,12927,12927,,,2026-08-19,,Suy từ PIECES của WORK ORDER (AVP_AI không có sổ nhận kho riêng) — dữ liệu chạy thử,
713583,11546774,469,12580,12580,,,2026-08-06,,Suy từ PIECES của WORK ORDER (AVP_AI không có sổ nhận kho riêng) — dữ liệu chạy thử,
713584,11546774,1045,11656,11656,,,2026-08-19,,Suy từ PIECES của WORK ORDER (AVP_AI không có sổ nhận kho riêng) — dữ liệu chạy thử,
713585,11546774,1076,13569,13569,,,2026-08-06,,Suy từ PIECES của WORK ORDER (AVP_AI không có sổ nhận kho riêng) — dữ liệu chạy thử,
713586,11546774,18,11759,11759,,,2026-08-21,,Suy từ PIECES của WORK ORDER (AVP_AI không có sổ nhận kho riêng) — dữ liệu chạy thử,
713587,11546774,1360,13466,13466,,,2026-08-06,,Suy từ PIECES của WORK ORDER (AVP_AI không có sổ nhận kho riêng) — dữ liệu chạy thử,
713588,11546774,33,12657,12657,,,2026-08-06,,Suy từ PIECES của WORK ORDER (AVP_AI không có sổ nhận kho riêng) — dữ liệu chạy thử,
713589,11546774,27,12401,12401,,,2026-08-06,,Suy từ PIECES của WORK ORDER (AVP_AI không có sổ nhận kho riêng) — dữ liệu chạy thử,
713590,11546774,290,13004,13004,,,2026-08-06,,Suy từ PIECES của WORK ORDER (AVP_AI không có sổ nhận kho riêng) — dữ liệu chạy thử,
713591,11546774,351,12105,12105,,,2026-08-06,,Suy từ PIECES của WORK ORDER (AVP_AI không có sổ nhận kho riêng) — dữ liệu chạy thử,
713592,11546545,101,89083,89083,,,2026-07-17,,Suy từ PIECES của WORK ORDER (AVP_AI không có sổ nhận kho riêng) — dữ liệu chạy thử,
713593,11546545,194,91000,91000,,,2026-07-17,,Suy từ PIECES của WORK ORDER (AVP_AI không có sổ nhận kho riêng) — dữ liệu chạy thử,
713594,11546545,1786,96833,96833,,,2026-07-17,,Suy từ PIECES của WORK ORDER (AVP_AI không có sổ nhận kho riêng) — dữ liệu chạy thử,
713595,11546545,1789,90833,90833,,,2026-07-17,,Suy từ PIECES của WORK ORDER (AVP_AI không có sổ nhận kho riêng) — dữ liệu chạy thử,
713596,11546545,750,89583,89583,,,2026-07-17,,Suy từ PIECES của WORK ORDER (AVP_AI không có sổ nhận kho riêng) — dữ liệu chạy thử,
713597,11546545,1649,91667,91667,,,2026-07-17,,Suy từ PIECES của WORK ORDER (AVP_AI không có sổ nhận kho riêng) — dữ liệu chạy thử,
713598,11546545,1412,95417,95417,,,2026-07-17,,Suy từ PIECES của WORK ORDER (AVP_AI không có sổ nhận kho riêng) — dữ liệu chạy thử,
713599,11546545,697,86917,86917,,,2026-07-17,,Suy từ PIECES của WORK ORDER (AVP_AI không có sổ nhận kho riêng) — dữ liệu chạy thử,
713600,11546545,398,87917,87917,,,2026-07-17,,Suy từ PIECES của WORK ORDER (AVP_AI không có sổ nhận kho riêng) — dữ liệu chạy thử,
713601,11546545,274,93250,93250,,,2026-07-17,,Suy từ PIECES của WORK ORDER (AVP_AI không có sổ nhận kho riêng) — dữ liệu chạy thử,
713602,11546545,1802,88583,88583,,,2026-07-17,,Suy từ PIECES của WORK ORDER (AVP_AI không có sổ nhận kho riêng) — dữ liệu chạy thử,
713603,11546545,591,96167,96167,,,2026-07-17,,Suy từ PIECES của WORK ORDER (AVP_AI không có sổ nhận kho riêng) — dữ liệu chạy thử,
713604,11546545,1790,90917,90917,,,2026-07-17,,Suy từ PIECES của WORK ORDER (AVP_AI không có sổ nhận kho riêng) — dữ liệu chạy thử,
713605,11546545,1791,96667,96667,,,2026-07-17,,Suy từ PIECES của WORK ORDER (AVP_AI không có sổ nhận kho riêng) — dữ liệu chạy thử,
713606,11546545,1068,89500,89500,,,2026-07-17,,Suy từ PIECES của WORK ORDER (AVP_AI không có sổ nhận kho riêng) — dữ liệu chạy thử,
713607,11546545,764,93417,93417,,,2026-07-17,,Suy từ PIECES của WORK ORDER (AVP_AI không có sổ nhận kho riêng) — dữ liệu chạy thử,
713609,NU5108-00,587,70000,70000,,,2026-07-20,,Suy từ PIECES của WORK ORDER (AVP_AI không có sổ nhận kho riêng) — dữ liệu chạy thử,
713610,NU5108-00,1673,65000,65000,,,2026-07-20,,Suy từ PIECES của WORK ORDER (AVP_AI không có sổ nhận kho riêng) — dữ liệu chạy thử,
713611,NU5108-00,1800,70000,70000,,,2026-07-20,,Suy từ PIECES của WORK ORDER (AVP_AI không có sổ nhận kho riêng) — dữ liệu chạy thử,
713612,NU5108-00,545,66000,66000,,,2026-07-20,,Suy từ PIECES của WORK ORDER (AVP_AI không có sổ nhận kho riêng) — dữ liệu chạy thử,
713622,06104388AA,1108,20000,20000,,,2026-07-22,,Suy từ PIECES của WORK ORDER (AVP_AI không có sổ nhận kho riêng) — dữ liệu chạy thử,
713623,06104388AA,219,20751,20751,,,2026-07-22,,Suy từ PIECES của WORK ORDER (AVP_AI không có sổ nhận kho riêng) — dữ liệu chạy thử,
713624,06104388AA,1345,20024,20024,,,2026-07-22,,Suy từ PIECES của WORK ORDER (AVP_AI không có sổ nhận kho riêng) — dữ liệu chạy thử,
713625,06104388AA,574,20460,20460,,,2026-07-22,,Suy từ PIECES của WORK ORDER (AVP_AI không có sổ nhận kho riêng) — dữ liệu chạy thử,
713641,06511701AA,1014,79424,79424,,,2026-07-24,,Suy từ PIECES của WORK ORDER (AVP_AI không có sổ nhận kho riêng) — dữ liệu chạy thử,
713642,06511701AA,1439,75036,75036,,,2026-07-24,,Suy từ PIECES của WORK ORDER (AVP_AI không có sổ nhận kho riêng) — dữ liệu chạy thử,
713647,06101831-A,393,37899,37899,,,2026-07-22,,Suy từ PIECES của WORK ORDER (AVP_AI không có sổ nhận kho riêng) — dữ liệu chạy thử,
713648,06101831-A,1686,38949,38949,,,2026-07-22,,Suy từ PIECES của WORK ORDER (AVP_AI không có sổ nhận kho riêng) — dữ liệu chạy thử,
713649,06101831-A,1555,41014,41014,,,2026-07-22,,Suy từ PIECES của WORK ORDER (AVP_AI không có sổ nhận kho riêng) — dữ liệu chạy thử,
713651,06101831-A,1053,37862,37862,,,2026-07-22,,Suy từ PIECES của WORK ORDER (AVP_AI không có sổ nhận kho riêng) — dữ liệu chạy thử,
713653,06101831-A,979,41196,41196,,,2026-07-22,,Suy từ PIECES của WORK ORDER (AVP_AI không có sổ nhận kho riêng) — dữ liệu chạy thử,
713654,06101831-A,1723,3841,3841,,,2026-07-22,,Suy từ PIECES của WORK ORDER (AVP_AI không có sổ nhận kho riêng) — dữ liệu chạy thử,
713667,06100050-A,823,52713,52713,,,2026-07-17,,Suy từ PIECES của WORK ORDER (AVP_AI không có sổ nhận kho riêng) — dữ liệu chạy thử,
713715,NU5108-00,1385,72000,72000,,,2026-07-20,,Suy từ PIECES của WORK ORDER (AVP_AI không có sổ nhận kho riêng) — dữ liệu chạy thử,
713716,NU5108-00,1325,67000,67000,,,2026-07-29,,Suy từ PIECES của WORK ORDER (AVP_AI không có sổ nhận kho riêng) — dữ liệu chạy thử,
713717,11546364-PH-RO,801,150482,150482,,,2026-08-06,,Suy từ PIECES của WORK ORDER (AVP_AI không có sổ nhận kho riêng) — dữ liệu chạy thử,
713719,NU3025-00,1035,46000,46000,,,2026-07-20,,Suy từ PIECES của WORK ORDER (AVP_AI không có sổ nhận kho riêng) — dữ liệu chạy thử,
713720,NU3025-00,622,35000,35000,,,2026-07-20,,Suy từ PIECES của WORK ORDER (AVP_AI không có sổ nhận kho riêng) — dữ liệu chạy thử,
713721,11546364-PH-RO,692,117349,117349,,,2026-08-17,,Suy từ PIECES của WORK ORDER (AVP_AI không có sổ nhận kho riêng) — dữ liệu chạy thử,
713724,NU5108-00,1048,66000,66000,,,2026-07-29,,Suy từ PIECES của WORK ORDER (AVP_AI không có sổ nhận kho riêng) — dữ liệu chạy thử,
713726,NU5108-00,873,52000,52000,,,2026-07-29,,Suy từ PIECES của WORK ORDER (AVP_AI không có sổ nhận kho riêng) — dữ liệu chạy thử,
713727,NU5108-00,604,74000,74000,,,2026-07-29,,Suy từ PIECES của WORK ORDER (AVP_AI không có sổ nhận kho riêng) — dữ liệu chạy thử,
713728,H62534A,1646,22222,22222,,,2026-07-22,,Suy từ PIECES của WORK ORDER (AVP_AI không có sổ nhận kho riêng) — dữ liệu chạy thử,
713729,H62534A,125,22803,22803,,,2026-07-22,,Suy từ PIECES của WORK ORDER (AVP_AI không có sổ nhận kho riêng) — dữ liệu chạy thử,
713734,11546449,1714,89237,89237,,,2026-07-22,,Suy từ PIECES của WORK ORDER (AVP_AI không có sổ nhận kho riêng) — dữ liệu chạy thử,
713735,11546449,658,83305,83305,,,2026-07-22,,Suy từ PIECES của WORK ORDER (AVP_AI không có sổ nhận kho riêng) — dữ liệu chạy thử,
713736,11546449,617,80254,80254,,,2026-07-22,,Suy từ PIECES của WORK ORDER (AVP_AI không có sổ nhận kho riêng) — dữ liệu chạy thử,
713737,11546449,913,93305,93305,,,2026-07-22,,Suy từ PIECES của WORK ORDER (AVP_AI không có sổ nhận kho riêng) — dữ liệu chạy thử,
713738,11546449,1663,82712,82712,,,2026-07-22,,Suy từ PIECES của WORK ORDER (AVP_AI không có sổ nhận kho riêng) — dữ liệu chạy thử,
713739,11546449,1704,88305,88305,,,2026-07-22,,Suy từ PIECES của WORK ORDER (AVP_AI không có sổ nhận kho riêng) — dữ liệu chạy thử,
713740,11546449,1559,92458,92458,,,2026-07-22,,Suy từ PIECES của WORK ORDER (AVP_AI không có sổ nhận kho riêng) — dữ liệu chạy thử,
713741,11546449,1306,82966,82966,,,2026-07-22,,Suy từ PIECES của WORK ORDER (AVP_AI không có sổ nhận kho riêng) — dữ liệu chạy thử,
713742,11546449,1343,89915,89915,,,2026-07-22,,Suy từ PIECES của WORK ORDER (AVP_AI không có sổ nhận kho riêng) — dữ liệu chạy thử,
713743,11546449,508,86356,86356,,,2026-07-22,,Suy từ PIECES của WORK ORDER (AVP_AI không có sổ nhận kho riêng) — dữ liệu chạy thử,
713744,11546449,976,95254,95254,,,2026-07-22,,Suy từ PIECES của WORK ORDER (AVP_AI không có sổ nhận kho riêng) — dữ liệu chạy thử,
713745,11546449,895,79407,79407,,,2026-07-22,,Suy từ PIECES của WORK ORDER (AVP_AI không có sổ nhận kho riêng) — dữ liệu chạy thử,
713746,11546449,1083,91102,91102,,,2026-07-22,,Suy từ PIECES của WORK ORDER (AVP_AI không có sổ nhận kho riêng) — dữ liệu chạy thử,
713747,11546449,1525,84237,84237,,,2026-07-22,,Suy từ PIECES của WORK ORDER (AVP_AI không có sổ nhận kho riêng) — dữ liệu chạy thử,
713748,11546449,293,95339,95339,,,2026-07-22,,Suy từ PIECES của WORK ORDER (AVP_AI không có sổ nhận kho riêng) — dữ liệu chạy thử,
713749,11546449,1501,80508,80508,,,2026-07-22,,Suy từ PIECES của WORK ORDER (AVP_AI không có sổ nhận kho riêng) — dữ liệu chạy thử,
713750,11546449,1040,85593,85593,,,2026-07-22,,Suy từ PIECES của WORK ORDER (AVP_AI không có sổ nhận kho riêng) — dữ liệu chạy thử,
713751,11546449,976,95254,95254,,,2026-07-22,,Suy từ PIECES của WORK ORDER (AVP_AI không có sổ nhận kho riêng) — dữ liệu chạy thử,
713752,11546449,1426,86186,86186,,,2026-07-22,,Suy từ PIECES của WORK ORDER (AVP_AI không có sổ nhận kho riêng) — dữ liệu chạy thử,
713753,11546449,540,88644,88644,,,2026-07-22,,Suy từ PIECES của WORK ORDER (AVP_AI không có sổ nhận kho riêng) — dữ liệu chạy thử,
713769,W520514-S442,650,184231,184231,,,2026-07-24,,Suy từ PIECES của WORK ORDER (AVP_AI không có sổ nhận kho riêng) — dữ liệu chạy thử,
713771,98055704,475,72736,72736,,,2026-07-20,,Suy từ PIECES của WORK ORDER (AVP_AI không có sổ nhận kho riêng) — dữ liệu chạy thử,
713791,NU3516-00,113,14000,14000,,,2026-09-03,,Suy từ PIECES của WORK ORDER (AVP_AI không có sổ nhận kho riêng) — dữ liệu chạy thử,
713802,11546378-CA-IN-B,1746,51600,51600,,,2026-09-04,,Suy từ PIECES của WORK ORDER (AVP_AI không có sổ nhận kho riêng) — dữ liệu chạy thử,
713803,11546378-CA-IN-B,1081,43680,43680,,,2026-09-04,,Suy từ PIECES của WORK ORDER (AVP_AI không có sổ nhận kho riêng) — dữ liệu chạy thử,
713804,11546378-CA-IN-B,1561,40320,40320,,,2026-09-04,,Suy từ PIECES của WORK ORDER (AVP_AI không có sổ nhận kho riêng) — dữ liệu chạy thử,
713805,11546378-CA-IN-B,160,38600,38600,,,2026-09-04,,Suy từ PIECES của WORK ORDER (AVP_AI không có sổ nhận kho riêng) — dữ liệu chạy thử,
713852,11546703,1393,123704,123704,,,2026-08-12,,Suy từ PIECES của WORK ORDER (AVP_AI không có sổ nhận kho riêng) — dữ liệu chạy thử,
713853,11546703,960,125926,125926,,,2026-08-17,,Suy từ PIECES của WORK ORDER (AVP_AI không có sổ nhận kho riêng) — dữ liệu chạy thử,
713854,11546703,1406,122963,122963,,,2026-08-17,,Suy từ PIECES của WORK ORDER (AVP_AI không có sổ nhận kho riêng) — dữ liệu chạy thử,
713855,11546703,1395,127037,127037,,,2026-08-12,,Suy từ PIECES của WORK ORDER (AVP_AI không có sổ nhận kho riêng) — dữ liệu chạy thử,
713856,11546703,346,124444,124444,,,2026-08-17,,Suy từ PIECES của WORK ORDER (AVP_AI không có sổ nhận kho riêng) — dữ liệu chạy thử,
713857,11546703,1552,124198,124198,,,2026-08-11,,Suy từ PIECES của WORK ORDER (AVP_AI không có sổ nhận kho riêng) — dữ liệu chạy thử,
713858,11546703,422,137654,137654,,,2026-08-19,,Suy từ PIECES của WORK ORDER (AVP_AI không có sổ nhận kho riêng) — dữ liệu chạy thử,
713859,11546703,55,110370,110370,,,2026-08-19,,Suy từ PIECES của WORK ORDER (AVP_AI không có sổ nhận kho riêng) — dữ liệu chạy thử,
713860,11561645,524,119870,119870,,,2026-07-27,,Suy từ PIECES của WORK ORDER (AVP_AI không có sổ nhận kho riêng) — dữ liệu chạy thử,
713861,11561645,619,118961,118961,,,2026-07-27,,Suy từ PIECES của WORK ORDER (AVP_AI không có sổ nhận kho riêng) — dữ liệu chạy thử,
713862,06511637AA,1690,43831,43831,,,2026-07-27,,Suy từ PIECES của WORK ORDER (AVP_AI không có sổ nhận kho riêng) — dữ liệu chạy thử,
713863,06511637AA,275,38790,38790,,,2026-07-27,,Suy từ PIECES của WORK ORDER (AVP_AI không có sổ nhận kho riêng) — dữ liệu chạy thử,
713864,11610091,1627,76818,76818,,,2026-07-27,,Suy từ PIECES của WORK ORDER (AVP_AI không có sổ nhận kho riêng) — dữ liệu chạy thử,
713865,11610091,1016,74156,74156,,,2026-07-27,,Suy từ PIECES của WORK ORDER (AVP_AI không có sổ nhận kho riêng) — dữ liệu chạy thử,
713866,06511672AA,444,47543,47543,,,2026-08-11,,Suy từ PIECES của WORK ORDER (AVP_AI không có sổ nhận kho riêng) — dữ liệu chạy thử,
713867,06511672AA,517,43276,43276,,,2026-08-12,,Suy từ PIECES của WORK ORDER (AVP_AI không có sổ nhận kho riêng) — dữ liệu chạy thử,
713868,W716298-S450,1422,89079,89079,,,2026-07-27,,Suy từ PIECES của WORK ORDER (AVP_AI không có sổ nhận kho riêng) — dữ liệu chạy thử,
713869,W716298-S450,1112,122500,122500,,,2026-07-27,,Suy từ PIECES của WORK ORDER (AVP_AI không có sổ nhận kho riêng) — dữ liệu chạy thử,
713870,06513554AA,1024,16627,16627,,,2026-07-27,,Suy từ PIECES của WORK ORDER (AVP_AI không có sổ nhận kho riêng) — dữ liệu chạy thử,
713872,11602031,1397,4165,4165,,,2026-07-23,,Suy từ PIECES của WORK ORDER (AVP_AI không có sổ nhận kho riêng) — dữ liệu chạy thử,
713874,11602031,648,4027,4027,,,2026-07-23,,Suy từ PIECES của WORK ORDER (AVP_AI không có sổ nhận kho riêng) — dữ liệu chạy thử,
713882,11602031,914,4116,4116,,,2026-07-23,,Suy từ PIECES của WORK ORDER (AVP_AI không có sổ nhận kho riêng) — dữ liệu chạy thử,
713894,11546456,946,83033,83033,,,2026-08-04,,Suy từ PIECES của WORK ORDER (AVP_AI không có sổ nhận kho riêng) — dữ liệu chạy thử,
713895,11546456,1369,70574,70574,,,2026-08-04,,Suy từ PIECES của WORK ORDER (AVP_AI không có sổ nhận kho riêng) — dữ liệu chạy thử,
713896,11546456,1060,75410,75410,,,2026-08-04,,Suy từ PIECES của WORK ORDER (AVP_AI không có sổ nhận kho riêng) — dữ liệu chạy thử,
713897,11546456,845,77049,77049,,,2026-08-04,,Suy từ PIECES của WORK ORDER (AVP_AI không có sổ nhận kho riêng) — dữ liệu chạy thử,
713908,06101968-A,1066,78409,78409,,,2026-07-24,,Suy từ PIECES của WORK ORDER (AVP_AI không có sổ nhận kho riêng) — dữ liệu chạy thử,
713909,06101968-A,45,68864,68864,,,2026-07-24,,Suy từ PIECES của WORK ORDER (AVP_AI không có sổ nhận kho riêng) — dữ liệu chạy thử,
713911,11546566,1628,39556,39556,,,2026-07-27,,Suy từ PIECES của WORK ORDER (AVP_AI không có sổ nhận kho riêng) — dữ liệu chạy thử,
713914,11546566,139,51222,51222,,,2026-07-27,,Suy từ PIECES của WORK ORDER (AVP_AI không có sổ nhận kho riêng) — dữ liệu chạy thử,
713918,11546367-CA-IN,910,24156,24156,,,2026-08-17,,Suy từ PIECES của WORK ORDER (AVP_AI không có sổ nhận kho riêng) — dữ liệu chạy thử,
713919,11546367-CA-IN,1809,24481,24481,,,2026-08-17,,Suy từ PIECES của WORK ORDER (AVP_AI không có sổ nhận kho riêng) — dữ liệu chạy thử,
713920,11546367-CA-IN,1588,24545,24545,,,2026-08-17,,Suy từ PIECES của WORK ORDER (AVP_AI không có sổ nhận kho riêng) — dữ liệu chạy thử,
713921,11546367-CA-IN,521,26299,26299,,,2026-08-17,,Suy từ PIECES của WORK ORDER (AVP_AI không có sổ nhận kho riêng) — dữ liệu chạy thử,
713922,11546367-CA-IN,405,23983,23983,,,2026-08-17,,Suy từ PIECES của WORK ORDER (AVP_AI không có sổ nhận kho riêng) — dữ liệu chạy thử,
713924,06509967AA,KIB,40000,40000,,,2026-07-31,,Suy từ PIECES của WORK ORDER (AVP_AI không có sổ nhận kho riêng) — dữ liệu chạy thử,
713925,06509967AA,KIB,40000,40000,,,2026-07-31,,Suy từ PIECES của WORK ORDER (AVP_AI không có sổ nhận kho riêng) — dữ liệu chạy thử,
713926,06509967AA,KIB,40000,40000,,,2026-07-31,,Suy từ PIECES của WORK ORDER (AVP_AI không có sổ nhận kho riêng) — dữ liệu chạy thử,
713927,06509967AA,KIB,40000,40000,,,2026-07-31,,Suy từ PIECES của WORK ORDER (AVP_AI không có sổ nhận kho riêng) — dữ liệu chạy thử,
713928,06509967AA,KIB,40000,40000,,,2026-07-31,,Suy từ PIECES của WORK ORDER (AVP_AI không có sổ nhận kho riêng) — dữ liệu chạy thử,
713929,06509967AA,KIB,40000,40000,,,2026-07-31,,Suy từ PIECES của WORK ORDER (AVP_AI không có sổ nhận kho riêng) — dữ liệu chạy thử,
713938,06105048AA,KIB,40000,40000,,,2026-07-24,,Suy từ PIECES của WORK ORDER (AVP_AI không có sổ nhận kho riêng) — dữ liệu chạy thử,
713939,06105048AA,KIB,40000,40000,,,2026-07-24,,Suy từ PIECES của WORK ORDER (AVP_AI không có sổ nhận kho riêng) — dữ liệu chạy thử,
713940,11547176,KIB,45000,45000,,,2026-07-29,,Suy từ PIECES của WORK ORDER (AVP_AI không có sổ nhận kho riêng) — dữ liệu chạy thử,
713941,11547176,KIB,45000,45000,,,2026-07-29,,Suy từ PIECES của WORK ORDER (AVP_AI không có sổ nhận kho riêng) — dữ liệu chạy thử,
713948,06101831-A,1674,40616,40616,,,2026-07-24,,Suy từ PIECES của WORK ORDER (AVP_AI không có sổ nhận kho riêng) — dữ liệu chạy thử,
713951,06101831-A,560,37283,37283,,,2026-07-24,,Suy từ PIECES của WORK ORDER (AVP_AI không có sổ nhận kho riêng) — dữ liệu chạy thử,
713952,06101831-A,903,37999,37999,,,2026-07-24,,Suy từ PIECES của WORK ORDER (AVP_AI không có sổ nhận kho riêng) — dữ liệu chạy thử,
713953,06101831-A,171,42500,42500,,,2026-07-24,,Suy từ PIECES của WORK ORDER (AVP_AI không có sổ nhận kho riêng) — dữ liệu chạy thử,
713954,06101831-A,400,40761,40761,,,2026-07-24,,Suy từ PIECES của WORK ORDER (AVP_AI không có sổ nhận kho riêng) — dữ liệu chạy thử,
713955,06101831-A,1316,36703,36703,,,2026-07-24,,Suy từ PIECES của WORK ORDER (AVP_AI không có sổ nhận kho riêng) — dữ liệu chạy thử,
713957,06101831-A,1522,41739,41739,,,2026-07-27,,Suy từ PIECES của WORK ORDER (AVP_AI không có sổ nhận kho riêng) — dữ liệu chạy thử,
713958,06101831-A,1655,37536,37536,,,2026-07-27,,Suy từ PIECES của WORK ORDER (AVP_AI không có sổ nhận kho riêng) — dữ liệu chạy thử,
713959,06101831-A,1599,39638,39638,,,2026-07-27,,Suy từ PIECES của WORK ORDER (AVP_AI không có sổ nhận kho riêng) — dữ liệu chạy thử,
713960,06101831-A,882,40870,40870,,,2026-07-27,,Suy từ PIECES của WORK ORDER (AVP_AI không có sổ nhận kho riêng) — dữ liệu chạy thử,
713962,06101831-A,1394,38297,38297,,,2026-07-27,,Suy từ PIECES của WORK ORDER (AVP_AI không có sổ nhận kho riêng) — dữ liệu chạy thử,
713963,06101831-A,902,38949,38949,,,2026-07-27,,Suy từ PIECES của WORK ORDER (AVP_AI không có sổ nhận kho riêng) — dữ liệu chạy thử,
713970,11548414,789,16620,16620,,,2026-07-22,,Suy từ PIECES của WORK ORDER (AVP_AI không có sổ nhận kho riêng) — dữ liệu chạy thử,
713971,11548414,166,17597,17597,,,2026-07-22,,Suy từ PIECES của WORK ORDER (AVP_AI không có sổ nhận kho riêng) — dữ liệu chạy thử,
713972,11548414,1643,18140,18140,,,2026-07-22,,Suy từ PIECES của WORK ORDER (AVP_AI không có sổ nhận kho riêng) — dữ liệu chạy thử,
713973,11548414,297,15860,15860,,,2026-07-22,,Suy từ PIECES của WORK ORDER (AVP_AI không có sổ nhận kho riêng) — dữ liệu chạy thử,
713974,11548414,1666,17814,17814,,,2026-07-22,,Suy từ PIECES của WORK ORDER (AVP_AI không có sổ nhận kho riêng) — dữ liệu chạy thử,
713975,11548414,170,16217,16217,,,2026-07-22,,Suy từ PIECES của WORK ORDER (AVP_AI không có sổ nhận kho riêng) — dữ liệu chạy thử,
713976,11548414,1398,16217,16217,,,2026-07-22,,Suy từ PIECES của WORK ORDER (AVP_AI không có sổ nhận kho riêng) — dữ liệu chạy thử,
713977,11548414,607,17783,17783,,,2026-07-22,,Suy từ PIECES của WORK ORDER (AVP_AI không có sổ nhận kho riêng) — dữ liệu chạy thử,
713978,11548414,760,15040,15040,,,2026-07-22,,Suy từ PIECES của WORK ORDER (AVP_AI không có sổ nhận kho riêng) — dữ liệu chạy thử,
713979,11548414,412,18961,18961,,,2026-07-22,,Suy từ PIECES của WORK ORDER (AVP_AI không có sổ nhận kho riêng) — dữ liệu chạy thử,
713982,06101447-A,246,104831,104831,,,2026-08-05,,Suy từ PIECES của WORK ORDER (AVP_AI không có sổ nhận kho riêng) — dữ liệu chạy thử,
713983,06101447-A,961,105955,105955,,,2026-08-05,,Suy từ PIECES của WORK ORDER (AVP_AI không có sổ nhận kho riêng) — dữ liệu chạy thử,
713984,06512834AA,255,7767,7767,,,2026-08-05,,Suy từ PIECES của WORK ORDER (AVP_AI không có sổ nhận kho riêng) — dữ liệu chạy thử,
713985,06512834AA,1433,9200,9200,,,2026-08-05,,Suy từ PIECES của WORK ORDER (AVP_AI không có sổ nhận kho riêng) — dữ liệu chạy thử,
713986,06502979-A,342,20909,20909,,,2026-08-06,,Suy từ PIECES của WORK ORDER (AVP_AI không có sổ nhận kho riêng) — dữ liệu chạy thử,
713987,06502979-A,674,20328,20328,,,2026-08-06,,Suy từ PIECES của WORK ORDER (AVP_AI không có sổ nhận kho riêng) — dữ liệu chạy thử,
713988,06502979-A,1633,18813,18813,,,2026-08-07,,Suy từ PIECES của WORK ORDER (AVP_AI không có sổ nhận kho riêng) — dữ liệu chạy thử,
713989,06502979-A,675,22273,22273,,,2026-08-06,,Suy từ PIECES của WORK ORDER (AVP_AI không có sổ nhận kho riêng) — dữ liệu chạy thử,
713990,06503825-A,680,79538,79538,,,2026-08-06,,Suy từ PIECES của WORK ORDER (AVP_AI không có sổ nhận kho riêng) — dữ liệu chạy thử,
713991,06503825-A,319,79462,79462,,,2026-08-06,,Suy từ PIECES của WORK ORDER (AVP_AI không có sổ nhận kho riêng) — dữ liệu chạy thử,
713993,06503825-A,731,73692,73692,,,2026-08-06,,Suy từ PIECES của WORK ORDER (AVP_AI không có sổ nhận kho riêng) — dữ liệu chạy thử,
713994,06503825-A,565,63538,63538,,,2026-08-06,,Suy từ PIECES của WORK ORDER (AVP_AI không có sổ nhận kho riêng) — dữ liệu chạy thử,
713995,06503825-A,1331,51385,51385,,,2026-08-06,,Suy từ PIECES của WORK ORDER (AVP_AI không có sổ nhận kho riêng) — dữ liệu chạy thử,
714000,06508711AA,496,19981,19981,,,2026-08-06,,Suy từ PIECES của WORK ORDER (AVP_AI không có sổ nhận kho riêng) — dữ liệu chạy thử,
714003,55364498AA,651,24702,24702,,,2026-08-05,,Suy từ PIECES của WORK ORDER (AVP_AI không có sổ nhận kho riêng) — dữ liệu chạy thử,
714005,F1302AB,1055,26667,26667,,,2026-08-24,,Suy từ PIECES của WORK ORDER (AVP_AI không có sổ nhận kho riêng) — dữ liệu chạy thử,
714006,F1302AB,934,26990,26990,,,2026-08-24,,Suy từ PIECES của WORK ORDER (AVP_AI không có sổ nhận kho riêng) — dữ liệu chạy thử,
714007,F1302AB,312,26699,26699,,,2026-08-24,,Suy từ PIECES của WORK ORDER (AVP_AI không có sổ nhận kho riêng) — dữ liệu chạy thử,
714009,F1302AB,1618,29515,29515,,,2026-08-07,,Suy từ PIECES của WORK ORDER (AVP_AI không có sổ nhận kho riêng) — dữ liệu chạy thử,
714010,06105051AA,84,16581,16581,,,2026-08-06,,Suy từ PIECES của WORK ORDER (AVP_AI không có sổ nhận kho riêng) — dữ liệu chạy thử,
714011,06105051AA,1110,15491,15491,,,2026-08-06,,Suy từ PIECES của WORK ORDER (AVP_AI không có sổ nhận kho riêng) — dữ liệu chạy thử,
714012,06514720AA,436,44027,44027,,,2026-08-07,,Suy từ PIECES của WORK ORDER (AVP_AI không có sổ nhận kho riêng) — dữ liệu chạy thử,
714013,06514720AA,673,39199,39199,,,2026-08-07,,Suy từ PIECES của WORK ORDER (AVP_AI không có sổ nhận kho riêng) — dữ liệu chạy thử,
714014,06514720AA,1594,39050,39050,,,2026-08-05,,Suy từ PIECES của WORK ORDER (AVP_AI không có sổ nhận kho riêng) — dữ liệu chạy thử,
714015,06514720AA,1562,41448,41448,,,2026-08-05,,Suy từ PIECES của WORK ORDER (AVP_AI không có sổ nhận kho riêng) — dữ liệu chạy thử,
714016,11609746,739,65284,65284,,,2026-08-13,,Suy từ PIECES của WORK ORDER (AVP_AI không có sổ nhận kho riêng) — dữ liệu chạy thử,
714017,11516076,584,65284,65284,,,2026-07-29,,Suy từ PIECES của WORK ORDER (AVP_AI không có sổ nhận kho riêng) — dữ liệu chạy thử,
714018,91054,244,78165,78165,,,2026-08-18,,Suy từ PIECES của WORK ORDER (AVP_AI không có sổ nhận kho riêng) — dữ liệu chạy thử,
714019,91054,309,66203,66203,,,2026-08-18,,Suy từ PIECES của WORK ORDER (AVP_AI không có sổ nhận kho riêng) — dữ liệu chạy thử,
714020,91054,1378,74114,74114,,,2026-08-18,,Suy từ PIECES của WORK ORDER (AVP_AI không có sổ nhận kho riêng) — dữ liệu chạy thử,
714021,91054,569,72215,72215,,,2026-08-18,,Suy từ PIECES của WORK ORDER (AVP_AI không có sổ nhận kho riêng) — dữ liệu chạy thử,
714022,11546366-MY-AK,213,42996,42996,,,2026-07-31,,Suy từ PIECES của WORK ORDER (AVP_AI không có sổ nhận kho riêng) — dữ liệu chạy thử,
714023,11546366-MY-AK,92,37617,37617,,,2026-07-31,,Suy từ PIECES của WORK ORDER (AVP_AI không có sổ nhận kho riêng) — dữ liệu chạy thử,
714024,11546366-MY-AK,554,42708,42708,,,2026-07-31,,Suy từ PIECES của WORK ORDER (AVP_AI không có sổ nhận kho riêng) — dữ liệu chạy thử,
714025,11546366-MY-AK,705,38014,38014,,,2026-07-31,,Suy từ PIECES của WORK ORDER (AVP_AI không có sổ nhận kho riêng) — dữ liệu chạy thử,
714028,11546378-MY-AK,875,46398,46398,,,2026-07-30,,Suy từ PIECES của WORK ORDER (AVP_AI không có sổ nhận kho riêng) — dữ liệu chạy thử,
714029,11546378-MY-AK,1656,39540,39540,,,2026-07-30,,Suy từ PIECES của WORK ORDER (AVP_AI không có sổ nhận kho riêng) — dữ liệu chạy thử,
714046,W711953-S900,1640,68896,68896,,,2026-07-27,,Suy từ PIECES của WORK ORDER (AVP_AI không có sổ nhận kho riêng) — dữ liệu chạy thử,
714047,W711953-S900,1410,53182,53182,,,2026-07-27,,Suy từ PIECES của WORK ORDER (AVP_AI không có sổ nhận kho riêng) — dữ liệu chạy thử,
714048,W711953-S900,132,67208,67208,,,2026-07-27,,Suy từ PIECES của WORK ORDER (AVP_AI không có sổ nhận kho riêng) — dữ liệu chạy thử,
714049,W711953-S900,261,55390,55390,,,2026-07-27,,Suy từ PIECES của WORK ORDER (AVP_AI không có sổ nhận kho riêng) — dữ liệu chạy thử,
714052,06512313AA,1547,111591,111591,,,2026-07-27,,Suy từ PIECES của WORK ORDER (AVP_AI không có sổ nhận kho riêng) — dữ liệu chạy thử,
714054,W715851-S450B,236,48312,48312,,,2026-07-27,,Suy từ PIECES của WORK ORDER (AVP_AI không có sổ nhận kho riêng) — dữ liệu chạy thử,
714056,11612078-B,332,70000,70000,,,2026-08-13,,Suy từ PIECES của WORK ORDER (AVP_AI không có sổ nhận kho riêng) — dữ liệu chạy thử,
714057,11612078-B,1448,70000,70000,,,2026-08-05,,Suy từ PIECES của WORK ORDER (AVP_AI không có sổ nhận kho riêng) — dữ liệu chạy thử,
714058,11612078-B,226,82000,82000,,,2026-08-19,,Suy từ PIECES của WORK ORDER (AVP_AI không có sổ nhận kho riêng) — dữ liệu chạy thử,
714061,11612078,751,76000,76000,,,2026-08-07,,Suy từ PIECES của WORK ORDER (AVP_AI không có sổ nhận kho riêng) — dữ liệu chạy thử,
714062,11612078-B,806,75000,75000,,,2026-08-17,,Suy từ PIECES của WORK ORDER (AVP_AI không có sổ nhận kho riêng) — dữ liệu chạy thử,
714068,11516782,445,16181,16181,,,2026-07-29,,Suy từ PIECES của WORK ORDER (AVP_AI không có sổ nhận kho riêng) — dữ liệu chạy thử,
714072,W705606-S440,KIB,35000,35000,,,2026-07-17,,Suy từ PIECES của WORK ORDER (AVP_AI không có sổ nhận kho riêng) — dữ liệu chạy thử,
714073,W705606-S440,KIB,35000,35000,,,2026-07-17,,Suy từ PIECES của WORK ORDER (AVP_AI không có sổ nhận kho riêng) — dữ liệu chạy thử,
714074,F1302AB,932,30227,30227,,,2026-08-07,,Suy từ PIECES của WORK ORDER (AVP_AI không có sổ nhận kho riêng) — dữ liệu chạy thử,
714076,40110160,1444,6868,6868,,,2026-08-17,,Suy từ PIECES của WORK ORDER (AVP_AI không có sổ nhận kho riêng) — dữ liệu chạy thử,
714077,40110160,254,7402,7402,,,2026-08-17,,Suy từ PIECES của WORK ORDER (AVP_AI không có sổ nhận kho riêng) — dữ liệu chạy thử,
714078,40110160,1039,4104,4104,,,2026-08-17,,Suy từ PIECES của WORK ORDER (AVP_AI không có sổ nhận kho riêng) — dữ liệu chạy thử,
714080,L0668498AA02,85,119670,119670,,,2026-08-24,,Suy từ PIECES của WORK ORDER (AVP_AI không có sổ nhận kho riêng) — dữ liệu chạy thử,
714081,L0668498AA02,1363,116923,116923,,,2026-08-24,,Suy từ PIECES của WORK ORDER (AVP_AI không có sổ nhận kho riêng) — dữ liệu chạy thử,
714082,W520111-S440,101,143855,143855,,,2026-07-29,,Suy từ PIECES của WORK ORDER (AVP_AI không có sổ nhận kho riêng) — dữ liệu chạy thử,
714083,W520111-S440,1049,106145,106145,,,2026-07-29,,Suy từ PIECES của WORK ORDER (AVP_AI không có sổ nhận kho riêng) — dữ liệu chạy thử,
714084,W711468-S437,378,53179,53179,,,2026-08-17,,Suy từ PIECES của WORK ORDER (AVP_AI không có sổ nhận kho riêng) — dữ liệu chạy thử,
714085,W711468-S437,620,45260,45260,,,2026-08-19,,Suy từ PIECES của WORK ORDER (AVP_AI không có sổ nhận kho riêng) — dữ liệu chạy thử,
714086,W711468-S437,679,44104,44104,,,2026-08-17,,Suy từ PIECES của WORK ORDER (AVP_AI không có sổ nhận kho riêng) — dữ liệu chạy thử,
714087,W711468-S437,631,57225,57225,,,2026-08-17,,Suy từ PIECES của WORK ORDER (AVP_AI không có sổ nhận kho riêng) — dữ liệu chạy thử,
714093,P3001150,1743,51351,51351,,,2026-07-23,,Suy từ PIECES của WORK ORDER (AVP_AI không có sổ nhận kho riêng) — dữ liệu chạy thử,
714106,11546367-MY-AK,167,25161,25161,,,2026-07-30,,Suy từ PIECES của WORK ORDER (AVP_AI không có sổ nhận kho riêng) — dữ liệu chạy thử,
714107,11546367-MY-AK,465,24280,24280,,,2026-07-30,,Suy từ PIECES của WORK ORDER (AVP_AI không có sổ nhận kho riêng) — dữ liệu chạy thử,
714108,11546367-MY-AK,215,24215,24215,,,2026-07-30,,Suy từ PIECES của WORK ORDER (AVP_AI không có sổ nhận kho riêng) — dữ liệu chạy thử,
714109,11546367-MY-AK,245,25527,25527,,,2026-07-30,,Suy từ PIECES của WORK ORDER (AVP_AI không có sổ nhận kho riêng) — dữ liệu chạy thử,
714110,11546367-MY-AK,1566,25419,25419,,,2026-07-30,,Suy từ PIECES của WORK ORDER (AVP_AI không có sổ nhận kho riêng) — dữ liệu chạy thử,
714111,11546367-MY-AK,581,25204,25204,,,2026-07-30,,Suy từ PIECES của WORK ORDER (AVP_AI không có sổ nhận kho riêng) — dữ liệu chạy thử,
714112,11546367-MY-AK,117,25935,25935,,,2026-07-30,,Suy từ PIECES của WORK ORDER (AVP_AI không có sổ nhận kho riêng) — dữ liệu chạy thử,
714113,11546367-MY-AK,1374,23677,23677,,,2026-07-30,,Suy từ PIECES của WORK ORDER (AVP_AI không có sổ nhận kho riêng) — dữ liệu chạy thử,
714114,11546367-MY-AK,186,26452,26452,,,2026-07-30,,Suy từ PIECES của WORK ORDER (AVP_AI không có sổ nhận kho riêng) — dữ liệu chạy thử,
714115,11546367-MY-AK,938,22903,22903,,,2026-07-30,,Suy từ PIECES của WORK ORDER (AVP_AI không có sổ nhận kho riêng) — dữ liệu chạy thử,
714116,11546367-MY-AK,814,26151,26151,,,2026-07-30,,Suy từ PIECES của WORK ORDER (AVP_AI không có sổ nhận kho riêng) — dữ liệu chạy thử,
714117,11546367-MY-AK,759,23484,23484,,,2026-07-30,,Suy từ PIECES của WORK ORDER (AVP_AI không có sổ nhận kho riêng) — dữ liệu chạy thử,
714132,NU5108-00,490,68000,68000,,,2026-07-30,,Suy từ PIECES của WORK ORDER (AVP_AI không có sổ nhận kho riêng) — dữ liệu chạy thử,
714133,NU5108-00,305,67000,67000,,,2026-07-30,,Suy từ PIECES của WORK ORDER (AVP_AI không có sổ nhận kho riêng) — dữ liệu chạy thử,
714135,11547369,911,10934,10934,,,2026-08-12,,Suy từ PIECES của WORK ORDER (AVP_AI không có sổ nhận kho riêng) — dữ liệu chạy thử,
714140,11546437-MY-AK,1762,85769,85769,,,2026-07-31,,Suy từ PIECES của WORK ORDER (AVP_AI không có sổ nhận kho riêng) — dữ liệu chạy thử,
714141,11546437-MY-AK,635,88308,88308,,,2026-07-31,,Suy từ PIECES của WORK ORDER (AVP_AI không có sổ nhận kho riêng) — dữ liệu chạy thử,
714142,11546437-MY-AK,1591,89769,89769,,,2026-07-31,,Suy từ PIECES của WORK ORDER (AVP_AI không có sổ nhận kho riêng) — dữ liệu chạy thử,
714143,11546437-MY-AK,1390,81231,81231,,,2026-07-31,,Suy từ PIECES của WORK ORDER (AVP_AI không có sổ nhận kho riêng) — dữ liệu chạy thử,
714144,11546437-MY-AK,1446,83846,83846,,,2026-07-31,,Suy từ PIECES của WORK ORDER (AVP_AI không có sổ nhận kho riêng) — dữ liệu chạy thử,
714145,11546437-MY-AK,1611,77923,77923,,,2026-07-31,,Suy từ PIECES của WORK ORDER (AVP_AI không có sổ nhận kho riêng) — dữ liệu chạy thử,
714146,11546437-MY-AK,257,86500,86500,,,2026-07-31,,Suy từ PIECES của WORK ORDER (AVP_AI không có sổ nhận kho riêng) — dữ liệu chạy thử,
714147,11546437-MY-AK,71,87560,87560,,,2026-07-31,,Suy từ PIECES của WORK ORDER (AVP_AI không có sổ nhận kho riêng) — dữ liệu chạy thử,
714148,11546437-MY-AK,1786,87000,87000,,,2026-07-31,,Suy từ PIECES của WORK ORDER (AVP_AI không có sổ nhận kho riêng) — dữ liệu chạy thử,
714149,11546437-MY-AK,738,85000,85000,,,2026-07-31,,Suy từ PIECES của WORK ORDER (AVP_AI không có sổ nhận kho riêng) — dữ liệu chạy thử,
714150,11546437-MY-AK,711,87000,87000,,,2026-07-31,,Suy từ PIECES của WORK ORDER (AVP_AI không có sổ nhận kho riêng) — dữ liệu chạy thử,
714151,11546437-MY-AK,576,84000,84000,,,2026-07-31,,Suy từ PIECES của WORK ORDER (AVP_AI không có sổ nhận kho riêng) — dữ liệu chạy thử,
714152,06511847AA,1305,24987,24987,,,2026-07-29,,Suy từ PIECES của WORK ORDER (AVP_AI không có sổ nhận kho riêng) — dữ liệu chạy thử,
714153,06511847AA,878,26324,26324,,,2026-07-29,,Suy từ PIECES của WORK ORDER (AVP_AI không có sổ nhận kho riêng) — dữ liệu chạy thử,
714154,06511847AA,1409,25707,25707,,,2026-07-29,,Suy từ PIECES của WORK ORDER (AVP_AI không có sổ nhận kho riêng) — dữ liệu chạy thử,
714155,06511847AA,1794,25656,25656,,,2026-07-29,,Suy từ PIECES của WORK ORDER (AVP_AI không có sổ nhận kho riêng) — dữ liệu chạy thử,
714162,06513514AA,930,7670,7670,,,2026-07-31,,Suy từ PIECES của WORK ORDER (AVP_AI không có sổ nhận kho riêng) — dữ liệu chạy thử,
714164,06513555AA,100,11652,11652,,,2026-07-31,,Suy từ PIECES của WORK ORDER (AVP_AI không có sổ nhận kho riêng) — dữ liệu chạy thử,
714165,06513555AA,326,11858,11858,,,2026-07-31,,Suy từ PIECES của WORK ORDER (AVP_AI không có sổ nhận kho riêng) — dữ liệu chạy thử,
714166,06104384AA,702,24868,24868,,,2026-07-24,,Suy từ PIECES của WORK ORDER (AVP_AI không có sổ nhận kho riêng) — dữ liệu chạy thử,
714168,11610091-MY-AK,747,81169,81169,,,2026-08-11,,Suy từ PIECES của WORK ORDER (AVP_AI không có sổ nhận kho riêng) — dữ liệu chạy thử,
714169,11610091-MY-AK,755,69351,69351,,,2026-08-11,,Suy từ PIECES của WORK ORDER (AVP_AI không có sổ nhận kho riêng) — dữ liệu chạy thử,
714170,11610091-MY-AK,274,77013,77013,,,2026-08-11,,Suy từ PIECES của WORK ORDER (AVP_AI không có sổ nhận kho riêng) — dữ liệu chạy thử,
714171,11610091-MY-AK,1781,76364,76364,,,2026-08-11,,Suy từ PIECES của WORK ORDER (AVP_AI không có sổ nhận kho riêng) — dữ liệu chạy thử,
714188,11546367-MY-AK,980,25075,25075,,,2026-08-10,,Suy từ PIECES của WORK ORDER (AVP_AI không có sổ nhận kho riêng) — dữ liệu chạy thử,
714189,11546367-MY-AK,121,24172,24172,,,2026-08-10,,Suy từ PIECES của WORK ORDER (AVP_AI không có sổ nhận kho riêng) — dữ liệu chạy thử,
714190,11546367-MY-AK,408,25634,25634,,,2026-08-10,,Suy từ PIECES của WORK ORDER (AVP_AI không có sổ nhận kho riêng) — dữ liệu chạy thử,
714191,11546367-MY-AK,931,23656,23656,,,2026-08-10,,Suy từ PIECES của WORK ORDER (AVP_AI không có sổ nhận kho riêng) — dữ liệu chạy thử,
714192,11546367-MY-AK,1441,24645,24645,,,2026-08-10,,Suy từ PIECES của WORK ORDER (AVP_AI không có sổ nhận kho riêng) — dữ liệu chạy thử,
714193,11546367-MY-AK,260,24602,24602,,,2026-08-10,,Suy từ PIECES của WORK ORDER (AVP_AI không có sổ nhận kho riêng) — dữ liệu chạy thử,
714194,11546367-MY-AK,441,24022,24022,,,2026-08-10,,Suy từ PIECES của WORK ORDER (AVP_AI không có sổ nhận kho riêng) — dữ liệu chạy thử,
714195,11546367-MY-AK,944,25914,25914,,,2026-08-10,,Suy từ PIECES của WORK ORDER (AVP_AI không có sổ nhận kho riêng) — dữ liệu chạy thử,
714196,11546367-MY-AK,295,25677,25677,,,2026-08-10,,Suy từ PIECES của WORK ORDER (AVP_AI không có sổ nhận kho riêng) — dữ liệu chạy thử,
714197,11546367-MY-AK,48,23871,23871,,,2026-08-10,,Suy từ PIECES của WORK ORDER (AVP_AI không có sổ nhận kho riêng) — dữ liệu chạy thử,
714198,11546367-MY-AK,458,24731,24731,,,2026-08-10,,Suy từ PIECES của WORK ORDER (AVP_AI không có sổ nhận kho riêng) — dữ liệu chạy thử,
714199,11546367-MY-AK,897,24344,24344,,,2026-08-10,,Suy từ PIECES của WORK ORDER (AVP_AI không có sổ nhận kho riêng) — dữ liệu chạy thử,
714200,11610376,1718,40000,40000,,,2026-08-06,,Suy từ PIECES của WORK ORDER (AVP_AI không có sổ nhận kho riêng) — dữ liệu chạy thử,
714201,11610376,141,40000,40000,,,2026-08-06,,Suy từ PIECES của WORK ORDER (AVP_AI không có sổ nhận kho riêng) — dữ liệu chạy thử,
714202,11610376,813,20000,20000,,,2026-08-06,,Suy từ PIECES của WORK ORDER (AVP_AI không có sổ nhận kho riêng) — dữ liệu chạy thử,
714203,11610376,1760,35552,35552,,,2026-08-06,,Suy từ PIECES của WORK ORDER (AVP_AI không có sổ nhận kho riêng) — dữ liệu chạy thử,
714214,15047163,3,63770,63770,,,2026-08-04,,Suy từ PIECES của WORK ORDER (AVP_AI không có sổ nhận kho riêng) — dữ liệu chạy thử,
714217,15047163,748,62842,62842,,,2026-08-04,,Suy từ PIECES của WORK ORDER (AVP_AI không có sổ nhận kho riêng) — dữ liệu chạy thử,
714229,11602326,982,4887,4887,,,2026-07-27,,Suy từ PIECES của WORK ORDER (AVP_AI không có sổ nhận kho riêng) — dữ liệu chạy thử,
714230,06511701AA,484,78849,78849,,,2026-07-29,,Suy từ PIECES của WORK ORDER (AVP_AI không có sổ nhận kho riêng) — dữ liệu chạy thử,
714231,06511701AA,363,62230,62230,,,2026-07-29,,Suy từ PIECES của WORK ORDER (AVP_AI không có sổ nhận kho riêng) — dữ liệu chạy thử,
714234,NU5108-00-T,50,66000,66000,,,2026-09-10,,Suy từ PIECES của WORK ORDER (AVP_AI không có sổ nhận kho riêng) — dữ liệu chạy thử,
714235,NU5108-00,235,61156,61156,,,2026-07-30,,Suy từ PIECES của WORK ORDER (AVP_AI không có sổ nhận kho riêng) — dữ liệu chạy thử,
714236,W705606-S440,KIB,40000,40000,,,2026-07-22,,Suy từ PIECES của WORK ORDER (AVP_AI không có sổ nhận kho riêng) — dữ liệu chạy thử,
714237,W705606-S440,KIB,40000,40000,,,2026-07-22,,Suy từ PIECES của WORK ORDER (AVP_AI không có sổ nhận kho riêng) — dữ liệu chạy thử,
714244,NU3019-00,1512,5838,5838,,,2026-08-04,,Suy từ PIECES của WORK ORDER (AVP_AI không có sổ nhận kho riêng) — dữ liệu chạy thử,
714245,NU3019-00,200,3922,3922,,,2026-08-04,,Suy từ PIECES của WORK ORDER (AVP_AI không có sổ nhận kho riêng) — dữ liệu chạy thử,
714246,NU3019-00,1025,5565,5565,,,2026-08-04,,Suy từ PIECES của WORK ORDER (AVP_AI không có sổ nhận kho riêng) — dữ liệu chạy thử,
714247,NU3019-00,1029,4497,4497,,,2026-08-04,,Suy từ PIECES của WORK ORDER (AVP_AI không có sổ nhận kho riêng) — dữ liệu chạy thử,
714248,NU3019-00,1379,5225,5225,,,2026-08-04,,Suy từ PIECES của WORK ORDER (AVP_AI không có sổ nhận kho riêng) — dữ liệu chạy thử,
714249,NU3019-00,1541,4962,4962,,,2026-08-04,,Suy từ PIECES của WORK ORDER (AVP_AI không có sổ nhận kho riêng) — dữ liệu chạy thử,
714250,HL3W-4320-AA-L,730,4712,4712,,,2026-09-09,,Suy từ PIECES của WORK ORDER (AVP_AI không có sổ nhận kho riêng) — dữ liệu chạy thử,
714252,HL3W-4320-AA,468,4469,4469,,,2026-08-27,,Suy từ PIECES của WORK ORDER (AVP_AI không có sổ nhận kho riêng) — dữ liệu chạy thử,
714254,HL3W-4320-AA-L,776,6212,6212,,,2026-09-09,,Suy từ PIECES của WORK ORDER (AVP_AI không có sổ nhận kho riêng) — dữ liệu chạy thử,
714255,HL3W-4320-AA-L,1573,5813,5813,,,2026-09-09,,Suy từ PIECES của WORK ORDER (AVP_AI không có sổ nhận kho riêng) — dữ liệu chạy thử,
714256,HL3W-4320-AA,1679,6311,6311,,,2026-08-17,,Suy từ PIECES của WORK ORDER (AVP_AI không có sổ nhận kho riêng) — dữ liệu chạy thử,
714257,HL3W-4320-AA,1702,5426,5426,,,2026-08-17,,Suy từ PIECES của WORK ORDER (AVP_AI không có sổ nhận kho riêng) — dữ liệu chạy thử,
714258,W711468-S437,664,55029,55029,,,2026-08-27,,Suy từ PIECES của WORK ORDER (AVP_AI không có sổ nhận kho riêng) — dữ liệu chạy thử,
714259,W711468-S437,366,49936,49936,,,2026-09-03,,Suy từ PIECES của WORK ORDER (AVP_AI không có sổ nhận kho riêng) — dữ liệu chạy thử,
714260,W711468-S437,636,48439,48439,,,2026-08-27,,Suy từ PIECES của WORK ORDER (AVP_AI không có sổ nhận kho riêng) — dữ liệu chạy thử,
714261,W711468-S437,809,54046,54046,,,2026-08-17,,Suy từ PIECES của WORK ORDER (AVP_AI không có sổ nhận kho riêng) — dữ liệu chạy thử,
714262,L0668498AA02,609,124176,124176,,,2026-08-24,,Suy từ PIECES của WORK ORDER (AVP_AI không có sổ nhận kho riêng) — dữ liệu chạy thử,
714263,L0668498AA02,929,110769,110769,,,2026-08-26,,Suy từ PIECES của WORK ORDER (AVP_AI không có sổ nhận kho riêng) — dữ liệu chạy thử,
714270,11549204,442,7081,7081,,,2026-08-04,,Suy từ PIECES của WORK ORDER (AVP_AI không có sổ nhận kho riêng) — dữ liệu chạy thử,
714271,11549204,833,8041,8041,,,2026-08-04,,Suy từ PIECES của WORK ORDER (AVP_AI không có sổ nhận kho riêng) — dữ liệu chạy thử,
714274,11546774-MY-AK,753,13837,13837,,,2026-08-18,,Suy từ PIECES của WORK ORDER (AVP_AI không có sổ nhận kho riêng) — dữ liệu chạy thử,
714275,11546774-MY-AK,1513,13033,13033,,,2026-08-18,,Suy từ PIECES của WORK ORDER (AVP_AI không có sổ nhận kho riêng) — dữ liệu chạy thử,
714276,11546774-MY-AK,943,13435,13435,,,2026-08-18,,Suy từ PIECES của WORK ORDER (AVP_AI không có sổ nhận kho riêng) — dữ liệu chạy thử,
714277,11546774-MY-AK,721,13920,13920,,,2026-08-18,,Suy từ PIECES của WORK ORDER (AVP_AI không có sổ nhận kho riêng) — dữ liệu chạy thử,
714280,11610376,99,20000,20000,,,2026-08-06,,Suy từ PIECES của WORK ORDER (AVP_AI không có sổ nhận kho riêng) — dữ liệu chạy thử,
714281,11610376,1075,20000,20000,,,2026-08-06,,Suy từ PIECES của WORK ORDER (AVP_AI không có sổ nhận kho riêng) — dữ liệu chạy thử,
714298,11547369,1685,11636,11636,,,2026-08-12,,Suy từ PIECES của WORK ORDER (AVP_AI không có sổ nhận kho riêng) — dữ liệu chạy thử,
714299,11547369,704,10901,10901,,,2026-08-12,,Suy từ PIECES của WORK ORDER (AVP_AI không có sổ nhận kho riêng) — dữ liệu chạy thử,
714300,11547369,1005,10612,10612,,,2026-08-17,,Suy từ PIECES của WORK ORDER (AVP_AI không có sổ nhận kho riêng) — dữ liệu chạy thử,
714302,11516074,811,17621,17621,,,2026-08-06,,Suy từ PIECES của WORK ORDER (AVP_AI không có sổ nhận kho riêng) — dữ liệu chạy thử,
714303,11516074,1534,19768,19768,,,2026-08-06,,Suy từ PIECES của WORK ORDER (AVP_AI không có sổ nhận kho riêng) — dữ liệu chạy thử,
714312,11546377,525,61039,61039,,,2026-07-29,,Suy từ PIECES của WORK ORDER (AVP_AI không có sổ nhận kho riêng) — dữ liệu chạy thử,
714313,11546377,394,72208,72208,,,2026-07-29,,Suy từ PIECES của WORK ORDER (AVP_AI không có sổ nhận kho riêng) — dữ liệu chạy thử,
714314,11546377,288,72597,72597,,,2026-07-29,,Suy từ PIECES của WORK ORDER (AVP_AI không có sổ nhận kho riêng) — dữ liệu chạy thử,
714315,11546377,1578,62273,62273,,,2026-07-29,,Suy từ PIECES của WORK ORDER (AVP_AI không có sổ nhận kho riêng) — dữ liệu chạy thử,
714316,11546377,515,70844,70844,,,2026-07-29,,Suy từ PIECES của WORK ORDER (AVP_AI không có sổ nhận kho riêng) — dữ liệu chạy thử,
714317,11546377,555,64234,64234,,,2026-07-29,,Suy từ PIECES của WORK ORDER (AVP_AI không có sổ nhận kho riêng) — dữ liệu chạy thử,
714318,11546377,1022,7727,7727,,,2026-07-29,,Suy từ PIECES của WORK ORDER (AVP_AI không có sổ nhận kho riêng) — dữ liệu chạy thử,
714319,11546377,864,58456,58456,,,2026-07-29,,Suy từ PIECES của WORK ORDER (AVP_AI không có sổ nhận kho riêng) — dữ liệu chạy thử,
714320,11546377,127,64805,64805,,,2026-07-29,,Suy từ PIECES của WORK ORDER (AVP_AI không có sổ nhận kho riêng) — dữ liệu chạy thử,
714321,11546377,722,70130,70130,,,2026-07-29,,Suy từ PIECES của WORK ORDER (AVP_AI không có sổ nhận kho riêng) — dữ liệu chạy thử,
714338,06104388AA,1603,20218,20218,,,2026-07-31,,Suy từ PIECES của WORK ORDER (AVP_AI không có sổ nhận kho riêng) — dữ liệu chạy thử,
714340,06104388AA,1769,21622,21622,,,2026-07-31,,Suy từ PIECES của WORK ORDER (AVP_AI không có sổ nhận kho riêng) — dữ liệu chạy thử,
714344,06104388AA,1720,21090,21090,,,2026-07-31,,Suy từ PIECES của WORK ORDER (AVP_AI không có sổ nhận kho riêng) — dữ liệu chạy thử,
714345,06104388AA,936,19225,19225,,,2026-07-31,,Suy từ PIECES của WORK ORDER (AVP_AI không có sổ nhận kho riêng) — dữ liệu chạy thử,
714346,06104388AA,1432,21695,21695,,,2026-07-31,,Suy từ PIECES của WORK ORDER (AVP_AI không có sổ nhận kho riêng) — dữ liệu chạy thử,
714347,06104388AA,603,19031,19031,,,2026-07-31,,Suy từ PIECES của WORK ORDER (AVP_AI không có sổ nhận kho riêng) — dữ liệu chạy thử,
714348,06104388AA,740,20484,20484,,,2026-07-31,,Suy từ PIECES của WORK ORDER (AVP_AI không có sổ nhận kho riêng) — dữ liệu chạy thử,
714349,06104388AA,499,19831,19831,,,2026-07-31,,Suy từ PIECES của WORK ORDER (AVP_AI không có sổ nhận kho riêng) — dữ liệu chạy thử,
714350,11546367-CA-IN,908,28355,28355,,,2026-08-17,,Suy từ PIECES của WORK ORDER (AVP_AI không có sổ nhận kho riêng) — dữ liệu chạy thử,
714351,11546367-CA-IN,1712,27511,27511,,,2026-08-17,,Suy từ PIECES của WORK ORDER (AVP_AI không có sổ nhận kho riêng) — dữ liệu chạy thử,
714352,11546367-CA-IN,1302,12814,12814,,,2026-08-17,,Suy từ PIECES của WORK ORDER (AVP_AI không có sổ nhận kho riêng) — dữ liệu chạy thử,
714393,24576407-B,263,10000,10000,,,2026-08-18,,Suy từ PIECES của WORK ORDER (AVP_AI không có sổ nhận kho riêng) — dữ liệu chạy thử,
714394,W705606-S440,KIB,40000,40000,,,2026-07-22,,Suy từ PIECES của WORK ORDER (AVP_AI không có sổ nhận kho riêng) — dữ liệu chạy thử,
714395,W705606-S440,KIB,40000,40000,,,2026-07-22,,Suy từ PIECES của WORK ORDER (AVP_AI không có sổ nhận kho riêng) — dữ liệu chạy thử,
714396,11548147,KIB,12500,12500,,,2026-08-06,,Suy từ PIECES của WORK ORDER (AVP_AI không có sổ nhận kho riêng) — dữ liệu chạy thử,
714397,11548147,KIB,12500,12500,,,2026-08-06,,Suy từ PIECES của WORK ORDER (AVP_AI không có sổ nhận kho riêng) — dữ liệu chạy thử,
714398,11548147,KIB,12500,12500,,,2026-08-06,,Suy từ PIECES của WORK ORDER (AVP_AI không có sổ nhận kho riêng) — dữ liệu chạy thử,
714399,11548147,KIB,12500,12500,,,2026-08-06,,Suy từ PIECES của WORK ORDER (AVP_AI không có sổ nhận kho riêng) — dữ liệu chạy thử,
714404,06105102AA,KIB,40000,40000,,,2026-07-31,,Suy từ PIECES của WORK ORDER (AVP_AI không có sổ nhận kho riêng) — dữ liệu chạy thử,
714405,06105102AA,KIB,40000,40000,,,2026-07-31,,Suy từ PIECES của WORK ORDER (AVP_AI không có sổ nhận kho riêng) — dữ liệu chạy thử,
714406,06105048AA,KIB,40000,40000,,,2026-07-31,,Suy từ PIECES của WORK ORDER (AVP_AI không có sổ nhận kho riêng) — dữ liệu chạy thử,
714407,06105048AA,KIB,40000,40000,,,2026-07-31,,Suy từ PIECES của WORK ORDER (AVP_AI không có sổ nhận kho riêng) — dữ liệu chạy thử,
714412,06509967AA,KIB,40000,40000,,,2026-07-31,,Suy từ PIECES của WORK ORDER (AVP_AI không có sổ nhận kho riêng) — dữ liệu chạy thử,
714413,06509967AA,KIB,40000,40000,,,2026-07-31,,Suy từ PIECES của WORK ORDER (AVP_AI không có sổ nhận kho riêng) — dữ liệu chạy thử,
714414,M1482AC,KIB,10000,10000,,,2026-07-31,,Suy từ PIECES của WORK ORDER (AVP_AI không có sổ nhận kho riêng) — dữ liệu chạy thử,
714417,M1482AC,KIB,5000,5000,,,2026-07-31,,Suy từ PIECES của WORK ORDER (AVP_AI không có sổ nhận kho riêng) — dữ liệu chạy thử,
714420,11546703,1324,113580,113580,,,2026-08-19,,Suy từ PIECES của WORK ORDER (AVP_AI không có sổ nhận kho riêng) — dữ liệu chạy thử,
714421,11546703,1411,136790,136790,,,2026-08-11,,Suy từ PIECES của WORK ORDER (AVP_AI không có sổ nhận kho riêng) — dữ liệu chạy thử,
714422,11546703,542,129753,129753,,,2026-08-19,,Suy từ PIECES của WORK ORDER (AVP_AI không có sổ nhận kho riêng) — dữ liệu chạy thử,
714423,11546703,307,117037,117037,,,2026-08-17,,Suy từ PIECES của WORK ORDER (AVP_AI không có sổ nhận kho riêng) — dữ liệu chạy thử,
714424,W716298-S450,1784,133816,133816,,,2026-08-05,,Suy từ PIECES của WORK ORDER (AVP_AI không có sổ nhận kho riêng) — dữ liệu chạy thử,
714425,W716298-S450,487,131974,131974,,,2026-08-13,,Suy từ PIECES của WORK ORDER (AVP_AI không có sổ nhận kho riêng) — dữ liệu chạy thử,
714426,06511637AA,1708,39758,39758,,,2026-08-05,,Suy từ PIECES của WORK ORDER (AVP_AI không có sổ nhận kho riêng) — dữ liệu chạy thử,
714427,06511637AA,587,42823,42823,,,2026-08-05,,Suy từ PIECES của WORK ORDER (AVP_AI không có sổ nhận kho riêng) — dữ liệu chạy thử,
714428,11561645,1071,125325,125325,,,2026-08-12,,Suy từ PIECES của WORK ORDER (AVP_AI không có sổ nhận kho riêng) — dữ liệu chạy thử,
714429,11561645,335,116104,116104,,,2026-08-05,,Suy từ PIECES của WORK ORDER (AVP_AI không có sổ nhận kho riêng) — dữ liệu chạy thử,
714430,92468,238,24571,24571,,,2026-08-05,,Suy từ PIECES của WORK ORDER (AVP_AI không có sổ nhận kho riêng) — dữ liệu chạy thử,
714431,92468,314,25736,25736,,,2026-08-05,,Suy từ PIECES của WORK ORDER (AVP_AI không có sổ nhận kho riêng) — dữ liệu chạy thử,
714432,06511672AA-HT,1100,48319,48319,,,2026-09-09,,Suy từ PIECES của WORK ORDER (AVP_AI không có sổ nhận kho riêng) — dữ liệu chạy thử,
714433,06511672AA-HT,196,42069,42069,,,2026-09-09,,Suy từ PIECES của WORK ORDER (AVP_AI không có sổ nhận kho riêng) — dữ liệu chạy thử,
714434,11546566,65,55278,55278,,,2026-08-05,,Suy từ PIECES của WORK ORDER (AVP_AI không có sổ nhận kho riêng) — dữ liệu chạy thử,
714435,11546566,1333,42333,42333,,,2026-08-05,,Suy từ PIECES của WORK ORDER (AVP_AI không có sổ nhận kho riêng) — dữ liệu chạy thử,
714437,11546566,832,49500,49500,,,2026-08-05,,Suy từ PIECES của WORK ORDER (AVP_AI không có sổ nhận kho riêng) — dữ liệu chạy thử,
714444,11549171-MY-AK,844,9052,9052,,,2026-08-07,,Suy từ PIECES của WORK ORDER (AVP_AI không có sổ nhận kho riêng) — dữ liệu chạy thử,
714445,11549171-MY-AK,1673,10452,10452,,,2026-08-07,,Suy từ PIECES của WORK ORDER (AVP_AI không có sổ nhận kho riêng) — dữ liệu chạy thử,
714450,11549171-MY-AK,1443,9061,9061,,,2026-08-07,,Suy từ PIECES của WORK ORDER (AVP_AI không có sổ nhận kho riêng) — dữ liệu chạy thử,
714451,11549171-MY-AK,1508,10530,10530,,,2026-08-07,,Suy từ PIECES của WORK ORDER (AVP_AI không có sổ nhận kho riêng) — dữ liệu chạy thử,
714452,11549171-MY-AK,392,9400,9400,,,2026-08-07,,Suy từ PIECES của WORK ORDER (AVP_AI không có sổ nhận kho riêng) — dữ liệu chạy thử,
714453,11549171-MY-AK,475,10104,10104,,,2026-08-07,,Suy từ PIECES của WORK ORDER (AVP_AI không có sổ nhận kho riêng) — dữ liệu chạy thử,
714454,47336AE,1430,24372,24372,,,2026-08-07,,Suy từ PIECES của WORK ORDER (AVP_AI không có sổ nhận kho riêng) — dữ liệu chạy thử,
714455,47336AE,82,23767,23767,,,2026-08-07,,Suy từ PIECES của WORK ORDER (AVP_AI không có sổ nhận kho riêng) — dữ liệu chạy thử,
714462,NU1405-00,1598,76494,76494,,,2026-07-30,,Suy từ PIECES của WORK ORDER (AVP_AI không có sổ nhận kho riêng) — dữ liệu chạy thử,
714463,NU1405-00,1761,79675,79675,,,2026-07-30,,Suy từ PIECES của WORK ORDER (AVP_AI không có sổ nhận kho riêng) — dữ liệu chạy thử,
714464,NU1405-00,448,79286,79286,,,2026-07-30,,Suy từ PIECES của WORK ORDER (AVP_AI không có sổ nhận kho riêng) — dữ liệu chạy thử,
714465,NU1405-00,1067,75495,75495,,,2026-07-30,,Suy từ PIECES của WORK ORDER (AVP_AI không có sổ nhận kho riêng) — dữ liệu chạy thử,
714466,NU1510-00,1381,42000,42000,,,2026-08-06,,Suy từ PIECES của WORK ORDER (AVP_AI không có sổ nhận kho riêng) — dữ liệu chạy thử,
714467,NU1510-00,1689,45000,45000,,,2026-08-06,,Suy từ PIECES của WORK ORDER (AVP_AI không có sổ nhận kho riêng) — dữ liệu chạy thử,
714469,NU1510-00,798,44000,44000,,,2026-07-30,,Suy từ PIECES của WORK ORDER (AVP_AI không có sổ nhận kho riêng) — dữ liệu chạy thử,
714471,NU1510-00,1373,40000,40000,,,2026-07-30,,Suy từ PIECES của WORK ORDER (AVP_AI không có sổ nhận kho riêng) — dữ liệu chạy thử,
714472,11547369,399,11421,11421,,,2026-08-17,,Suy từ PIECES của WORK ORDER (AVP_AI không có sổ nhận kho riêng) — dữ liệu chạy thử,
714474,11547369,1431,6421,6421,,,2026-08-17,,Suy từ PIECES của WORK ORDER (AVP_AI không có sổ nhận kho riêng) — dữ liệu chạy thử,
714475,11547369,820,11388,11388,,,2026-08-17,,Suy từ PIECES của WORK ORDER (AVP_AI không có sổ nhận kho riêng) — dữ liệu chạy thử,
714476,11547369,467,9612,9612,,,2026-08-17,,Suy từ PIECES của WORK ORDER (AVP_AI không có sổ nhận kho riêng) — dữ liệu chạy thử,
714478,11547369,412,10942,10942,,,2026-08-12,,Suy từ PIECES của WORK ORDER (AVP_AI không có sổ nhận kho riêng) — dữ liệu chạy thử,
714479,11547369,279,11521,11521,,,2026-08-17,,Suy từ PIECES của WORK ORDER (AVP_AI không có sổ nhận kho riêng) — dữ liệu chạy thử,
714480,11547369,1339,11306,11306,,,2026-08-17,,Suy từ PIECES của WORK ORDER (AVP_AI không có sổ nhận kho riêng) — dữ liệu chạy thử,
714481,11547369,979,10562,10562,,,2026-08-17,,Suy từ PIECES của WORK ORDER (AVP_AI không có sổ nhận kho riêng) — dữ liệu chạy thử,
714482,11547369,252,10579,10579,,,2026-08-17,,Suy từ PIECES của WORK ORDER (AVP_AI không có sổ nhận kho riêng) — dữ liệu chạy thử,
714488,11546364-MY-AK,703,132651,132651,,,2026-07-29,,Suy từ PIECES của WORK ORDER (AVP_AI không có sổ nhận kho riêng) — dữ liệu chạy thử,
714489,11546364-MY-AK,1651,134096,134096,,,2026-07-29,,Suy từ PIECES của WORK ORDER (AVP_AI không có sổ nhận kho riêng) — dữ liệu chạy thử,
714490,11546364-MY-AK,176,120602,120602,,,2026-07-29,,Suy từ PIECES của WORK ORDER (AVP_AI không có sổ nhận kho riêng) — dữ liệu chạy thử,
714491,11546364-MY-AK,389,135422,135422,,,2026-07-29,,Suy từ PIECES của WORK ORDER (AVP_AI không có sổ nhận kho riêng) — dữ liệu chạy thử,
714492,11546364-MY-AK,341,122771,122771,,,2026-07-29,,Suy từ PIECES của WORK ORDER (AVP_AI không có sổ nhận kho riêng) — dữ liệu chạy thử,
714493,11546364-MY-AK,655,131084,131084,,,2026-07-29,,Suy từ PIECES của WORK ORDER (AVP_AI không có sổ nhận kho riêng) — dữ liệu chạy thử,
714494,11546364-MY-AK,1501,118072,118072,,,2026-07-29,,Suy từ PIECES của WORK ORDER (AVP_AI không có sổ nhận kho riêng) — dữ liệu chạy thử,
714495,11546364-MY-AK,1038,137952,137952,,,2026-07-29,,Suy từ PIECES của WORK ORDER (AVP_AI không có sổ nhận kho riêng) — dữ liệu chạy thử,
714500,06511701AA,374,78777,78777,,,2026-07-29,,Suy từ PIECES của WORK ORDER (AVP_AI không có sổ nhận kho riêng) — dữ liệu chạy thử,
714501,06511701AA,427,74892,74892,,,2026-07-29,,Suy từ PIECES của WORK ORDER (AVP_AI không có sổ nhận kho riêng) — dữ liệu chạy thử,
714502,11546377BR,427,69091,69091,,,2026-07-30,,Suy từ PIECES của WORK ORDER (AVP_AI không có sổ nhận kho riêng) — dữ liệu chạy thử,
714503,11546377BR,913,64675,64675,,,2026-07-30,,Suy từ PIECES của WORK ORDER (AVP_AI không có sổ nhận kho riêng) — dữ liệu chạy thử,
714504,11546440,834,56905,56905,,,2026-07-31,,Suy từ PIECES của WORK ORDER (AVP_AI không có sổ nhận kho riêng) — dữ liệu chạy thử,
714505,11546440,148,53952,53952,,,2026-07-31,,Suy từ PIECES của WORK ORDER (AVP_AI không có sổ nhận kho riêng) — dữ liệu chạy thử,
714506,06101831-A,1776,35761,35761,,,2026-07-31,,Suy từ PIECES của WORK ORDER (AVP_AI không có sổ nhận kho riêng) — dữ liệu chạy thử,
714508,06101831-A,1426,40797,40797,,,2026-07-31,,Suy từ PIECES của WORK ORDER (AVP_AI không có sổ nhận kho riêng) — dữ liệu chạy thử,
714509,06101831-A,545,43225,43225,,,2026-07-31,,Suy từ PIECES của WORK ORDER (AVP_AI không có sổ nhận kho riêng) — dữ liệu chạy thử,
714511,06101831-A,1710,41775,41775,,,2026-07-31,,Suy từ PIECES của WORK ORDER (AVP_AI không có sổ nhận kho riêng) — dữ liệu chạy thử,
714512,06101831-A,1102,41196,41196,,,2026-07-31,,Suy từ PIECES của WORK ORDER (AVP_AI không có sổ nhận kho riêng) — dữ liệu chạy thử,
714514,06101831-A,1311,40326,40326,,,2026-07-30,,Suy từ PIECES của WORK ORDER (AVP_AI không có sổ nhận kho riêng) — dữ liệu chạy thử,
714515,06101831-A,713,37536,37536,,,2026-07-30,,Suy từ PIECES của WORK ORDER (AVP_AI không có sổ nhận kho riêng) — dữ liệu chạy thử,
714516,06101831-A,725,39022,39022,,,2026-07-30,,Suy từ PIECES của WORK ORDER (AVP_AI không có sổ nhận kho riêng) — dữ liệu chạy thử,
714517,06101831-A,1448,37391,37391,,,2026-07-30,,Suy từ PIECES của WORK ORDER (AVP_AI không có sổ nhận kho riêng) — dữ liệu chạy thử,
714518,11549169-MY-AK,369,21953,21953,,,2026-08-13,,Suy từ PIECES của WORK ORDER (AVP_AI không có sổ nhận kho riêng) — dữ liệu chạy thử,
714519,11549169-MY-AK,494,26858,26858,,,2026-08-13,,Suy từ PIECES của WORK ORDER (AVP_AI không có sổ nhận kho riêng) — dữ liệu chạy thử,
714520,11549169-MY-AK,1365,23142,23142,,,2026-08-13,,Suy từ PIECES của WORK ORDER (AVP_AI không có sổ nhận kho riêng) — dữ liệu chạy thử,
714521,11549169-MY-AK,1800,26518,26518,,,2026-08-13,,Suy từ PIECES của WORK ORDER (AVP_AI không có sổ nhận kho riêng) — dữ liệu chạy thử,
714522,06511672AA-HT,1683,46638,46638,,,2026-09-09,,Suy từ PIECES của WORK ORDER (AVP_AI không có sổ nhận kho riêng) — dữ liệu chạy thử,
714523,06511672AA,321,43750,43750,,,2026-08-27,,Suy từ PIECES của WORK ORDER (AVP_AI không có sổ nhận kho riêng) — dữ liệu chạy thử,
714524,11561645-T,1073,124545,124545,,,2026-08-25,,Suy từ PIECES của WORK ORDER (AVP_AI không có sổ nhận kho riêng) — dữ liệu chạy thử,
714525,11561645-T,1630,121429,121429,,,2026-08-25,,Suy từ PIECES của WORK ORDER (AVP_AI không có sổ nhận kho riêng) — dữ liệu chạy thử,
714526,W520113-S440,617,43694,43694,,,2026-08-14,,Suy từ PIECES của WORK ORDER (AVP_AI không có sổ nhận kho riêng) — dữ liệu chạy thử,
714527,W520113-S440,44,41306,41306,,,2026-08-14,,Suy từ PIECES của WORK ORDER (AVP_AI không có sổ nhận kho riêng) — dữ liệu chạy thử,
714528,W520113-S440,1555,43993,43993,,,2026-08-14,,Suy từ PIECES của WORK ORDER (AVP_AI không có sổ nhận kho riêng) — dữ liệu chạy thử,
714529,W520113-S440,760,41381,41381,,,2026-08-14,,Suy từ PIECES của WORK ORDER (AVP_AI không có sổ nhận kho riêng) — dữ liệu chạy thử,
714530,11546366-MY-AK,1101,42130,42130,,,2026-08-17,,Suy từ PIECES của WORK ORDER (AVP_AI không có sổ nhận kho riêng) — dữ liệu chạy thử,
714531,11546366-MY-AK,1082,39350,39350,,,2026-08-17,,Suy từ PIECES của WORK ORDER (AVP_AI không có sổ nhận kho riêng) — dữ liệu chạy thử,
714532,11546366-MY-AK,737,40505,40505,,,2026-08-28,,Suy từ PIECES của WORK ORDER (AVP_AI không có sổ nhận kho riêng) — dữ liệu chạy thử,
714533,11546366-MY-AK,1115,30758,30758,,,2026-08-28,,Suy từ PIECES của WORK ORDER (AVP_AI không có sổ nhận kho riêng) — dữ liệu chạy thử,
714536,11546365-MY-AK,698,67427,67427,,,2026-08-17,,Suy từ PIECES của WORK ORDER (AVP_AI không có sổ nhận kho riêng) — dữ liệu chạy thử,
714537,11546365-MY-AK,790,63099,63099,,,2026-08-17,,Suy từ PIECES của WORK ORDER (AVP_AI không có sổ nhận kho riêng) — dữ liệu chạy thử,
714538,11546365-MY-AK,1714,71988,71988,,,2026-08-17,,Suy từ PIECES của WORK ORDER (AVP_AI không có sổ nhận kho riêng) — dữ liệu chạy thử,
714539,11546365-MY-AK,1529,57485,57485,,,2026-08-17,,Suy từ PIECES của WORK ORDER (AVP_AI không có sổ nhận kho riêng) — dữ liệu chạy thử,
714540,11546365-MY-AK,125,63392,63392,,,2026-08-17,,Suy từ PIECES của WORK ORDER (AVP_AI không có sổ nhận kho riêng) — dữ liệu chạy thử,
714541,11546365-MY-AK,1663,64678,64678,,,2026-08-17,,Suy từ PIECES của WORK ORDER (AVP_AI không có sổ nhận kho riêng) — dữ liệu chạy thử,
714542,11546367-MY-AK,821,23978,23978,,,2026-08-04,,Suy từ PIECES của WORK ORDER (AVP_AI không có sổ nhận kho riêng) — dữ liệu chạy thử,
714543,11546367-MY-AK,1632,24065,24065,,,2026-08-04,,Suy từ PIECES của WORK ORDER (AVP_AI không có sổ nhận kho riêng) — dữ liệu chạy thử,
714546,11546367-MY-AK,95,25226,25226,,,2026-08-04,,Suy từ PIECES của WORK ORDER (AVP_AI không có sổ nhận kho riêng) — dữ liệu chạy thử,
714547,11546367-MY-AK,1343,24430,24430,,,2026-08-04,,Suy từ PIECES của WORK ORDER (AVP_AI không có sổ nhận kho riêng) — dữ liệu chạy thử,
714548,11546367-MY-AK,1808,24817,24817,,,2026-08-04,,Suy từ PIECES của WORK ORDER (AVP_AI không có sổ nhận kho riêng) — dữ liệu chạy thử,
714549,11546367-MY-AK,15,24860,24860,,,2026-08-04,,Suy từ PIECES của WORK ORDER (AVP_AI không có sổ nhận kho riêng) — dữ liệu chạy thử,
714550,11546367-MY-AK,1682,25505,25505,,,2026-08-04,,Suy từ PIECES của WORK ORDER (AVP_AI không có sổ nhận kho riêng) — dữ liệu chạy thử,
714551,11546367-MY-AK,941,23505,23505,,,2026-08-04,,Suy từ PIECES của WORK ORDER (AVP_AI không có sổ nhận kho riêng) — dữ liệu chạy thử,
714552,11546367-MY-AK,181,24323,24323,,,2026-08-04,,Suy từ PIECES của WORK ORDER (AVP_AI không có sổ nhận kho riêng) — dữ liệu chạy thử,
714553,11546367-MY-AK,918,25462,25462,,,2026-08-04,,Suy từ PIECES của WORK ORDER (AVP_AI không có sổ nhận kho riêng) — dữ liệu chạy thử,
714556,11546367-MY-AK,21,23269,23269,,,2026-08-04,,Suy từ PIECES của WORK ORDER (AVP_AI không có sổ nhận kho riêng) — dữ liệu chạy thử,
714557,11546367-MY-AK,1525,26022,26022,,,2026-08-04,,Suy từ PIECES của WORK ORDER (AVP_AI không có sổ nhận kho riêng) — dữ liệu chạy thử,
714558,06509494AA,1106,27303,27303,,,2026-08-06,,Suy từ PIECES của WORK ORDER (AVP_AI không có sổ nhận kho riêng) — dữ liệu chạy thử,
714560,06512834AA,404,6976,6976,,,2026-08-05,,Suy từ PIECES của WORK ORDER (AVP_AI không có sổ nhận kho riêng) — dữ liệu chạy thử,
714561,06512834AA,1619,9822,9822,,,2026-08-05,,Suy từ PIECES của WORK ORDER (AVP_AI không có sổ nhận kho riêng) — dữ liệu chạy thử,
714562,06502979-A,289,20051,20051,,,2026-08-06,,Suy từ PIECES của WORK ORDER (AVP_AI không có sổ nhận kho riêng) — dữ liệu chạy thử,
714563,06502979-A,47,21010,21010,,,2026-08-06,,Suy từ PIECES của WORK ORDER (AVP_AI không có sổ nhận kho riêng) — dữ liệu chạy thử,
714564,06503825-A,1447,52308,52308,,,2026-08-06,,Suy từ PIECES của WORK ORDER (AVP_AI không có sổ nhận kho riêng) — dữ liệu chạy thử,
714565,06503825-A,763,63846,63846,,,2026-08-06,,Suy từ PIECES của WORK ORDER (AVP_AI không có sổ nhận kho riêng) — dữ liệu chạy thử,
714566,06503825-A,901,50462,50462,,,2026-08-06,,Suy từ PIECES của WORK ORDER (AVP_AI không có sổ nhận kho riêng) — dữ liệu chạy thử,
714567,06503825-A,1580,67077,67077,,,2026-08-06,,Suy từ PIECES của WORK ORDER (AVP_AI không có sổ nhận kho riêng) — dữ liệu chạy thử,
714568,06511799AA,16 CTNS,27200,27200,,,2026-08-31,,Suy từ PIECES của WORK ORDER (AVP_AI không có sổ nhận kho riêng) — dữ liệu chạy thử,
714569,06511799AA,36 CTNS,47792,47792,,,2026-08-31,,Suy từ PIECES của WORK ORDER (AVP_AI không có sổ nhận kho riêng) — dữ liệu chạy thử,
714570,06512349AA,210,10967,10967,,,2026-08-06,,Suy từ PIECES của WORK ORDER (AVP_AI không có sổ nhận kho riêng) — dữ liệu chạy thử,
714571,06512349AA,1676,7819,7819,,,2026-08-06,,Suy từ PIECES của WORK ORDER (AVP_AI không có sổ nhận kho riêng) — dữ liệu chạy thử,
714572,55364498AA,170,10018,10018,,,2026-08-06,,Suy từ PIECES của WORK ORDER (AVP_AI không có sổ nhận kho riêng) — dữ liệu chạy thử,
714573,55364498AA,1053,14368,14368,,,2026-08-06,,Suy từ PIECES của WORK ORDER (AVP_AI không có sổ nhận kho riêng) — dữ liệu chạy thử,
714574,F1302AB,269,20874,20874,,,2026-08-24,,Suy từ PIECES của WORK ORDER (AVP_AI không có sổ nhận kho riêng) — dữ liệu chạy thử,
714575,F1302AB,540,19191,19191,,,2026-08-24,,Suy từ PIECES của WORK ORDER (AVP_AI không có sổ nhận kho riêng) — dữ liệu chạy thử,
714576,F1302AB,847,19968,19968,,,2026-08-24,,Suy từ PIECES của WORK ORDER (AVP_AI không có sổ nhận kho riêng) — dữ liệu chạy thử,
714577,F1302AB,1554,20065,20065,,,2026-08-24,,Suy từ PIECES của WORK ORDER (AVP_AI không có sổ nhận kho riêng) — dữ liệu chạy thử,
714578,F1302AB,1572,20000,20000,,,2026-08-24,,Suy từ PIECES của WORK ORDER (AVP_AI không có sổ nhận kho riêng) — dữ liệu chạy thử,
714580,F1302AB,522,20129,20129,,,2026-08-20,,Suy từ PIECES của WORK ORDER (AVP_AI không có sổ nhận kho riêng) — dữ liệu chạy thử,
714581,F1302AB,116,18932,18932,,,2026-08-20,,Suy từ PIECES của WORK ORDER (AVP_AI không có sổ nhận kho riêng) — dữ liệu chạy thử,
714582,06514720AA,81,41765,41765,,,2026-08-05,,Suy từ PIECES của WORK ORDER (AVP_AI không có sổ nhận kho riêng) — dữ liệu chạy thử,
714583,06514720AA,332,37104,37104,,,2026-08-05,,Suy từ PIECES của WORK ORDER (AVP_AI không có sổ nhận kho riêng) — dữ liệu chạy thử,
714584,06514720AA,1698,43710,43710,,,2026-08-05,,Suy từ PIECES của WORK ORDER (AVP_AI không có sổ nhận kho riêng) — dữ liệu chạy thử,
714585,06514720AA,1398,35656,35656,,,2026-08-05,,Suy từ PIECES của WORK ORDER (AVP_AI không có sổ nhận kho riêng) — dữ liệu chạy thử,
714586,06514720AA,1108,40407,40407,,,2026-08-05,,Suy từ PIECES của WORK ORDER (AVP_AI không có sổ nhận kho riêng) — dữ liệu chạy thử,
714587,06514720AA,1388,39367,39367,,,2026-08-05,,Suy từ PIECES của WORK ORDER (AVP_AI không có sổ nhận kho riêng) — dữ liệu chạy thử,
714588,11561645,1807,131299,131299,,,2026-08-05,,Suy từ PIECES của WORK ORDER (AVP_AI không có sổ nhận kho riêng) — dữ liệu chạy thử,
714589,11561645,1787,119481,119481,,,2026-08-05,,Suy từ PIECES của WORK ORDER (AVP_AI không có sổ nhận kho riêng) — dữ liệu chạy thử,
714590,11609789-IN-MR,976,50748,50748,,,2026-08-07,,Suy từ PIECES của WORK ORDER (AVP_AI không có sổ nhận kho riêng) — dữ liệu chạy thử,
714596,4200818SHJ5A00Z,817,30663,30663,,,2026-08-21,,Suy từ PIECES của WORK ORDER (AVP_AI không có sổ nhận kho riêng) — dữ liệu chạy thử,
714597,4200818SHJ5A00Z,1362,32594,32594,,,2026-08-21,,Suy từ PIECES của WORK ORDER (AVP_AI không có sổ nhận kho riêng) — dữ liệu chạy thử,
714598,4200818SHJ5A00Z,470,29798,29798,,,2026-08-21,,Suy từ PIECES của WORK ORDER (AVP_AI không có sổ nhận kho riêng) — dữ liệu chạy thử,
714599,4200818SHJ5A00Z,639,32997,32997,,,2026-08-21,,Suy từ PIECES của WORK ORDER (AVP_AI không có sổ nhận kho riêng) — dữ liệu chạy thử,
714600,4200818SHJ5A00Z,1688,31326,31326,,,2026-08-21,,Suy từ PIECES của WORK ORDER (AVP_AI không có sổ nhận kho riêng) — dữ liệu chạy thử,
714604,HL3W-4320-AA,1678,6048,6048,,,2026-08-17,,Suy từ PIECES của WORK ORDER (AVP_AI không có sổ nhận kho riêng) — dữ liệu chạy thử,
714606,HL3W-4320-AA,175,5708,5708,,,2026-08-17,,Suy từ PIECES của WORK ORDER (AVP_AI không có sổ nhận kho riêng) — dữ liệu chạy thử,
714607,HL3W-4320-AA,416,6343,6343,,,2026-08-27,,Suy từ PIECES của WORK ORDER (AVP_AI không có sổ nhận kho riêng) — dữ liệu chạy thử,
714610,BL3W-4320-BA-L,707,4755,4755,,,2026-09-09,,Suy từ PIECES của WORK ORDER (AVP_AI không có sổ nhận kho riêng) — dữ liệu chạy thử,
714611,BL3W-4320-BA-L,1079,4640,4640,,,2026-09-09,,Suy từ PIECES của WORK ORDER (AVP_AI không có sổ nhận kho riêng) — dữ liệu chạy thử,
714614,06511777AA,784,19471,19471,,,2026-08-18,,Suy từ PIECES của WORK ORDER (AVP_AI không có sổ nhận kho riêng) — dữ liệu chạy thử,
714617,06511777AA,486,19388,19388,,,2026-08-18,,Suy từ PIECES của WORK ORDER (AVP_AI không có sổ nhận kho riêng) — dữ liệu chạy thử,
714648,11546774-MY-AK,1078,12687,12687,,,2026-08-18,,Suy từ PIECES của WORK ORDER (AVP_AI không có sổ nhận kho riêng) — dữ liệu chạy thử,
714649,11546774-MY-AK,331,14211,14211,,,2026-08-18,,Suy từ PIECES của WORK ORDER (AVP_AI không có sổ nhận kho riêng) — dữ liệu chạy thử,
714650,11546774-MY-AK,818,13199,13199,,,2026-08-18,,Suy từ PIECES của WORK ORDER (AVP_AI không có sổ nhận kho riêng) — dữ liệu chạy thử,
714651,11546774-MY-AK,706,14114,14114,,,2026-08-18,,Suy từ PIECES của WORK ORDER (AVP_AI không có sổ nhận kho riêng) — dữ liệu chạy thử,
714652,11546774-MY-AK,219,14737,14737,,,2026-08-18,,Suy từ PIECES của WORK ORDER (AVP_AI không có sổ nhận kho riêng) — dữ liệu chạy thử,
714653,11546774-MY-AK,152,14709,14709,,,2026-08-19,,Suy từ PIECES của WORK ORDER (AVP_AI không có sổ nhận kho riêng) — dữ liệu chạy thử,
714654,11549204,105,7863,7863,,,2026-08-04,,Suy từ PIECES của WORK ORDER (AVP_AI không có sổ nhận kho riêng) — dữ liệu chạy thử,
714655,11549204,419,7226,7226,,,2026-08-04,,Suy từ PIECES của WORK ORDER (AVP_AI không có sổ nhận kho riêng) — dữ liệu chạy thử,
714656,11546774-MY-AK,1099,14197,14197,,,2026-08-19,,Suy từ PIECES của WORK ORDER (AVP_AI không có sổ nhận kho riêng) — dữ liệu chạy thử,
714657,11546774-MY-AK,652,12895,12895,,,2026-08-19,,Suy từ PIECES của WORK ORDER (AVP_AI không có sổ nhận kho riêng) — dữ liệu chạy thử,
714658,11549204,1355,7830,7830,,,2026-08-04,,Suy từ PIECES của WORK ORDER (AVP_AI không có sổ nhận kho riêng) — dữ liệu chạy thử,
714659,11549204,231,7258,7258,,,2026-08-04,,Suy từ PIECES của WORK ORDER (AVP_AI không có sổ nhận kho riêng) — dữ liệu chạy thử,
714660,11549204,532,7035,7035,,,2026-08-04,,Suy từ PIECES của WORK ORDER (AVP_AI không có sổ nhận kho riêng) — dữ liệu chạy thử,
714661,11549204,657,8021,8021,,,2026-08-04,,Suy từ PIECES của WORK ORDER (AVP_AI không có sổ nhận kho riêng) — dữ liệu chạy thử,
714662,11549204,945,7258,7258,,,2026-08-04,,Suy từ PIECES của WORK ORDER (AVP_AI không có sổ nhận kho riêng) — dữ liệu chạy thử,
714663,11549204,34,7936,7936,,,2026-08-04,,Suy từ PIECES của WORK ORDER (AVP_AI không có sổ nhận kho riêng) — dữ liệu chạy thử,
714664,11549204,543,7725,7725,,,2026-08-04,,Suy từ PIECES của WORK ORDER (AVP_AI không có sổ nhận kho riêng) — dữ liệu chạy thử,
714665,11549204,895,7258,7258,,,2026-08-04,,Suy từ PIECES của WORK ORDER (AVP_AI không có sổ nhận kho riêng) — dữ liệu chạy thử,
714666,11546545,1303,95917,95917,,,2026-08-06,,Suy từ PIECES của WORK ORDER (AVP_AI không có sổ nhận kho riêng) — dữ liệu chạy thử,
714667,11546545,920,86083,86083,,,2026-08-06,,Suy từ PIECES của WORK ORDER (AVP_AI không có sổ nhận kho riêng) — dữ liệu chạy thử,
714668,11546545,1300,90583,90583,,,2026-08-06,,Suy từ PIECES của WORK ORDER (AVP_AI không có sổ nhận kho riêng) — dữ liệu chạy thử,
714669,11546545,1397,97083,97083,,,2026-08-06,,Suy từ PIECES của WORK ORDER (AVP_AI không có sổ nhận kho riêng) — dữ liệu chạy thử,
714670,11546545,1559,98750,98750,,,2026-08-06,,Suy từ PIECES của WORK ORDER (AVP_AI không có sổ nhận kho riêng) — dữ liệu chạy thử,
714671,11546545,848,85250,85250,,,2026-08-06,,Suy từ PIECES của WORK ORDER (AVP_AI không có sổ nhận kho riêng) — dữ liệu chạy thử,
714672,11546545,1773,90500,90500,,,2026-08-06,,Suy từ PIECES của WORK ORDER (AVP_AI không có sổ nhận kho riêng) — dữ liệu chạy thử,
714673,11546545,396,96167,96167,,,2026-08-06,,Suy từ PIECES của WORK ORDER (AVP_AI không có sổ nhận kho riêng) — dữ liệu chạy thử,
714675,P7241250,1701,61558,61558,,,2026-09-02,,Suy từ PIECES của WORK ORDER (AVP_AI không có sổ nhận kho riêng) — dữ liệu chạy thử,
714680,11546370-MY-AK,1319,7685,7685,,,2026-08-14,,Suy từ PIECES của WORK ORDER (AVP_AI không có sổ nhận kho riêng) — dữ liệu chạy thử,
714681,11546370-MY-AK,482,7148,7148,,,2026-08-14,,Suy từ PIECES của WORK ORDER (AVP_AI không có sổ nhận kho riêng) — dữ liệu chạy thử,
714682,11546370-MY-AK,395,7852,7852,,,2026-08-14,,Suy từ PIECES của WORK ORDER (AVP_AI không có sổ nhận kho riêng) — dữ liệu chạy thử,
714683,11546370-MY-AK,1785,7275,7275,,,2026-08-14,,Suy từ PIECES của WORK ORDER (AVP_AI không có sổ nhận kho riêng) — dữ liệu chạy thử,
714684,11546370-MY-AK,743,7094,7094,,,2026-08-14,,Suy từ PIECES của WORK ORDER (AVP_AI không có sổ nhận kho riêng) — dữ liệu chạy thử,
714685,11546370-MY-AK,60,7772,7772,,,2026-08-14,,Suy từ PIECES của WORK ORDER (AVP_AI không có sổ nhận kho riêng) — dữ liệu chạy thử,
714686,11546370-MY-AK,815,7960,7960,,,2026-08-14,,Suy từ PIECES của WORK ORDER (AVP_AI không có sổ nhận kho riêng) — dữ liệu chạy thử,
714687,11546370-MY-AK,337,7013,7013,,,2026-08-14,,Suy từ PIECES của WORK ORDER (AVP_AI không có sổ nhận kho riêng) — dữ liệu chạy thử,
714688,11546370-MY-AK,397,7302,7302,,,2026-08-14,,Suy từ PIECES của WORK ORDER (AVP_AI không có sổ nhận kho riêng) — dữ liệu chạy thử,
714689,11546370-MY-AK,457,7564,7564,,,2026-08-14,,Suy từ PIECES của WORK ORDER (AVP_AI không có sổ nhận kho riêng) — dữ liệu chạy thử,
714690,W520101-S450,774,128864,128864,,,2026-08-14,,Suy từ PIECES của WORK ORDER (AVP_AI không có sổ nhận kho riêng) — dữ liệu chạy thử,
714691,W520101-S450,585,112386,112386,,,2026-08-19,,Suy từ PIECES của WORK ORDER (AVP_AI không có sổ nhận kho riêng) — dữ liệu chạy thử,
714692,W520101-S450,792,121250,121250,,,2026-08-14,,Suy từ PIECES của WORK ORDER (AVP_AI không có sổ nhận kho riêng) — dữ liệu chạy thử,
714693,W520101-S442,147,121136,121136,,,2026-08-19,,Suy từ PIECES của WORK ORDER (AVP_AI không có sổ nhận kho riêng) — dữ liệu chạy thử,
714694,W520101-S442,650,125000,125000,,,2026-08-19,,Suy từ PIECES của WORK ORDER (AVP_AI không có sổ nhận kho riêng) — dữ liệu chạy thử,
714695,W520101-S442,498,125000,125000,,,2026-08-19,,Suy từ PIECES của WORK ORDER (AVP_AI không có sổ nhận kho riêng) — dữ liệu chạy thử,
714696,W520101-S450,881,128977,128977,,,2026-08-14,,Suy từ PIECES của WORK ORDER (AVP_AI không có sổ nhận kho riêng) — dữ liệu chạy thử,
714697,W520101-S450,933,125682,125682,,,2026-08-14,,Suy từ PIECES của WORK ORDER (AVP_AI không có sổ nhận kho riêng) — dữ liệu chạy thử,
714698,W520101-S437,188,129318,129318,,,2026-08-19,,Suy từ PIECES của WORK ORDER (AVP_AI không có sổ nhận kho riêng) — dữ liệu chạy thử,
714699,W520101-S437,1507,116136,116136,,,2026-08-14,,Suy từ PIECES của WORK ORDER (AVP_AI không có sổ nhận kho riêng) — dữ liệu chạy thử,
714700,W520101-S437,1011,120227,120227,,,2026-08-14,,Suy từ PIECES của WORK ORDER (AVP_AI không có sổ nhận kho riêng) — dữ liệu chạy thử,
714701,W520101-S437,303,126818,126818,,,2026-08-14,,Suy từ PIECES của WORK ORDER (AVP_AI không có sổ nhận kho riêng) — dữ liệu chạy thử,
714702,W520413-S450L,243,76623,76623,,,2026-08-14,,Suy từ PIECES của WORK ORDER (AVP_AI không có sổ nhận kho riêng) — dữ liệu chạy thử,
714703,W520413-S450L,1318,57857,57857,,,2026-08-13,,Suy từ PIECES của WORK ORDER (AVP_AI không có sổ nhận kho riêng) — dữ liệu chạy thử,
714704,W520111-S450B,1417,143735,143735,,,2026-08-14,,Suy từ PIECES của WORK ORDER (AVP_AI không có sổ nhận kho riêng) — dữ liệu chạy thử,
714705,W520111-S450B,1357,113494,113494,,,2026-08-14,,Suy từ PIECES của WORK ORDER (AVP_AI không có sổ nhận kho riêng) — dữ liệu chạy thử,
714706,W520111-S450B,1737,133855,133855,,,2026-08-14,,Suy từ PIECES của WORK ORDER (AVP_AI không có sổ nhận kho riêng) — dữ liệu chạy thử,
714707,W520111-S450B,443,123855,123855,,,2026-08-14,,Suy từ PIECES của WORK ORDER (AVP_AI không có sổ nhận kho riêng) — dữ liệu chạy thử,
714708,N620483-S2,1687,23251,23251,,,2026-08-07,,Suy từ PIECES của WORK ORDER (AVP_AI không có sổ nhận kho riêng) — dữ liệu chạy thử,
714709,N620483-S2,851,21626,21626,,,2026-08-07,,Suy từ PIECES của WORK ORDER (AVP_AI không có sổ nhận kho riêng) — dữ liệu chạy thử,
714710,11547059,400,23516,23516,,,2026-08-13,,Suy từ PIECES của WORK ORDER (AVP_AI không có sổ nhận kho riêng) — dữ liệu chạy thử,
714711,11547059,1312,21934,21934,,,2026-08-13,,Suy từ PIECES của WORK ORDER (AVP_AI không có sổ nhận kho riêng) — dữ liệu chạy thử,
714712,11547059,83,22637,22637,,,2026-08-13,,Suy từ PIECES của WORK ORDER (AVP_AI không có sổ nhận kho riêng) — dữ liệu chạy thử,
714713,11547059,1336,23209,23209,,,2026-08-13,,Suy từ PIECES của WORK ORDER (AVP_AI không có sổ nhận kho riêng) — dữ liệu chạy thử,
714714,11602659,1585,19521,19521,,,2026-08-18,,Suy từ PIECES của WORK ORDER (AVP_AI không có sổ nhận kho riêng) — dữ liệu chạy thử,
714715,11602659,230,17518,17518,,,2026-08-18,,Suy từ PIECES của WORK ORDER (AVP_AI không có sổ nhận kho riêng) — dữ liệu chạy thử,
714718,11602659,1518,12394,12394,,,2026-08-18,,Suy từ PIECES của WORK ORDER (AVP_AI không có sổ nhận kho riêng) — dữ liệu chạy thử,
714719,11602659,529,11206,11206,,,2026-08-18,,Suy từ PIECES của WORK ORDER (AVP_AI không có sổ nhận kho riêng) — dữ liệu chạy thử,
714720,94012078,1351,2846,2846,,,2026-08-11,,Suy từ PIECES của WORK ORDER (AVP_AI không có sổ nhận kho riêng) — dữ liệu chạy thử,
714721,94012078,1345,2221,2221,,,2026-08-11,,Suy từ PIECES của WORK ORDER (AVP_AI không có sổ nhận kho riêng) — dữ liệu chạy thử,
714722,94012078,1423,2692,2692,,,2026-08-11,,Suy từ PIECES của WORK ORDER (AVP_AI không có sổ nhận kho riêng) — dữ liệu chạy thử,
714723,94012078,1667,2293,2293,,,2026-08-11,,Suy từ PIECES của WORK ORDER (AVP_AI không có sổ nhận kho riêng) — dữ liệu chạy thử,
715600,06513904AA,149,9950,9950,,,2026-08-07,,Suy từ PIECES của WORK ORDER (AVP_AI không có sổ nhận kho riêng) — dữ liệu chạy thử,
715601,06513904AA,343,11956,11956,,,2026-08-07,,Suy từ PIECES của WORK ORDER (AVP_AI không có sổ nhận kho riêng) — dữ liệu chạy thử,
715602,06511834AA,23,3000,3000,,,2026-08-17,,Suy từ PIECES của WORK ORDER (AVP_AI không có sổ nhận kho riêng) — dữ liệu chạy thử,
715603,06511834AA,688,3000,3000,,,2026-08-17,,Suy từ PIECES của WORK ORDER (AVP_AI không có sổ nhận kho riêng) — dữ liệu chạy thử,
715604,06511834AA,1083,2727,2727,,,2026-08-04,,Suy từ PIECES của WORK ORDER (AVP_AI không có sổ nhận kho riêng) — dữ liệu chạy thử,
715605,06511834AA,593,3345,3345,,,2026-08-04,,Suy từ PIECES của WORK ORDER (AVP_AI không có sổ nhận kho riêng) — dữ liệu chạy thử,
715606,06101968-A,1329,75303,75303,,,2026-08-13,,Suy từ PIECES của WORK ORDER (AVP_AI không có sổ nhận kho riêng) — dữ liệu chạy thử,
715607,06101968-A,1066,73258,73258,,,2026-08-13,,Suy từ PIECES của WORK ORDER (AVP_AI không có sổ nhận kho riêng) — dữ liệu chạy thử,
715608,11546389,769,120260,120260,,,2026-07-31,,Suy từ PIECES của WORK ORDER (AVP_AI không có sổ nhận kho riêng) — dữ liệu chạy thử,
715609,11546389,1801,126234,126234,,,2026-07-31,,Suy từ PIECES của WORK ORDER (AVP_AI không có sổ nhận kho riêng) — dữ liệu chạy thử,
715610,11546389BR,1768,131429,131429,,,2026-07-31,,Suy từ PIECES của WORK ORDER (AVP_AI không có sổ nhận kho riêng) — dữ liệu chạy thử,
715611,11546389BR,574,116883,116883,,,2026-07-31,,Suy từ PIECES của WORK ORDER (AVP_AI không có sổ nhận kho riêng) — dữ liệu chạy thử,
715612,06512106AA,102,6067,6067,,,2026-08-04,,Suy từ PIECES của WORK ORDER (AVP_AI không có sổ nhận kho riêng) — dữ liệu chạy thử,
715613,06512106AA,694,6000,6000,,,2026-08-04,,Suy từ PIECES của WORK ORDER (AVP_AI không có sổ nhận kho riêng) — dữ liệu chạy thử,
715614,11546456,693,77377,77377,,,2026-08-04,,Suy từ PIECES của WORK ORDER (AVP_AI không có sổ nhận kho riêng) — dữ liệu chạy thử,
715615,11546456,187,74754,74754,,,2026-08-04,,Suy từ PIECES của WORK ORDER (AVP_AI không có sổ nhận kho riêng) — dữ liệu chạy thử,
715616,11546456,795,78689,78689,,,2026-08-04,,Suy từ PIECES của WORK ORDER (AVP_AI không có sổ nhận kho riêng) — dữ liệu chạy thử,
715617,11546456,971,74754,74754,,,2026-08-04,,Suy từ PIECES của WORK ORDER (AVP_AI không có sổ nhận kho riêng) — dữ liệu chạy thử,
715618,11546456,793,74754,74754,,,2026-08-04,,Suy từ PIECES của WORK ORDER (AVP_AI không có sổ nhận kho riêng) — dữ liệu chạy thử,
715619,11546456,90,75574,75574,,,2026-08-04,,Suy từ PIECES của WORK ORDER (AVP_AI không có sổ nhận kho riêng) — dữ liệu chạy thử,
715620,11546456,677,82787,82787,,,2026-08-04,,Suy từ PIECES của WORK ORDER (AVP_AI không có sổ nhận kho riêng) — dữ liệu chạy thử,
715621,11546456,1795,72213,72213,,,2026-08-04,,Suy từ PIECES của WORK ORDER (AVP_AI không có sổ nhận kho riêng) — dữ liệu chạy thử,
715665,NU1510-00,953,40000,40000,,,2026-08-06,,Suy từ PIECES của WORK ORDER (AVP_AI không có sổ nhận kho riêng) — dữ liệu chạy thử,
715666,NU1510-00,73,43000,43000,,,2026-08-06,,Suy từ PIECES của WORK ORDER (AVP_AI không có sổ nhận kho riêng) — dữ liệu chạy thử,
715674,61273,896,7035,7035,,,2026-08-06,,Suy từ PIECES của WORK ORDER (AVP_AI không có sổ nhận kho riêng) — dữ liệu chạy thử,
715675,61273,418,7734,7734,,,2026-08-06,,Suy từ PIECES của WORK ORDER (AVP_AI không có sổ nhận kho riêng) — dữ liệu chạy thử,
715677,11588714,KIB,70000,70000,,,2026-08-04,,Suy từ PIECES của WORK ORDER (AVP_AI không có sổ nhận kho riêng) — dữ liệu chạy thử,
715679,11588714,KIB,70000,70000,,,2026-08-04,,Suy từ PIECES của WORK ORDER (AVP_AI không có sổ nhận kho riêng) — dữ liệu chạy thử,
715680,06509967AA,KIB,40000,40000,,,2026-08-06,,Suy từ PIECES của WORK ORDER (AVP_AI không có sổ nhận kho riêng) — dữ liệu chạy thử,
715681,06509967AA,KIB,40000,40000,,,2026-08-06,,Suy từ PIECES của WORK ORDER (AVP_AI không có sổ nhận kho riêng) — dữ liệu chạy thử,
715682,06509967AA,KIB,40000,40000,,,2026-08-06,,Suy từ PIECES của WORK ORDER (AVP_AI không có sổ nhận kho riêng) — dữ liệu chạy thử,
715683,06509967AA,KIB,40000,40000,,,2026-08-06,,Suy từ PIECES của WORK ORDER (AVP_AI không có sổ nhận kho riêng) — dữ liệu chạy thử,
715684,06105049AA,KIB,40000,40000,,,2026-08-10,,Suy từ PIECES của WORK ORDER (AVP_AI không có sổ nhận kho riêng) — dữ liệu chạy thử,
715685,06105049AA,KIB,40000,40000,,,2026-08-10,,Suy từ PIECES của WORK ORDER (AVP_AI không có sổ nhận kho riêng) — dữ liệu chạy thử,
715686,11546465,1096,39276,39276,,,2026-08-31,,Suy từ PIECES của WORK ORDER (AVP_AI không có sổ nhận kho riêng) — dữ liệu chạy thử,
715687,11546465,752,33966,33966,,,2026-08-31,,Suy từ PIECES của WORK ORDER (AVP_AI không có sổ nhận kho riêng) — dữ liệu chạy thử,
715701,06104725AA,586,106604,106604,,,2026-08-06,,Suy từ PIECES của WORK ORDER (AVP_AI không có sổ nhận kho riêng) — dữ liệu chạy thử,
715702,06104725AA,1639,95000,95000,,,2026-08-06,,Suy từ PIECES của WORK ORDER (AVP_AI không có sổ nhận kho riêng) — dữ liệu chạy thử,
715703,06104725AA,2,108962,108962,,,2026-08-06,,Suy từ PIECES của WORK ORDER (AVP_AI không có sổ nhận kho riêng) — dữ liệu chạy thử,
715704,06104725AA,939,108113,108113,,,2026-08-06,,Suy từ PIECES của WORK ORDER (AVP_AI không có sổ nhận kho riêng) — dữ liệu chạy thử,
715705,06104725AA,1526,97736,97736,,,2026-08-06,,Suy từ PIECES của WORK ORDER (AVP_AI không có sổ nhận kho riêng) — dữ liệu chạy thử,
715706,06104725AA,38,100283,100283,,,2026-08-06,,Suy từ PIECES của WORK ORDER (AVP_AI không có sổ nhận kho riêng) — dữ liệu chạy thử,
715707,06104725AA,183,103208,103208,,,2026-08-06,,Suy từ PIECES của WORK ORDER (AVP_AI không có sổ nhận kho riêng) — dữ liệu chạy thử,
715708,06104725AA,903,99340,99340,,,2026-08-06,,Suy từ PIECES của WORK ORDER (AVP_AI không có sổ nhận kho riêng) — dữ liệu chạy thử,
715709,06104725AA,629,99057,99057,,,2026-08-06,,Suy từ PIECES của WORK ORDER (AVP_AI không có sổ nhận kho riêng) — dữ liệu chạy thử,
715710,06104725AA,561,101132,101132,,,2026-08-06,,Suy từ PIECES của WORK ORDER (AVP_AI không có sổ nhận kho riêng) — dữ liệu chạy thử,
715711,06104725AA,398,99057,99057,,,2026-08-06,,Suy từ PIECES của WORK ORDER (AVP_AI không có sổ nhận kho riêng) — dữ liệu chạy thử,
715712,NU1510-00,1449,43000,43000,,,2026-08-06,,Suy từ PIECES của WORK ORDER (AVP_AI không có sổ nhận kho riêng) — dữ liệu chạy thử,
715713,NU1510-00,370,41000,41000,,,2026-08-06,,Suy từ PIECES của WORK ORDER (AVP_AI không có sổ nhận kho riêng) — dữ liệu chạy thử,
715714,NU1510-00,1592,46000,46000,,,2026-08-06,,Suy từ PIECES của WORK ORDER (AVP_AI không có sổ nhận kho riêng) — dữ liệu chạy thử,
715715,NU1510-00,1804,42000,42000,,,2026-08-03,,Suy từ PIECES của WORK ORDER (AVP_AI không có sổ nhận kho riêng) — dữ liệu chạy thử,
715722,11546367-MY-AK,350,24688,24688,,,2026-08-14,,Suy từ PIECES của WORK ORDER (AVP_AI không có sổ nhận kho riêng) — dữ liệu chạy thử,
715723,11546367-MY-AK,564,24968,24968,,,2026-08-14,,Suy từ PIECES của WORK ORDER (AVP_AI không có sổ nhận kho riêng) — dữ liệu chạy thử,
715724,11546367-MY-AK,1613,27075,27075,,,2026-08-14,,Suy từ PIECES của WORK ORDER (AVP_AI không có sổ nhận kho riêng) — dữ liệu chạy thử,
715725,11546367-MY-AK,142,21957,21957,,,2026-08-14,,Suy từ PIECES của WORK ORDER (AVP_AI không có sổ nhận kho riêng) — dữ liệu chạy thử,
715728,11546367-MY-AK,928,25226,25226,,,2026-08-14,,Suy từ PIECES của WORK ORDER (AVP_AI không có sổ nhận kho riêng) — dữ liệu chạy thử,
715729,11546367-MY-AK,212,23656,23656,,,2026-08-14,,Suy từ PIECES của WORK ORDER (AVP_AI không có sổ nhận kho riêng) — dữ liệu chạy thử,
715730,11546367-MY-AK,1757,24387,24387,,,2026-08-14,,Suy từ PIECES của WORK ORDER (AVP_AI không có sổ nhận kho riêng) — dữ liệu chạy thử,
715731,11546367-MY-AK,322,25548,25548,,,2026-08-14,,Suy từ PIECES của WORK ORDER (AVP_AI không có sổ nhận kho riêng) — dữ liệu chạy thử,
715734,11546377,1738,87922,87922,,,2026-08-06,,Suy từ PIECES của WORK ORDER (AVP_AI không có sổ nhận kho riêng) — dữ liệu chạy thử,
715735,11546377,376,74545,74545,,,2026-08-06,,Suy từ PIECES của WORK ORDER (AVP_AI không có sổ nhận kho riêng) — dữ liệu chạy thử,
715736,11546377,109,68247,68247,,,2026-08-06,,Suy từ PIECES của WORK ORDER (AVP_AI không có sổ nhận kho riêng) — dữ liệu chạy thử,
715737,11546377,271,65649,65649,,,2026-08-06,,Suy từ PIECES của WORK ORDER (AVP_AI không có sổ nhận kho riêng) — dữ liệu chạy thử,
715738,11546377,894,72662,72662,,,2026-08-06,,Suy từ PIECES của WORK ORDER (AVP_AI không có sổ nhận kho riêng) — dữ liệu chạy thử,
715739,11546377,626,61883,61883,,,2026-08-06,,Suy từ PIECES của WORK ORDER (AVP_AI không có sổ nhận kho riêng) — dữ liệu chạy thử,
715746,W20-1028-020SL,365,8126,8126,,,2026-08-04,,Suy từ PIECES của WORK ORDER (AVP_AI không có sổ nhận kho riêng) — dữ liệu chạy thử,
715747,W20-1028-020SL,1524,6940,6940,,,2026-08-04,,Suy từ PIECES của WORK ORDER (AVP_AI không có sổ nhận kho riêng) — dữ liệu chạy thử,
715748,W20-1028-020SL,485,7570,7570,,,2026-08-04,,Suy từ PIECES của WORK ORDER (AVP_AI không có sổ nhận kho riêng) — dữ liệu chạy thử,
715749,W20-1028-020SL,1806,7818,7818,,,2026-08-04,,Suy từ PIECES của WORK ORDER (AVP_AI không có sổ nhận kho riêng) — dữ liệu chạy thử,
715750,W20-1028-020SL,174,7313,7313,,,2026-08-04,,Suy từ PIECES của WORK ORDER (AVP_AI không có sổ nhận kho riêng) — dữ liệu chạy thử,
715751,W20-1028-020SL,889,7760,7760,,,2026-08-04,,Suy từ PIECES của WORK ORDER (AVP_AI không có sổ nhận kho riêng) — dữ liệu chạy thử,
715752,11546449,171,92373,92373,,,2026-08-13,,Suy từ PIECES của WORK ORDER (AVP_AI không có sổ nhận kho riêng) — dữ liệu chạy thử,
715753,11546449,1328,81186,81186,,,2026-08-13,,Suy từ PIECES của WORK ORDER (AVP_AI không có sổ nhận kho riêng) — dữ liệu chạy thử,
715754,11546449,734,82203,82203,,,2026-08-13,,Suy từ PIECES của WORK ORDER (AVP_AI không có sổ nhận kho riêng) — dữ liệu chạy thử,
715755,11546449,194,90678,90678,,,2026-08-13,,Suy từ PIECES của WORK ORDER (AVP_AI không có sổ nhận kho riêng) — dữ liệu chạy thử,
715756,11546449,683,88729,88729,,,2026-08-13,,Suy từ PIECES của WORK ORDER (AVP_AI không có sổ nhận kho riêng) — dữ liệu chạy thử,
715757,11546449,1711,84831,84831,,,2026-08-12,,Suy từ PIECES của WORK ORDER (AVP_AI không có sổ nhận kho riêng) — dữ liệu chạy thử,
715758,11546449,1674,87288,87288,,,2026-08-12,,Suy từ PIECES của WORK ORDER (AVP_AI không có sổ nhận kho riêng) — dữ liệu chạy thử,
715759,11546449,982,85847,85847,,,2026-08-12,,Suy từ PIECES của WORK ORDER (AVP_AI không có sổ nhận kho riêng) — dữ liệu chạy thử,
715760,11546449,619,81525,81525,,,2026-08-12,,Suy từ PIECES của WORK ORDER (AVP_AI không có sổ nhận kho riêng) — dữ liệu chạy thử,
715761,11546449,241,92797,92797,,,2026-08-12,,Suy từ PIECES của WORK ORDER (AVP_AI không có sổ nhận kho riêng) — dữ liệu chạy thử,
715762,11546449,268,85763,85763,,,2026-08-13,,Suy từ PIECES của WORK ORDER (AVP_AI không có sổ nhận kho riêng) — dữ liệu chạy thử,
715763,11546449,702,88983,88983,,,2026-08-13,,Suy từ PIECES của WORK ORDER (AVP_AI không có sổ nhận kho riêng) — dữ liệu chạy thử,
715764,11546449,32,83729,83729,,,2026-08-13,,Suy từ PIECES của WORK ORDER (AVP_AI không có sổ nhận kho riêng) — dữ liệu chạy thử,
715765,11546449,951,89492,89492,,,2026-08-13,,Suy từ PIECES của WORK ORDER (AVP_AI không có sổ nhận kho riêng) — dữ liệu chạy thử,
715788,11610126,1036,32087,32087,,,2026-08-13,,Suy từ PIECES của WORK ORDER (AVP_AI không có sổ nhận kho riêng) — dữ liệu chạy thử,
715789,11610126,382,34409,34409,,,2026-08-13,,Suy từ PIECES của WORK ORDER (AVP_AI không có sổ nhận kho riêng) — dữ liệu chạy thử,
715790,11546566,1416,48167,48167,,,2026-08-12,,Suy từ PIECES của WORK ORDER (AVP_AI không có sổ nhận kho riêng) — dữ liệu chạy thử,
715791,11546566,515,48444,48444,,,2026-08-13,,Suy từ PIECES của WORK ORDER (AVP_AI không có sổ nhận kho riêng) — dữ liệu chạy thử,
715792,W711953-S900,605,20065,20065,,,2026-08-12,,Suy từ PIECES của WORK ORDER (AVP_AI không có sổ nhận kho riêng) — dữ liệu chạy thử,
715794,11602292,513,28544,28544,,,2026-08-06,,Suy từ PIECES của WORK ORDER (AVP_AI không có sổ nhận kho riêng) — dữ liệu chạy thử,
715795,11602292,1710,24757,24757,,,2026-08-06,,Suy từ PIECES của WORK ORDER (AVP_AI không có sổ nhận kho riêng) — dữ liệu chạy thử,
715796,11610128,1330,29714,29714,,,2026-08-19,,Suy từ PIECES của WORK ORDER (AVP_AI không có sổ nhận kho riêng) — dữ liệu chạy thử,
715797,11610128,670,32214,32214,,,2026-08-19,,Suy từ PIECES của WORK ORDER (AVP_AI không có sổ nhận kho riêng) — dữ liệu chạy thử,
715798,11546391,614,95781,95781,,,2026-08-27,,Suy từ PIECES của WORK ORDER (AVP_AI không có sổ nhận kho riêng) — dữ liệu chạy thử,
715799,1K2GZ0-00,1545,93594,93594,,,2026-08-12,,Suy từ PIECES của WORK ORDER (AVP_AI không có sổ nhận kho riêng) — dữ liệu chạy thử,
715800,W715851-S450B,282,55260,55260,,,2026-08-13,,Suy từ PIECES của WORK ORDER (AVP_AI không có sổ nhận kho riêng) — dữ liệu chạy thử,
715801,W715851-S450B,1599,66494,66494,,,2026-08-13,,Suy từ PIECES của WORK ORDER (AVP_AI không có sổ nhận kho riêng) — dữ liệu chạy thử,
715802,22800396,161,29148,29148,,,2026-08-12,,Suy từ PIECES của WORK ORDER (AVP_AI không có sổ nhận kho riêng) — dữ liệu chạy thử,
715804,7151143403,276,58107,58107,,,2026-08-12,,Suy từ PIECES của WORK ORDER (AVP_AI không có sổ nhận kho riêng) — dữ liệu chạy thử,
715806,11546703,1415,118395,118395,,,2026-08-31,,Suy từ PIECES của WORK ORDER (AVP_AI không có sổ nhận kho riêng) — dữ liệu chạy thử,
715807,11546703,46,129753,129753,,,2026-08-31,,Suy từ PIECES của WORK ORDER (AVP_AI không có sổ nhận kho riêng) — dữ liệu chạy thử,
715808,11546703,1666,115185,115185,,,2026-08-31,,Suy từ PIECES của WORK ORDER (AVP_AI không có sổ nhận kho riêng) — dữ liệu chạy thử,
715809,11546703,1755,134938,134938,,,2026-08-31,,Suy từ PIECES của WORK ORDER (AVP_AI không có sổ nhận kho riêng) — dữ liệu chạy thử,
715810,11602023,882,34629,34629,,,2026-08-24,,Suy từ PIECES của WORK ORDER (AVP_AI không có sổ nhận kho riêng) — dữ liệu chạy thử,
715812,11546703,708,136543,136543,,,2026-08-31,,Suy từ PIECES của WORK ORDER (AVP_AI không có sổ nhận kho riêng) — dữ liệu chạy thử,
715813,11546703,1589,114198,114198,,,2026-08-31,,Suy từ PIECES của WORK ORDER (AVP_AI không có sổ nhận kho riêng) — dữ liệu chạy thử,
715814,11546703-HT,165,134691,134691,,,2026-09-09,,Suy từ PIECES của WORK ORDER (AVP_AI không có sổ nhận kho riêng) — dữ liệu chạy thử,
715815,11546703-HT,1644,113827,113827,,,2026-09-09,,Suy từ PIECES của WORK ORDER (AVP_AI không có sổ nhận kho riêng) — dữ liệu chạy thử,
715816,11546703,275,133580,133580,,,2026-08-31,,Suy từ PIECES của WORK ORDER (AVP_AI không có sổ nhận kho riêng) — dữ liệu chạy thử,
715817,11546703,1521,116420,116420,,,2026-08-31,,Suy từ PIECES của WORK ORDER (AVP_AI không có sổ nhận kho riêng) — dữ liệu chạy thử,
715830,40161567,590,4497,4497,,,2026-08-04,,Suy từ PIECES của WORK ORDER (AVP_AI không có sổ nhận kho riêng) — dữ liệu chạy thử,
715831,40161567,1649,5360,5360,,,2026-08-04,,Suy từ PIECES của WORK ORDER (AVP_AI không có sổ nhận kho riêng) — dữ liệu chạy thử,
715832,PZ18-7P483-AA,27TOTES,5600,5600,,,2026-08-20,,Suy từ PIECES của WORK ORDER (AVP_AI không có sổ nhận kho riêng) — dữ liệu chạy thử,
715834,NU5210-03,526,40000,40000,,,2026-08-04,,Suy từ PIECES của WORK ORDER (AVP_AI không có sổ nhận kho riêng) — dữ liệu chạy thử,
715835,NU5210-03,523,41000,41000,,,2026-08-05,,Suy từ PIECES của WORK ORDER (AVP_AI không có sổ nhận kho riêng) — dữ liệu chạy thử,
715836,NU1510-00,193,40000,40000,,,2026-08-10,,Suy từ PIECES của WORK ORDER (AVP_AI không có sổ nhận kho riêng) — dữ liệu chạy thử,
715837,NU1510-00,1662,42000,42000,,,2026-08-10,,Suy từ PIECES của WORK ORDER (AVP_AI không có sổ nhận kho riêng) — dữ liệu chạy thử,
715838,NU1510-00,49,42000,42000,,,2026-08-06,,Suy từ PIECES của WORK ORDER (AVP_AI không có sổ nhận kho riêng) — dữ liệu chạy thử,
715840,06510997AA,1763,2280,2280,,,2026-08-07,,Suy từ PIECES của WORK ORDER (AVP_AI không có sổ nhận kho riêng) — dữ liệu chạy thử,
715841,06510997AA,658,2297,2297,,,2026-08-07,,Suy từ PIECES của WORK ORDER (AVP_AI không có sổ nhận kho riêng) — dữ liệu chạy thử,
715842,06510997AA,874,2200,2200,,,2026-08-07,,Suy từ PIECES của WORK ORDER (AVP_AI không có sổ nhận kho riêng) — dữ liệu chạy thử,
715844,06510997AA,1547,2137,2137,,,2026-08-07,,Suy từ PIECES của WORK ORDER (AVP_AI không có sổ nhận kho riêng) — dữ liệu chạy thử,
715845,06510997AA,1695,2363,2363,,,2026-08-07,,Suy từ PIECES của WORK ORDER (AVP_AI không có sổ nhận kho riêng) — dữ liệu chạy thử,
715846,06104384AA,530,24735,24735,,,2026-08-13,,Suy từ PIECES của WORK ORDER (AVP_AI không có sổ nhận kho riêng) — dữ liệu chạy thử,
715847,06104384AA,789,21561,21561,,,2026-08-13,,Suy từ PIECES của WORK ORDER (AVP_AI không có sổ nhận kho riêng) — dữ liệu chạy thử,
715848,11546465,232,36828,36828,,,2026-08-31,,Suy từ PIECES của WORK ORDER (AVP_AI không có sổ nhận kho riêng) — dữ liệu chạy thử,
715849,11546465,1646,35517,35517,,,2026-08-31,,Suy từ PIECES của WORK ORDER (AVP_AI không có sổ nhận kho riêng) — dữ liệu chạy thử,
715853,06101831-A,1627,41123,41123,,,2026-08-10,,Suy từ PIECES của WORK ORDER (AVP_AI không có sổ nhận kho riêng) — dữ liệu chạy thử,
715854,06101831-A,632,39710,39710,,,2026-08-10,,Suy từ PIECES của WORK ORDER (AVP_AI không có sổ nhận kho riêng) — dữ liệu chạy thử,
715855,06101831-A,1043,38804,38804,,,2026-08-10,,Suy từ PIECES của WORK ORDER (AVP_AI không có sổ nhận kho riêng) — dữ liệu chạy thử,
715857,06101831-A,709,38623,38623,,,2026-08-10,,Suy từ PIECES của WORK ORDER (AVP_AI không có sổ nhận kho riêng) — dữ liệu chạy thử,
715858,06101831-A,227,37138,37138,,,2026-08-10,,Suy từ PIECES của WORK ORDER (AVP_AI không có sổ nhận kho riêng) — dữ liệu chạy thử,
715859,06101831-A,1791,37138,37138,,,2026-08-06,,Suy từ PIECES của WORK ORDER (AVP_AI không có sổ nhận kho riêng) — dữ liệu chạy thử,
715861,06101831-A,1093,34710,34710,,,2026-08-06,,Suy từ PIECES của WORK ORDER (AVP_AI không có sổ nhận kho riêng) — dữ liệu chạy thử,
715862,06101831-A,1540,42283,42283,,,2026-08-06,,Suy từ PIECES của WORK ORDER (AVP_AI không có sổ nhận kho riêng) — dữ liệu chạy thử,
715863,06101831-A,1575,34964,34964,,,2026-08-06,,Suy từ PIECES của WORK ORDER (AVP_AI không có sổ nhận kho riêng) — dữ liệu chạy thử,
715864,06104388AA,1765,19879,19879,,,2026-08-10,,Suy từ PIECES của WORK ORDER (AVP_AI không có sổ nhận kho riêng) — dữ liệu chạy thử,
715865,06104388AA,1571,21380,21380,,,2026-08-10,,Suy từ PIECES của WORK ORDER (AVP_AI không có sổ nhận kho riêng) — dữ liệu chạy thử,
715866,06104388AA,843,22058,22058,,,2026-08-10,,Suy từ PIECES của WORK ORDER (AVP_AI không có sổ nhận kho riêng) — dữ liệu chạy thử,
715867,06104388AA,29,18354,18354,,,2026-08-10,,Suy từ PIECES của WORK ORDER (AVP_AI không có sổ nhận kho riêng) — dữ liệu chạy thử,
715872,11549204,1764,8047,8047,,,2026-08-07,,Suy từ PIECES của WORK ORDER (AVP_AI không có sổ nhận kho riêng) — dữ liệu chạy thử,
715873,11549204,387,7226,7226,,,2026-08-07,,Suy từ PIECES của WORK ORDER (AVP_AI không có sổ nhận kho riêng) — dữ liệu chạy thử,
715874,11549204,1551,7298,7298,,,2026-08-07,,Suy từ PIECES của WORK ORDER (AVP_AI không có sổ nhận kho riêng) — dữ liệu chạy thử,
715875,11549204,445,7811,7811,,,2026-08-07,,Suy từ PIECES của WORK ORDER (AVP_AI không có sổ nhận kho riêng) — dữ liệu chạy thử,
715876,11549204,333,7817,7817,,,2026-08-07,,Suy từ PIECES của WORK ORDER (AVP_AI không có sổ nhận kho riêng) — dữ liệu chạy thử,
715877,11549204,421,7390,7390,,,2026-08-07,,Suy từ PIECES của WORK ORDER (AVP_AI không có sổ nhận kho riêng) — dữ liệu chạy thử,
715878,11549204,687,8087,8087,,,2026-08-07,,Suy từ PIECES của WORK ORDER (AVP_AI không có sổ nhận kho riêng) — dữ liệu chạy thử,
715879,11549204,1558,7015,7015,,,2026-08-07,,Suy từ PIECES của WORK ORDER (AVP_AI không có sổ nhận kho riêng) — dữ liệu chạy thử,
715880,11549204,1833,8218,8218,,,2026-08-07,,Suy từ PIECES của WORK ORDER (AVP_AI không có sổ nhận kho riêng) — dữ liệu chạy thử,
715881,11549204,1834,7298,7298,,,2026-08-07,,Suy từ PIECES của WORK ORDER (AVP_AI không có sổ nhận kho riêng) — dữ liệu chạy thử,
715882,11549204,1827,8060,8060,,,2026-08-07,,Suy từ PIECES của WORK ORDER (AVP_AI không có sổ nhận kho riêng) — dữ liệu chạy thử,
715883,11549204,1828,7469,7469,,,2026-08-07,,Suy từ PIECES của WORK ORDER (AVP_AI không có sổ nhận kho riêng) — dữ liệu chạy thử,
715884,11549204,1577,8277,8277,,,2026-08-07,,Suy từ PIECES của WORK ORDER (AVP_AI không có sổ nhận kho riêng) — dữ liệu chạy thử,
715885,11549204,969,6963,6963,,,2026-08-07,,Suy từ PIECES của WORK ORDER (AVP_AI không có sổ nhận kho riêng) — dữ liệu chạy thử,
715948,11546366-MY-AK,525,41264,41264,,,2026-08-21,,Suy từ PIECES của WORK ORDER (AVP_AI không có sổ nhận kho riêng) — dữ liệu chạy thử,
715949,11546366-MY-AK,51,40361,40361,,,2026-08-21,,Suy từ PIECES của WORK ORDER (AVP_AI không có sổ nhận kho riêng) — dữ liệu chạy thử,
715950,11546366-MY-AK,1631,39892,39892,,,2026-08-21,,Suy từ PIECES của WORK ORDER (AVP_AI không có sổ nhận kho riêng) — dữ liệu chạy thử,
715951,11546366-MY-AK,1428,41661,41661,,,2026-08-21,,Suy từ PIECES của WORK ORDER (AVP_AI không có sổ nhận kho riêng) — dữ liệu chạy thử,
715952,11546369-MY-AK,1377,10321,10321,,,2026-08-24,,Suy từ PIECES của WORK ORDER (AVP_AI không có sổ nhận kho riêng) — dữ liệu chạy thử,
715953,11546369-MY-AK,389,9367,9367,,,2026-08-24,,Suy từ PIECES của WORK ORDER (AVP_AI không có sổ nhận kho riêng) — dữ liệu chạy thử,
715954,11549169-MY-AK,217,24586,24586,,,2026-08-13,,Suy từ PIECES của WORK ORDER (AVP_AI không có sổ nhận kho riêng) — dữ liệu chạy thử,
715955,11549169-MY-AK,925,24395,24395,,,2026-08-13,,Suy từ PIECES của WORK ORDER (AVP_AI không có sổ nhận kho riêng) — dữ liệu chạy thử,
715956,11549169-MY-AK,293,24140,24140,,,2026-08-12,,Suy từ PIECES của WORK ORDER (AVP_AI không có sổ nhận kho riêng) — dữ liệu chạy thử,
715957,11549169-MY-AK,132,24883,24883,,,2026-08-12,,Suy từ PIECES của WORK ORDER (AVP_AI không có sổ nhận kho riêng) — dữ liệu chạy thử,
715958,11549169-MY-AK,1429,23673,23673,,,2026-08-12,,Suy từ PIECES của WORK ORDER (AVP_AI không có sổ nhận kho riêng) — dữ liệu chạy thử,
715959,11549169-MY-AK,1574,25584,25584,,,2026-08-12,,Suy từ PIECES của WORK ORDER (AVP_AI không có sổ nhận kho riêng) — dữ liệu chạy thử,
715960,11549169-MY-AK,139,25011,25011,,,2026-08-12,,Suy từ PIECES của WORK ORDER (AVP_AI không có sổ nhận kho riêng) — dữ liệu chạy thử,
715961,11549169-MY-AK,1582,23567,23567,,,2026-08-12,,Suy từ PIECES của WORK ORDER (AVP_AI không có sổ nhận kho riêng) — dữ liệu chạy thử,
715962,11546378-MY-AK,1056,44138,44138,,,2026-08-20,,Suy từ PIECES của WORK ORDER (AVP_AI không có sổ nhận kho riêng) — dữ liệu chạy thử,
715963,11546378-MY-AK,1033,43065,43065,,,2026-08-20,,Suy từ PIECES của WORK ORDER (AVP_AI không có sổ nhận kho riêng) — dữ liệu chạy thử,
715964,11546378-MY-AK,712,45939,45939,,,2026-08-20,,Suy từ PIECES của WORK ORDER (AVP_AI không có sổ nhận kho riêng) — dữ liệu chạy thử,
715965,11546378-MY-AK,248,41648,41648,,,2026-08-20,,Suy từ PIECES của WORK ORDER (AVP_AI không có sổ nhận kho riêng) — dữ liệu chạy thử,
715966,11546365-MY-AK,808,68889,68889,,,2026-08-21,,Suy từ PIECES của WORK ORDER (AVP_AI không có sổ nhận kho riêng) — dữ liệu chạy thử,
715967,11546365-MY-AK,57,64269,64269,,,2026-08-21,,Suy từ PIECES của WORK ORDER (AVP_AI không có sổ nhận kho riêng) — dữ liệu chạy thử,
715968,11546365-MY-AK,1696,70117,70117,,,2026-08-21,,Suy từ PIECES của WORK ORDER (AVP_AI không có sổ nhận kho riêng) — dữ liệu chạy thử,
715969,11546365-MY-AK,860,63567,63567,,,2026-08-21,,Suy từ PIECES của WORK ORDER (AVP_AI không có sổ nhận kho riêng) — dữ liệu chạy thử,
715970,NU3019-00,1325,5067,5067,,,2026-08-11,,Suy từ PIECES của WORK ORDER (AVP_AI không có sổ nhận kho riêng) — dữ liệu chạy thử,
715971,NU3019-00,1374,5019,5019,,,2026-08-11,,Suy từ PIECES của WORK ORDER (AVP_AI không có sổ nhận kho riêng) — dữ liệu chạy thử,
715972,NU3019-00,507,5206,5206,,,2026-08-11,,Suy từ PIECES của WORK ORDER (AVP_AI không có sổ nhận kho riêng) — dữ liệu chạy thử,
715973,NU3019-00,154,4875,4875,,,2026-08-26,,Suy từ PIECES của WORK ORDER (AVP_AI không có sổ nhận kho riêng) — dữ liệu chạy thử,
715974,NU3019-00,560,5297,5297,,,2026-08-11,,Suy từ PIECES của WORK ORDER (AVP_AI không có sổ nhận kho riêng) — dữ liệu chạy thử,
715975,NU3019-00,197,4756,4756,,,2026-08-11,,Suy từ PIECES của WORK ORDER (AVP_AI không có sổ nhận kho riêng) — dữ liệu chạy thử,
715976,NU3019-00,1584,5038,5038,,,2026-08-11,,Suy từ PIECES của WORK ORDER (AVP_AI không có sổ nhận kho riêng) — dữ liệu chạy thử,
715977,NU3019-00,1604,5048,5048,,,2026-08-11,,Suy từ PIECES của WORK ORDER (AVP_AI không có sổ nhận kho riêng) — dữ liệu chạy thử,
715978,NU3019-00,578,4746,4746,,,2026-08-11,,Suy từ PIECES của WORK ORDER (AVP_AI không có sổ nhận kho riêng) — dữ liệu chạy thử,
715979,NU3019-00,1626,5311,5311,,,2026-08-11,,Suy từ PIECES của WORK ORDER (AVP_AI không có sổ nhận kho riêng) — dữ liệu chạy thử,
715980,NU3019-00,1049,4966,4966,,,2026-08-11,,Suy từ PIECES của WORK ORDER (AVP_AI không có sổ nhận kho riêng) — dữ liệu chạy thử,
715981,NU3019-00,198,5000,5000,,,2026-08-11,,Suy từ PIECES của WORK ORDER (AVP_AI không có sổ nhận kho riêng) — dữ liệu chạy thử,
715982,W520217-S440,300,5096,5096,,,2026-08-24,,Suy từ PIECES của WORK ORDER (AVP_AI không có sổ nhận kho riêng) — dữ liệu chạy thử,
715983,W520217-S440,1706,4931,4931,,,2026-08-24,,Suy từ PIECES của WORK ORDER (AVP_AI không có sổ nhận kho riêng) — dữ liệu chạy thử,
715984,W520217-S440,16,5050,5050,,,2026-08-24,,Suy từ PIECES của WORK ORDER (AVP_AI không có sổ nhận kho riêng) — dữ liệu chạy thử,
715985,W520217-S440,782,4890,4890,,,2026-08-24,,Suy từ PIECES của WORK ORDER (AVP_AI không có sổ nhận kho riêng) — dữ liệu chạy thử,
715986,W520217-S440,826,5165,5165,,,2026-08-24,,Suy từ PIECES của WORK ORDER (AVP_AI không có sổ nhận kho riêng) — dữ liệu chạy thử,
715987,W520217-S440,557,4835,4835,,,2026-08-24,,Suy từ PIECES của WORK ORDER (AVP_AI không có sổ nhận kho riêng) — dữ liệu chạy thử,
715988,W520217-S440,710,5421,5421,,,2026-08-24,,Suy từ PIECES của WORK ORDER (AVP_AI không có sổ nhận kho riêng) — dữ liệu chạy thử,
715989,W520217-S440,1550,4602,4602,,,2026-08-24,,Suy từ PIECES của WORK ORDER (AVP_AI không có sổ nhận kho riêng) — dữ liệu chạy thử,
715990,W520414-S440,1402,33678,33678,,,2026-08-10,,Suy từ PIECES của WORK ORDER (AVP_AI không có sổ nhận kho riêng) — dữ liệu chạy thử,
715991,W520414-S440,662,40920,40920,,,2026-08-10,,Suy từ PIECES của WORK ORDER (AVP_AI không có sổ nhận kho riêng) — dữ liệu chạy thử,
715992,11609280,115,41283,41283,,,2026-08-24,,Suy từ PIECES của WORK ORDER (AVP_AI không có sổ nhận kho riêng) — dữ liệu chạy thử,
715993,11609280,1112,49679,49679,,,2026-08-24,,Suy từ PIECES của WORK ORDER (AVP_AI không có sổ nhận kho riêng) — dữ liệu chạy thử,
715994,11611122,184,48467,48467,,,2026-09-03,,Suy từ PIECES của WORK ORDER (AVP_AI không có sổ nhận kho riêng) — dữ liệu chạy thử,
715998,W520412-S442,1067,131410,131410,,,2026-08-25,,Suy từ PIECES của WORK ORDER (AVP_AI không có sổ nhận kho riêng) — dữ liệu chạy thử,
715999,W520412-S442,480,109615,109615,,,2026-08-25,,Suy từ PIECES của WORK ORDER (AVP_AI không có sổ nhận kho riêng) — dữ liệu chạy thử,
716000,11546571,341,52216,52216,,,2026-08-12,,Suy từ PIECES của WORK ORDER (AVP_AI không có sổ nhận kho riêng) — dữ liệu chạy thử,
716001,11546571,1074,46168,46168,,,2026-08-12,,Suy từ PIECES của WORK ORDER (AVP_AI không có sổ nhận kho riêng) — dữ liệu chạy thử,
716002,11546571,87,56407,56407,,,2026-08-19,,Suy từ PIECES của WORK ORDER (AVP_AI không có sổ nhận kho riêng) — dữ liệu chạy thử,
716003,11546571,1753,44790,44790,,,2026-08-12,,Suy từ PIECES của WORK ORDER (AVP_AI không có sổ nhận kho riêng) — dữ liệu chạy thử,
716004,06503825-A,575,57462,57462,,,2026-08-24,,Suy từ PIECES của WORK ORDER (AVP_AI không có sổ nhận kho riêng) — dữ liệu chạy thử,
716005,06503825-A,1548,58462,58462,,,2026-08-24,,Suy từ PIECES của WORK ORDER (AVP_AI không có sổ nhận kho riêng) — dữ liệu chạy thử,
716006,06503825-A,495,58231,58231,,,2026-08-19,,Suy từ PIECES của WORK ORDER (AVP_AI không có sổ nhận kho riêng) — dữ liệu chạy thử,
716007,06503825-A,1501,55154,55154,,,2026-08-19,,Suy từ PIECES của WORK ORDER (AVP_AI không có sổ nhận kho riêng) — dữ liệu chạy thử,
716008,06503825-A,259,57308,57308,,,2026-08-20,,Suy từ PIECES của WORK ORDER (AVP_AI không có sổ nhận kho riêng) — dữ liệu chạy thử,
716009,06503825-A,672,55769,55769,,,2026-08-19,,Suy từ PIECES của WORK ORDER (AVP_AI không có sổ nhận kho riêng) — dữ liệu chạy thử,
716010,06512834AA,1504,9545,9545,,,2026-08-19,,Suy từ PIECES của WORK ORDER (AVP_AI không có sổ nhận kho riêng) — dữ liệu chạy thử,
716011,06512834AA,1016,7579,7579,,,2026-08-19,,Suy từ PIECES của WORK ORDER (AVP_AI không có sổ nhận kho riêng) — dữ liệu chạy thử,
716012,06502979-A,473,21515,21515,,,2026-08-24,,Suy từ PIECES của WORK ORDER (AVP_AI không có sổ nhận kho riêng) — dữ liệu chạy thử,
716013,06502979-A,1114,19747,19747,,,2026-08-24,,Suy từ PIECES của WORK ORDER (AVP_AI không có sổ nhận kho riêng) — dữ liệu chạy thử,
716014,F1302AB-HT,1107,19806,19806,,,2026-09-10,,Suy từ PIECES của WORK ORDER (AVP_AI không có sổ nhận kho riêng) — dữ liệu chạy thử,
716015,F1302AB-HT,362,20065,20065,,,2026-09-10,,Suy từ PIECES của WORK ORDER (AVP_AI không có sổ nhận kho riêng) — dữ liệu chạy thử,
716016,F1302AB-HT,1024,21650,21650,,,2026-09-10,,Suy từ PIECES của WORK ORDER (AVP_AI không có sổ nhận kho riêng) — dữ liệu chạy thử,
716017,F1302AB-HT,146,18544,18544,,,2026-09-10,,Suy từ PIECES của WORK ORDER (AVP_AI không có sổ nhận kho riêng) — dữ liệu chạy thử,
716018,F1302AB-HT,909,17443,17443,,,2026-09-10,,Suy từ PIECES của WORK ORDER (AVP_AI không có sổ nhận kho riêng) — dữ liệu chạy thử,
716019,F1302AB-HT,1672,22427,22427,,,2026-09-10,,Suy từ PIECES của WORK ORDER (AVP_AI không có sổ nhận kho riêng) — dữ liệu chạy thử,
716020,06105051AA,292,17479,17479,,,2026-08-19,,Suy từ PIECES của WORK ORDER (AVP_AI không có sổ nhận kho riêng) — dữ liệu chạy thử,
716021,06105051AA,1002,14530,14530,,,2026-08-19,,Suy từ PIECES của WORK ORDER (AVP_AI không có sổ nhận kho riêng) — dữ liệu chạy thử,
716022,55364498AA,984,11439,11439,,,2026-08-19,,Suy từ PIECES của WORK ORDER (AVP_AI không có sổ nhận kho riêng) — dữ liệu chạy thử,
716023,55364498AA,1648,13035,13035,,,2026-08-19,,Suy từ PIECES của WORK ORDER (AVP_AI không có sổ nhận kho riêng) — dữ liệu chạy thử,
716024,40179994,1383,5662,5662,,,2026-08-25,,Suy từ PIECES của WORK ORDER (AVP_AI không có sổ nhận kho riêng) — dữ liệu chạy thử,
716025,40179994,625,3918,3918,,,2026-08-25,,Suy từ PIECES của WORK ORDER (AVP_AI không có sổ nhận kho riêng) — dữ liệu chạy thử,
716026,06509475AA,1370,17367,17367,,,2026-09-03,,Suy từ PIECES của WORK ORDER (AVP_AI không có sổ nhận kho riêng) — dữ liệu chạy thử,
716028,06512732AA,676,15938,15938,,,2026-08-24,,Suy từ PIECES của WORK ORDER (AVP_AI không có sổ nhận kho riêng) — dữ liệu chạy thử,
716029,06512732AA,1596,13650,13650,,,2026-08-19,,Suy từ PIECES của WORK ORDER (AVP_AI không có sổ nhận kho riêng) — dữ liệu chạy thử,
716030,11547369-BR-HA,107,10207,10207,,,2026-08-24,,Suy từ PIECES của WORK ORDER (AVP_AI không có sổ nhận kho riêng) — dữ liệu chạy thử,
716032,11547369-BR-HA,464,8579,8579,,,2026-08-21,,Suy từ PIECES của WORK ORDER (AVP_AI không có sổ nhận kho riêng) — dữ liệu chạy thử,
716034,11547369-BR-HA,1752,12231,12231,,,2026-08-21,,Suy từ PIECES của WORK ORDER (AVP_AI không có sổ nhận kho riêng) — dữ liệu chạy thử,
716038,11547369-BR-HA,291,11405,11405,,,2026-08-24,,Suy từ PIECES của WORK ORDER (AVP_AI không có sổ nhận kho riêng) — dữ liệu chạy thử,
716040,11547369-BR-HA,1821,11157,11157,,,2026-08-24,,Suy từ PIECES của WORK ORDER (AVP_AI không có sổ nhận kho riêng) — dữ liệu chạy thử,
716042,11547369-BR-HA,1822,12107,12107,,,2026-08-21,,Suy từ PIECES của WORK ORDER (AVP_AI không có sổ nhận kho riêng) — dữ liệu chạy thử,
716052,11611122-BR-HA,942,11250,11250,,,2026-09-02,,Suy từ PIECES của WORK ORDER (AVP_AI không có sổ nhận kho riêng) — dữ liệu chạy thử,
716074,11546437-MY-AK,794,88846,88846,,,2026-08-10,,Suy từ PIECES của WORK ORDER (AVP_AI không có sổ nhận kho riêng) — dữ liệu chạy thử,
716075,11546437-MY-AK,1848,84846,84846,,,2026-08-10,,Suy từ PIECES của WORK ORDER (AVP_AI không có sổ nhận kho riêng) — dữ liệu chạy thử,
716076,11546437-MY-AK,1038,82769,82769,,,2026-08-10,,Suy từ PIECES của WORK ORDER (AVP_AI không có sổ nhận kho riêng) — dữ liệu chạy thử,
716077,11546437-MY-AK,154,87385,87385,,,2026-08-10,,Suy từ PIECES của WORK ORDER (AVP_AI không có sổ nhận kho riêng) — dữ liệu chạy thử,
716078,11546437-MY-AK,1838,83385,83385,,,2026-08-10,,Suy từ PIECES của WORK ORDER (AVP_AI không có sổ nhận kho riêng) — dữ liệu chạy thử,
716079,11546437-MY-AK,555,89615,89615,,,2026-08-10,,Suy từ PIECES của WORK ORDER (AVP_AI không có sổ nhận kho riêng) — dữ liệu chạy thử,
716080,06101968-A,1839,80379,80379,,,2026-08-10,,Suy từ PIECES của WORK ORDER (AVP_AI không có sổ nhận kho riêng) — dữ liệu chạy thử,
716081,06101968-A,1840,73636,73636,,,2026-08-10,,Suy từ PIECES của WORK ORDER (AVP_AI không có sổ nhận kho riêng) — dữ liệu chạy thử,
716082,W520203-S440,KIB,60000,60000,,,2026-08-04,,Suy từ PIECES của WORK ORDER (AVP_AI không có sổ nhận kho riêng) — dữ liệu chạy thử,
716083,W520203-S440,KIB,60000,60000,,,2026-08-04,,Suy từ PIECES của WORK ORDER (AVP_AI không có sổ nhận kho riêng) — dữ liệu chạy thử,
716084,94012038,388,46410,46410,,,2026-08-12,,Suy từ PIECES của WORK ORDER (AVP_AI không có sổ nhận kho riêng) — dữ liệu chạy thử,
716087,94012039,1048,57600,57600,,,2026-08-19,,Suy từ PIECES của WORK ORDER (AVP_AI không có sổ nhận kho riêng) — dữ liệu chạy thử,
716088,06513404AA,1826,4647,4647,,,2026-08-17,,Suy từ PIECES của WORK ORDER (AVP_AI không có sổ nhận kho riêng) — dữ liệu chạy thử,
716089,06513404AA,1832,4367,4367,,,2026-08-17,,Suy từ PIECES của WORK ORDER (AVP_AI không có sổ nhận kho riêng) — dữ liệu chạy thử,
716090,06513404AA,1816,4403,4403,,,2026-08-17,,Suy từ PIECES của WORK ORDER (AVP_AI không có sổ nhận kho riêng) — dữ liệu chạy thử,
716091,06513404AA,1815,4619,4619,,,2026-08-17,,Suy từ PIECES của WORK ORDER (AVP_AI không có sổ nhận kho riêng) — dữ liệu chạy thử,
716092,06513404AA,1824,4499,4499,,,2026-08-17,,Suy từ PIECES của WORK ORDER (AVP_AI không có sổ nhận kho riêng) — dữ liệu chạy thử,
716093,06513404AA,1825,4539,4539,,,2026-08-17,,Suy từ PIECES của WORK ORDER (AVP_AI không có sổ nhận kho riêng) — dữ liệu chạy thử,
716094,06513404AA,1849,4527,4527,,,2026-08-17,,Suy từ PIECES của WORK ORDER (AVP_AI không có sổ nhận kho riêng) — dữ liệu chạy thử,
716095,06513404AA,1850,4499,4499,,,2026-08-17,,Suy từ PIECES của WORK ORDER (AVP_AI không có sổ nhận kho riêng) — dữ liệu chạy thử,
716100,11548147,KIB,12500,12500,,,2026-08-10,,Suy từ PIECES của WORK ORDER (AVP_AI không có sổ nhận kho riêng) — dữ liệu chạy thử,
716101,11548147,KIB,12500,12500,,,2026-08-10,,Suy từ PIECES của WORK ORDER (AVP_AI không có sổ nhận kho riêng) — dữ liệu chạy thử,
716102,06105048AA,KIB,40000,40000,,,2026-08-14,,Suy từ PIECES của WORK ORDER (AVP_AI không có sổ nhận kho riêng) — dữ liệu chạy thử,
716103,06105048AA,KIB,40000,40000,,,2026-08-14,,Suy từ PIECES của WORK ORDER (AVP_AI không có sổ nhận kho riêng) — dữ liệu chạy thử,
716108,06105102AA,KIB,40000,40000,,,2026-08-10,,Suy từ PIECES của WORK ORDER (AVP_AI không có sổ nhận kho riêng) — dữ liệu chạy thử,
716109,06105102AA,KIB,40000,40000,,,2026-08-10,,Suy từ PIECES của WORK ORDER (AVP_AI không có sổ nhận kho riêng) — dữ liệu chạy thử,
716110,06105102AA,KIB,40000,40000,,,2026-08-10,,Suy từ PIECES của WORK ORDER (AVP_AI không có sổ nhận kho riêng) — dữ liệu chạy thử,
716111,06105102AA,KIB,40000,40000,,,2026-08-10,,Suy từ PIECES của WORK ORDER (AVP_AI không có sổ nhận kho riêng) — dữ liệu chạy thử,
716114,06105102AA,KIB,40000,40000,,,2026-08-10,,Suy từ PIECES của WORK ORDER (AVP_AI không có sổ nhận kho riêng) — dữ liệu chạy thử,
716115,06105102AA,KIB,40000,40000,,,2026-08-10,,Suy từ PIECES của WORK ORDER (AVP_AI không có sổ nhận kho riêng) — dữ liệu chạy thử,
716116,06105102AA,KIB,40000,40000,,,2026-08-10,,Suy từ PIECES của WORK ORDER (AVP_AI không có sổ nhận kho riêng) — dữ liệu chạy thử,
716117,06105102AA,KIB,40000,40000,,,2026-08-10,,Suy từ PIECES của WORK ORDER (AVP_AI không có sổ nhận kho riêng) — dữ liệu chạy thử,
716118,06105102AA,KIB,40000,40000,,,2026-08-10,,Suy từ PIECES của WORK ORDER (AVP_AI không có sổ nhận kho riêng) — dữ liệu chạy thử,
716119,06105102AA,KIB,40000,40000,,,2026-08-10,,Suy từ PIECES của WORK ORDER (AVP_AI không có sổ nhận kho riêng) — dữ liệu chạy thử,
716130,11546367-MY-AK,1583,25355,25355,,,2026-08-18,,Suy từ PIECES của WORK ORDER (AVP_AI không có sổ nhận kho riêng) — dữ liệu chạy thử,
716131,11546367-MY-AK,663,24151,24151,,,2026-08-18,,Suy từ PIECES của WORK ORDER (AVP_AI không có sổ nhận kho riêng) — dữ liệu chạy thử,
716132,11546367-MY-AK,158,24839,24839,,,2026-08-20,,Suy từ PIECES của WORK ORDER (AVP_AI không có sổ nhận kho riêng) — dữ liệu chạy thử,
716133,11546367-MY-AK,722,24731,24731,,,2026-08-20,,Suy từ PIECES của WORK ORDER (AVP_AI không có sổ nhận kho riêng) — dữ liệu chạy thử,
716134,11546367-MY-AK,1031,23806,23806,,,2026-08-20,,Suy từ PIECES của WORK ORDER (AVP_AI không có sổ nhận kho riêng) — dữ liệu chạy thử,
716135,11546367-MY-AK,439,25333,25333,,,2026-08-20,,Suy từ PIECES của WORK ORDER (AVP_AI không có sổ nhận kho riêng) — dữ liệu chạy thử,
716136,11546367-MY-AK,245,24946,24946,,,2026-08-18,,Suy từ PIECES của WORK ORDER (AVP_AI không có sổ nhận kho riêng) — dữ liệu chạy thử,
716137,11546367-MY-AK,176,24194,24194,,,2026-08-18,,Suy từ PIECES của WORK ORDER (AVP_AI không có sổ nhận kho riêng) — dữ liệu chạy thử,
716138,11546367-MY-AK,101,24731,24731,,,2026-08-20,,Suy từ PIECES của WORK ORDER (AVP_AI không có sổ nhận kho riêng) — dữ liệu chạy thử,
716139,11546367-MY-AK,432,24559,24559,,,2026-08-20,,Suy từ PIECES của WORK ORDER (AVP_AI không có sổ nhận kho riêng) — dữ liệu chạy thử,
716150,NU1405-00,788,72078,72078,,,2026-08-10,,Suy từ PIECES của WORK ORDER (AVP_AI không có sổ nhận kho riêng) — dữ liệu chạy thử,
716151,NU1405-00,66,94156,94156,,,2026-08-10,,Suy từ PIECES của WORK ORDER (AVP_AI không có sổ nhận kho riêng) — dữ liệu chạy thử,
716152,06511701AA,892,82518,82518,,,2026-08-10,,Suy từ PIECES của WORK ORDER (AVP_AI không có sổ nhận kho riêng) — dữ liệu chạy thử,
716153,06511701AA,258,72374,72374,,,2026-08-10,,Suy từ PIECES của WORK ORDER (AVP_AI không có sổ nhận kho riêng) — dữ liệu chạy thử,
716156,11546437-MY-AK,1305,85692,85692,,,2026-08-10,,Suy từ PIECES của WORK ORDER (AVP_AI không có sổ nhận kho riêng) — dữ liệu chạy thử,
716157,11546437-MY-AK,5,104615,104615,,,2026-08-10,,Suy từ PIECES của WORK ORDER (AVP_AI không có sổ nhận kho riêng) — dữ liệu chạy thử,
716158,11546437-MY-AK,873,82308,82308,,,2026-08-10,,Suy từ PIECES của WORK ORDER (AVP_AI không có sổ nhận kho riêng) — dữ liệu chạy thử,
716159,11546437-MY-AK,1510,108615,108615,,,2026-08-10,,Suy từ PIECES của WORK ORDER (AVP_AI không có sổ nhận kho riêng) — dữ liệu chạy thử,
716160,11546437-MY-AK,1811,86385,86385,,,2026-08-10,,Suy từ PIECES của WORK ORDER (AVP_AI không có sổ nhận kho riêng) — dữ liệu chạy thử,
716161,11546437-MY-AK,1835,86385,86385,,,2026-08-10,,Suy từ PIECES của WORK ORDER (AVP_AI không có sổ nhận kho riêng) — dữ liệu chạy thử,
716162,06511847AA,912,25141,25141,,,2026-08-17,,Suy từ PIECES của WORK ORDER (AVP_AI không có sổ nhận kho riêng) — dữ liệu chạy thử,
716163,06511847AA,427,23239,23239,,,2026-08-17,,Suy từ PIECES của WORK ORDER (AVP_AI không có sổ nhận kho riêng) — dữ liệu chạy thử,
716164,117546774-MY-AK,1311,12327,12327,,,2026-09-01,,Suy từ PIECES của WORK ORDER (AVP_AI không có sổ nhận kho riêng) — dữ liệu chạy thử,
716165,117546774-MY-AK,71,14681,14681,,,2026-09-01,,Suy từ PIECES của WORK ORDER (AVP_AI không có sổ nhận kho riêng) — dữ liệu chạy thử,
716166,11548414,878,17597,17597,,,2026-08-10,,Suy từ PIECES của WORK ORDER (AVP_AI không có sổ nhận kho riêng) — dữ liệu chạy thử,
716167,11548414,108,16806,16806,,,2026-08-10,,Suy từ PIECES của WORK ORDER (AVP_AI không có sổ nhận kho riêng) — dữ liệu chạy thử,
716168,11548414,1409,17628,17628,,,2026-08-10,,Suy từ PIECES của WORK ORDER (AVP_AI không có sổ nhận kho riêng) — dữ liệu chạy thử,
716169,11548414,1539,16512,16512,,,2026-08-10,,Suy từ PIECES của WORK ORDER (AVP_AI không có sổ nhận kho riêng) — dữ liệu chạy thử,
716170,11546463,233,16037,16037,,,2026-08-10,,Suy từ PIECES của WORK ORDER (AVP_AI không có sổ nhận kho riêng) — dữ liệu chạy thử,
716171,11546463,584,14474,14474,,,2026-08-10,,Suy từ PIECES của WORK ORDER (AVP_AI không có sổ nhận kho riêng) — dữ liệu chạy thử,
716172,11546463,1000,15898,15898,,,2026-08-10,,Suy từ PIECES của WORK ORDER (AVP_AI không có sổ nhận kho riêng) — dữ liệu chạy thử,
716173,11546463,42,14628,14628,,,2026-08-10,,Suy từ PIECES của WORK ORDER (AVP_AI không có sổ nhận kho riêng) — dữ liệu chạy thử,
716174,11546774-MY-AK,694,12978,12978,,,2026-09-03,,Suy từ PIECES của WORK ORDER (AVP_AI không có sổ nhận kho riêng) — dữ liệu chạy thử,
716175,117546774-MY-AK,102,14183,14183,,,2026-09-01,,Suy từ PIECES của WORK ORDER (AVP_AI không có sổ nhận kho riêng) — dữ liệu chạy thử,
716176,11546462,374,21750,21750,,,2026-08-10,,Suy từ PIECES của WORK ORDER (AVP_AI không có sổ nhận kho riêng) — dữ liệu chạy thử,
716177,11546462,837,23325,23325,,,2026-08-10,,Suy từ PIECES của WORK ORDER (AVP_AI không có sổ nhận kho riêng) — dữ liệu chạy thử,
716178,11546463,318,15898,15898,,,2026-08-10,,Suy từ PIECES của WORK ORDER (AVP_AI không có sổ nhận kho riêng) — dữ liệu chạy thử,
716179,11546463,148,14799,14799,,,2026-08-10,,Suy từ PIECES của WORK ORDER (AVP_AI không có sổ nhận kho riêng) — dữ liệu chạy thử,
716180,11546463,1720,15805,15805,,,2026-08-10,,Suy từ PIECES của WORK ORDER (AVP_AI không có sổ nhận kho riêng) — dữ liệu chạy thử,
716181,11546463,1446,14412,14412,,,2026-08-10,,Suy từ PIECES của WORK ORDER (AVP_AI không có sổ nhận kho riêng) — dữ liệu chạy thử,
716182,11546462,100,22300,22300,,,2026-08-10,,Suy từ PIECES của WORK ORDER (AVP_AI không có sổ nhận kho riêng) — dữ liệu chạy thử,
716183,11546462,1432,22800,22800,,,2026-08-10,,Suy từ PIECES của WORK ORDER (AVP_AI không có sổ nhận kho riêng) — dữ liệu chạy thử,
716184,11546462,798,24525,24525,,,2026-08-10,,Suy từ PIECES của WORK ORDER (AVP_AI không có sổ nhận kho riêng) — dữ liệu chạy thử,
716185,11546462,1037,20800,20800,,,2026-08-10,,Suy từ PIECES của WORK ORDER (AVP_AI không có sổ nhận kho riêng) — dữ liệu chạy thử,
716186,11546462,830,22200,22200,,,2026-08-10,,Suy từ PIECES của WORK ORDER (AVP_AI không có sổ nhận kho riêng) — dữ liệu chạy thử,
716187,11546462,1578,23650,23650,,,2026-08-10,,Suy từ PIECES của WORK ORDER (AVP_AI không có sổ nhận kho riêng) — dữ liệu chạy thử,
716188,11546545,678,93083,93083,,,2026-08-06,,Suy từ PIECES của WORK ORDER (AVP_AI không có sổ nhận kho riêng) — dữ liệu chạy thử,
716189,11546545,499,88000,88000,,,2026-08-06,,Suy từ PIECES của WORK ORDER (AVP_AI không có sổ nhận kho riêng) — dữ liệu chạy thử,
716190,11546545,117,87000,87000,,,2026-08-06,,Suy từ PIECES của WORK ORDER (AVP_AI không có sổ nhận kho riêng) — dữ liệu chạy thử,
716191,11546545,814,95417,95417,,,2026-08-06,,Suy từ PIECES của WORK ORDER (AVP_AI không có sổ nhận kho riêng) — dữ liệu chạy thử,
716192,11546545,222,91333,91333,,,2026-08-06,,Suy từ PIECES của WORK ORDER (AVP_AI không có sổ nhận kho riêng) — dữ liệu chạy thử,
716193,11546545,1371,89917,89917,,,2026-08-06,,Suy từ PIECES của WORK ORDER (AVP_AI không có sổ nhận kho riêng) — dữ liệu chạy thử,
716200,06513734AA,581,78641,78641,,,2026-08-06,,Suy từ PIECES của WORK ORDER (AVP_AI không có sổ nhận kho riêng) — dữ liệu chạy thử,
716202,40161567,186,5174,5174,,,2026-08-07,,Suy từ PIECES của WORK ORDER (AVP_AI không có sổ nhận kho riêng) — dữ liệu chạy thử,
716203,40161567,938,4758,4758,,,2026-08-07,,Suy từ PIECES của WORK ORDER (AVP_AI không có sổ nhận kho riêng) — dữ liệu chạy thử,
716204,40161567,153,5224,5224,,,2026-08-07,,Suy từ PIECES của WORK ORDER (AVP_AI không có sổ nhận kho riêng) — dữ liệu chạy thử,
716205,40161567,1603,4839,4839,,,2026-08-07,,Suy từ PIECES của WORK ORDER (AVP_AI không có sổ nhận kho riêng) — dữ liệu chạy thử,
716206,40161567,1653,5472,5472,,,2026-08-07,,Suy từ PIECES của WORK ORDER (AVP_AI không có sổ nhận kho riêng) — dữ liệu chạy thử,
716207,40161567,20,4627,4627,,,2026-08-07,,Suy từ PIECES của WORK ORDER (AVP_AI không có sổ nhận kho riêng) — dữ liệu chạy thử,
716228,11549168,1606,41679,41679,,,2026-08-28,,Suy từ PIECES của WORK ORDER (AVP_AI không có sổ nhận kho riêng) — dữ liệu chạy thử,
716229,11549168,428,42761,42761,,,2026-08-28,,Suy từ PIECES của WORK ORDER (AVP_AI không có sổ nhận kho riêng) — dữ liệu chạy thử,
716230,11549168,360,45187,45187,,,2026-08-27,,Suy từ PIECES của WORK ORDER (AVP_AI không có sổ nhận kho riêng) — dữ liệu chạy thử,
716231,11549168,1519,40112,40112,,,2026-08-27,,Suy từ PIECES của WORK ORDER (AVP_AI không có sổ nhận kho riêng) — dữ liệu chạy thử,
716232,11549168,968,41642,41642,,,2026-08-27,,Suy từ PIECES của WORK ORDER (AVP_AI không có sổ nhận kho riêng) — dữ liệu chạy thử,
716233,11549168,1695,42799,42799,,,2026-08-27,,Suy từ PIECES của WORK ORDER (AVP_AI không có sổ nhận kho riêng) — dữ liệu chạy thử,
716234,W520101-S437,202,114773,114773,,,2026-08-25,,Suy từ PIECES của WORK ORDER (AVP_AI không có sổ nhận kho riêng) — dữ liệu chạy thử,
716235,W520101-S437,793,127955,127955,,,2026-08-25,,Suy từ PIECES của WORK ORDER (AVP_AI không có sổ nhận kho riêng) — dữ liệu chạy thử,
716236,W520101-S442,1537,123523,123523,,,2026-08-25,,Suy từ PIECES của WORK ORDER (AVP_AI không có sổ nhận kho riêng) — dữ liệu chạy thử,
716237,W520101-S450,206,123523,123523,,,2026-09-02,,Suy từ PIECES của WORK ORDER (AVP_AI không có sổ nhận kho riêng) — dữ liệu chạy thử,
716238,N620483-S2,1682,21550,21550,,,2026-08-24,,Suy từ PIECES của WORK ORDER (AVP_AI không có sổ nhận kho riêng) — dữ liệu chạy thử,
716239,N620483-S2,329,22684,22684,,,2026-08-24,,Suy từ PIECES của WORK ORDER (AVP_AI không có sổ nhận kho riêng) — dữ liệu chạy thử,
716240,61273,281,6837,6837,,,2026-08-24,,Suy từ PIECES của WORK ORDER (AVP_AI không có sổ nhận kho riêng) — dữ liệu chạy thử,
716241,61273,574,7705,7705,,,2026-08-24,,Suy từ PIECES của WORK ORDER (AVP_AI không có sổ nhận kho riêng) — dữ liệu chạy thử,
716242,61273,833,6988,6988,,,2026-08-24,,Suy từ PIECES của WORK ORDER (AVP_AI không có sổ nhận kho riêng) — dữ liệu chạy thử,
716243,61273,1801,7705,7705,,,2026-08-24,,Suy từ PIECES của WORK ORDER (AVP_AI không có sổ nhận kho riêng) — dữ liệu chạy thử,
716244,82253,940,43908,43908,,,2026-08-25,,Suy từ PIECES của WORK ORDER (AVP_AI không có sổ nhận kho riêng) — dữ liệu chạy thử,
716245,82253,1087,42311,42311,,,2026-08-25,,Suy từ PIECES của WORK ORDER (AVP_AI không có sổ nhận kho riêng) — dữ liệu chạy thử,
716246,NU3014-02,68,10018,10018,,,2026-08-14,,Suy từ PIECES của WORK ORDER (AVP_AI không có sổ nhận kho riêng) — dữ liệu chạy thử,
716247,NU3014-02,552,10126,10126,,,2026-08-14,,Suy từ PIECES của WORK ORDER (AVP_AI không có sổ nhận kho riêng) — dữ liệu chạy thử,
716248,NU3014-02,593,10108,10108,,,2026-08-14,,Suy từ PIECES của WORK ORDER (AVP_AI không có sổ nhận kho riêng) — dữ liệu chạy thử,
716249,NU3014-02,766,9775,9775,,,2026-08-14,,Suy từ PIECES của WORK ORDER (AVP_AI không có sổ nhận kho riêng) — dữ liệu chạy thử,
716250,NU3014-02,1710,10090,10090,,,2026-08-14,,Suy từ PIECES của WORK ORDER (AVP_AI không có sổ nhận kho riêng) — dữ liệu chạy thử,
716251,NU3014-02,167,9955,9955,,,2026-08-19,,Suy từ PIECES của WORK ORDER (AVP_AI không có sổ nhận kho riêng) — dữ liệu chạy thử,
716252,NU3014-02,604,10855,10855,,,2026-08-19,,Suy từ PIECES của WORK ORDER (AVP_AI không có sổ nhận kho riêng) — dữ liệu chạy thử,
716253,NU3014-02,1591,9469,9469,,,2026-08-14,,Suy từ PIECES của WORK ORDER (AVP_AI không có sổ nhận kho riêng) — dữ liệu chạy thử,
716254,11547059,738,23538,23538,,,2026-08-20,,Suy từ PIECES của WORK ORDER (AVP_AI không có sổ nhận kho riêng) — dữ liệu chạy thử,
716255,11547059,875,21868,21868,,,2026-08-20,,Suy từ PIECES của WORK ORDER (AVP_AI không có sổ nhận kho riêng) — dữ liệu chạy thử,
716256,11547059,510,22527,22527,,,2026-08-20,,Suy từ PIECES của WORK ORDER (AVP_AI không có sổ nhận kho riêng) — dữ liệu chạy thử,
716257,11547059,1612,22374,22374,,,2026-08-20,,Suy từ PIECES của WORK ORDER (AVP_AI không có sổ nhận kho riêng) — dữ liệu chạy thử,
716258,NU3034-02,KIB,40000,40000,,,2026-08-04,,Suy từ PIECES của WORK ORDER (AVP_AI không có sổ nhận kho riêng) — dữ liệu chạy thử,
716260,11546545,1541,85167,85167,,,2026-08-12,,Suy từ PIECES của WORK ORDER (AVP_AI không có sổ nhận kho riêng) — dữ liệu chạy thử,
716261,11546545,829,94833,94833,,,2026-08-12,,Suy từ PIECES của WORK ORDER (AVP_AI không có sổ nhận kho riêng) — dữ liệu chạy thử,
716262,11546545,200,91667,91667,,,2026-08-12,,Suy từ PIECES của WORK ORDER (AVP_AI không có sổ nhận kho riêng) — dữ liệu chạy thử,
716263,11546545,1069,88417,88417,,,2026-08-12,,Suy từ PIECES của WORK ORDER (AVP_AI không có sổ nhận kho riêng) — dữ liệu chạy thử,
716264,11546545,1659,90167,90167,,,2026-08-12,,Suy từ PIECES của WORK ORDER (AVP_AI không có sổ nhận kho riêng) — dữ liệu chạy thử,
716265,11546545,831,88083,88083,,,2026-08-12,,Suy từ PIECES của WORK ORDER (AVP_AI không có sổ nhận kho riêng) — dữ liệu chạy thử,
716266,11546545,854,89417,89417,,,2026-08-12,,Suy từ PIECES của WORK ORDER (AVP_AI không có sổ nhận kho riêng) — dữ liệu chạy thử,
716267,11546545,224,94167,94167,,,2026-08-12,,Suy từ PIECES của WORK ORDER (AVP_AI không có sổ nhận kho riêng) — dữ liệu chạy thử,
716268,11546545,913,90500,90500,,,2026-08-12,,Suy từ PIECES của WORK ORDER (AVP_AI không có sổ nhận kho riêng) — dữ liệu chạy thử,
716269,11546545,541,93167,93167,,,2026-08-12,,Suy từ PIECES của WORK ORDER (AVP_AI không có sổ nhận kho riêng) — dữ liệu chạy thử,
716270,11546545,1566,89833,89833,,,2026-08-12,,Suy từ PIECES của WORK ORDER (AVP_AI không có sổ nhận kho riêng) — dữ liệu chạy thử,
716271,11546545,284,94000,94000,,,2026-08-12,,Suy từ PIECES của WORK ORDER (AVP_AI không có sổ nhận kho riêng) — dữ liệu chạy thử,
716272,11546449,545,88729,88729,,,2026-08-13,,Suy từ PIECES của WORK ORDER (AVP_AI không có sổ nhận kho riêng) — dữ liệu chạy thử,
716273,11546449,748,91525,91525,,,2026-08-13,,Suy từ PIECES của WORK ORDER (AVP_AI không có sổ nhận kho riêng) — dữ liệu chạy thử,
716274,11546449,465,87458,87458,,,2026-08-13,,Suy từ PIECES của WORK ORDER (AVP_AI không có sổ nhận kho riêng) — dữ liệu chạy thử,
716275,11546449,1652,90847,90847,,,2026-08-13,,Suy từ PIECES của WORK ORDER (AVP_AI không có sổ nhận kho riêng) — dữ liệu chạy thử,
716276,11546449,1632,92881,92881,,,2026-08-13,,Suy từ PIECES của WORK ORDER (AVP_AI không có sổ nhận kho riêng) — dữ liệu chạy thử,
716277,11546449,1776,88475,88475,,,2026-08-13,,Suy từ PIECES của WORK ORDER (AVP_AI không có sổ nhận kho riêng) — dữ liệu chạy thử,
716278,11546449,180,86525,86525,,,2026-08-13,,Suy từ PIECES của WORK ORDER (AVP_AI không có sổ nhận kho riêng) — dữ liệu chạy thử,
716279,11546449,1102,91441,91441,,,2026-08-13,,Suy từ PIECES của WORK ORDER (AVP_AI không có sổ nhận kho riêng) — dữ liệu chạy thử,
716280,11546449,411,85424,85424,,,2026-08-13,,Suy từ PIECES của WORK ORDER (AVP_AI không có sổ nhận kho riêng) — dữ liệu chạy thử,
716281,11546449,1786,94237,94237,,,2026-08-13,,Suy từ PIECES của WORK ORDER (AVP_AI không có sổ nhận kho riêng) — dữ liệu chạy thử,
716282,11546449,363,88220,88220,,,2026-08-13,,Suy từ PIECES của WORK ORDER (AVP_AI không có sổ nhận kho riêng) — dữ liệu chạy thử,
716283,11546449,3,89068,89068,,,2026-08-13,,Suy từ PIECES của WORK ORDER (AVP_AI không có sổ nhận kho riêng) — dữ liệu chạy thử,
716284,117546774-MY-AK,1656,13324,13324,,,2026-09-01,,Suy từ PIECES của WORK ORDER (AVP_AI không có sổ nhận kho riêng) — dữ liệu chạy thử,
716285,117546774-MY-AK,918,13449,13449,,,2026-09-01,,Suy từ PIECES của WORK ORDER (AVP_AI không có sổ nhận kho riêng) — dữ liệu chạy thử,
716286,117546774-MY-AK,62,12978,12978,,,2026-09-01,,Suy từ PIECES của WORK ORDER (AVP_AI không có sổ nhận kho riêng) — dữ liệu chạy thử,
716287,117546774-MY-AK,1346,13750,13750,,,2026-09-01,,Suy từ PIECES của WORK ORDER (AVP_AI không có sổ nhận kho riêng) — dữ liệu chạy thử,
716288,06104388AA,958,21792,21792,,,2026-08-18,,Suy từ PIECES của WORK ORDER (AVP_AI không có sổ nhận kho riêng) — dữ liệu chạy thử,
716289,06104388AA,917,18692,18692,,,2026-08-18,,Suy từ PIECES của WORK ORDER (AVP_AI không có sổ nhận kho riêng) — dữ liệu chạy thử,
716290,06104388AA,1390,20413,20413,,,2026-08-18,,Suy từ PIECES của WORK ORDER (AVP_AI không có sổ nhận kho riêng) — dữ liệu chạy thử,
716291,06104388AA,90,19443,19443,,,2026-08-18,,Suy từ PIECES của WORK ORDER (AVP_AI không có sổ nhận kho riêng) — dữ liệu chạy thử,
716305,11516077BR-MY-AK,589,40000,40000,,,2026-08-25,,Suy từ PIECES của WORK ORDER (AVP_AI không có sổ nhận kho riêng) — dữ liệu chạy thử,
716306,11516077BR-MY-AK,257,41000,41000,,,2026-08-25,,Suy từ PIECES của WORK ORDER (AVP_AI không có sổ nhận kho riêng) — dữ liệu chạy thử,
716307,06513399AA,703,7500,7500,,,2026-08-19,,Suy từ PIECES của WORK ORDER (AVP_AI không có sổ nhận kho riêng) — dữ liệu chạy thử,
716308,06513399AA,655,8686,8686,,,2026-08-19,,Suy từ PIECES của WORK ORDER (AVP_AI không có sổ nhận kho riêng) — dữ liệu chạy thử,
716309,06513399AA,172,8288,8288,,,2026-08-19,,Suy từ PIECES của WORK ORDER (AVP_AI không có sổ nhận kho riêng) — dữ liệu chạy thử,
716310,06513399AA,1072,9249,9249,,,2026-08-19,,Suy từ PIECES của WORK ORDER (AVP_AI không có sổ nhận kho riêng) — dữ liệu chạy thử,
716317,06513404AA,240,4423,4423,,,2026-08-27,,Suy từ PIECES của WORK ORDER (AVP_AI không có sổ nhận kho riêng) — dữ liệu chạy thử,
716318,06513404AA,213,4311,4311,,,2026-08-27,,Suy từ PIECES của WORK ORDER (AVP_AI không có sổ nhận kho riêng) — dữ liệu chạy thử,
716319,06513404AA,1369,4587,4587,,,2026-08-27,,Suy từ PIECES của WORK ORDER (AVP_AI không có sổ nhận kho riêng) — dữ liệu chạy thử,
716320,06513404AA,1609,4179,4179,,,2026-08-27,,Suy từ PIECES của WORK ORDER (AVP_AI không có sổ nhận kho riêng) — dữ liệu chạy thử,
716321,06513404AA,832,4495,4495,,,2026-08-27,,Suy từ PIECES của WORK ORDER (AVP_AI không có sổ nhận kho riêng) — dữ liệu chạy thử,
716322,06513404AA,1698,4195,4195,,,2026-08-27,,Suy từ PIECES của WORK ORDER (AVP_AI không có sổ nhận kho riêng) — dữ liệu chạy thử,
716323,06513404AA,834,4619,4619,,,2026-08-27,,Suy từ PIECES của WORK ORDER (AVP_AI không có sổ nhận kho riêng) — dữ liệu chạy thử,
716324,06513404AA,576,4231,4231,,,2026-08-27,,Suy từ PIECES của WORK ORDER (AVP_AI không có sổ nhận kho riêng) — dữ liệu chạy thử,
716325,06511834AA,97,2891,2891,,,2026-08-17,,Suy từ PIECES của WORK ORDER (AVP_AI không có sổ nhận kho riêng) — dữ liệu chạy thử,
716326,06511834AA,97,2891,2891,,,2026-08-17,,Suy từ PIECES của WORK ORDER (AVP_AI không có sổ nhận kho riêng) — dữ liệu chạy thử,
716327,06511834AA,26,2795,2795,,,2026-08-17,,Suy từ PIECES của WORK ORDER (AVP_AI không có sổ nhận kho riêng) — dữ liệu chạy thử,
716328,06511834AA,889,2967,2967,,,2026-08-17,,Suy từ PIECES của WORK ORDER (AVP_AI không có sổ nhận kho riêng) — dữ liệu chạy thử,
716333,11546364-MY-AK,1301,140000,140000,,,2026-08-18,,Suy từ PIECES của WORK ORDER (AVP_AI không có sổ nhận kho riêng) — dữ liệu chạy thử,
716334,11546364-MY-AK,478,116867,116867,,,2026-08-18,,Suy từ PIECES của WORK ORDER (AVP_AI không có sổ nhận kho riêng) — dữ liệu chạy thử,
716335,11546364-MY-AK,1769,106145,106145,,,2026-08-18,,Suy từ PIECES của WORK ORDER (AVP_AI không có sổ nhận kho riêng) — dữ liệu chạy thử,
716341,07336-54-D01,602,51182,51182,,,2026-08-17,,Suy từ PIECES của WORK ORDER (AVP_AI không có sổ nhận kho riêng) — dữ liệu chạy thử,
716348,06509787AA,1506,30457,30457,,,2026-08-31,,Suy từ PIECES của WORK ORDER (AVP_AI không có sổ nhận kho riêng) — dữ liệu chạy thử,
716353,11546368-MY-AK,590,15799,15799,,,2026-09-01,,Suy từ PIECES của WORK ORDER (AVP_AI không có sổ nhận kho riêng) — dữ liệu chạy thử,
716354,11546368-MY-AK,705,15523,15523,,,2026-09-01,,Suy từ PIECES của WORK ORDER (AVP_AI không có sổ nhận kho riêng) — dữ liệu chạy thử,
716355,11546368-MY-AK,845,15771,15771,,,2026-09-01,,Suy từ PIECES của WORK ORDER (AVP_AI không có sổ nhận kho riêng) — dữ liệu chạy thử,
716356,11546368-MY-AK,827,15785,15785,,,2026-09-01,,Suy từ PIECES của WORK ORDER (AVP_AI không có sổ nhận kho riêng) — dữ liệu chạy thử,
716357,11546368-MY-AK,1523,16309,16309,,,2026-09-01,,Suy từ PIECES của WORK ORDER (AVP_AI không có sổ nhận kho riêng) — dữ liệu chạy thử,
716358,11546368-MY-AK,419,15096,15096,,,2026-09-01,,Suy từ PIECES của WORK ORDER (AVP_AI không có sổ nhận kho riêng) — dữ liệu chạy thử,
716359,11546368-MY-AK,895,15468,15468,,,2026-09-01,,Suy từ PIECES của WORK ORDER (AVP_AI không có sổ nhận kho riêng) — dữ liệu chạy thử,
716360,11546368-MY-AK,657,15923,15923,,,2026-09-01,,Suy từ PIECES của WORK ORDER (AVP_AI không có sổ nhận kho riêng) — dữ liệu chạy thử,
716361,11546368-MY-AK,713,15069,15069,,,2026-09-01,,Suy từ PIECES của WORK ORDER (AVP_AI không có sổ nhận kho riêng) — dữ liệu chạy thử,
716362,11546368-MY-AK,1768,16818,16818,,,2026-09-01,,Suy từ PIECES của WORK ORDER (AVP_AI không có sổ nhận kho riêng) — dữ liệu chạy thử,
716363,11546368-MY-AK,1057,15441,15441,,,2026-09-01,,Suy từ PIECES của WORK ORDER (AVP_AI không có sổ nhận kho riêng) — dữ liệu chạy thử,
716365,11546368-MY-AK,330,15399,15399,,,2026-09-01,,Suy từ PIECES của WORK ORDER (AVP_AI không có sổ nhận kho riêng) — dữ liệu chạy thử,
716366,11546368-MY-AK,1355,15978,15978,,,2026-09-01,,Suy từ PIECES của WORK ORDER (AVP_AI không có sổ nhận kho riêng) — dữ liệu chạy thử,
716367,11546368-MY-AK,839,15592,15592,,,2026-09-01,,Suy từ PIECES của WORK ORDER (AVP_AI không có sổ nhận kho riêng) — dữ liệu chạy thử,
716369,11546367-MY-AK,821,24022,24022,,,2026-08-24,,Suy từ PIECES của WORK ORDER (AVP_AI không có sổ nhận kho riêng) — dữ liệu chạy thử,
716370,11546367-MY-AK,21,24258,24258,,,2026-08-24,,Suy từ PIECES của WORK ORDER (AVP_AI không có sổ nhận kho riêng) — dữ liệu chạy thử,
716371,11546367-MY-AK,526,26495,26495,,,2026-08-24,,Suy từ PIECES của WORK ORDER (AVP_AI không có sổ nhận kho riêng) — dữ liệu chạy thử,
716372,11546367-MY-AK,231,22753,22753,,,2026-08-24,,Suy từ PIECES của WORK ORDER (AVP_AI không có sổ nhận kho riêng) — dữ liệu chạy thử,
716375,11546367-MY-AK,1595,24430,24430,,,2026-08-20,,Suy từ PIECES của WORK ORDER (AVP_AI không có sổ nhận kho riêng) — dữ liệu chạy thử,
716376,11546367-MY-AK,637,25097,25097,,,2026-08-20,,Suy từ PIECES của WORK ORDER (AVP_AI không có sổ nhận kho riêng) — dữ liệu chạy thử,
716377,11546367-MY-AK,7,26323,26323,,,2026-08-20,,Suy từ PIECES của WORK ORDER (AVP_AI không có sổ nhận kho riêng) — dữ liệu chạy thử,
716378,11546367-MY-AK,1512,22753,22753,,,2026-08-20,,Suy từ PIECES của WORK ORDER (AVP_AI không có sổ nhận kho riêng) — dữ liệu chạy thử,
716379,11546367-MY-AK,640,25161,25161,,,2026-08-24,,Suy từ PIECES của WORK ORDER (AVP_AI không có sổ nhận kho riêng) — dữ liệu chạy thử,
716380,11546367-MY-AK,677,24043,24043,,,2026-08-24,,Suy từ PIECES của WORK ORDER (AVP_AI không có sổ nhận kho riêng) — dữ liệu chạy thử,
716381,11546367-MY-AK,1525,25011,25011,,,2026-08-20,,Suy từ PIECES của WORK ORDER (AVP_AI không có sổ nhận kho riêng) — dữ liệu chạy thử,
716382,11546367-MY-AK,365,25011,25011,,,2026-08-20,,Suy từ PIECES của WORK ORDER (AVP_AI không có sổ nhận kho riêng) — dữ liệu chạy thử,
716383,11546367-MY-AK,1343,28774,28774,,,2026-08-24,,Suy từ PIECES của WORK ORDER (AVP_AI không có sổ nhận kho riêng) — dữ liệu chạy thử,
716384,11546367-MY-AK,1379,30989,30989,,,2026-08-24,,Suy từ PIECES của WORK ORDER (AVP_AI không có sổ nhận kho riêng) — dữ liệu chạy thử,
716394,11549204,164,8000,8000,,,2026-09-04,,Suy từ PIECES của WORK ORDER (AVP_AI không có sổ nhận kho riêng) — dữ liệu chạy thử,
716395,11549204,137,8000,8000,,,2026-09-04,,Suy từ PIECES của WORK ORDER (AVP_AI không có sổ nhận kho riêng) — dữ liệu chạy thử,
716397,11549204,361,8000,8000,,,2026-09-04,,Suy từ PIECES của WORK ORDER (AVP_AI không có sổ nhận kho riêng) — dữ liệu chạy thử,
716398,11549204,838,8000,8000,,,2026-09-04,,Suy từ PIECES của WORK ORDER (AVP_AI không có sổ nhận kho riêng) — dữ liệu chạy thử,
716404,PZ18-7P483-AA,1083,7515,7515,,,2026-08-05,,Suy từ PIECES của WORK ORDER (AVP_AI không có sổ nhận kho riêng) — dữ liệu chạy thử,
716406,PZ18-7P483-AA,49TOTES,7181,7181,,,2026-08-20,,Suy từ PIECES của WORK ORDER (AVP_AI không có sổ nhận kho riêng) — dữ liệu chạy thử,
716410,PZ18-7P483-AA,33TOTES,7159,7159,,,2026-08-20,,Suy từ PIECES của WORK ORDER (AVP_AI không có sổ nhận kho riêng) — dữ liệu chạy thử,
716412,PZ18-7P483-AA,799,963,963,,,2026-08-05,,Suy từ PIECES của WORK ORDER (AVP_AI không có sổ nhận kho riêng) — dữ liệu chạy thử,
716429,11604820,671,4692,4692,,,2026-09-01,,Suy từ PIECES của WORK ORDER (AVP_AI không có sổ nhận kho riêng) — dữ liệu chạy thử,
716431,06511637AA,1307,41855,41855,,,2026-08-24,,Suy từ PIECES của WORK ORDER (AVP_AI không có sổ nhận kho riêng) — dữ liệu chạy thử,
716432,06511637AA,1619,40121,40121,,,2026-08-24,,Suy từ PIECES của WORK ORDER (AVP_AI không có sổ nhận kho riêng) — dữ liệu chạy thử,
716433,11561114,1103,10568,10568,,,2026-08-25,,Suy từ PIECES của WORK ORDER (AVP_AI không có sổ nhận kho riêng) — dữ liệu chạy thử,
716434,11561114,238,9553,9553,,,2026-08-25,,Suy từ PIECES của WORK ORDER (AVP_AI không có sổ nhận kho riêng) — dữ liệu chạy thử,
716435,11602292-A,693,10000,10000,,,2026-08-24,,Suy từ PIECES của WORK ORDER (AVP_AI không có sổ nhận kho riêng) — dữ liệu chạy thử,
716438,22800396-IN-PN,1611,29641,29641,,,2026-08-25,,Suy từ PIECES của WORK ORDER (AVP_AI không có sổ nhận kho riêng) — dữ liệu chạy thử,
716443,W719080-S450,941,37792,37792,,,2026-08-25,,Suy từ PIECES của WORK ORDER (AVP_AI không có sổ nhận kho riêng) — dữ liệu chạy thử,
716444,W719080-S450,1089,38167,38167,,,2026-08-24,,Suy từ PIECES của WORK ORDER (AVP_AI không có sổ nhận kho riêng) — dữ liệu chạy thử,
716445,92468,967,28988,28988,,,2026-08-24,,Suy từ PIECES của WORK ORDER (AVP_AI không có sổ nhận kho riêng) — dữ liệu chạy thử,
716446,92468,981,29172,29172,,,2026-08-24,,Suy từ PIECES của WORK ORDER (AVP_AI không có sổ nhận kho riêng) — dữ liệu chạy thử,
716447,11610091,902,80065,80065,,,2026-08-18,,Suy từ PIECES của WORK ORDER (AVP_AI không có sổ nhận kho riêng) — dữ liệu chạy thử,
716448,11610091,1549,73052,73052,,,2026-08-18,,Suy từ PIECES của WORK ORDER (AVP_AI không có sổ nhận kho riêng) — dữ liệu chạy thử,
716449,11610091,1004,81234,81234,,,2026-08-18,,Suy từ PIECES của WORK ORDER (AVP_AI không có sổ nhận kho riêng) — dữ liệu chạy thử,
716450,11610091,1060,73636,73636,,,2026-08-18,,Suy từ PIECES của WORK ORDER (AVP_AI không có sổ nhận kho riêng) — dữ liệu chạy thử,
716451,11610091,301,74091,74091,,,2026-08-18,,Suy từ PIECES của WORK ORDER (AVP_AI không có sổ nhận kho riêng) — dữ liệu chạy thử,
716452,11610091,1567,79740,79740,,,2026-08-18,,Suy từ PIECES của WORK ORDER (AVP_AI không có sổ nhận kho riêng) — dữ liệu chạy thử,
716453,11610091,509,76104,76104,,,2026-08-18,,Suy từ PIECES của WORK ORDER (AVP_AI không có sổ nhận kho riêng) — dữ liệu chạy thử,
716454,11610091,1623,76818,76818,,,2026-08-18,,Suy từ PIECES của WORK ORDER (AVP_AI không có sổ nhận kho riêng) — dữ liệu chạy thử,
716464,11546378-MY-AK,1575,43257,43257,,,2026-08-21,,Suy từ PIECES của WORK ORDER (AVP_AI không có sổ nhận kho riêng) — dữ liệu chạy thử,
716465,11546378-MY-AK,1784,44406,44406,,,2026-08-21,,Suy từ PIECES của WORK ORDER (AVP_AI không có sổ nhận kho riêng) — dữ liệu chạy thử,
716466,11546378-MY-AK,396,43406,43406,,,2026-08-21,,Suy từ PIECES của WORK ORDER (AVP_AI không có sổ nhận kho riêng) — dữ liệu chạy thử,
716467,11546378-MY-AK,629,42912,42912,,,2026-08-21,,Suy từ PIECES của WORK ORDER (AVP_AI không có sổ nhận kho riêng) — dữ liệu chạy thử,
716468,11546378-MY-AK,462,45785,45785,,,2026-08-21,,Suy từ PIECES của WORK ORDER (AVP_AI không có sổ nhận kho riêng) — dữ liệu chạy thử,
716469,11546378-MY-AK,616,41724,41724,,,2026-08-21,,Suy từ PIECES của WORK ORDER (AVP_AI không có sổ nhận kho riêng) — dữ liệu chạy thử,
716488,E6267AB,93,25180,25180,,,2026-08-25,,Suy từ PIECES của WORK ORDER (AVP_AI không có sổ nhận kho riêng) — dữ liệu chạy thử,
716489,E6267AB,603,23800,23800,,,2026-08-25,,Suy từ PIECES của WORK ORDER (AVP_AI không có sổ nhận kho riêng) — dữ liệu chạy thử,
716490,NU1136-01-T,GAYLORD,8585,8585,,,2026-08-27,,Suy từ PIECES của WORK ORDER (AVP_AI không có sổ nhận kho riêng) — dữ liệu chạy thử,
716491,NU1136-01-T,GAYLORD,7694,7694,,,2026-08-27,,Suy từ PIECES của WORK ORDER (AVP_AI không có sổ nhận kho riêng) — dữ liệu chạy thử,
716492,NU1136-01-T,GAYLORD,5464,5464,,,2026-08-27,,Suy từ PIECES của WORK ORDER (AVP_AI không có sổ nhận kho riêng) — dữ liệu chạy thử,
716493,NU1136-01-T,GAYLORD,6579,6579,,,2026-08-28,,Suy từ PIECES của WORK ORDER (AVP_AI không có sổ nhận kho riêng) — dữ liệu chạy thử,
716494,NU1136-01-T,GAYLORD,7095,7095,,,2026-08-27,,Suy từ PIECES của WORK ORDER (AVP_AI không có sổ nhận kho riêng) — dữ liệu chạy thử,
716495,NU1136-01-T,GAYLORD,8932,8932,,,2026-08-27,,Suy từ PIECES của WORK ORDER (AVP_AI không có sổ nhận kho riêng) — dữ liệu chạy thử,
716496,06104388AAMOD,1651,5280,5280,,,2026-08-17,,Suy từ PIECES của WORK ORDER (AVP_AI không có sổ nhận kho riêng) — dữ liệu chạy thử,
716503,06101831-A,34,33949,33949,,,2026-08-18,,Suy từ PIECES của WORK ORDER (AVP_AI không có sổ nhận kho riêng) — dữ liệu chạy thử,
716504,06101831-A,501,25109,25109,,,2026-08-18,,Suy từ PIECES của WORK ORDER (AVP_AI không có sổ nhận kho riêng) — dữ liệu chạy thử,
716505,06101831-A,124,33261,33261,,,2026-08-18,,Suy từ PIECES của WORK ORDER (AVP_AI không có sổ nhận kho riêng) — dữ liệu chạy thử,
716506,06101831-A,601,24964,24964,,,2026-08-18,,Suy từ PIECES của WORK ORDER (AVP_AI không có sổ nhận kho riêng) — dữ liệu chạy thử,
716507,06101831-A,255,29891,29891,,,2026-08-18,,Suy từ PIECES của WORK ORDER (AVP_AI không có sổ nhận kho riêng) — dữ liệu chạy thử,
716508,06101831-A,936,29275,29275,,,2026-08-18,,Suy từ PIECES của WORK ORDER (AVP_AI không có sổ nhận kho riêng) — dữ liệu chạy thử,
716514,11546449,48,94661,94661,,,2026-08-17,,Suy từ PIECES của WORK ORDER (AVP_AI không có sổ nhận kho riêng) — dữ liệu chạy thử,
716515,11546449,1503,82627,82627,,,2026-08-17,,Suy từ PIECES của WORK ORDER (AVP_AI không có sổ nhận kho riêng) — dữ liệu chạy thử,
716516,11546449,1360,93390,93390,,,2026-08-17,,Suy từ PIECES của WORK ORDER (AVP_AI không có sổ nhận kho riêng) — dữ liệu chạy thử,
716517,11546449,879,80932,80932,,,2026-08-17,,Suy từ PIECES của WORK ORDER (AVP_AI không có sổ nhận kho riêng) — dữ liệu chạy thử,
716518,11546449,174,92288,92288,,,2026-08-17,,Suy từ PIECES của WORK ORDER (AVP_AI không có sổ nhận kho riêng) — dữ liệu chạy thử,
716519,11546449,1807,91525,91525,,,2026-08-17,,Suy từ PIECES của WORK ORDER (AVP_AI không có sổ nhận kho riêng) — dữ liệu chạy thử,
716520,11546449,28,84746,84746,,,2026-08-17,,Suy từ PIECES của WORK ORDER (AVP_AI không có sổ nhận kho riêng) — dữ liệu chạy thử,
716521,11546449,581,87458,87458,,,2026-08-17,,Suy từ PIECES của WORK ORDER (AVP_AI không có sổ nhận kho riêng) — dữ liệu chạy thử,
716522,11546449,497,85254,85254,,,2026-08-17,,Suy từ PIECES của WORK ORDER (AVP_AI không có sổ nhận kho riêng) — dữ liệu chạy thử,
716523,11546449,1639,85932,85932,,,2026-08-17,,Suy từ PIECES của WORK ORDER (AVP_AI không có sổ nhận kho riêng) — dữ liệu chạy thử,
716524,11546449,73,91525,91525,,,2026-08-17,,Suy từ PIECES của WORK ORDER (AVP_AI không có sổ nhận kho riêng) — dữ liệu chạy thử,
716525,11546449,1449,89068,89068,,,2026-08-17,,Suy từ PIECES của WORK ORDER (AVP_AI không có sổ nhận kho riêng) — dữ liệu chạy thử,
716526,11546449,95,86610,86610,,,2026-08-17,,Suy từ PIECES của WORK ORDER (AVP_AI không có sổ nhận kho riêng) — dữ liệu chạy thử,
716527,11546449,1381,83051,83051,,,2026-08-17,,Suy từ PIECES của WORK ORDER (AVP_AI không có sổ nhận kho riêng) — dữ liệu chạy thử,
716528,11546449,1708,90593,90593,,,2026-08-17,,Suy từ PIECES của WORK ORDER (AVP_AI không có sổ nhận kho riêng) — dữ liệu chạy thử,
716529,06506707AA,1791,21068,21068,,,2026-08-21,,Suy từ PIECES của WORK ORDER (AVP_AI không có sổ nhận kho riêng) — dữ liệu chạy thử,
716530,06506707AA,1594,25836,25836,,,2026-08-21,,Suy từ PIECES của WORK ORDER (AVP_AI không có sổ nhận kho riêng) — dữ liệu chạy thử,
716531,F1302AB,1371,16570,16570,,,2026-08-26,,Suy từ PIECES của WORK ORDER (AVP_AI không có sổ nhận kho riêng) — dữ liệu chạy thử,
716532,F1302AB,1535,23883,23883,,,2026-08-26,,Suy từ PIECES của WORK ORDER (AVP_AI không có sổ nhận kho riêng) — dữ liệu chạy thử,
716533,06105051AA,1076,19060,19060,,,2026-08-21,,Suy từ PIECES của WORK ORDER (AVP_AI không có sổ nhận kho riêng) — dữ liệu chạy thử,
716534,06105051AA,418,13355,13355,,,2026-08-21,,Suy từ PIECES của WORK ORDER (AVP_AI không có sổ nhận kho riêng) — dữ liệu chạy thử,
716535,06102398AA,222,114355,114355,,,2026-08-21,,Suy từ PIECES của WORK ORDER (AVP_AI không có sổ nhận kho riêng) — dữ liệu chạy thử,
716536,06102398AA,610,110968,110968,,,2026-08-21,,Suy từ PIECES của WORK ORDER (AVP_AI không có sổ nhận kho riêng) — dữ liệu chạy thử,
716537,06502979-A,1445,22879,22879,,,2026-08-21,,Suy từ PIECES của WORK ORDER (AVP_AI không có sổ nhận kho riêng) — dữ liệu chạy thử,
716538,06502979-A,1376,18636,18636,,,2026-08-21,,Suy từ PIECES của WORK ORDER (AVP_AI không có sổ nhận kho riêng) — dữ liệu chạy thử,
716540,90280051,456,96267,96267,,,2026-08-21,,Suy từ PIECES của WORK ORDER (AVP_AI không có sổ nhận kho riêng) — dữ liệu chạy thử,
716541,06503825-A,565,69308,69308,,,2026-08-21,,Suy từ PIECES của WORK ORDER (AVP_AI không có sổ nhận kho riêng) — dữ liệu chạy thử,
716542,06503825-A,680,65538,65538,,,2026-08-21,,Suy từ PIECES của WORK ORDER (AVP_AI không có sổ nhận kho riêng) — dữ liệu chạy thử,
716543,06503825-A,12,59923,59923,,,2026-08-21,,Suy từ PIECES của WORK ORDER (AVP_AI không có sổ nhận kho riêng) — dữ liệu chạy thử,
716544,06503825-A,404,54692,54692,,,2026-08-21,,Suy từ PIECES của WORK ORDER (AVP_AI không có sổ nhận kho riêng) — dữ liệu chạy thử,
716545,06502979-A,335,17677,17677,,,2026-08-21,,Suy từ PIECES của WORK ORDER (AVP_AI không có sổ nhận kho riêng) — dữ liệu chạy thử,
716546,06502979-A,1557,13207,13207,,,2026-08-21,,Suy từ PIECES của WORK ORDER (AVP_AI không có sổ nhận kho riêng) — dữ liệu chạy thử,
716547,06512834AA,795,7915,7915,,,2026-08-21,,Suy từ PIECES của WORK ORDER (AVP_AI không có sổ nhận kho riêng) — dữ liệu chạy thử,
716548,06512834AA,814,5593,5593,,,2026-08-21,,Suy từ PIECES của WORK ORDER (AVP_AI không có sổ nhận kho riêng) — dữ liệu chạy thử,
716549,11549168,1689,43321,43321,,,2026-08-27,,Suy từ PIECES của WORK ORDER (AVP_AI không có sổ nhận kho riêng) — dữ liệu chạy thử,
716550,11549168,678,40821,40821,,,2026-08-27,,Suy từ PIECES của WORK ORDER (AVP_AI không có sổ nhận kho riêng) — dữ liệu chạy thử,
716551,11549170,1787,14707,14707,,,2026-08-27,,Suy từ PIECES của WORK ORDER (AVP_AI không có sổ nhận kho riêng) — dữ liệu chạy thử,
716552,11549170,1546,15215,15215,,,2026-08-27,,Suy từ PIECES của WORK ORDER (AVP_AI không có sổ nhận kho riêng) — dữ liệu chạy thử,
716553,11549170,1396,14902,14902,,,2026-08-27,,Suy từ PIECES của WORK ORDER (AVP_AI không có sổ nhận kho riêng) — dữ liệu chạy thử,
716554,11549170,1533,14499,14499,,,2026-08-27,,Suy từ PIECES của WORK ORDER (AVP_AI không có sổ nhận kho riêng) — dữ liệu chạy thử,
716555,11549170,220,15098,15098,,,2026-08-27,,Suy từ PIECES của WORK ORDER (AVP_AI không có sổ nhận kho riêng) — dữ liệu chạy thử,
716556,11549170,463,14109,14109,,,2026-08-27,,Suy từ PIECES của WORK ORDER (AVP_AI không có sổ nhận kho riêng) — dữ liệu chạy thử,
716557,11549170,98,13849,13849,,,2026-08-27,,Suy từ PIECES của WORK ORDER (AVP_AI không có sổ nhận kho riêng) — dữ liệu chạy thử,
716558,11549170,1699,15462,15462,,,2026-08-27,,Suy từ PIECES của WORK ORDER (AVP_AI không có sổ nhận kho riêng) — dữ liệu chạy thử,
716559,11549170,1397,15267,15267,,,2026-08-27,,Suy từ PIECES của WORK ORDER (AVP_AI không có sổ nhận kho riêng) — dữ liệu chạy thử,
716560,11549170,848,14109,14109,,,2026-08-27,,Suy từ PIECES của WORK ORDER (AVP_AI không có sổ nhận kho riêng) — dữ liệu chạy thử,
716561,11549168,675,41306,41306,,,2026-08-27,,Suy từ PIECES của WORK ORDER (AVP_AI không có sổ nhận kho riêng) — dữ liệu chạy thử,
716562,11549168,1331,43172,43172,,,2026-08-27,,Suy từ PIECES của WORK ORDER (AVP_AI không có sổ nhận kho riêng) — dữ liệu chạy thử,
716563,11549168,1340,39963,39963,,,2026-08-28,,Suy từ PIECES của WORK ORDER (AVP_AI không có sổ nhận kho riêng) — dữ liệu chạy thử,
716564,11549168,1047,44851,44851,,,2026-08-28,,Suy từ PIECES của WORK ORDER (AVP_AI không có sổ nhận kho riêng) — dữ liệu chạy thử,
716565,11549168,272,43134,43134,,,2026-08-28,,Suy từ PIECES của WORK ORDER (AVP_AI không có sổ nhận kho riêng) — dữ liệu chạy thử,
716566,11549168,126,42015,42015,,,2026-08-28,,Suy từ PIECES của WORK ORDER (AVP_AI không có sổ nhận kho riêng) — dữ liệu chạy thử,
716567,11549168,547,42090,42090,,,2026-08-27,,Suy từ PIECES của WORK ORDER (AVP_AI không có sổ nhận kho riêng) — dữ liệu chạy thử,
716568,11549168,763,42836,42836,,,2026-08-27,,Suy từ PIECES của WORK ORDER (AVP_AI không có sổ nhận kho riêng) — dữ liệu chạy thử,
716569,11549170,587,14031,14031,,,2026-08-27,,Suy từ PIECES của WORK ORDER (AVP_AI không có sổ nhận kho riêng) — dữ liệu chạy thử,
716570,11549170,84,15020,15020,,,2026-08-27,,Suy từ PIECES của WORK ORDER (AVP_AI không có sổ nhận kho riêng) — dữ liệu chạy thử,
716571,11549170,1029,14083,14083,,,2026-08-27,,Suy từ PIECES của WORK ORDER (AVP_AI không có sổ nhận kho riêng) — dữ liệu chạy thử,
716572,11549170,1335,14876,14876,,,2026-08-27,,Suy từ PIECES của WORK ORDER (AVP_AI không có sổ nhận kho riêng) — dữ liệu chạy thử,
716573,11549170,33,14239,14239,,,2026-08-27,,Suy từ PIECES của WORK ORDER (AVP_AI không có sổ nhận kho riêng) — dữ liệu chạy thử,
716574,11549170,351,14759,14759,,,2026-08-27,,Suy từ PIECES của WORK ORDER (AVP_AI không có sổ nhận kho riêng) — dữ liệu chạy thử,
716575,11549170,289,13966,13966,,,2026-08-27,,Suy từ PIECES của WORK ORDER (AVP_AI không có sổ nhận kho riêng) — dữ liệu chạy thử,
716576,11549170,1001,15124,15124,,,2026-08-27,,Suy từ PIECES của WORK ORDER (AVP_AI không có sổ nhận kho riêng) — dữ liệu chạy thử,
716577,55364498AA,561,12175,12175,,,2026-08-21,,Suy từ PIECES của WORK ORDER (AVP_AI không có sổ nhận kho riêng) — dữ liệu chạy thử,
716578,55364498AA,290,11825,11825,,,2026-08-21,,Suy từ PIECES của WORK ORDER (AVP_AI không có sổ nhận kho riêng) — dữ liệu chạy thử,
716579,85158B,813,20105,20105,,,2026-08-21,,Suy từ PIECES của WORK ORDER (AVP_AI không có sổ nhận kho riêng) — dữ liệu chạy thử,
716580,85158B,89,23676,23676,,,2026-08-21,,Suy từ PIECES của WORK ORDER (AVP_AI không có sổ nhận kho riêng) — dữ liệu chạy thử,
716581,11549170,1317,13940,13940,,,2026-08-27,,Suy từ PIECES của WORK ORDER (AVP_AI không có sổ nhận kho riêng) — dữ liệu chạy thử,
716582,11549170,1718,14980,14980,,,2026-08-27,,Suy từ PIECES của WORK ORDER (AVP_AI không có sổ nhận kho riêng) — dữ liệu chạy thử,
716583,11549170,294,13966,13966,,,2026-08-27,,Suy từ PIECES của WORK ORDER (AVP_AI không có sổ nhận kho riêng) — dữ liệu chạy thử,
716584,11549170,376,15033,15033,,,2026-08-27,,Suy từ PIECES của WORK ORDER (AVP_AI không có sổ nhận kho riêng) — dữ liệu chạy thử,
716593,11546463,1410,15015,15015,,,2026-08-13,,Suy từ PIECES của WORK ORDER (AVP_AI không có sổ nhận kho riêng) — dữ liệu chạy thử,
716594,11546463,99,15542,15542,,,2026-08-13,,Suy từ PIECES của WORK ORDER (AVP_AI không có sổ nhận kho riêng) — dữ liệu chạy thử,
716595,11546463,1106,15712,15712,,,2026-08-13,,Suy từ PIECES của WORK ORDER (AVP_AI không có sổ nhận kho riêng) — dữ liệu chạy thử,
716596,11546463,801,14427,14427,,,2026-08-13,,Suy từ PIECES của WORK ORDER (AVP_AI không có sổ nhận kho riêng) — dữ liệu chạy thử,
716597,11546463,1748,12167,12167,,,2026-08-14,,Suy từ PIECES của WORK ORDER (AVP_AI không có sổ nhận kho riêng) — dữ liệu chạy thử,
716598,11546463,1350,10201,10201,,,2026-08-14,,Suy từ PIECES của WORK ORDER (AVP_AI không có sổ nhận kho riêng) — dữ liệu chạy thử,
716599,11546463,901,16130,16130,,,2026-08-14,,Suy từ PIECES của WORK ORDER (AVP_AI không có sổ nhận kho riêng) — dữ liệu chạy thử,
716600,11546463,1760,14985,14985,,,2026-08-14,,Suy từ PIECES của WORK ORDER (AVP_AI không có sổ nhận kho riêng) — dữ liệu chạy thử,
716603,11546378-CA-IN-B,586,40520,40520,,,2026-09-04,,Suy từ PIECES của WORK ORDER (AVP_AI không có sổ nhận kho riêng) — dữ liệu chạy thử,
716604,11546378-CA-IN-B,830,46760,46760,,,2026-09-04,,Suy từ PIECES của WORK ORDER (AVP_AI không có sổ nhận kho riêng) — dữ liệu chạy thử,
716605,11546378-CA-IN-B,475,51040,51040,,,2026-09-04,,Suy từ PIECES của WORK ORDER (AVP_AI không có sổ nhận kho riêng) — dữ liệu chạy thử,
716606,11546378-CA-IN-B,1339,43080,43080,,,2026-09-04,,Suy từ PIECES của WORK ORDER (AVP_AI không có sổ nhận kho riêng) — dữ liệu chạy thử,
716613,11546377,1559,62987,62987,,,2026-08-14,,Suy từ PIECES của WORK ORDER (AVP_AI không có sổ nhận kho riêng) — dữ liệu chạy thử,
716614,11546377,1764,74610,74610,,,2026-08-14,,Suy từ PIECES của WORK ORDER (AVP_AI không có sổ nhận kho riêng) — dữ liệu chạy thử,
716615,11546377,1805,76623,76623,,,2026-08-14,,Suy từ PIECES của WORK ORDER (AVP_AI không có sổ nhận kho riêng) — dữ liệu chạy thử,
716616,11546377,440,60584,60584,,,2026-08-14,,Suy từ PIECES của WORK ORDER (AVP_AI không có sổ nhận kho riêng) — dữ liệu chạy thử,
716621,06512106AA,1592,8343,8343,,,2026-08-26,,Suy từ PIECES của WORK ORDER (AVP_AI không có sổ nhận kho riêng) — dữ liệu chạy thử,
716622,06512106AA,490,5709,5709,,,2026-08-26,,Suy từ PIECES của WORK ORDER (AVP_AI không có sổ nhận kho riêng) — dữ liệu chạy thử,
716623,11546370-MY-AK-L,923,7852,7852,,,2026-09-01,,Suy từ PIECES của WORK ORDER (AVP_AI không có sổ nhận kho riêng) — dữ liệu chạy thử,
716624,11546370-MY-AK-L,319,7067,7067,,,2026-09-01,,Suy từ PIECES của WORK ORDER (AVP_AI không có sổ nhận kho riêng) — dữ liệu chạy thử,
716625,11546370-MY-AK-L,856,7779,7779,,,2026-09-01,,Suy từ PIECES của WORK ORDER (AVP_AI không có sổ nhận kho riêng) — dữ liệu chạy thử,
716626,11546370-MY-AK-L,1110,7181,7181,,,2026-09-01,,Suy từ PIECES của WORK ORDER (AVP_AI không có sổ nhận kho riêng) — dữ liệu chạy thử,
716627,11546370-MY-AK-L,136,7886,7886,,,2026-09-01,,Suy từ PIECES của WORK ORDER (AVP_AI không có sổ nhận kho riêng) — dữ liệu chạy thử,
716628,11546370-MY-AK-L,948,7081,7081,,,2026-09-01,,Suy từ PIECES của WORK ORDER (AVP_AI không có sổ nhận kho riêng) — dữ liệu chạy thử,
716629,11546370-MY-AK-L,673,7953,7953,,,2026-09-01,,Suy từ PIECES của WORK ORDER (AVP_AI không có sổ nhận kho riêng) — dữ liệu chạy thử,
716630,11546370-MY-AK-L,424,6926,6926,,,2026-09-01,,Suy từ PIECES của WORK ORDER (AVP_AI không có sổ nhận kho riêng) — dữ liệu chạy thử,
716631,11546370-MY-AK-L,1618,8094,8094,,,2026-09-01,,Suy từ PIECES của WORK ORDER (AVP_AI không có sổ nhận kho riêng) — dữ liệu chạy thử,
716632,11546370-MY-AK-L,1508,6752,6752,,,2026-09-01,,Suy từ PIECES của WORK ORDER (AVP_AI không có sổ nhận kho riêng) — dữ liệu chạy thử,
716633,11546370-MY-AK-L,313,6866,6866,,,2026-09-01,,Suy từ PIECES của WORK ORDER (AVP_AI không có sổ nhận kho riêng) — dữ liệu chạy thử,
716634,11546370-MY-AK-L,727,8040,8040,,,2026-09-01,,Suy từ PIECES của WORK ORDER (AVP_AI không có sổ nhận kho riêng) — dữ liệu chạy thử,
716635,11546370-MY-AK-L,932,7638,7638,,,2026-09-01,,Suy từ PIECES của WORK ORDER (AVP_AI không có sổ nhận kho riêng) — dữ liệu chạy thử,
716636,11546370-MY-AK-L,384,7121,7121,,,2026-09-01,,Suy từ PIECES của WORK ORDER (AVP_AI không có sổ nhận kho riêng) — dữ liệu chạy thử,
716639,11549171-MY-AK,939,9948,9948,,,2026-08-25,,Suy từ PIECES của WORK ORDER (AVP_AI không có sổ nhận kho riêng) — dữ liệu chạy thử,
716640,11549171-MY-AK,771,9600,9600,,,2026-08-25,,Suy từ PIECES của WORK ORDER (AVP_AI không có sổ nhận kho riêng) — dữ liệu chạy thử,
716641,11549171-MY-AK,1443,9809,9809,,,2026-08-25,,Suy từ PIECES của WORK ORDER (AVP_AI không có sổ nhận kho riêng) — dữ liệu chạy thử,
716642,11549171-MY-AK,1587,9774,9774,,,2026-08-25,,Suy từ PIECES của WORK ORDER (AVP_AI không có sổ nhận kho riêng) — dữ liệu chạy thử,
716645,11549171-MY-AK,1551,10539,10539,,,2026-08-25,,Suy từ PIECES của WORK ORDER (AVP_AI không có sổ nhận kho riêng) — dữ liệu chạy thử,
716646,11549171-MY-AK,1556,9183,9183,,,2026-08-25,,Suy từ PIECES của WORK ORDER (AVP_AI không có sổ nhận kho riêng) — dữ liệu chạy thử,
716647,11549171-MY-AK,1695,9809,9809,,,2026-08-25,,Suy từ PIECES của WORK ORDER (AVP_AI không có sổ nhận kho riêng) — dữ liệu chạy thử,
716648,11549171-MY-AK,387,9774,9774,,,2026-08-25,,Suy từ PIECES của WORK ORDER (AVP_AI không có sổ nhận kho riêng) — dữ liệu chạy thử,
716657,06514720AA,105,44118,44118,,,2026-08-21,,Suy từ PIECES của WORK ORDER (AVP_AI không có sổ nhận kho riêng) — dữ liệu chạy thử,
716658,06514720AA,182,35475,35475,,,2026-08-24,,Suy từ PIECES của WORK ORDER (AVP_AI không có sổ nhận kho riêng) — dữ liệu chạy thử,
716659,06514720AA,267,38009,38009,,,2026-08-21,,Suy từ PIECES của WORK ORDER (AVP_AI không có sổ nhận kho riêng) — dữ liệu chạy thử,
716660,06514720AA,1095,42127,42127,,,2026-08-21,,Suy từ PIECES của WORK ORDER (AVP_AI không có sổ nhận kho riêng) — dữ liệu chạy thử,
716661,06514720AA,135,41584,41584,,,2026-08-20,,Suy từ PIECES của WORK ORDER (AVP_AI không có sổ nhận kho riêng) — dữ liệu chạy thử,
716662,06514720AA,883,37466,37466,,,2026-08-20,,Suy từ PIECES của WORK ORDER (AVP_AI không có sổ nhận kho riêng) — dữ liệu chạy thử,
716663,06514720AA,305,36968,36968,,,2026-08-20,,Suy từ PIECES của WORK ORDER (AVP_AI không có sổ nhận kho riêng) — dữ liệu chạy thử,
716664,06514720AA,195,42172,42172,,,2026-08-20,,Suy từ PIECES của WORK ORDER (AVP_AI không có sổ nhận kho riêng) — dữ liệu chạy thử,
716665,82246,KIB,15000,15000,,,2026-08-14,,Suy từ PIECES của WORK ORDER (AVP_AI không có sổ nhận kho riêng) — dữ liệu chạy thử,
716666,82246,KIB,15000,15000,,,2026-08-14,,Suy từ PIECES của WORK ORDER (AVP_AI không có sổ nhận kho riêng) — dữ liệu chạy thử,
716667,82246,KIB,15230,15230,,,2026-08-14,,Suy từ PIECES của WORK ORDER (AVP_AI không có sổ nhận kho riêng) — dữ liệu chạy thử,
716668,82246,KIB,15230,15230,,,2026-08-14,,Suy từ PIECES của WORK ORDER (AVP_AI không có sổ nhận kho riêng) — dữ liệu chạy thử,
716669,06105048AA,KIB,38930,38930,,,2026-08-17,,Suy từ PIECES của WORK ORDER (AVP_AI không có sổ nhận kho riêng) — dữ liệu chạy thử,
716670,06105048AA,KIB,38930,38930,,,2026-08-17,,Suy từ PIECES của WORK ORDER (AVP_AI không có sổ nhận kho riêng) — dữ liệu chạy thử,
716671,06105048AA,KIB,40000,40000,,,2026-08-17,,Suy từ PIECES của WORK ORDER (AVP_AI không có sổ nhận kho riêng) — dữ liệu chạy thử,
716672,06105048AA,KIB,40000,40000,,,2026-08-17,,Suy từ PIECES của WORK ORDER (AVP_AI không có sổ nhận kho riêng) — dữ liệu chạy thử,
716677,06105049AA,KIB,40000,40000,,,2026-08-17,,Suy từ PIECES của WORK ORDER (AVP_AI không có sổ nhận kho riêng) — dữ liệu chạy thử,
716678,06105049AA,KIB,40000,40000,,,2026-08-17,,Suy từ PIECES của WORK ORDER (AVP_AI không có sổ nhận kho riêng) — dữ liệu chạy thử,
716679,06105049AA,KIB,40000,40000,,,2026-08-17,,Suy từ PIECES của WORK ORDER (AVP_AI không có sổ nhận kho riêng) — dữ liệu chạy thử,
716680,06105049AA,KIB,40000,40000,,,2026-08-17,,Suy từ PIECES của WORK ORDER (AVP_AI không có sổ nhận kho riêng) — dữ liệu chạy thử,
716681,11547176,KIB,45000,45000,,,2026-08-14,,Suy từ PIECES của WORK ORDER (AVP_AI không có sổ nhận kho riêng) — dữ liệu chạy thử,
716682,11547176,KIB,45000,45000,,,2026-08-14,,Suy từ PIECES của WORK ORDER (AVP_AI không có sổ nhận kho riêng) — dữ liệu chạy thử,
716687,06105102AA,KIB,40000,40000,,,2026-08-17,,Suy từ PIECES của WORK ORDER (AVP_AI không có sổ nhận kho riêng) — dữ liệu chạy thử,
716688,06105102AA,KIB,40000,40000,,,2026-08-17,,Suy từ PIECES của WORK ORDER (AVP_AI không có sổ nhận kho riêng) — dữ liệu chạy thử,
716689,06105102AA,KIB,40000,40000,,,2026-08-17,,Suy từ PIECES của WORK ORDER (AVP_AI không có sổ nhận kho riêng) — dữ liệu chạy thử,
716690,06105102AA,KIB,40000,40000,,,2026-08-17,,Suy từ PIECES của WORK ORDER (AVP_AI không có sổ nhận kho riêng) — dữ liệu chạy thử,
716691,06105102AA,KIB,40000,40000,,,2026-08-17,,Suy từ PIECES của WORK ORDER (AVP_AI không có sổ nhận kho riêng) — dữ liệu chạy thử,
716692,06105102AA,KIB,40000,40000,,,2026-08-17,,Suy từ PIECES của WORK ORDER (AVP_AI không có sổ nhận kho riêng) — dữ liệu chạy thử,
716693,06105102AA,KIB,40000,40000,,,2026-08-17,,Suy từ PIECES của WORK ORDER (AVP_AI không có sổ nhận kho riêng) — dữ liệu chạy thử,
716694,06105102AA,KIB,40000,40000,,,2026-08-17,,Suy từ PIECES của WORK ORDER (AVP_AI không có sổ nhận kho riêng) — dữ liệu chạy thử,
716695,06105102AA,KIB,40000,40000,,,2026-08-17,,Suy từ PIECES của WORK ORDER (AVP_AI không có sổ nhận kho riêng) — dữ liệu chạy thử,
716696,06105102AA,KIB,40000,40000,,,2026-08-17,,Suy từ PIECES của WORK ORDER (AVP_AI không có sổ nhận kho riêng) — dữ liệu chạy thử,
716697,06105102AA,KIB,40000,40000,,,2026-08-17,,Suy từ PIECES của WORK ORDER (AVP_AI không có sổ nhận kho riêng) — dữ liệu chạy thử,
716698,06105102AA,KIB,40000,40000,,,2026-08-17,,Suy từ PIECES của WORK ORDER (AVP_AI không có sổ nhận kho riêng) — dữ liệu chạy thử,
716699,W705606-S440,KIB,40000,40000,,,2026-08-10,,Suy từ PIECES của WORK ORDER (AVP_AI không có sổ nhận kho riêng) — dữ liệu chạy thử,
716700,W705606-S440,KIB,40000,40000,,,2026-08-10,,Suy từ PIECES của WORK ORDER (AVP_AI không có sổ nhận kho riêng) — dữ liệu chạy thử,
716701,W705606-S440,KIB,40000,40000,,,2026-08-10,,Suy từ PIECES của WORK ORDER (AVP_AI không có sổ nhận kho riêng) — dữ liệu chạy thử,
716702,W705606-S440,KIB,40000,40000,,,2026-08-10,,Suy từ PIECES của WORK ORDER (AVP_AI không có sổ nhận kho riêng) — dữ liệu chạy thử,
716703,1420503001,KIB,47000,47000,,,2026-08-10,,Suy từ PIECES của WORK ORDER (AVP_AI không có sổ nhận kho riêng) — dữ liệu chạy thử,
716704,1420503001,KIB,47000,47000,,,2026-08-10,,Suy từ PIECES của WORK ORDER (AVP_AI không có sổ nhận kho riêng) — dữ liệu chạy thử,
716705,K1046AB,KIB,94160,94160,,,2026-08-10,,Suy từ PIECES của WORK ORDER (AVP_AI không có sổ nhận kho riêng) — dữ liệu chạy thử,
716706,K1046AB,KIB,94160,94160,,,2026-08-10,,Suy từ PIECES của WORK ORDER (AVP_AI không có sổ nhận kho riêng) — dữ liệu chạy thử,
716707,K1046AB,KIB,63980,63980,,,2026-08-10,,Suy từ PIECES của WORK ORDER (AVP_AI không có sổ nhận kho riêng) — dữ liệu chạy thử,
716708,K1046AB,KIB,63980,63980,,,2026-08-10,,Suy từ PIECES của WORK ORDER (AVP_AI không có sổ nhận kho riêng) — dữ liệu chạy thử,
716709,61525,KIB,85000,85000,,,2026-08-10,,Suy từ PIECES của WORK ORDER (AVP_AI không có sổ nhận kho riêng) — dữ liệu chạy thử,
716710,61525,KIB,85000,85000,,,2026-08-10,,Suy từ PIECES của WORK ORDER (AVP_AI không có sổ nhận kho riêng) — dữ liệu chạy thử,
716711,11602031,1841,4370,4370,,,2026-08-17,,Suy từ PIECES của WORK ORDER (AVP_AI không có sổ nhận kho riêng) — dữ liệu chạy thử,
716712,11602031,1569,4410,4410,,,2026-08-17,,Suy từ PIECES của WORK ORDER (AVP_AI không có sổ nhận kho riêng) — dữ liệu chạy thử,
716713,11602031,770,4214,4214,,,2026-08-17,,Suy từ PIECES của WORK ORDER (AVP_AI không có sổ nhận kho riêng) — dữ liệu chạy thử,
716714,11602031,1068,4351,4351,,,2026-08-17,,Suy từ PIECES của WORK ORDER (AVP_AI không có sổ nhận kho riêng) — dữ liệu chạy thử,
716715,11602031,250,4772,4772,,,2026-08-17,,Suy từ PIECES của WORK ORDER (AVP_AI không có sổ nhận kho riêng) — dữ liệu chạy thử,
716716,11602031,288,3660,3660,,,2026-08-17,,Suy từ PIECES của WORK ORDER (AVP_AI không có sổ nhận kho riêng) — dữ liệu chạy thử,
716717,11602031,306,4483,4483,,,2026-08-17,,Suy từ PIECES của WORK ORDER (AVP_AI không có sổ nhận kho riêng) — dữ liệu chạy thử,
716718,11602031,1845,4209,4209,,,2026-08-17,,Suy từ PIECES của WORK ORDER (AVP_AI không có sổ nhận kho riêng) — dữ liệu chạy thử,
716723,NU3019-00,1828,5508,5508,,,2026-08-26,,Suy từ PIECES của WORK ORDER (AVP_AI không có sổ nhận kho riêng) — dữ liệu chạy thử,
716724,NU3019-00,1430,4732,4732,,,2026-08-26,,Suy từ PIECES của WORK ORDER (AVP_AI không có sổ nhận kho riêng) — dữ liệu chạy thử,
716725,NU3019-00,1053,4775,4775,,,2026-08-26,,Suy từ PIECES của WORK ORDER (AVP_AI không có sổ nhận kho riêng) — dữ liệu chạy thử,
716726,NU3019-00,170,5278,5278,,,2026-08-26,,Suy từ PIECES của WORK ORDER (AVP_AI không có sổ nhận kho riêng) — dữ liệu chạy thử,
716727,NU3019-00,1447,4681,4681,,,2026-08-26,,Suy từ PIECES của WORK ORDER (AVP_AI không có sổ nhận kho riêng) — dữ liệu chạy thử,
716728,NU3019-00,1783,5546,5546,,,2026-08-26,,Suy từ PIECES của WORK ORDER (AVP_AI không có sổ nhận kho riêng) — dữ liệu chạy thử,
716729,NU3019-00,894,4693,4693,,,2026-08-26,,Suy từ PIECES của WORK ORDER (AVP_AI không có sổ nhận kho riêng) — dữ liệu chạy thử,
716730,NU3019-00,758,5407,5407,,,2026-08-26,,Suy từ PIECES của WORK ORDER (AVP_AI không có sổ nhận kho riêng) — dữ liệu chạy thử,
716731,NU3019-00,1300,4990,4990,,,2026-08-26,,Suy từ PIECES của WORK ORDER (AVP_AI không có sổ nhận kho riêng) — dữ liệu chạy thử,
716732,NU3019-00,844,5139,5139,,,2026-08-26,,Suy từ PIECES của WORK ORDER (AVP_AI không có sổ nhận kho riêng) — dữ liệu chạy thử,
716733,NU3019-00,149,5383,5383,,,2026-08-26,,Suy từ PIECES của WORK ORDER (AVP_AI không có sổ nhận kho riêng) — dữ liệu chạy thử,
716734,NU3019-00,1833,4761,4761,,,2026-08-26,,Suy từ PIECES của WORK ORDER (AVP_AI không có sổ nhận kho riêng) — dữ liệu chạy thử,
716735,NU3019-00,731,4890,4890,,,2026-08-26,,Suy từ PIECES của WORK ORDER (AVP_AI không có sổ nhận kho riêng) — dữ liệu chạy thử,
716736,NU3019-00,1593,5273,5273,,,2026-08-26,,Suy từ PIECES của WORK ORDER (AVP_AI không có sổ nhận kho riêng) — dữ liệu chạy thử,
716739,11609280,1773,43316,43316,,,2026-08-24,,Suy từ PIECES của WORK ORDER (AVP_AI không có sổ nhận kho riêng) — dữ liệu chạy thử,
716740,11609280,210,48877,48877,,,2026-08-24,,Suy từ PIECES của WORK ORDER (AVP_AI không có sổ nhận kho riêng) — dữ liệu chạy thử,
716741,40110160-L,1633,7510,7510,,,2026-09-09,,Suy từ PIECES của WORK ORDER (AVP_AI không có sổ nhận kho riêng) — dữ liệu chạy thử,
716742,40110160-L,658,6665,6665,,,2026-09-09,,Suy từ PIECES của WORK ORDER (AVP_AI không có sổ nhận kho riêng) — dữ liệu chạy thử,
716743,82253,1526,42731,42731,,,2026-08-25,,Suy từ PIECES của WORK ORDER (AVP_AI không có sổ nhận kho riêng) — dữ liệu chạy thử,
716744,82253,186,42605,42605,,,2026-08-25,,Suy từ PIECES của WORK ORDER (AVP_AI không có sổ nhận kho riêng) — dữ liệu chạy thử,
716745,06511777AA,674,19638,19638,,,2026-09-10,,Suy từ PIECES của WORK ORDER (AVP_AI không có sổ nhận kho riêng) — dữ liệu chạy thử,
716747,11546571,109,56886,56886,,,2026-08-28,,Suy từ PIECES của WORK ORDER (AVP_AI không có sổ nhận kho riêng) — dữ liệu chạy thử,
716748,11546571,1834,42874,42874,,,2026-08-28,,Suy từ PIECES của WORK ORDER (AVP_AI không có sổ nhận kho riêng) — dữ liệu chạy thử,
716751,06513399AA,445,8131,8131,,,2026-08-19,,Suy từ PIECES của WORK ORDER (AVP_AI không có sổ nhận kho riêng) — dữ liệu chạy thử,
716752,06513399AA,1763,9382,9382,,,2026-08-19,,Suy từ PIECES của WORK ORDER (AVP_AI không có sổ nhận kho riêng) — dữ liệu chạy thử,
716753,06513399AA,349,5942,5942,,,2026-08-19,,Suy từ PIECES của WORK ORDER (AVP_AI không có sổ nhận kho riêng) — dữ liệu chạy thử,
716754,06513399AA,358,8405,8405,,,2026-08-19,,Suy từ PIECES của WORK ORDER (AVP_AI không có sổ nhận kho riêng) — dữ liệu chạy thử,
716756,06513399AA,686,7998,7998,,,2026-08-19,,Suy từ PIECES của WORK ORDER (AVP_AI không có sổ nhận kho riêng) — dữ liệu chạy thử,
716757,11546437,1842,90154,90154,,,2026-08-18,,Suy từ PIECES của WORK ORDER (AVP_AI không có sổ nhận kho riêng) — dữ liệu chạy thử,
716758,11546437,1700,84077,84077,,,2026-08-18,,Suy từ PIECES của WORK ORDER (AVP_AI không có sổ nhận kho riêng) — dữ liệu chạy thử,
716759,11546437,757,78615,78615,,,2026-08-18,,Suy từ PIECES của WORK ORDER (AVP_AI không có sổ nhận kho riêng) — dữ liệu chạy thử,
716760,11546437,534,91000,91000,,,2026-08-18,,Suy từ PIECES của WORK ORDER (AVP_AI không có sổ nhận kho riêng) — dữ liệu chạy thử,
716761,11546437,867,82769,82769,,,2026-08-18,,Suy từ PIECES của WORK ORDER (AVP_AI không có sổ nhận kho riêng) — dữ liệu chạy thử,
716762,11546437,1387,88385,88385,,,2026-08-18,,Suy từ PIECES của WORK ORDER (AVP_AI không có sổ nhận kho riêng) — dữ liệu chạy thử,
716763,11546437,91,89692,89692,,,2026-08-18,,Suy từ PIECES của WORK ORDER (AVP_AI không có sổ nhận kho riêng) — dữ liệu chạy thử,
716764,11546437,1063,79846,79846,,,2026-08-18,,Suy từ PIECES của WORK ORDER (AVP_AI không có sổ nhận kho riêng) — dữ liệu chạy thử,
716765,11546437,283,95769,95769,,,2026-08-18,,Suy từ PIECES của WORK ORDER (AVP_AI không có sổ nhận kho riêng) — dữ liệu chạy thử,
716767,11516782,598,15573,15573,,,2026-08-18,,Suy từ PIECES của WORK ORDER (AVP_AI không có sổ nhận kho riêng) — dữ liệu chạy thử,
716768,11516782,633,18576,18576,,,2026-08-18,,Suy từ PIECES của WORK ORDER (AVP_AI không có sổ nhận kho riêng) — dữ liệu chạy thử,
716769,06104384AA,577,25370,25370,,,2026-08-21,,Suy từ PIECES của WORK ORDER (AVP_AI không có sổ nhận kho riêng) — dữ liệu chạy thử,
716770,06104384AA,1522,20820,20820,,,2026-08-21,,Suy từ PIECES của WORK ORDER (AVP_AI không có sổ nhận kho riêng) — dữ liệu chạy thử,
716771,06513514AA,1794,9510,9510,,,2026-08-18,,Suy từ PIECES của WORK ORDER (AVP_AI không có sổ nhận kho riêng) — dữ liệu chạy thử,
716772,06513514AA,127,10024,10024,,,2026-08-18,,Suy từ PIECES của WORK ORDER (AVP_AI không có sổ nhận kho riêng) — dữ liệu chạy thử,
716773,H62534A,880,20682,20682,,,2026-08-24,,Suy từ PIECES của WORK ORDER (AVP_AI không có sổ nhận kho riêng) — dữ liệu chạy thử,
716774,H62534A,687,20631,20631,,,2026-08-24,,Suy từ PIECES của WORK ORDER (AVP_AI không có sổ nhận kho riêng) — dữ liệu chạy thử,
716775,06101736-A,1827,77303,77303,,,2026-08-24,,Suy từ PIECES của WORK ORDER (AVP_AI không có sổ nhận kho riêng) — dữ liệu chạy thử,
716776,06101736-A,1676,122472,122472,,,2026-08-24,,Suy từ PIECES của WORK ORDER (AVP_AI không có sổ nhận kho riêng) — dữ liệu chạy thử,
716782,11514596-CA-IN,479,74870,74870,,,2026-09-08,,Suy từ PIECES của WORK ORDER (AVP_AI không có sổ nhận kho riêng) — dữ liệu chạy thử,
716783,11514596-CA-IN,183,79026,79026,,,2026-09-08,,Suy từ PIECES của WORK ORDER (AVP_AI không có sổ nhận kho riêng) — dữ liệu chạy thử,
716789,06104725AA,177,106038,106038,,,2026-08-21,,Suy từ PIECES của WORK ORDER (AVP_AI không có sổ nhận kho riêng) — dữ liệu chạy thử,
716790,06104725AA,903,94528,94528,,,2026-08-21,,Suy từ PIECES của WORK ORDER (AVP_AI không có sổ nhận kho riêng) — dữ liệu chạy thử,
716791,06104725AA,1649,106038,106038,,,2026-08-21,,Suy từ PIECES của WORK ORDER (AVP_AI không có sổ nhận kho riêng) — dữ liệu chạy thử,
716792,06104725AA,851,95566,95566,,,2026-08-21,,Suy từ PIECES của WORK ORDER (AVP_AI không có sổ nhận kho riêng) — dữ liệu chạy thử,
716793,06104725AA,1687,102453,102453,,,2026-08-21,,Suy từ PIECES của WORK ORDER (AVP_AI không có sổ nhận kho riêng) — dữ liệu chạy thử,
716794,06104725AA,1775,102642,102642,,,2026-08-21,,Suy từ PIECES của WORK ORDER (AVP_AI không có sổ nhận kho riêng) — dữ liệu chạy thử,
716795,06104725AA,1539,102453,102453,,,2026-08-21,,Suy từ PIECES của WORK ORDER (AVP_AI không có sổ nhận kho riêng) — dữ liệu chạy thử,
716796,06104725AA,2,101981,101981,,,2026-08-21,,Suy từ PIECES của WORK ORDER (AVP_AI không có sổ nhận kho riêng) — dữ liệu chạy thử,
716797,06104725AA,108,92264,92264,,,2026-08-21,,Suy từ PIECES của WORK ORDER (AVP_AI không có sổ nhận kho riêng) — dữ liệu chạy thử,
716798,06104725AA,1402,111415,111415,,,2026-08-21,,Suy từ PIECES của WORK ORDER (AVP_AI không có sổ nhận kho riêng) — dữ liệu chạy thử,
716799,06104388AA,48,20533,20533,,,2026-08-21,,Suy từ PIECES của WORK ORDER (AVP_AI không có sổ nhận kho riêng) — dữ liệu chạy thử,
716800,06104388AA,82,19806,19806,,,2026-08-21,,Suy từ PIECES của WORK ORDER (AVP_AI không có sổ nhận kho riêng) — dữ liệu chạy thử,
716801,06104388AA,1603,20823,20823,,,2026-08-21,,Suy từ PIECES của WORK ORDER (AVP_AI không có sổ nhận kho riêng) — dữ liệu chạy thử,
716802,06104388AA,878,19443,19443,,,2026-08-21,,Suy từ PIECES của WORK ORDER (AVP_AI không có sổ nhận kho riêng) — dữ liệu chạy thử,
716803,06104388AA,373,19782,19782,,,2026-08-21,,Suy từ PIECES của WORK ORDER (AVP_AI không có sổ nhận kho riêng) — dữ liệu chạy thử,
716804,06104388AA,798,20412,20412,,,2026-08-21,,Suy từ PIECES của WORK ORDER (AVP_AI không có sổ nhận kho riêng) — dữ liệu chạy thử,
716807,NU1237,1446,22444,22444,,,2026-08-20,,Suy từ PIECES của WORK ORDER (AVP_AI không có sổ nhận kho riêng) — dữ liệu chạy thử,
716808,NU1237,408,25874,25874,,,2026-08-20,,Suy từ PIECES của WORK ORDER (AVP_AI không có sổ nhận kho riêng) — dữ liệu chạy thử,
716809,NU1237,1038,21525,21525,,,2026-08-20,,Suy từ PIECES của WORK ORDER (AVP_AI không có sổ nhận kho riêng) — dữ liệu chạy thử,
716810,NU1237,1510,26704,26704,,,2026-08-20,,Suy từ PIECES của WORK ORDER (AVP_AI không có sổ nhận kho riêng) — dữ liệu chạy thử,
716811,11516133,136,14712,14712,,,2026-09-11,,Suy từ PIECES của WORK ORDER (AVP_AI không có sổ nhận kho riêng) — dữ liệu chạy thử,
716812,11516133,632,15836,15836,,,2026-09-11,,Suy từ PIECES của WORK ORDER (AVP_AI không có sổ nhận kho riêng) — dữ liệu chạy thử,
716813,11516133,42,16643,16643,,,2026-09-11,,Suy từ PIECES của WORK ORDER (AVP_AI không có sổ nhận kho riêng) — dữ liệu chạy thử,
716814,11516133,141,13948,13948,,,2026-09-11,,Suy từ PIECES của WORK ORDER (AVP_AI không có sổ nhận kho riêng) — dữ liệu chạy thử,
716815,NA1055-02,260,15202,15202,,,2026-08-20,,Suy từ PIECES của WORK ORDER (AVP_AI không có sổ nhận kho riêng) — dữ liệu chạy thử,
716816,NA1055-02,233,15115,15115,,,2026-08-20,,Suy từ PIECES của WORK ORDER (AVP_AI không có sổ nhận kho riêng) — dữ liệu chạy thử,
716817,11546365-MY-AK,1516,65497,65497,,,2026-08-28,,Suy từ PIECES của WORK ORDER (AVP_AI không có sổ nhận kho riêng) — dữ liệu chạy thử,
716818,11546365-MY-AK,1570,66491,66491,,,2026-08-28,,Suy từ PIECES của WORK ORDER (AVP_AI không có sổ nhận kho riêng) — dữ liệu chạy thử,
716819,11546365-MY-AK,310,54971,54971,,,2026-08-28,,Suy từ PIECES của WORK ORDER (AVP_AI không có sổ nhận kho riêng) — dữ liệu chạy thử,
716820,11546365-MY-AK,1838,54386,54386,,,2026-08-28,,Suy từ PIECES của WORK ORDER (AVP_AI không có sổ nhận kho riêng) — dữ liệu chạy thử,
716821,11546365-MY-AK,1653,65497,65497,,,2026-08-28,,Suy từ PIECES của WORK ORDER (AVP_AI không có sổ nhận kho riêng) — dữ liệu chạy thử,
716822,11546365-MY-AK,1756,67135,67135,,,2026-08-28,,Suy từ PIECES của WORK ORDER (AVP_AI không có sổ nhận kho riêng) — dữ liệu chạy thử,
716823,11609826,1037,6402,6402,,,2026-09-08,,Suy từ PIECES của WORK ORDER (AVP_AI không có sổ nhận kho riêng) — dữ liệu chạy thử,
716824,11609826,1790,6544,6544,,,2026-09-08,,Suy từ PIECES của WORK ORDER (AVP_AI không có sổ nhận kho riêng) — dữ liệu chạy thử,
716825,11546379-T,1424,25471,25471,,,2026-09-01,,Suy từ PIECES của WORK ORDER (AVP_AI không có sổ nhận kho riêng) — dữ liệu chạy thử,
716826,11546379-T,450,24395,24395,,,2026-08-31,,Suy từ PIECES của WORK ORDER (AVP_AI không có sổ nhận kho riêng) — dữ liệu chạy thử,
716827,W20-1028-012,899,37918,37918,,,2026-08-29,,Suy từ PIECES của WORK ORDER (AVP_AI không có sổ nhận kho riêng) — dữ liệu chạy thử,
716828,W20-1028-012,1720,31009,31009,,,2026-08-29,,Suy từ PIECES của WORK ORDER (AVP_AI không có sổ nhận kho riêng) — dữ liệu chạy thử,
716829,W20-1028-012,618,36972,36972,,,2026-08-29,,Suy từ PIECES của WORK ORDER (AVP_AI không có sổ nhận kho riêng) — dữ liệu chạy thử,
716830,W20-1028-012,1637,30852,30852,,,2026-08-29,,Suy từ PIECES của WORK ORDER (AVP_AI không có sổ nhận kho riêng) — dữ liệu chạy thử,
716835,11609789-IN-MR,20,49439,49439,,,2026-08-31,,Suy từ PIECES của WORK ORDER (AVP_AI không có sổ nhận kho riêng) — dữ liệu chạy thử,
716837,11609826,1515,6509,6509,,,2026-09-08,,Suy từ PIECES của WORK ORDER (AVP_AI không có sổ nhận kho riêng) — dữ liệu chạy thử,
716838,11609826,154,6272,6272,,,2026-09-08,,Suy từ PIECES của WORK ORDER (AVP_AI không có sổ nhận kho riêng) — dữ liệu chạy thử,
716849,W20-1028-020SL,193,7394,7394,,,2026-08-20,,Suy từ PIECES của WORK ORDER (AVP_AI không có sổ nhận kho riêng) — dữ liệu chạy thử,
716850,W20-1028-020SL,1411,6581,6581,,,2026-08-20,,Suy từ PIECES của WORK ORDER (AVP_AI không có sổ nhận kho riêng) — dữ liệu chạy thử,
716851,W20-1028-020SL,1664,8316,8316,,,2026-08-20,,Suy từ PIECES của WORK ORDER (AVP_AI không có sổ nhận kho riêng) — dữ liệu chạy thử,
716852,W20-1028-020SL,638,4385,4385,,,2026-08-20,,Suy từ PIECES của WORK ORDER (AVP_AI không có sổ nhận kho riêng) — dữ liệu chạy thử,
716854,11546448,227,90111,90111,,,2026-08-24,,Suy từ PIECES của WORK ORDER (AVP_AI không có sổ nhận kho riêng) — dữ liệu chạy thử,
716855,11546448,264,73556,73556,,,2026-08-24,,Suy từ PIECES của WORK ORDER (AVP_AI không có sổ nhận kho riêng) — dữ liệu chạy thử,
716856,11546448,148,108556,108556,,,2026-08-24,,Suy từ PIECES của WORK ORDER (AVP_AI không có sổ nhận kho riêng) — dữ liệu chạy thử,
716857,11546448,519,122889,122889,,,2026-08-24,,Suy từ PIECES của WORK ORDER (AVP_AI không có sổ nhận kho riêng) — dữ liệu chạy thử,
716858,06514085AA,919,28757,28757,,,2026-09-02,,Suy từ PIECES của WORK ORDER (AVP_AI không có sổ nhận kho riêng) — dữ liệu chạy thử,
716860,06101968-A,949,76970,76970,,,2026-08-24,,Suy từ PIECES của WORK ORDER (AVP_AI không có sổ nhận kho riêng) — dữ liệu chạy thử,
716861,06101968-A,1517,73258,73258,,,2026-08-24,,Suy từ PIECES của WORK ORDER (AVP_AI không có sổ nhận kho riêng) — dữ liệu chạy thử,
716862,06101968-A,208,75455,75455,,,2026-08-24,,Suy từ PIECES của WORK ORDER (AVP_AI không có sổ nhận kho riêng) — dữ liệu chạy thử,
716863,06101968-A,648,74167,74167,,,2026-08-24,,Suy từ PIECES của WORK ORDER (AVP_AI không có sổ nhận kho riêng) — dữ liệu chạy thử,
716864,40073474,1000,5148,5148,,,2026-08-26,,Suy từ PIECES của WORK ORDER (AVP_AI không có sổ nhận kho riêng) — dữ liệu chạy thử,
716865,40073474,626,4685,4685,,,2026-08-26,,Suy từ PIECES của WORK ORDER (AVP_AI không có sổ nhận kho riêng) — dữ liệu chạy thử,
716867,11517665-A,1306,26500,26500,,,2026-08-18,,Suy từ PIECES của WORK ORDER (AVP_AI không có sổ nhận kho riêng) — dữ liệu chạy thử,
716868,11546449,1028,93898,93898,,,2026-08-20,,Suy từ PIECES của WORK ORDER (AVP_AI không có sổ nhận kho riêng) — dữ liệu chạy thử,
716869,11546449,704,87373,87373,,,2026-08-20,,Suy từ PIECES của WORK ORDER (AVP_AI không có sổ nhận kho riêng) — dữ liệu chạy thử,
716870,11546449,1671,99237,99237,,,2026-08-20,,Suy từ PIECES của WORK ORDER (AVP_AI không có sổ nhận kho riêng) — dữ liệu chạy thử,
716871,11546449,1819,82881,82881,,,2026-08-20,,Suy từ PIECES của WORK ORDER (AVP_AI không có sổ nhận kho riêng) — dữ liệu chạy thử,
716872,11546449,559,93898,93898,,,2026-08-20,,Suy từ PIECES của WORK ORDER (AVP_AI không có sổ nhận kho riêng) — dữ liệu chạy thử,
716873,11546449,580,75678,75678,,,2026-08-20,,Suy từ PIECES của WORK ORDER (AVP_AI không có sổ nhận kho riêng) — dữ liệu chạy thử,
716874,11546449,1395,88475,88475,,,2026-08-20,,Suy từ PIECES của WORK ORDER (AVP_AI không có sổ nhận kho riêng) — dữ liệu chạy thử,
716875,11546449,1074,87373,87373,,,2026-08-20,,Suy từ PIECES của WORK ORDER (AVP_AI không có sổ nhận kho riêng) — dữ liệu chạy thử,
716876,11546449,1620,82966,82966,,,2026-08-20,,Suy từ PIECES của WORK ORDER (AVP_AI không có sổ nhận kho riêng) — dữ liệu chạy thử,
716877,11546449,221,91441,91441,,,2026-08-20,,Suy từ PIECES của WORK ORDER (AVP_AI không có sổ nhận kho riêng) — dữ liệu chạy thử,
716878,11546449,150,80847,80847,,,2026-08-20,,Suy từ PIECES của WORK ORDER (AVP_AI không có sổ nhận kho riêng) — dữ liệu chạy thử,
716879,11546449,1829,95169,95169,,,2026-08-20,,Suy từ PIECES của WORK ORDER (AVP_AI không có sổ nhận kho riêng) — dữ liệu chạy thử,
716880,W20-1028-020SL,19,8133,8133,,,2026-08-21,,Suy từ PIECES của WORK ORDER (AVP_AI không có sổ nhận kho riêng) — dữ liệu chạy thử,
716881,W20-1028-020SL,653,6896,6896,,,2026-08-21,,Suy từ PIECES của WORK ORDER (AVP_AI không có sổ nhận kho riêng) — dữ liệu chạy thử,
716882,W20-1028-020SL,1437,7269,7269,,,2026-08-21,,Suy từ PIECES của WORK ORDER (AVP_AI không có sổ nhận kho riêng) — dữ liệu chạy thử,
716883,W20-1028-020SL,1811,7906,7906,,,2026-08-21,,Suy từ PIECES của WORK ORDER (AVP_AI không có sổ nhận kho riêng) — dữ liệu chạy thử,
716884,W20-1028-020SL,1813,7167,7167,,,2026-08-21,,Suy từ PIECES của WORK ORDER (AVP_AI không có sổ nhận kho riêng) — dữ liệu chạy thử,
716885,W20-1028-020SL,209,8016,8016,,,2026-08-21,,Suy từ PIECES của WORK ORDER (AVP_AI không có sổ nhận kho riêng) — dữ liệu chạy thử,
716886,06101831-A,1017,28768,28768,,,2026-08-21,,Suy từ PIECES của WORK ORDER (AVP_AI không có sổ nhận kho riêng) — dữ liệu chạy thử,
716887,06101831-A,1659,29529,29529,,,2026-08-21,,Suy từ PIECES của WORK ORDER (AVP_AI không có sổ nhận kho riêng) — dữ liệu chạy thử,
716888,06101831-A,1314,31703,31703,,,2026-08-21,,Suy từ PIECES của WORK ORDER (AVP_AI không có sổ nhận kho riêng) — dữ liệu chạy thử,
716889,06101831-A,304,28007,28007,,,2026-08-21,,Suy từ PIECES của WORK ORDER (AVP_AI không có sổ nhận kho riêng) — dữ liệu chạy thử,
716890,06101831-A,1568,30906,30906,,,2026-08-21,,Suy từ PIECES của WORK ORDER (AVP_AI không có sổ nhận kho riêng) — dữ liệu chạy thử,
716891,06101831-A,130,28913,28913,,,2026-08-21,,Suy từ PIECES của WORK ORDER (AVP_AI không có sổ nhận kho riêng) — dữ liệu chạy thử,
716892,06101831-A,750,32754,32754,,,2026-08-24,,Suy từ PIECES của WORK ORDER (AVP_AI không có sổ nhận kho riêng) — dữ liệu chạy thử,
716893,06101831-A,431,26304,26304,,,2026-08-24,,Suy từ PIECES của WORK ORDER (AVP_AI không có sổ nhận kho riêng) — dữ liệu chạy thử,
716895,06101831-A,1823,42464,42464,,,2026-08-24,,Suy từ PIECES của WORK ORDER (AVP_AI không có sổ nhận kho riêng) — dữ liệu chạy thử,
716896,06101831-A,106,38551,38551,,,2026-08-24,,Suy từ PIECES của WORK ORDER (AVP_AI không có sổ nhận kho riêng) — dữ liệu chạy thử,
716897,06101831-A,1544,38877,38877,,,2026-08-24,,Suy từ PIECES của WORK ORDER (AVP_AI không có sổ nhận kho riêng) — dữ liệu chạy thử,
716898,06511637AA,1584,42298,42298,,,2026-08-25,,Suy từ PIECES của WORK ORDER (AVP_AI không có sổ nhận kho riêng) — dữ liệu chạy thử,
716899,06511637AA,873,40806,40806,,,2026-08-25,,Suy từ PIECES của WORK ORDER (AVP_AI không có sổ nhận kho riêng) — dữ liệu chạy thử,
716900,W716298-S450-A,896,135526,135526,,,2026-08-25,,Suy từ PIECES của WORK ORDER (AVP_AI không có sổ nhận kho riêng) — dữ liệu chạy thử,
716901,W716298-S450-A,1777,129605,129605,,,2026-08-25,,Suy từ PIECES của WORK ORDER (AVP_AI không có sổ nhận kho riêng) — dữ liệu chạy thử,
716902,06514094AA,1667,8615,8615,,,2026-08-26,,Suy từ PIECES của WORK ORDER (AVP_AI không có sổ nhận kho riêng) — dữ liệu chạy thử,
716903,06514094AA,1308,5982,5982,,,2026-08-26,,Suy từ PIECES của WORK ORDER (AVP_AI không có sổ nhận kho riêng) — dữ liệu chạy thử,
716905,7151143403,1305,58580,58580,,,2026-08-25,,Suy từ PIECES của WORK ORDER (AVP_AI không có sổ nhận kho riêng) — dữ liệu chạy thử,
716906,11561645,1674,129481,129481,,,2026-08-25,,Suy từ PIECES của WORK ORDER (AVP_AI không có sổ nhận kho riêng) — dữ liệu chạy thử,
716907,11561645,455,108052,108052,,,2026-08-25,,Suy từ PIECES của WORK ORDER (AVP_AI không có sổ nhận kho riêng) — dữ liệu chạy thử,
716908,11549168,1022,42575,42575,,,2026-08-28,,Suy từ PIECES của WORK ORDER (AVP_AI không có sổ nhận kho riêng) — dữ liệu chạy thử,
716909,11549168,1782,43694,43694,,,2026-08-28,,Suy từ PIECES của WORK ORDER (AVP_AI không có sổ nhận kho riêng) — dữ liệu chạy thử,
716910,11549168,959,41530,41530,,,2026-08-28,,Suy từ PIECES của WORK ORDER (AVP_AI không có sổ nhận kho riêng) — dữ liệu chạy thử,
716911,11549168,1070,43582,43582,,,2026-08-28,,Suy từ PIECES của WORK ORDER (AVP_AI không có sổ nhận kho riêng) — dữ liệu chạy thử,
716912,11549168,50,46903,46903,,,2026-08-28,,Suy từ PIECES của WORK ORDER (AVP_AI không có sổ nhận kho riêng) — dữ liệu chạy thử,
716913,11549168,398,38022,38022,,,2026-08-28,,Suy từ PIECES của WORK ORDER (AVP_AI không có sổ nhận kho riêng) — dữ liệu chạy thử,
716914,11549168,584,45933,45933,,,2026-08-28,,Suy từ PIECES của WORK ORDER (AVP_AI không có sổ nhận kho riêng) — dữ liệu chạy thử,
716915,11549168,1034,39179,39179,,,2026-08-28,,Suy từ PIECES của WORK ORDER (AVP_AI không có sổ nhận kho riêng) — dữ liệu chạy thử,
716916,11549170-L,1835,15514,15514,,,2026-09-08,,Suy từ PIECES của WORK ORDER (AVP_AI không có sổ nhận kho riêng) — dữ liệu chạy thử,
716917,11549170-L,451,14473,14473,,,2026-09-08,,Suy từ PIECES của WORK ORDER (AVP_AI không có sổ nhận kho riêng) — dữ liệu chạy thử,
716918,11549170,342,14720,14720,,,2026-09-01,,Suy từ PIECES của WORK ORDER (AVP_AI không có sổ nhận kho riêng) — dữ liệu chạy thử,
716919,11549170,65,14512,14512,,,2026-09-01,,Suy từ PIECES của WORK ORDER (AVP_AI không có sổ nhận kho riêng) — dữ liệu chạy thử,
716920,11549170-L,121,14031,14031,,,2026-09-08,,Suy từ PIECES của WORK ORDER (AVP_AI không có sổ nhận kho riêng) — dữ liệu chạy thử,
716921,11549170-L,1759,15033,15033,,,2026-09-08,,Suy từ PIECES của WORK ORDER (AVP_AI không có sổ nhận kho riêng) — dữ liệu chạy thử,
716922,11549170,197,14330,14330,,,2026-08-28,,Suy từ PIECES của WORK ORDER (AVP_AI không có sổ nhận kho riêng) — dữ liệu chạy thử,
716923,11549170,1604,14876,14876,,,2026-08-28,,Suy từ PIECES của WORK ORDER (AVP_AI không có sổ nhận kho riêng) — dữ liệu chạy thử,
716926,11549170-L,1625,15436,15436,,,2026-09-08,,Suy từ PIECES của WORK ORDER (AVP_AI không có sổ nhận kho riêng) — dữ liệu chạy thử,
716927,11549170-L,1407,13914,13914,,,2026-09-08,,Suy từ PIECES của WORK ORDER (AVP_AI không có sổ nhận kho riêng) — dữ liệu chạy thử,
716930,11549170,1325,14330,14330,,,2026-08-28,,Suy từ PIECES của WORK ORDER (AVP_AI không có sổ nhận kho riêng) — dữ liệu chạy thử,
716931,11549170,1049,14889,14889,,,2026-08-28,,Suy từ PIECES của WORK ORDER (AVP_AI không có sổ nhận kho riêng) — dữ liệu chạy thử,
716932,11549170,132,14564,14564,,,2026-08-28,,Suy từ PIECES của WORK ORDER (AVP_AI không có sổ nhận kho riêng) — dữ liệu chạy thử,
716933,11549170,58,14824,14824,,,2026-08-28,,Suy từ PIECES của WORK ORDER (AVP_AI không có sổ nhận kho riêng) — dữ liệu chạy thử,
716938,11549170,237,14837,14837,,,2026-08-28,,Suy từ PIECES của WORK ORDER (AVP_AI không có sổ nhận kho riêng) — dữ liệu chạy thử,
716939,11549170,578,14447,14447,,,2026-08-28,,Suy từ PIECES của WORK ORDER (AVP_AI không có sổ nhận kho riêng) — dữ liệu chạy thử,
716940,11549204,444,8000,8000,,,2026-09-04,,Suy từ PIECES của WORK ORDER (AVP_AI không có sổ nhận kho riêng) — dữ liệu chạy thử,
716941,11549204,552,8000,8000,,,2026-09-04,,Suy từ PIECES của WORK ORDER (AVP_AI không có sổ nhận kho riêng) — dữ liệu chạy thử,
716942,11549204,1601,8000,8000,,,2026-09-04,,Suy từ PIECES của WORK ORDER (AVP_AI không có sổ nhận kho riêng) — dữ liệu chạy thử,
716943,11549204,960,8000,8000,,,2026-09-04,,Suy từ PIECES của WORK ORDER (AVP_AI không có sổ nhận kho riêng) — dữ liệu chạy thử,
716944,11549204,1826,8000,8000,,,2026-09-04,,Suy từ PIECES của WORK ORDER (AVP_AI không có sổ nhận kho riêng) — dữ liệu chạy thử,
716946,11549204,1581,8000,8000,,,2026-09-04,,Suy từ PIECES của WORK ORDER (AVP_AI không có sổ nhận kho riêng) — dữ liệu chạy thử,
716950,11546369-IN-PN,892,9866,9866,,,2026-09-04,,Suy từ PIECES của WORK ORDER (AVP_AI không có sổ nhận kho riêng) — dữ liệu chạy thử,
716953,11546369-IN-PN,1781,10089,10089,,,2026-09-04,,Suy từ PIECES của WORK ORDER (AVP_AI không có sổ nhận kho riêng) — dữ liệu chạy thử,
716954,22800396-IN-PN,274,30762,30762,,,2026-08-25,,Suy từ PIECES của WORK ORDER (AVP_AI không có sổ nhận kho riêng) — dữ liệu chạy thử,
716955,22800396-IN-PN,1771,21883,21883,,,2026-09-01,,Suy từ PIECES của WORK ORDER (AVP_AI không có sổ nhận kho riêng) — dữ liệu chạy thử,
716969,11548535,1330,5710,5710,,,2026-09-01,,Suy từ PIECES của WORK ORDER (AVP_AI không có sổ nhận kho riêng) — dữ liệu chạy thử,
716970,11548535,588,5500,5500,,,2026-08-19,,Suy từ PIECES của WORK ORDER (AVP_AI không có sổ nhận kho riêng) — dữ liệu chạy thử,
716971,06102612AA,181,72364,72364,,,2026-08-21,,Suy từ PIECES của WORK ORDER (AVP_AI không có sổ nhận kho riêng) — dữ liệu chạy thử,
716973,11546369-IN-PN,709,9207,9207,,,2026-09-04,,Suy từ PIECES của WORK ORDER (AVP_AI không có sổ nhận kho riêng) — dữ liệu chạy thử,
716975,11546369-IN-PN,205,10223,10223,,,2026-09-04,,Suy từ PIECES của WORK ORDER (AVP_AI không có sổ nhận kho riêng) — dữ liệu chạy thử,
716979,11546369-IN-PN,530,10820,10820,,,2026-09-04,,Suy từ PIECES của WORK ORDER (AVP_AI không có sổ nhận kho riêng) — dữ liệu chạy thử,
716981,11546369-IN-PN,911,11301,11301,,,2026-09-04,,Suy từ PIECES của WORK ORDER (AVP_AI không có sổ nhận kho riêng) — dữ liệu chạy thử,
716985,06105102AA,KIB,40000,40000,,,2026-08-21,,Suy từ PIECES của WORK ORDER (AVP_AI không có sổ nhận kho riêng) — dữ liệu chạy thử,
716986,06105102AA,KIB,40000,40000,,,2026-08-21,,Suy từ PIECES của WORK ORDER (AVP_AI không có sổ nhận kho riêng) — dữ liệu chạy thử,
716987,06105102AA,KIB,40000,40000,,,2026-08-21,,Suy từ PIECES của WORK ORDER (AVP_AI không có sổ nhận kho riêng) — dữ liệu chạy thử,
716988,06105102AA,KIB,40000,40000,,,2026-08-21,,Suy từ PIECES của WORK ORDER (AVP_AI không có sổ nhận kho riêng) — dữ liệu chạy thử,
716989,06105102AA,KIB,40000,40000,,,2026-08-21,,Suy từ PIECES của WORK ORDER (AVP_AI không có sổ nhận kho riêng) — dữ liệu chạy thử,
716990,06105102AA,KIB,40000,40000,,,2026-08-21,,Suy từ PIECES của WORK ORDER (AVP_AI không có sổ nhận kho riêng) — dữ liệu chạy thử,
716991,06509967AA,KIB,40000,40000,,,2026-08-24,,Suy từ PIECES của WORK ORDER (AVP_AI không có sổ nhận kho riêng) — dữ liệu chạy thử,
716992,06509967AA,KIB,40000,40000,,,2026-08-24,,Suy từ PIECES của WORK ORDER (AVP_AI không có sổ nhận kho riêng) — dữ liệu chạy thử,
716993,06512834AA,56,12302,12302,,,2026-09-02,,Suy từ PIECES của WORK ORDER (AVP_AI không có sổ nhận kho riêng) — dữ liệu chạy thử,
716995,06512834AA,931,12302,12302,,,2026-09-02,,Suy từ PIECES của WORK ORDER (AVP_AI không có sổ nhận kho riêng) — dữ liệu chạy thử,
716996,06512834AA,788,12540,12540,,,2026-09-02,,Suy từ PIECES của WORK ORDER (AVP_AI không có sổ nhận kho riêng) — dữ liệu chạy thử,
716999,06503825-A,485,60923,60923,,,2026-08-28,,Suy từ PIECES của WORK ORDER (AVP_AI không có sổ nhận kho riêng) — dữ liệu chạy thử,
717000,06503825-A,1579,55154,55154,,,2026-08-28,,Suy từ PIECES của WORK ORDER (AVP_AI không có sổ nhận kho riêng) — dữ liệu chạy thử,
717002,06503825-A,123,82385,82385,,,2026-08-28,,Suy từ PIECES của WORK ORDER (AVP_AI không có sổ nhận kho riêng) — dữ liệu chạy thử,
717003,06503825-A,1817,79231,79231,,,2026-08-28,,Suy từ PIECES của WORK ORDER (AVP_AI không có sổ nhận kho riêng) — dữ liệu chạy thử,
717004,06503825-A,296,69231,69231,,,2026-08-28,,Suy từ PIECES của WORK ORDER (AVP_AI không có sổ nhận kho riêng) — dữ liệu chạy thử,
717005,06105051AA,1345,16496,16496,,,2026-09-02,,Suy từ PIECES của WORK ORDER (AVP_AI không có sổ nhận kho riêng) — dữ liệu chạy thử,
717006,06105051AA,747,15406,15406,,,2026-09-02,,Suy từ PIECES của WORK ORDER (AVP_AI không có sổ nhận kho riêng) — dữ liệu chạy thử,
717009,55364498AA,1616,11175,11175,,,2026-08-28,,Suy từ PIECES của WORK ORDER (AVP_AI không có sổ nhận kho riêng) — dữ liệu chạy thử,
717010,55364498AA,67,13105,13105,,,2026-08-28,,Suy từ PIECES của WORK ORDER (AVP_AI không có sổ nhận kho riêng) — dữ liệu chạy thử,
717029,11546367-MY-AK-L,966,25742,25742,,,2026-08-31,,Suy từ PIECES của WORK ORDER (AVP_AI không có sổ nhận kho riêng) — dữ liệu chạy thử,
717030,11546367-MY-AK,742,23462,23462,,,2026-08-31,,Suy từ PIECES của WORK ORDER (AVP_AI không có sổ nhận kho riêng) — dữ liệu chạy thử,
717031,11546367-MY-AK,837,24688,24688,,,2026-08-25,,Suy từ PIECES của WORK ORDER (AVP_AI không có sổ nhận kho riêng) — dữ liệu chạy thử,
717032,11546367-MY-AK,1035,24473,24473,,,2026-08-25,,Suy từ PIECES của WORK ORDER (AVP_AI không có sổ nhận kho riêng) — dữ liệu chạy thử,
717033,11546367-MY-AK,1774,24903,24903,,,2026-08-25,,Suy từ PIECES của WORK ORDER (AVP_AI không có sổ nhận kho riêng) — dữ liệu chạy thử,
717034,11546367-MY-AK,897,25269,25269,,,2026-08-25,,Suy từ PIECES của WORK ORDER (AVP_AI không có sổ nhận kho riêng) — dữ liệu chạy thử,
717035,11546367-MY-AK,458,24602,24602,,,2026-08-25,,Suy từ PIECES của WORK ORDER (AVP_AI không có sổ nhận kho riêng) — dữ liệu chạy thử,
717036,11546367-MY-AK,224,24559,24559,,,2026-08-25,,Suy từ PIECES của WORK ORDER (AVP_AI không có sổ nhận kho riêng) — dữ liệu chạy thử,
717037,11546367-MY-AK,1693,24903,24903,,,2026-08-25,,Suy từ PIECES của WORK ORDER (AVP_AI không có sổ nhận kho riêng) — dữ liệu chạy thử,
717038,11546367-MY-AK,15,23591,23591,,,2026-08-25,,Suy từ PIECES của WORK ORDER (AVP_AI không có sổ nhận kho riêng) — dữ liệu chạy thử,
717039,11546367-MY-AK,1765,23806,23806,,,2026-08-25,,Suy từ PIECES của WORK ORDER (AVP_AI không có sổ nhận kho riêng) — dữ liệu chạy thử,
717040,11546367-MY-AK,533,26043,26043,,,2026-08-25,,Suy từ PIECES của WORK ORDER (AVP_AI không có sổ nhận kho riêng) — dữ liệu chạy thử,
717041,11546367-MY-AK,619,24194,24194,,,2026-08-25,,Suy từ PIECES của WORK ORDER (AVP_AI không có sổ nhận kho riêng) — dữ liệu chạy thử,
717042,11546367-MY-AK,1680,24645,24645,,,2026-08-25,,Suy từ PIECES của WORK ORDER (AVP_AI không có sổ nhận kho riêng) — dữ liệu chạy thử,
717043,11546367-MY-AK,1574,25699,25699,,,2026-08-25,,Suy từ PIECES của WORK ORDER (AVP_AI không có sổ nhận kho riêng) — dữ liệu chạy thử,
717044,11546367-MY-AK,388,23806,23806,,,2026-08-25,,Suy từ PIECES của WORK ORDER (AVP_AI không có sổ nhận kho riêng) — dữ liệu chạy thử,
717045,11610128,1358,29571,29571,,,2026-08-25,,Suy từ PIECES của WORK ORDER (AVP_AI không có sổ nhận kho riêng) — dữ liệu chạy thử,
717046,11610128,1802,33679,33679,,,2026-08-25,,Suy từ PIECES của WORK ORDER (AVP_AI không có sổ nhận kho riêng) — dữ liệu chạy thử,
717047,11548414,823,17364,17364,,,2026-08-21,,Suy từ PIECES của WORK ORDER (AVP_AI không có sổ nhận kho riêng) — dữ liệu chạy thử,
717048,11548414,1319,13643,13643,,,2026-08-21,,Suy từ PIECES của WORK ORDER (AVP_AI không có sổ nhận kho riêng) — dữ liệu chạy thử,
717049,11548414,68,16124,16124,,,2026-08-21,,Suy từ PIECES của WORK ORDER (AVP_AI không có sổ nhận kho riêng) — dữ liệu chạy thử,
717050,11548414,1409,17767,17767,,,2026-08-21,,Suy từ PIECES của WORK ORDER (AVP_AI không có sổ nhận kho riêng) — dữ liệu chạy thử,
717051,11548414,44,17984,17984,,,2026-08-21,,Suy từ PIECES của WORK ORDER (AVP_AI không có sổ nhận kho riêng) — dữ liệu chạy thử,
717052,11548414,1417,16217,16217,,,2026-08-21,,Suy từ PIECES của WORK ORDER (AVP_AI không có sổ nhận kho riêng) — dữ liệu chạy thử,
717053,11548414,1366,12496,12496,,,2026-08-21,,Suy từ PIECES của WORK ORDER (AVP_AI không có sổ nhận kho riêng) — dữ liệu chạy thử,
717054,11548414,913,10078,10078,,,2026-08-21,,Suy từ PIECES của WORK ORDER (AVP_AI không có sổ nhận kho riêng) — dữ liệu chạy thử,
717055,11548414,400,17163,17163,,,2026-08-21,,Suy từ PIECES của WORK ORDER (AVP_AI không có sổ nhận kho riêng) — dữ liệu chạy thử,
717056,11548414,120,16372,16372,,,2026-08-21,,Suy từ PIECES của WORK ORDER (AVP_AI không có sổ nhận kho riêng) — dữ liệu chạy thử,
717057,11546463-A,217,15217,15217,,,2026-08-21,,Suy từ PIECES của WORK ORDER (AVP_AI không có sổ nhận kho riêng) — dữ liệu chạy thử,
717058,11546463-A,1336,15232,15232,,,2026-08-21,,Suy từ PIECES của WORK ORDER (AVP_AI không có sổ nhận kho riêng) — dữ liệu chạy thử,
717059,11546463-A,39,15186,15186,,,2026-08-21,,Suy từ PIECES của WORK ORDER (AVP_AI không có sổ nhận kho riêng) — dữ liệu chạy thử,
717060,11546463-A,562,15139,15139,,,2026-08-21,,Suy từ PIECES của WORK ORDER (AVP_AI không có sổ nhận kho riêng) — dữ liệu chạy thử,
717061,11546463,854,16393,16393,,,2026-08-24,,Suy từ PIECES của WORK ORDER (AVP_AI không có sổ nhận kho riêng) — dữ liệu chạy thử,
717062,11546463,223,13514,13514,,,2026-08-24,,Suy từ PIECES của WORK ORDER (AVP_AI không có sổ nhận kho riêng) — dữ liệu chạy thử,
717063,11546463,1106,15341,15341,,,2026-08-24,,Suy từ PIECES của WORK ORDER (AVP_AI không có sổ nhận kho riêng) — dữ liệu chạy thử,
717064,11546463,364,15093,15093,,,2026-08-24,,Suy từ PIECES của WORK ORDER (AVP_AI không có sổ nhận kho riêng) — dữ liệu chạy thử,
717065,11546774-MY-AK,1800,13116,13116,,,2026-09-11,,Suy từ PIECES của WORK ORDER (AVP_AI không có sổ nhận kho riêng) — dữ liệu chạy thử,
717066,11546774-MY-AK,739,14307,14307,,,2026-09-11,,Suy từ PIECES của WORK ORDER (AVP_AI không có sổ nhận kho riêng) — dữ liệu chạy thử,
717067,11546774-MY-AK,178,12895,12895,,,2026-09-11,,Suy từ PIECES của WORK ORDER (AVP_AI không có sổ nhận kho riêng) — dữ liệu chạy thử,
717070,11546774-MY-AK,689,12230,12230,,,2026-09-11,,Suy từ PIECES của WORK ORDER (AVP_AI không có sổ nhận kho riêng) — dữ liệu chạy thử,
717071,11546456,1528,77705,77705,,,2026-08-24,,Suy từ PIECES của WORK ORDER (AVP_AI không có sổ nhận kho riêng) — dữ liệu chạy thử,
717072,11546456,1780,72951,72951,,,2026-08-24,,Suy từ PIECES của WORK ORDER (AVP_AI không có sổ nhận kho riêng) — dữ liệu chạy thử,
717073,11546456,724,76393,76393,,,2026-08-24,,Suy từ PIECES của WORK ORDER (AVP_AI không có sổ nhận kho riêng) — dữ liệu chạy thử,
717074,11546456,1059,69098,69098,,,2026-08-24,,Suy từ PIECES của WORK ORDER (AVP_AI không có sổ nhận kho riêng) — dữ liệu chạy thử,
717075,11546456,605,81557,81557,,,2026-08-24,,Suy từ PIECES của WORK ORDER (AVP_AI không có sổ nhận kho riêng) — dữ liệu chạy thử,
717076,11546456,1711,65820,65820,,,2026-08-24,,Suy từ PIECES của WORK ORDER (AVP_AI không có sổ nhận kho riêng) — dữ liệu chạy thử,
717077,11546456,921,76885,76885,,,2026-08-24,,Suy từ PIECES của WORK ORDER (AVP_AI không có sổ nhận kho riêng) — dữ liệu chạy thử,
717078,11546456,716,70328,70328,,,2026-08-24,,Suy từ PIECES của WORK ORDER (AVP_AI không có sổ nhận kho riêng) — dữ liệu chạy thử,
717079,11546462-A,1382,23375,23375,,,2026-08-21,,Suy từ PIECES của WORK ORDER (AVP_AI không có sổ nhận kho riêng) — dữ liệu chạy thử,
717080,11546462-A,1385,21700,21700,,,2026-08-21,,Suy từ PIECES của WORK ORDER (AVP_AI không có sổ nhận kho riêng) — dữ liệu chạy thử,
717081,11546462-A,171,20550,20550,,,2026-08-21,,Suy từ PIECES của WORK ORDER (AVP_AI không có sổ nhận kho riêng) — dữ liệu chạy thử,
717082,11546462-A,1421,24375,24375,,,2026-08-21,,Suy từ PIECES của WORK ORDER (AVP_AI không có sổ nhận kho riêng) — dữ liệu chạy thử,
717083,11588714,KIB,70000,70000,,,2026-08-19,,Suy từ PIECES của WORK ORDER (AVP_AI không có sổ nhận kho riêng) — dữ liệu chạy thử,
717084,11588714,KIB,70000,70000,,,2026-08-19,,Suy từ PIECES của WORK ORDER (AVP_AI không có sổ nhận kho riêng) — dữ liệu chạy thử,
717085,11588714,KIB,70000,70000,,,2026-08-19,,Suy từ PIECES của WORK ORDER (AVP_AI không có sổ nhận kho riêng) — dữ liệu chạy thử,
717086,11588714,KIB,70000,70000,,,2026-08-19,,Suy từ PIECES của WORK ORDER (AVP_AI không có sổ nhận kho riêng) — dữ liệu chạy thử,
717101,NU1510-00-T,1560,41000,41000,,,2026-09-10,,Suy từ PIECES của WORK ORDER (AVP_AI không có sổ nhận kho riêng) — dữ liệu chạy thử,
717102,NU1510-00-T,325,41000,41000,,,2026-09-10,,Suy từ PIECES của WORK ORDER (AVP_AI không có sổ nhận kho riêng) — dữ liệu chạy thử,
717103,NU1510-00,755,40000,40000,,,2026-08-27,,Suy từ PIECES của WORK ORDER (AVP_AI không có sổ nhận kho riêng) — dữ liệu chạy thử,
717104,NU1510-00,1429,40000,40000,,,2026-08-27,,Suy từ PIECES của WORK ORDER (AVP_AI không có sổ nhận kho riêng) — dữ liệu chạy thử,
717105,NU5210-03,282,40000,40000,,,2026-08-20,,Suy từ PIECES của WORK ORDER (AVP_AI không có sổ nhận kho riêng) — dữ liệu chạy thử,
717106,NU5210-03,411,40000,40000,,,2026-08-17,,Suy từ PIECES của WORK ORDER (AVP_AI không có sổ nhận kho riêng) — dữ liệu chạy thử,
717107,06514720AA,1627,37557,37557,,,2026-09-02,,Suy từ PIECES của WORK ORDER (AVP_AI không có sổ nhận kho riêng) — dữ liệu chạy thử,
717108,06514720AA,1686,40769,40769,,,2026-09-02,,Suy từ PIECES của WORK ORDER (AVP_AI không có sổ nhận kho riêng) — dữ liệu chạy thử,
717109,06514720AA,1685,39276,39276,,,2026-09-02,,Suy từ PIECES của WORK ORDER (AVP_AI không có sổ nhận kho riêng) — dữ liệu chạy thử,
717111,06101736-A,1545,97303,97303,,,2026-08-24,,Suy từ PIECES của WORK ORDER (AVP_AI không có sổ nhận kho riêng) — dữ liệu chạy thử,
717112,06101736-A,734,87640,87640,,,2026-08-24,,Suy từ PIECES của WORK ORDER (AVP_AI không có sổ nhận kho riêng) — dữ liệu chạy thử,
717113,11588714,KIB,70000,70000,,,2026-08-19,,Suy từ PIECES của WORK ORDER (AVP_AI không có sổ nhận kho riêng) — dữ liệu chạy thử,
717114,11588714,KIB,70000,70000,,,2026-08-19,,Suy từ PIECES của WORK ORDER (AVP_AI không có sổ nhận kho riêng) — dữ liệu chạy thử,
717115,11588714,KIB,70000,70000,,,2026-08-19,,Suy từ PIECES của WORK ORDER (AVP_AI không có sổ nhận kho riêng) — dữ liệu chạy thử,
717116,11588714,KIB,70000,70000,,,2026-08-19,,Suy từ PIECES của WORK ORDER (AVP_AI không có sổ nhận kho riêng) — dữ liệu chạy thử,
717129,11602031-IN-PN,1661,3190,3190,,,2026-08-24,,Suy từ PIECES của WORK ORDER (AVP_AI không có sổ nhận kho riêng) — dữ liệu chạy thử,
717130,11602031-IN-PN,54,3204,3204,,,2026-08-24,,Suy từ PIECES của WORK ORDER (AVP_AI không có sổ nhận kho riêng) — dữ liệu chạy thử,
717137,11546545-TH-TC,284,77000,77000,,,2026-08-28,,Suy từ PIECES của WORK ORDER (AVP_AI không có sổ nhận kho riêng) — dữ liệu chạy thử,
717138,11546545-TH-TC,546,80615,80615,,,2026-08-28,,Suy từ PIECES của WORK ORDER (AVP_AI không có sổ nhận kho riêng) — dữ liệu chạy thử,
717139,11546545-TH-TC,511,70538,70538,,,2026-08-28,,Suy từ PIECES của WORK ORDER (AVP_AI không có sổ nhận kho riêng) — dữ liệu chạy thử,
717141,11546449-TH-TC,63,71406,71406,,,2026-08-20,,Suy từ PIECES của WORK ORDER (AVP_AI không có sổ nhận kho riêng) — dữ liệu chạy thử,
717142,11546449-TH-TC,369,81875,81875,,,2026-08-20,,Suy từ PIECES của WORK ORDER (AVP_AI không có sổ nhận kho riêng) — dữ liệu chạy thử,
717143,11546449-TH-TC,922,82031,82031,,,2026-08-20,,Suy từ PIECES của WORK ORDER (AVP_AI không có sổ nhận kho riêng) — dữ liệu chạy thử,
717145,11546463-TH-TC,1760,13113,13113,,,2026-08-24,,Suy từ PIECES của WORK ORDER (AVP_AI không có sổ nhận kho riêng) — dữ liệu chạy thử,
717146,11546463-TH-TC,200,15739,15739,,,2026-08-24,,Suy từ PIECES của WORK ORDER (AVP_AI không có sổ nhận kho riêng) — dữ liệu chạy thử,
717147,11546463-TH-TC,901,15983,15983,,,2026-08-24,,Suy từ PIECES của WORK ORDER (AVP_AI không có sổ nhận kho riêng) — dữ liệu chạy thử,
717149,11546463-TH-TC,417,11607,11607,,,2026-08-24,,Suy từ PIECES của WORK ORDER (AVP_AI không có sổ nhận kho riêng) — dữ liệu chạy thử,
717159,06511777AA,382,11572,11572,,,2026-09-10,,Suy từ PIECES của WORK ORDER (AVP_AI không có sổ nhận kho riêng) — dữ liệu chạy thử,
717160,06511777AA,761,13060,13060,,,2026-09-10,,Suy từ PIECES của WORK ORDER (AVP_AI không có sổ nhận kho riêng) — dữ liệu chạy thử,
717161,11546571,1365,51377,51377,,,2026-08-27,,Suy từ PIECES của WORK ORDER (AVP_AI không có sổ nhận kho riêng) — dữ liệu chạy thử,
717162,11546571,915,48024,48024,,,2026-08-27,,Suy từ PIECES của WORK ORDER (AVP_AI không có sổ nhận kho riêng) — dữ liệu chạy thử,
717163,11546571,1328,51916,51916,,,2026-08-28,,Suy từ PIECES của WORK ORDER (AVP_AI không có sổ nhận kho riêng) — dữ liệu chạy thử,
717164,11546571,493,48443,48443,,,2026-08-28,,Suy từ PIECES của WORK ORDER (AVP_AI không có sổ nhận kho riêng) — dữ liệu chạy thử,
717165,11546370-MY-AK-L,868,6940,6940,,,2026-09-01,,Suy từ PIECES của WORK ORDER (AVP_AI không có sổ nhận kho riêng) — dữ liệu chạy thử,
717166,11546370-MY-AK-L,983,7879,7879,,,2026-09-01,,Suy từ PIECES của WORK ORDER (AVP_AI không có sổ nhận kho riêng) — dữ liệu chạy thử,
717167,11546370-MY-AK-L,83,7819,7819,,,2026-09-01,,Suy từ PIECES của WORK ORDER (AVP_AI không có sổ nhận kho riêng) — dữ liệu chạy thử,
717168,11546370-MY-AK-L,1600,7208,7208,,,2026-09-01,,Suy từ PIECES của WORK ORDER (AVP_AI không có sổ nhận kho riêng) — dữ liệu chạy thử,
717169,11546370-MY-AK-L,449,7852,7852,,,2026-09-01,,Suy từ PIECES của WORK ORDER (AVP_AI không có sổ nhận kho riêng) — dữ liệu chạy thử,
717170,11546370-MY-AK-L,1312,7074,7074,,,2026-08-31,,Suy từ PIECES của WORK ORDER (AVP_AI không có sổ nhận kho riêng) — dữ liệu chạy thử,
717171,11546370-MY-AK-L,1599,7899,7899,,,2026-08-31,,Suy từ PIECES của WORK ORDER (AVP_AI không có sổ nhận kho riêng) — dữ liệu chạy thử,
717172,11546370-MY-AK-L,194,6826,6826,,,2026-08-31,,Suy từ PIECES của WORK ORDER (AVP_AI không có sổ nhận kho riêng) — dữ liệu chạy thử,
717173,11546370-MY-AK-L,1354,7654,7654,,,2026-08-31,,Suy từ PIECES của WORK ORDER (AVP_AI không có sổ nhận kho riêng) — dữ liệu chạy thử,
717174,11546370-MY-AK-L,1410,7416,7416,,,2026-08-31,,Suy từ PIECES của WORK ORDER (AVP_AI không có sổ nhận kho riêng) — dữ liệu chạy thử,
717175,11546378-MY-AK-T,785,42299,42299,,,2026-08-31,,Suy từ PIECES của WORK ORDER (AVP_AI không có sổ nhận kho riêng) — dữ liệu chạy thử,
717176,11546378-MY-AK-T,355,41992,41992,,,2026-08-31,,Suy từ PIECES của WORK ORDER (AVP_AI không có sổ nhận kho riêng) — dữ liệu chạy thử,
717177,11546378-MY-AK-T,1602,41801,41801,,,2026-08-31,,Suy từ PIECES của WORK ORDER (AVP_AI không có sổ nhận kho riêng) — dữ liệu chạy thử,
717178,11546378-MY-AK-T,696,43142,43142,,,2026-08-31,,Suy từ PIECES của WORK ORDER (AVP_AI không có sổ nhận kho riêng) — dữ liệu chạy thử,
717179,11610091-MY-AK,482,73571,73571,,,2026-08-31,,Suy từ PIECES của WORK ORDER (AVP_AI không có sổ nhận kho riêng) — dữ liệu chạy thử,
717180,11610091-MY-AK,743,77468,77468,,,2026-08-31,,Suy từ PIECES của WORK ORDER (AVP_AI không có sổ nhận kho riêng) — dữ liệu chạy thử,
717181,11549171-MY-AK,1010,13979,13979,,,2026-08-29,,Suy từ PIECES của WORK ORDER (AVP_AI không có sổ nhận kho riêng) — dữ liệu chạy thử,
717182,11549171-MY-AK,375,15124,15124,,,2026-08-29,,Suy từ PIECES của WORK ORDER (AVP_AI không có sổ nhận kho riêng) — dữ liệu chạy thử,
717183,11602031-IN-PN,829,3204,3204,,,2026-08-24,,Suy từ PIECES của WORK ORDER (AVP_AI không có sổ nhận kho riêng) — dữ liệu chạy thử,
717184,11602031-IN-PN,1799,3395,3395,,,2026-08-24,,Suy từ PIECES của WORK ORDER (AVP_AI không có sổ nhận kho riêng) — dữ liệu chạy thử,
717185,11546370-IN-PN,249,7993,7993,,,2026-09-10,,Suy từ PIECES của WORK ORDER (AVP_AI không có sổ nhận kho riêng) — dữ liệu chạy thử,
717187,11546370-IN-PN,1804,7872,7872,,,2026-09-10,,Suy từ PIECES của WORK ORDER (AVP_AI không có sổ nhận kho riêng) — dữ liệu chạy thử,
717189,11546370-IN-PN,1361,8054,8054,,,2026-09-10,,Suy từ PIECES của WORK ORDER (AVP_AI không có sổ nhận kho riêng) — dữ liệu chạy thử,
717191,11546370-IN-PN,3,8054,8054,,,2026-09-10,,Suy từ PIECES của WORK ORDER (AVP_AI không có sổ nhận kho riêng) — dữ liệu chạy thử,
717193,11546370-IN-PN,786,7617,7617,,,2026-09-10,,Suy từ PIECES của WORK ORDER (AVP_AI không có sổ nhận kho riêng) — dữ liệu chạy thử,
717195,11546370-IN-PN,1786,7584,7584,,,2026-09-10,,Suy từ PIECES của WORK ORDER (AVP_AI không có sổ nhận kho riêng) — dữ liệu chạy thử,
717201,42068967,1375,10300,10300,,,2026-08-28,,Suy từ PIECES của WORK ORDER (AVP_AI không có sổ nhận kho riêng) — dữ liệu chạy thử,
717202,42068967,435,12433,12433,,,2026-08-28,,Suy từ PIECES của WORK ORDER (AVP_AI không có sổ nhận kho riêng) — dữ liệu chạy thử,
717203,42068967,1403,10847,10847,,,2026-08-28,,Suy từ PIECES của WORK ORDER (AVP_AI không có sổ nhận kho riêng) — dữ liệu chạy thử,
717204,42068967,1716,12058,12058,,,2026-08-28,,Suy từ PIECES của WORK ORDER (AVP_AI không có sổ nhận kho riêng) — dữ liệu chạy thử,
717205,42068967,72,10857,10857,,,2026-08-28,,Suy từ PIECES của WORK ORDER (AVP_AI không có sổ nhận kho riêng) — dữ liệu chạy thử,
717206,42068967,297,12154,12154,,,2026-08-28,,Suy từ PIECES của WORK ORDER (AVP_AI không có sổ nhận kho riêng) — dữ liệu chạy thử,
717207,11549171-MY-AK,112,9530,9530,,,2026-08-29,,Suy từ PIECES của WORK ORDER (AVP_AI không có sổ nhận kho riêng) — dữ liệu chạy thử,
717208,11549171-MY-AK,1691,9748,9748,,,2026-08-29,,Suy từ PIECES của WORK ORDER (AVP_AI không có sổ nhận kho riêng) — dữ liệu chạy thử,
717209,11549171-MY-AK,815,10009,10009,,,2026-08-29,,Suy từ PIECES của WORK ORDER (AVP_AI không có sổ nhận kho riêng) — dữ liệu chạy thử,
717210,11549171-MY-AK,1414,9348,9348,,,2026-08-28,,Suy từ PIECES của WORK ORDER (AVP_AI không có sổ nhận kho riêng) — dữ liệu chạy thử,
717211,11549171-MY-AK,397,10661,10661,,,2026-08-28,,Suy từ PIECES của WORK ORDER (AVP_AI không có sổ nhận kho riêng) — dữ liệu chạy thử,
717212,11549171-MY-AK,801,8574,8574,,,2026-08-28,,Suy từ PIECES của WORK ORDER (AVP_AI không có sổ nhận kho riêng) — dữ liệu chạy thử,
717213,11549171-MY-AK,180,9748,9748,,,2026-08-28,,Suy từ PIECES của WORK ORDER (AVP_AI không có sổ nhận kho riêng) — dữ liệu chạy thử,
717214,11549171-MY-AK,337,9487,9487,,,2026-08-28,,Suy từ PIECES của WORK ORDER (AVP_AI không có sổ nhận kho riêng) — dữ liệu chạy thử,
717215,11549171-MY-AK,60,9878,9878,,,2026-08-28,,Suy từ PIECES của WORK ORDER (AVP_AI không có sổ nhận kho riêng) — dữ liệu chạy thử,
717216,11549171-MY-AK,849,9287,9287,,,2026-08-28,,Suy từ PIECES của WORK ORDER (AVP_AI không có sổ nhận kho riêng) — dữ liệu chạy thử,
717217,11549171-MY-AK,954,9487,9487,,,2026-08-28,,Suy từ PIECES của WORK ORDER (AVP_AI không có sổ nhận kho riêng) — dữ liệu chạy thử,
717218,11549171-MY-AK,974,9557,9557,,,2026-08-28,,Suy từ PIECES của WORK ORDER (AVP_AI không có sổ nhận kho riêng) — dữ liệu chạy thử,
717228,61525,KIB,175000,175000,,,2026-08-17,,Suy từ PIECES của WORK ORDER (AVP_AI không có sổ nhận kho riêng) — dữ liệu chạy thử,
717229,61525,KIB,175000,175000,,,2026-08-14,,Suy từ PIECES của WORK ORDER (AVP_AI không có sổ nhận kho riêng) — dữ liệu chạy thử,
717232,W520113-S440-L,642,42164,42164,,,2026-09-10,,Suy từ PIECES của WORK ORDER (AVP_AI không có sổ nhận kho riêng) — dữ liệu chạy thử,
717233,W520113-S440-L,1071,42164,42164,,,2026-09-10,,Suy từ PIECES của WORK ORDER (AVP_AI không có sổ nhận kho riêng) — dữ liệu chạy thử,
717234,W520113-S441,279,41119,41119,,,2026-09-08,,Suy từ PIECES của WORK ORDER (AVP_AI không có sổ nhận kho riêng) — dữ liệu chạy thử,
717235,W520113-S441,1318,43358,43358,,,2026-09-08,,Suy từ PIECES của WORK ORDER (AVP_AI không có sổ nhận kho riêng) — dữ liệu chạy thử,
717236,NU1136-01-T,GAYLORD,8229,8229,,,2026-08-28,,Suy từ PIECES của WORK ORDER (AVP_AI không có sổ nhận kho riêng) — dữ liệu chạy thử,
717237,NU1136-01-T,GAYLORD,7863,7863,,,2026-08-28,,Suy từ PIECES của WORK ORDER (AVP_AI không có sổ nhận kho riêng) — dữ liệu chạy thử,
717238,NU1136-01-T,GAYLORD,8238,8238,,,2026-08-28,,Suy từ PIECES của WORK ORDER (AVP_AI không có sổ nhận kho riêng) — dữ liệu chạy thử,
717239,NU1136-01-T,GAYLORD,8313,8313,,,2026-08-28,,Suy từ PIECES của WORK ORDER (AVP_AI không có sổ nhận kho riêng) — dữ liệu chạy thử,
717240,NU1136-01-T,GAYLORD,8847,8847,,,2026-08-28,,Suy từ PIECES của WORK ORDER (AVP_AI không có sổ nhận kho riêng) — dữ liệu chạy thử,
717241,NU1136-01-T,GAYLORD,8997,8997,,,2026-08-28,,Suy từ PIECES của WORK ORDER (AVP_AI không có sổ nhận kho riêng) — dữ liệu chạy thử,
717242,NU1136-01,979,8304,8304,,,2026-08-26,,Suy từ PIECES của WORK ORDER (AVP_AI không có sổ nhận kho riêng) — dữ liệu chạy thử,
717243,NU1136-01-T,GAYLORD,7816,7816,,,2026-08-28,,Suy từ PIECES của WORK ORDER (AVP_AI không có sổ nhận kho riêng) — dữ liệu chạy thử,
717244,E6267AB,566,25350,25350,,,2026-09-04,,Suy từ PIECES của WORK ORDER (AVP_AI không có sổ nhận kho riêng) — dữ liệu chạy thử,
717245,E6267AB,1757,24098,24098,,,2026-09-04,,Suy từ PIECES của WORK ORDER (AVP_AI không có sổ nhận kho riêng) — dữ liệu chạy thử,
717246,E6267AB,97,24522,24522,,,2026-09-04,,Suy từ PIECES của WORK ORDER (AVP_AI không có sổ nhận kho riêng) — dữ liệu chạy thử,
717247,E6267AB,443,24055,24055,,,2026-09-04,,Suy từ PIECES của WORK ORDER (AVP_AI không có sổ nhận kho riêng) — dữ liệu chạy thử,
717248,11547059,15CTNS,8250,8250,,,2026-08-17,,Suy từ PIECES của WORK ORDER (AVP_AI không có sổ nhận kho riêng) — dữ liệu chạy thử,
717259,06100050-A,286,52394,52394,,,2026-08-27,,Suy từ PIECES của WORK ORDER (AVP_AI không có sổ nhận kho riêng) — dữ liệu chạy thử,
717260,06100050-A,513,55585,55585,,,2026-08-27,,Suy từ PIECES của WORK ORDER (AVP_AI không có sổ nhận kho riêng) — dữ liệu chạy thử,
717261,06100050-A,370,54468,54468,,,2026-08-27,,Suy từ PIECES của WORK ORDER (AVP_AI không có sổ nhận kho riêng) — dữ liệu chạy thử,
717262,06100050-A,1793,56330,56330,,,2026-08-25,,Suy từ PIECES của WORK ORDER (AVP_AI không có sổ nhận kho riêng) — dữ liệu chạy thử,
717263,06100050-A,348,55053,55053,,,2026-08-27,,Suy từ PIECES của WORK ORDER (AVP_AI không có sổ nhận kho riêng) — dữ liệu chạy thử,
717264,06100050-A,1707,54468,54468,,,2026-08-27,,Suy từ PIECES của WORK ORDER (AVP_AI không có sổ nhận kho riêng) — dữ liệu chạy thử,
717265,06100050-A,1342,65957,65957,,,2026-08-27,,Suy từ PIECES của WORK ORDER (AVP_AI không có sổ nhận kho riêng) — dữ liệu chạy thử,
717266,06100050-A,81,66968,66968,,,2026-08-27,,Suy từ PIECES của WORK ORDER (AVP_AI không có sổ nhận kho riêng) — dữ liệu chạy thử,
717267,06100050-A,1344,56436,56436,,,2026-08-27,,Suy từ PIECES của WORK ORDER (AVP_AI không có sổ nhận kho riêng) — dữ liệu chạy thử,
717268,06100050-A,1812,62074,62074,,,2026-08-25,,Suy từ PIECES của WORK ORDER (AVP_AI không có sổ nhận kho riêng) — dữ liệu chạy thử,
717279,NU1405-00,1632,75000,75000,,,2026-08-20,,Suy từ PIECES của WORK ORDER (AVP_AI không có sổ nhận kho riêng) — dữ liệu chạy thử,
717280,NU1405-00,820,74740,74740,,,2026-08-20,,Suy từ PIECES của WORK ORDER (AVP_AI không có sổ nhận kho riêng) — dữ liệu chạy thử,
717281,NU1405-00,1712,73247,73247,,,2026-08-20,,Suy từ PIECES của WORK ORDER (AVP_AI không có sổ nhận kho riêng) — dữ liệu chạy thử,
717282,NU1405-00,261,77662,77662,,,2026-08-20,,Suy từ PIECES của WORK ORDER (AVP_AI không có sổ nhận kho riêng) — dữ liệu chạy thử,
717283,NU1405-00,1011,77662,77662,,,2026-08-20,,Suy từ PIECES của WORK ORDER (AVP_AI không có sổ nhận kho riêng) — dữ liệu chạy thử,
717284,NU1405-00,457,72403,72403,,,2026-08-20,,Suy từ PIECES của WORK ORDER (AVP_AI không có sổ nhận kho riêng) — dữ liệu chạy thử,
717285,11610091-MY-AK,399,79286,79286,,,2026-08-31,,Suy từ PIECES của WORK ORDER (AVP_AI không có sổ nhận kho riêng) — dữ liệu chạy thử,
717286,11610091-MY-AK,1629,70195,70195,,,2026-09-09,,Suy từ PIECES của WORK ORDER (AVP_AI không có sổ nhận kho riêng) — dữ liệu chạy thử,
717287,11610091-MY-AK,1368,73506,73506,,,2026-08-31,,Suy từ PIECES của WORK ORDER (AVP_AI không có sổ nhận kho riêng) — dữ liệu chạy thử,
717288,11610091-MY-AK,145,78701,78701,,,2026-08-31,,Suy từ PIECES của WORK ORDER (AVP_AI không có sổ nhận kho riêng) — dữ liệu chạy thử,
717289,11610091-MY-AK,908,73117,73117,,,2026-08-31,,Suy từ PIECES của WORK ORDER (AVP_AI không có sổ nhận kho riêng) — dữ liệu chạy thử,
717290,11610091-MY-AK,489,79156,79156,,,2026-09-09,,Suy từ PIECES của WORK ORDER (AVP_AI không có sổ nhận kho riêng) — dữ liệu chạy thử,
717291,11610091-MY-AK,1302,73766,73766,,,2026-08-31,,Suy từ PIECES của WORK ORDER (AVP_AI không có sổ nhận kho riêng) — dữ liệu chạy thử,
717292,11610091-MY-AK,889,76494,76494,,,2026-08-31,,Suy từ PIECES của WORK ORDER (AVP_AI không có sổ nhận kho riêng) — dữ liệu chạy thử,
717321,11546545,1832,85417,85417,,,2026-08-29,,Suy từ PIECES của WORK ORDER (AVP_AI không có sổ nhận kho riêng) — dữ liệu chạy thử,
717322,11546545,1026,79083,79083,,,2026-08-29,,Suy từ PIECES của WORK ORDER (AVP_AI không có sổ nhận kho riêng) — dữ liệu chạy thử,
717323,11546545,405,95417,95417,,,2026-08-29,,Suy từ PIECES của WORK ORDER (AVP_AI không có sổ nhận kho riêng) — dữ liệu chạy thử,
717324,11546545,1824,88417,88417,,,2026-08-29,,Suy từ PIECES của WORK ORDER (AVP_AI không có sổ nhận kho riêng) — dữ liệu chạy thử,
717325,11546545,1444,89500,89500,,,2026-08-29,,Suy từ PIECES của WORK ORDER (AVP_AI không có sổ nhận kho riêng) — dữ liệu chạy thử,
717326,11546545,1809,95167,95167,,,2026-08-29,,Suy từ PIECES của WORK ORDER (AVP_AI không có sổ nhận kho riêng) — dữ liệu chạy thử,
717327,11546545,688,85167,85167,,,2026-08-29,,Suy từ PIECES của WORK ORDER (AVP_AI không có sổ nhận kho riêng) — dữ liệu chạy thử,
717328,11546545,465,98167,98167,,,2026-08-29,,Suy từ PIECES của WORK ORDER (AVP_AI không có sổ nhận kho riêng) — dữ liệu chạy thử,
717329,11546545,914,83750,83750,,,2026-08-29,,Suy từ PIECES của WORK ORDER (AVP_AI không có sổ nhận kho riêng) — dữ liệu chạy thử,
717330,11546545,317,96000,96000,,,2026-08-29,,Suy từ PIECES của WORK ORDER (AVP_AI không có sổ nhận kho riêng) — dữ liệu chạy thử,
717331,11546545,1588,88000,88000,,,2026-08-29,,Suy từ PIECES của WORK ORDER (AVP_AI không có sổ nhận kho riêng) — dữ liệu chạy thử,
717332,11546545,508,94000,94000,,,2026-08-29,,Suy từ PIECES của WORK ORDER (AVP_AI không có sổ nhận kho riêng) — dữ liệu chạy thử,
717347,11549170-L,1529,15163,15163,,,2026-09-08,,Suy từ PIECES của WORK ORDER (AVP_AI không có sổ nhận kho riêng) — dữ liệu chạy thử,
717348,11549170-L,635,14369,14369,,,2026-09-08,,Suy từ PIECES của WORK ORDER (AVP_AI không có sổ nhận kho riêng) — dữ liệu chạy thử,
717349,11549170-L,1846,14746,14746,,,2026-09-08,,Suy từ PIECES của WORK ORDER (AVP_AI không có sổ nhận kho riêng) — dữ liệu chạy thử,
717350,11549170-L,1849,15449,15449,,,2026-09-08,,Suy từ PIECES của WORK ORDER (AVP_AI không có sổ nhận kho riêng) — dữ liệu chạy thử,
717352,11549170,1597,14070,14070,,,2026-09-14,,Suy từ PIECES của WORK ORDER (AVP_AI không có sổ nhận kho riêng) — dữ liệu chạy thử,
717353,11549170-L,1559,13693,13693,,,2026-09-08,,Suy từ PIECES của WORK ORDER (AVP_AI không có sổ nhận kho riêng) — dữ liệu chạy thử,
717354,11549170-L,1039,15449,15449,,,2026-09-08,,Suy từ PIECES của WORK ORDER (AVP_AI không có sổ nhận kho riêng) — dữ liệu chạy thử,
717355,11549170-L,1052,14551,14551,,,2026-09-08,,Suy từ PIECES của WORK ORDER (AVP_AI không có sổ nhận kho riêng) — dữ liệu chạy thử,
717356,11549170-L,1816,14798,14798,,,2026-09-08,,Suy từ PIECES của WORK ORDER (AVP_AI không có sổ nhận kho riêng) — dữ liệu chạy thử,
717358,11549170,1825,14655,14655,,,2026-09-14,,Suy từ PIECES của WORK ORDER (AVP_AI không có sổ nhận kho riêng) — dữ liệu chạy thử,
717359,11549170-L,794,14460,14460,,,2026-09-08,,Suy từ PIECES của WORK ORDER (AVP_AI không có sổ nhận kho riêng) — dữ liệu chạy thử,
717360,11549170-L,1815,15332,15332,,,2026-09-08,,Suy từ PIECES của WORK ORDER (AVP_AI không có sổ nhận kho riêng) — dữ liệu chạy thử,
717361,11549170,311,14161,14161,,,2026-09-14,,Suy từ PIECES của WORK ORDER (AVP_AI không có sổ nhận kho riêng) — dữ liệu chạy thử,
717362,11549170,307,15007,15007,,,2026-09-14,,Suy từ PIECES của WORK ORDER (AVP_AI không có sổ nhận kho riêng) — dữ liệu chạy thử,
717363,11549170-L,1555,14980,14980,,,2026-09-08,,Suy từ PIECES của WORK ORDER (AVP_AI không có sổ nhận kho riêng) — dữ liệu chạy thử,
717364,11549170-L,306,13836,13836,,,2026-09-08,,Suy từ PIECES của WORK ORDER (AVP_AI không có sổ nhận kho riêng) — dữ liệu chạy thử,
717365,11549170-L,1038,14980,14980,,,2026-09-08,,Suy từ PIECES của WORK ORDER (AVP_AI không có sổ nhận kho riêng) — dữ liệu chạy thử,
717367,11549170-L,1082,14356,14356,,,2026-09-08,,Suy từ PIECES của WORK ORDER (AVP_AI không có sổ nhận kho riêng) — dữ liệu chạy thử,
717368,11549170-L,346,14889,14889,,,2026-09-08,,Suy từ PIECES của WORK ORDER (AVP_AI không có sổ nhận kho riêng) — dữ liệu chạy thử,
717370,11549168-L,288,44701,44701,,,2026-09-08,,Suy từ PIECES của WORK ORDER (AVP_AI không có sổ nhận kho riêng) — dữ liệu chạy thử,
717373,11549168-L,951,46119,46119,,,2026-09-08,,Suy từ PIECES của WORK ORDER (AVP_AI không có sổ nhận kho riêng) — dữ liệu chạy thử,
717374,11549168-L,765,38731,38731,,,2026-09-08,,Suy từ PIECES của WORK ORDER (AVP_AI không có sổ nhận kho riêng) — dữ liệu chạy thử,
717375,11549168-L,494,44813,44813,,,2026-09-08,,Suy từ PIECES của WORK ORDER (AVP_AI không có sổ nhận kho riêng) — dữ liệu chạy thử,
717376,11549168-L,243,42127,42127,,,2026-09-08,,Suy từ PIECES của WORK ORDER (AVP_AI không có sổ nhận kho riêng) — dữ liệu chạy thử,
717379,11612078-B,1395,65000,65000,,,2026-08-25,,Suy từ PIECES của WORK ORDER (AVP_AI không có sổ nhận kho riêng) — dữ liệu chạy thử,
717386,11546378-CA-IN,1552,41120,41120,,,2026-09-14,,Suy từ PIECES của WORK ORDER (AVP_AI không có sổ nhận kho riêng) — dữ liệu chạy thử,
717387,11546378-CA-IN,904,48600,48600,,,2026-09-14,,Suy từ PIECES của WORK ORDER (AVP_AI không có sổ nhận kho riêng) — dữ liệu chạy thử,
717393,06101831-A,1372,41087,41087,,,2026-09-08,,Suy từ PIECES của WORK ORDER (AVP_AI không có sổ nhận kho riêng) — dữ liệu chạy thử,
717395,06101831-A,1837,28442,28442,,,2026-09-02,,Suy từ PIECES của WORK ORDER (AVP_AI không có sổ nhận kho riêng) — dữ liệu chạy thử,
717396,06101831-A,1062,31703,31703,,,2026-09-02,,Suy từ PIECES của WORK ORDER (AVP_AI không có sổ nhận kho riêng) — dữ liệu chạy thử,
717397,06101831-A,702,43804,43804,,,2026-09-08,,Suy từ PIECES của WORK ORDER (AVP_AI không có sổ nhận kho riêng) — dữ liệu chạy thử,
717399,06101831-A,679,34457,34457,,,2026-09-08,,Suy từ PIECES của WORK ORDER (AVP_AI không có sổ nhận kho riêng) — dữ liệu chạy thử,
717400,06101831-A,127,39348,39348,,,2026-09-08,,Suy từ PIECES của WORK ORDER (AVP_AI không có sổ nhận kho riêng) — dữ liệu chạy thử,
717401,06101831-A,212,26920,26920,,,2026-09-08,,Suy từ PIECES của WORK ORDER (AVP_AI không có sổ nhận kho riêng) — dữ liệu chạy thử,
717402,06101831-A,69,34783,34783,,,2026-08-28,,Suy từ PIECES của WORK ORDER (AVP_AI không có sổ nhận kho riêng) — dữ liệu chạy thử,
717403,06101831-A,778,35326,35326,,,2026-08-28,,Suy từ PIECES của WORK ORDER (AVP_AI không có sổ nhận kho riêng) — dữ liệu chạy thử,
717404,06101831-A,1320,677,677,,,2026-08-28,,Suy từ PIECES của WORK ORDER (AVP_AI không có sổ nhận kho riêng) — dữ liệu chạy thử,
717405,06101831-A,1101,39529,39529,,,2026-08-28,,Suy từ PIECES của WORK ORDER (AVP_AI không có sổ nhận kho riêng) — dữ liệu chạy thử,
717406,06101831-A,784,39275,39275,,,2026-08-28,,Suy từ PIECES của WORK ORDER (AVP_AI không có sổ nhận kho riêng) — dữ liệu chạy thử,
717407,06101831-A,1639,37391,37391,,,2026-08-28,,Suy từ PIECES của WORK ORDER (AVP_AI không có sổ nhận kho riêng) — dữ liệu chạy thử,
717411,06511834AA,840,3070,3070,,,2026-08-26,,Suy từ PIECES của WORK ORDER (AVP_AI không có sổ nhận kho riêng) — dữ liệu chạy thử,
717412,06511834AA,617,2589,2589,,,2026-08-26,,Suy từ PIECES của WORK ORDER (AVP_AI không có sổ nhận kho riêng) — dữ liệu chạy thử,
717413,06511834AA,545,2679,2679,,,2026-08-26,,Suy từ PIECES của WORK ORDER (AVP_AI không có sổ nhận kho riêng) — dữ liệu chạy thử,
717414,06511834AA,1585,2995,2995,,,2026-08-26,,Suy từ PIECES của WORK ORDER (AVP_AI không có sổ nhận kho riêng) — dữ liệu chạy thử,
717415,40109770,125,8892,8892,,,2026-08-26,,Suy từ PIECES của WORK ORDER (AVP_AI không có sổ nhận kho riêng) — dữ liệu chạy thử,
717416,40109770,350,7807,7807,,,2026-08-26,,Suy từ PIECES của WORK ORDER (AVP_AI không có sổ nhận kho riêng) — dữ liệu chạy thử,
717417,40109770,770,8803,8803,,,2026-08-26,,Suy từ PIECES của WORK ORDER (AVP_AI không có sổ nhận kho riêng) — dữ liệu chạy thử,
717418,40109770,1702,8045,8045,,,2026-08-26,,Suy từ PIECES của WORK ORDER (AVP_AI không có sổ nhận kho riêng) — dữ liệu chạy thử,
717419,82248,1068,35897,35897,,,2026-08-28,,Suy từ PIECES của WORK ORDER (AVP_AI không có sổ nhận kho riêng) — dữ liệu chạy thử,
717420,82248,1794,38655,38655,,,2026-08-28,,Suy từ PIECES của WORK ORDER (AVP_AI không có sổ nhận kho riêng) — dữ liệu chạy thử,
717423,06513555AA,95,15487,15487,,,2026-08-28,,Suy từ PIECES của WORK ORDER (AVP_AI không có sổ nhận kho riêng) — dữ liệu chạy thử,
717425,06514113AA,928,51489,51489,,,2026-08-26,,Suy từ PIECES của WORK ORDER (AVP_AI không có sổ nhận kho riêng) — dữ liệu chạy thử,
717431,11549168-VN-VT,408,48000,48000,,,2026-09-04,,Suy từ PIECES của WORK ORDER (AVP_AI không có sổ nhận kho riêng) — dữ liệu chạy thử,
717433,11549168-VN-VT,712,44000,44000,,,2026-09-04,,Suy từ PIECES của WORK ORDER (AVP_AI không có sổ nhận kho riêng) — dữ liệu chạy thử,
717442,715150010W,34CTNS,85000,85000,,,2026-08-19,,Suy từ PIECES của WORK ORDER (AVP_AI không có sổ nhận kho riêng) — dữ liệu chạy thử,
717443,11604000,KIB,29700,29700,,,2026-08-19,,Suy từ PIECES của WORK ORDER (AVP_AI không có sổ nhận kho riêng) — dữ liệu chạy thử,
717447,11546370-IN-PN,663,8020,8020,,,2026-09-10,,Suy từ PIECES của WORK ORDER (AVP_AI không có sổ nhận kho riêng) — dữ liệu chạy thử,
717449,06510549AA,KIB,40000,40000,,,2026-08-29,,Suy từ PIECES của WORK ORDER (AVP_AI không có sổ nhận kho riêng) — dữ liệu chạy thử,
717451,06509967AA,KIB,40000,40000,,,2026-08-29,,Suy từ PIECES của WORK ORDER (AVP_AI không có sổ nhận kho riêng) — dữ liệu chạy thử,
717452,06509967AA,KIB,40000,40000,,,2026-08-29,,Suy từ PIECES của WORK ORDER (AVP_AI không có sổ nhận kho riêng) — dữ liệu chạy thử,
717453,82246,KIB,15000,15000,,,2026-09-02,,Suy từ PIECES của WORK ORDER (AVP_AI không có sổ nhận kho riêng) — dữ liệu chạy thử,
717454,82246,KIB,15000,15000,,,2026-09-02,,Suy từ PIECES của WORK ORDER (AVP_AI không có sổ nhận kho riêng) — dữ liệu chạy thử,
717461,06105102AA,KIB,40000,40000,,,2026-08-29,,Suy từ PIECES của WORK ORDER (AVP_AI không có sổ nhận kho riêng) — dữ liệu chạy thử,
717462,06105102AA,KIB,40000,40000,,,2026-08-29,,Suy từ PIECES của WORK ORDER (AVP_AI không có sổ nhận kho riêng) — dữ liệu chạy thử,
717463,06105102AA,KIB,40000,40000,,,2026-08-29,,Suy từ PIECES của WORK ORDER (AVP_AI không có sổ nhận kho riêng) — dữ liệu chạy thử,
717464,06105102AA,KIB,40000,40000,,,2026-08-29,,Suy từ PIECES của WORK ORDER (AVP_AI không có sổ nhận kho riêng) — dữ liệu chạy thử,
717465,06105102AA,KIB,40000,40000,,,2026-08-29,,Suy từ PIECES của WORK ORDER (AVP_AI không có sổ nhận kho riêng) — dữ liệu chạy thử,
717466,06105102AA,KIB,40000,40000,,,2026-08-29,,Suy từ PIECES của WORK ORDER (AVP_AI không có sổ nhận kho riêng) — dữ liệu chạy thử,
717467,06105102AA,KIB,40000,40000,,,2026-08-29,,Suy từ PIECES của WORK ORDER (AVP_AI không có sổ nhận kho riêng) — dữ liệu chạy thử,
717468,06105102AA,KIB,40000,40000,,,2026-08-29,,Suy từ PIECES của WORK ORDER (AVP_AI không có sổ nhận kho riêng) — dữ liệu chạy thử,
717469,06105102AA,KIB,40000,40000,,,2026-08-29,,Suy từ PIECES của WORK ORDER (AVP_AI không có sổ nhận kho riêng) — dữ liệu chạy thử,
717470,06105102AA,KIB,25460,25460,,,2026-08-31,,Suy từ PIECES của WORK ORDER (AVP_AI không có sổ nhận kho riêng) — dữ liệu chạy thử,
717471,94012078,1524,2712,2712,,,2026-08-24,,Suy từ PIECES của WORK ORDER (AVP_AI không có sổ nhận kho riêng) — dữ liệu chạy thử,
717472,94012078,211,2362,2362,,,2026-08-24,,Suy từ PIECES của WORK ORDER (AVP_AI không có sổ nhận kho riêng) — dữ liệu chạy thử,
717473,94012078,543,2558,2558,,,2026-08-24,,Suy từ PIECES của WORK ORDER (AVP_AI không có sổ nhận kho riêng) — dữ liệu chạy thử,
717474,94012078,1426,2424,2424,,,2026-08-24,,Suy từ PIECES của WORK ORDER (AVP_AI không có sổ nhận kho riêng) — dữ liệu chạy thử,
717475,94012078,1007,2483,2483,,,2026-08-24,,Suy từ PIECES của WORK ORDER (AVP_AI không có sổ nhận kho riêng) — dữ liệu chạy thử,
717477,11549204,1374,8000,8000,,,2026-09-04,,Suy từ PIECES của WORK ORDER (AVP_AI không có sổ nhận kho riêng) — dữ liệu chạy thử,
717478,11549204,1030,8000,8000,,,2026-09-04,,Suy từ PIECES của WORK ORDER (AVP_AI không có sổ nhận kho riêng) — dữ liệu chạy thử,
717492,11546370-IN-PN,174,7718,7718,,,2026-09-10,,Suy từ PIECES của WORK ORDER (AVP_AI không có sổ nhận kho riêng) — dữ liệu chạy thử,
717493,06513554AA,1684,12740,12740,,,2026-09-03,,Suy từ PIECES của WORK ORDER (AVP_AI không có sổ nhận kho riêng) — dữ liệu chạy thử,
717494,06513554AA,4,11871,11871,,,2026-09-03,,Suy từ PIECES của WORK ORDER (AVP_AI không có sổ nhận kho riêng) — dữ liệu chạy thử,
717495,11546367-MY-AK,666,24989,24989,,,2026-09-10,,Suy từ PIECES của WORK ORDER (AVP_AI không có sổ nhận kho riêng) — dữ liệu chạy thử,
717496,11546367-MY-AK,363,23828,23828,,,2026-09-10,,Suy từ PIECES của WORK ORDER (AVP_AI không có sổ nhận kho riêng) — dữ liệu chạy thử,
717497,11546367-MY-AK-L,608,24989,24989,,,2026-08-31,,Suy từ PIECES của WORK ORDER (AVP_AI không có sổ nhận kho riêng) — dữ liệu chạy thử,
717498,11546367-MY-AK-L,809,24581,24581,,,2026-08-31,,Suy từ PIECES của WORK ORDER (AVP_AI không có sổ nhận kho riêng) — dữ liệu chạy thử,
717499,11546367-MY-AK,1505,24000,24000,,,2026-09-10,,Suy từ PIECES của WORK ORDER (AVP_AI không có sổ nhận kho riêng) — dữ liệu chạy thử,
717500,11546367-MY-AK,268,25441,25441,,,2026-09-10,,Suy từ PIECES của WORK ORDER (AVP_AI không có sổ nhận kho riêng) — dữ liệu chạy thử,
717501,11546367-MY-AK,402,23871,23871,,,2026-09-10,,Suy từ PIECES của WORK ORDER (AVP_AI không có sổ nhận kho riêng) — dữ liệu chạy thử,
717502,11546367-MY-AK,748,25591,25591,,,2026-09-10,,Suy từ PIECES của WORK ORDER (AVP_AI không có sổ nhận kho riêng) — dữ liệu chạy thử,
717503,11546367-MY-AK,1315,24065,24065,,,2026-09-10,,Suy từ PIECES của WORK ORDER (AVP_AI không có sổ nhận kho riêng) — dữ liệu chạy thử,
717504,11546367-MY-AK,1078,25226,25226,,,2026-09-10,,Suy từ PIECES của WORK ORDER (AVP_AI không có sổ nhận kho riêng) — dữ liệu chạy thử,
717505,11546367-MY-AK,1098,25441,25441,,,2026-09-10,,Suy từ PIECES của WORK ORDER (AVP_AI không có sổ nhận kho riêng) — dữ liệu chạy thử,
717506,11546367-MY-AK,124,23742,23742,,,2026-09-10,,Suy từ PIECES của WORK ORDER (AVP_AI không có sổ nhận kho riêng) — dữ liệu chạy thử,
717507,11546367-MY-AK-L,1713,26215,26215,,,2026-08-31,,Suy từ PIECES của WORK ORDER (AVP_AI không có sổ nhận kho riêng) — dữ liệu chạy thử,
717508,11546367-MY-AK-L,331,23333,23333,,,2026-08-31,,Suy từ PIECES của WORK ORDER (AVP_AI không có sổ nhận kho riêng) — dữ liệu chạy thử,
717509,11546367-MY-AK-L,581,24559,24559,,,2026-08-31,,Suy từ PIECES của WORK ORDER (AVP_AI không có sổ nhận kho riêng) — dữ liệu chạy thử,
717510,11546367-MY-AK-L,1767,24645,24645,,,2026-08-31,,Suy từ PIECES của WORK ORDER (AVP_AI không có sổ nhận kho riêng) — dữ liệu chạy thử,
717521,11546368-MY-AK,925,15964,15964,,,2026-09-03,,Suy từ PIECES của WORK ORDER (AVP_AI không có sổ nhận kho riêng) — dữ liệu chạy thử,
717522,11546368-MY-AK,1807,15923,15923,,,2026-09-03,,Suy từ PIECES của WORK ORDER (AVP_AI không có sổ nhận kho riêng) — dữ liệu chạy thử,
717523,11546368-MY-AK,263,16116,16116,,,2026-09-03,,Suy từ PIECES của WORK ORDER (AVP_AI không có sổ nhận kho riêng) — dữ liệu chạy thử,
717524,11546368-MY-AK,266,14904,14904,,,2026-09-03,,Suy từ PIECES của WORK ORDER (AVP_AI không có sổ nhận kho riêng) — dữ liệu chạy thử,
717527,06511637AA,769,45726,45726,,,2026-09-03,,Suy từ PIECES của WORK ORDER (AVP_AI không có sổ nhận kho riêng) — dữ liệu chạy thử,
717528,06511637AA-A,1669,36411,36411,,,2026-09-09,,Suy từ PIECES của WORK ORDER (AVP_AI không có sổ nhận kho riêng) — dữ liệu chạy thử,
717529,06511637AA,969,42258,42258,,,2026-09-03,,Suy từ PIECES của WORK ORDER (AVP_AI không có sổ nhận kho riêng) — dữ liệu chạy thử,
717530,06511637AA,1341,40565,40565,,,2026-09-03,,Suy từ PIECES của WORK ORDER (AVP_AI không có sổ nhận kho riêng) — dữ liệu chạy thử,
717531,06511637AA,1577,46008,46008,,,2026-09-03,,Suy từ PIECES của WORK ORDER (AVP_AI không có sổ nhận kho riêng) — dữ liệu chạy thử,
717532,06511637AA,38,37339,37339,,,2026-09-03,,Suy từ PIECES của WORK ORDER (AVP_AI không có sổ nhận kho riêng) — dữ liệu chạy thử,
717533,06512278AA,898,56250,56250,,,2026-09-02,,Suy từ PIECES của WORK ORDER (AVP_AI không có sổ nhận kho riêng) — dữ liệu chạy thử,
717534,06512278AA,551,44375,44375,,,2026-09-02,,Suy từ PIECES của WORK ORDER (AVP_AI không có sổ nhận kho riêng) — dữ liệu chạy thử,
717535,06512313AA,251,110455,110455,,,2026-09-01,,Suy từ PIECES của WORK ORDER (AVP_AI không có sổ nhận kho riêng) — dữ liệu chạy thử,
717537,W716298-S450,1778,126579,126579,,,2026-09-03,,Suy từ PIECES của WORK ORDER (AVP_AI không có sổ nhận kho riêng) — dữ liệu chạy thử,
717538,W716298-S450,628,160263,160263,,,2026-09-03,,Suy từ PIECES của WORK ORDER (AVP_AI không có sổ nhận kho riêng) — dữ liệu chạy thử,
717541,11502717-TH-TC,655,23027,23027,,,2026-08-21,,Suy từ PIECES của WORK ORDER (AVP_AI không có sổ nhận kho riêng) — dữ liệu chạy thử,
717542,11502717-TH-TC,604,32835,32835,,,2026-08-21,,Suy từ PIECES của WORK ORDER (AVP_AI không có sổ nhận kho riêng) — dữ liệu chạy thử,
717543,11502717-TN-TC,1635,47969,47969,,,2026-09-02,,Suy từ PIECES của WORK ORDER (AVP_AI không có sổ nhận kho riêng) — dữ liệu chạy thử,
717544,11502717-TH-TC,614,47510,47510,,,2026-09-09,,Suy từ PIECES của WORK ORDER (AVP_AI không có sổ nhận kho riêng) — dữ liệu chạy thử,
717547,11502717-TH-TC-T,682,41188,41188,,,2026-09-09,,Suy từ PIECES của WORK ORDER (AVP_AI không có sổ nhận kho riêng) — dữ liệu chạy thử,
717548,11502717-TH-TC,1718,40996,40996,,,2026-09-09,,Suy từ PIECES của WORK ORDER (AVP_AI không có sổ nhận kho riêng) — dữ liệu chạy thử,
717549,11549204,1445,8000,8000,,,2026-09-10,,Suy từ PIECES của WORK ORDER (AVP_AI không có sổ nhận kho riêng) — dữ liệu chạy thử,
717550,11549204,534,8000,8000,,,2026-09-10,,Suy từ PIECES của WORK ORDER (AVP_AI không có sổ nhận kho riêng) — dữ liệu chạy thử,
717551,11549204,63,8000,8000,,,2026-09-10,,Suy từ PIECES của WORK ORDER (AVP_AI không có sổ nhận kho riêng) — dữ liệu chạy thử,
717552,11549204,1512,7000,7000,,,2026-09-04,,Suy từ PIECES của WORK ORDER (AVP_AI không có sổ nhận kho riêng) — dữ liệu chạy thử,
717553,11588293,KIB,70000,70000,,,2026-08-20,,Suy từ PIECES của WORK ORDER (AVP_AI không có sổ nhận kho riêng) — dữ liệu chạy thử,
717554,11588293,KIB,70000,70000,,,2026-08-20,,Suy từ PIECES của WORK ORDER (AVP_AI không có sổ nhận kho riêng) — dữ liệu chạy thử,
717555,11588293,KIB,70000,70000,,,2026-08-20,,Suy từ PIECES của WORK ORDER (AVP_AI không có sổ nhận kho riêng) — dữ liệu chạy thử,
717556,11588293,KIB,70000,70000,,,2026-08-20,,Suy từ PIECES của WORK ORDER (AVP_AI không có sổ nhận kho riêng) — dữ liệu chạy thử,
717557,11588293,KIB,70000,70000,,,2026-08-20,,Suy từ PIECES của WORK ORDER (AVP_AI không có sổ nhận kho riêng) — dữ liệu chạy thử,
717559,11610091-MY-AK,946,79091,79091,,,2026-09-09,,Suy từ PIECES của WORK ORDER (AVP_AI không có sổ nhận kho riêng) — dữ liệu chạy thử,
717560,11610091-MY-AK,504,72987,72987,,,2026-09-03,,Suy từ PIECES của WORK ORDER (AVP_AI không có sổ nhận kho riêng) — dữ liệu chạy thử,
717561,11610091-MY-AK,1077,71364,71364,,,2026-08-31,,Suy từ PIECES của WORK ORDER (AVP_AI không có sổ nhận kho riêng) — dữ liệu chạy thử,
717562,11610091-MY-AK,1792,84286,84286,,,2026-09-09,,Suy từ PIECES của WORK ORDER (AVP_AI không có sổ nhận kho riêng) — dữ liệu chạy thử,
717563,11610091-MY-AK,469,75714,75714,,,2026-08-31,,Suy từ PIECES của WORK ORDER (AVP_AI không có sổ nhận kho riêng) — dữ liệu chạy thử,
717564,11610091-MY-AK,1367,78831,78831,,,2026-08-31,,Suy từ PIECES của WORK ORDER (AVP_AI không có sổ nhận kho riêng) — dữ liệu chạy thử,
717565,11610091-MY-AK,759,79026,79026,,,2026-08-31,,Suy từ PIECES của WORK ORDER (AVP_AI không có sổ nhận kho riêng) — dữ liệu chạy thử,
717566,11610091-MY-AK,1806,72727,72727,,,2026-08-31,,Suy từ PIECES của WORK ORDER (AVP_AI không có sổ nhận kho riêng) — dữ liệu chạy thử,
717567,7150-1710-03,1621,26786,26786,,,2026-09-01,,Suy từ PIECES của WORK ORDER (AVP_AI không có sổ nhận kho riêng) — dữ liệu chạy thử,
717569,6502979-A,1819,24798,24798,,,2026-09-10,,Suy từ PIECES của WORK ORDER (AVP_AI không có sổ nhận kho riêng) — dữ liệu chạy thử,
717570,6502979-A,118,17146,17146,,,2026-09-10,,Suy từ PIECES của WORK ORDER (AVP_AI không có sổ nhận kho riêng) — dữ liệu chạy thử,
717571,6502979-A,1028,20101,20101,,,2026-09-10,,Suy từ PIECES của WORK ORDER (AVP_AI không có sổ nhận kho riêng) — dữ liệu chạy thử,
717572,6502979-A,369,20985,20985,,,2026-09-10,,Suy từ PIECES của WORK ORDER (AVP_AI không có sổ nhận kho riêng) — dữ liệu chạy thử,
717575,06503825-A,881,54923,54923,,,2026-09-10,,Suy từ PIECES của WORK ORDER (AVP_AI không có sổ nhận kho riêng) — dữ liệu chạy thử,
717576,06503825-A,1437,60077,60077,,,2026-09-10,,Suy từ PIECES của WORK ORDER (AVP_AI không có sổ nhận kho riêng) — dữ liệu chạy thử,
717577,06503825-A,1603,54923,54923,,,2026-09-10,,Suy từ PIECES của WORK ORDER (AVP_AI không có sổ nhận kho riêng) — dữ liệu chạy thử,
717578,06503825-A,1788,62231,62231,,,2026-09-10,,Suy từ PIECES của WORK ORDER (AVP_AI không có sổ nhận kho riêng) — dữ liệu chạy thử,
717579,55364498AA-HT,394,14491,14491,,,2026-09-15,,Suy từ PIECES của WORK ORDER (AVP_AI không có sổ nhận kho riêng) — dữ liệu chạy thử,
717580,55364498AA-HT,82,9895,9895,,,2026-09-15,,Suy từ PIECES của WORK ORDER (AVP_AI không có sổ nhận kho riêng) — dữ liệu chạy thử,
717581,06105051AA-HT,1595,14380,14380,,,2026-09-10,,Suy từ PIECES của WORK ORDER (AVP_AI không có sổ nhận kho riêng) — dữ liệu chạy thử,
717582,06105051AA-HT,248,17991,17991,,,2026-09-10,,Suy từ PIECES của WORK ORDER (AVP_AI không có sổ nhận kho riêng) — dữ liệu chạy thử,
717583,06514720AA,522,32353,32353,,,2026-09-11,,Suy từ PIECES của WORK ORDER (AVP_AI không có sổ nhận kho riêng) — dữ liệu chạy thử,
717584,06514720AA,633,24751,24751,,,2026-09-14,,Suy từ PIECES của WORK ORDER (AVP_AI không có sổ nhận kho riêng) — dữ liệu chạy thử,
717590,11546370-MY-AK,984,8148,8148,,,2026-09-10,,Suy từ PIECES của WORK ORDER (AVP_AI không có sổ nhận kho riêng) — dữ liệu chạy thử,
717591,11546370-MY-AK,602,7685,7685,,,2026-09-10,,Suy từ PIECES của WORK ORDER (AVP_AI không có sổ nhận kho riêng) — dữ liệu chạy thử,
717592,11546370-MY-AK,824,7174,7174,,,2026-09-10,,Suy từ PIECES của WORK ORDER (AVP_AI không có sổ nhận kho riêng) — dữ liệu chạy thử,
717593,11546370-MY-AK,349,7550,7550,,,2026-09-10,,Suy từ PIECES của WORK ORDER (AVP_AI không có sổ nhận kho riêng) — dữ liệu chạy thử,
717594,11546370-MY-AK,579,7309,7309,,,2026-09-10,,Suy từ PIECES của WORK ORDER (AVP_AI không có sổ nhận kho riêng) — dữ liệu chạy thử,
717603,11546378-MY-AK,633,47356,47356,,,2026-09-14,,Suy từ PIECES của WORK ORDER (AVP_AI không có sổ nhận kho riêng) — dữ liệu chạy thử,
717604,11546378-MY-AK,1099,47893,47893,,,2026-09-14,,Suy từ PIECES của WORK ORDER (AVP_AI không có sổ nhận kho riêng) — dữ liệu chạy thử,
717609,11546378-MY-AK,1708,44100,44100,,,2026-09-14,,Suy từ PIECES của WORK ORDER (AVP_AI không có sổ nhận kho riêng) — dữ liệu chạy thử,
717611,11546378-MY-AK,792,43487,43487,,,2026-09-14,,Suy từ PIECES của WORK ORDER (AVP_AI không có sổ nhận kho riêng) — dữ liệu chạy thử,
717625,06104388AA-HT,99,20024,20024,,,2026-08-31,,Suy từ PIECES của WORK ORDER (AVP_AI không có sổ nhận kho riêng) — dữ liệu chạy thử,
717626,06104388AA-HT,910,20605,20605,,,2026-08-31,,Suy từ PIECES của WORK ORDER (AVP_AI không có sổ nhận kho riêng) — dữ liệu chạy thử,
717627,06104388AA-HT,1798,18765,18765,,,2026-08-31,,Suy từ PIECES của WORK ORDER (AVP_AI không có sổ nhận kho riêng) — dữ liệu chạy thử,
717628,06104388AA-HT,958,22494,22494,,,2026-08-31,,Suy từ PIECES của WORK ORDER (AVP_AI không có sổ nhận kho riêng) — dữ liệu chạy thử,
717629,11546377-PH-RO,73,69481,69481,,,2026-08-26,,Suy từ PIECES của WORK ORDER (AVP_AI không có sổ nhận kho riêng) — dữ liệu chạy thử,
717630,11546377-PH-RO,520,58312,58312,,,2026-08-26,,Suy từ PIECES của WORK ORDER (AVP_AI không có sổ nhận kho riêng) — dữ liệu chạy thử,
717631,11546377-PH-RO,92,69610,69610,,,2026-08-26,,Suy từ PIECES của WORK ORDER (AVP_AI không có sổ nhận kho riêng) — dữ liệu chạy thử,
717632,11546377-PH-RO,698,59610,59610,,,2026-08-26,,Suy từ PIECES của WORK ORDER (AVP_AI không có sổ nhận kho riêng) — dữ liệu chạy thử,
717633,11546377-PH-RO,325,71623,71623,,,2026-08-26,,Suy từ PIECES của WORK ORDER (AVP_AI không có sổ nhận kho riêng) — dữ liệu chạy thử,
717634,11546377-PH-RO,631,56234,56234,,,2026-08-26,,Suy từ PIECES của WORK ORDER (AVP_AI không có sổ nhận kho riêng) — dữ liệu chạy thử,
717635,11546377-PH-RO,917,63052,63052,,,2026-08-26,,Suy từ PIECES của WORK ORDER (AVP_AI không có sổ nhận kho riêng) — dữ liệu chạy thử,
717636,11546377-PH-RO,1714,66494,66494,,,2026-08-26,,Suy từ PIECES của WORK ORDER (AVP_AI không có sổ nhận kho riêng) — dữ liệu chạy thử,
717637,11546377-PH-RO,1360,62208,62208,,,2026-08-26,,Suy từ PIECES của WORK ORDER (AVP_AI không có sổ nhận kho riêng) — dữ liệu chạy thử,
717638,11546377-PH-RO,176,67273,67273,,,2026-08-26,,Suy từ PIECES của WORK ORDER (AVP_AI không có sổ nhận kho riêng) — dữ liệu chạy thử,
717639,11546389-PH-RO-T,977,109221,109221,,,2026-08-31,,Suy từ PIECES của WORK ORDER (AVP_AI không có sổ nhận kho riêng) — dữ liệu chạy thử,
717640,11546389-PH-RO-T,588,129870,129870,,,2026-08-31,,Suy từ PIECES của WORK ORDER (AVP_AI không có sổ nhận kho riêng) — dữ liệu chạy thử,
717641,1154389-PH-RO-T,936,131169,131169,,,2026-08-31,,Suy từ PIECES của WORK ORDER (AVP_AI không có sổ nhận kho riêng) — dữ liệu chạy thử,
717642,11546389-PH-RO-T,1134,105584,105584,,,2026-08-31,,Suy từ PIECES của WORK ORDER (AVP_AI không có sổ nhận kho riêng) — dữ liệu chạy thử,
717643,11546389-PH-RO-T,1390,115455,115455,,,2026-08-31,,Suy từ PIECES của WORK ORDER (AVP_AI không có sổ nhận kho riêng) — dữ liệu chạy thử,
717644,11546389-PH-RO-T,1501,124545,124545,,,2026-09-01,,Suy từ PIECES của WORK ORDER (AVP_AI không có sổ nhận kho riêng) — dữ liệu chạy thử,
717645,11546389-PH-RO-T,529,132987,132987,,,2026-09-01,,Suy từ PIECES của WORK ORDER (AVP_AI không có sổ nhận kho riêng) — dữ liệu chạy thử,
717646,11546389-PH-RO-T,703,109091,109091,,,2026-09-01,,Suy từ PIECES của WORK ORDER (AVP_AI không có sổ nhận kho riêng) — dữ liệu chạy thử,
717647,11546389-PH-RO,1060,109091,109091,,,2026-09-01,,Suy từ PIECES của WORK ORDER (AVP_AI không có sổ nhận kho riêng) — dữ liệu chạy thử,
717648,11546389-PH-RO-T,245,103896,103896,,,2026-09-01,,Suy từ PIECES của WORK ORDER (AVP_AI không có sổ nhận kho riêng) — dữ liệu chạy thử,
717649,11546389-PH-RO-T,1381,114286,114286,,,2026-09-01,,Suy từ PIECES của WORK ORDER (AVP_AI không có sổ nhận kho riêng) — dữ liệu chạy thử,
717650,11546389-PH-RO-T,1326,123896,123896,,,2026-09-01,,Suy từ PIECES của WORK ORDER (AVP_AI không có sổ nhận kho riêng) — dữ liệu chạy thử,
717651,11546389-PH-RO-T,1513,136494,136494,,,2026-09-01,,Suy từ PIECES của WORK ORDER (AVP_AI không có sổ nhận kho riêng) — dữ liệu chạy thử,
717652,11546389-PH-RO-T,445,105974,105974,,,2026-09-01,,Suy từ PIECES của WORK ORDER (AVP_AI không có sổ nhận kho riêng) — dữ liệu chạy thử,
717653,11546389,45,144026,144026,,,2026-08-28,,Suy từ PIECES của WORK ORDER (AVP_AI không có sổ nhận kho riêng) — dữ liệu chạy thử,
717654,11546389,1072,108961,108961,,,2026-08-28,,Suy từ PIECES của WORK ORDER (AVP_AI không có sổ nhận kho riêng) — dữ liệu chạy thử,
717671,11546370-IN-PN,236,7973,7973,,,2026-09-08,,Suy từ PIECES của WORK ORDER (AVP_AI không có sổ nhận kho riêng) — dữ liệu chạy thử,
717675,06104388AA,1336,21211,21211,,,2026-09-08,,Suy từ PIECES của WORK ORDER (AVP_AI không có sổ nhận kho riêng) — dữ liệu chạy thử,
717676,06104388AA,217,19177,19177,,,2026-09-08,,Suy từ PIECES của WORK ORDER (AVP_AI không có sổ nhận kho riêng) — dữ liệu chạy thử,
717677,06104388AA,525,19758,19758,,,2026-09-08,,Suy từ PIECES của WORK ORDER (AVP_AI không có sổ nhận kho riêng) — dữ liệu chạy thử,
717678,06104388AA,462,20242,20242,,,2026-09-08,,Suy từ PIECES của WORK ORDER (AVP_AI không có sổ nhận kho riêng) — dữ liệu chạy thử,
717689,11546449-A,1324,89661,89661,,,2026-08-31,,Suy từ PIECES của WORK ORDER (AVP_AI không có sổ nhận kho riêng) — dữ liệu chạy thử,
717690,11546449-A,1016,88475,88475,,,2026-08-31,,Suy từ PIECES của WORK ORDER (AVP_AI không có sổ nhận kho riêng) — dữ liệu chạy thử,
717691,11546449-A,620,89153,89153,,,2026-08-31,,Suy từ PIECES của WORK ORDER (AVP_AI không có sổ nhận kho riêng) — dữ liệu chạy thử,
717692,11546449-A,1503,90932,90932,,,2026-08-31,,Suy từ PIECES của WORK ORDER (AVP_AI không có sổ nhận kho riêng) — dữ liệu chạy thử,
717693,11546449-A,49,97119,97119,,,2026-08-31,,Suy từ PIECES của WORK ORDER (AVP_AI không có sổ nhận kho riêng) — dữ liệu chạy thử,
717694,11546449-A,841,81356,81356,,,2026-08-31,,Suy từ PIECES của WORK ORDER (AVP_AI không có sổ nhận kho riêng) — dữ liệu chạy thử,
717695,11546377-PH-RO,1056,61818,61818,,,2026-08-26,,Suy từ PIECES của WORK ORDER (AVP_AI không có sổ nhận kho riêng) — dữ liệu chạy thử,
717696,11546377-PH-RO,1664,65844,65844,,,2026-08-26,,Suy từ PIECES của WORK ORDER (AVP_AI không có sổ nhận kho riêng) — dữ liệu chạy thử,
717697,11546377-PH-RO,806,61364,61364,,,2026-08-26,,Suy từ PIECES của WORK ORDER (AVP_AI không có sổ nhận kho riêng) — dữ liệu chạy thử,
717698,11546377-PH-RO,1411,68312,68312,,,2026-08-26,,Suy từ PIECES của WORK ORDER (AVP_AI không có sổ nhận kho riêng) — dữ liệu chạy thử,
717699,11546377-PH-RO,638,75065,75065,,,2026-08-26,,Suy từ PIECES của WORK ORDER (AVP_AI không có sổ nhận kho riêng) — dữ liệu chạy thử,
717700,11546377-PH-RO,542,53312,53312,,,2026-08-26,,Suy từ PIECES của WORK ORDER (AVP_AI không có sổ nhận kho riêng) — dữ liệu chạy thử,
717701,11546389,1038,136364,136364,,,2026-08-28,,Suy từ PIECES của WORK ORDER (AVP_AI không có sổ nhận kho riêng) — dữ liệu chạy thử,
717702,11546389,879,102727,102727,,,2026-08-28,,Suy từ PIECES của WORK ORDER (AVP_AI không có sổ nhận kho riêng) — dữ liệu chạy thử,
717703,11546389,943,129481,129481,,,2026-08-28,,Suy từ PIECES của WORK ORDER (AVP_AI không có sổ nhận kho riêng) — dữ liệu chạy thử,
717704,11546389,1657,110649,110649,,,2026-08-28,,Suy từ PIECES của WORK ORDER (AVP_AI không có sổ nhận kho riêng) — dữ liệu chạy thử,
717705,11546389,358,124416,124416,,,2026-08-28,,Suy từ PIECES của WORK ORDER (AVP_AI không có sổ nhận kho riêng) — dữ liệu chạy thử,
717707,40161567,301,4795,4795,,,2026-09-08,,Suy từ PIECES của WORK ORDER (AVP_AI không có sổ nhận kho riêng) — dữ liệu chạy thử,
717708,40161567,241,5317,5317,,,2026-09-08,,Suy từ PIECES của WORK ORDER (AVP_AI không có sổ nhận kho riêng) — dữ liệu chạy thử,
717719,11549170,1377,14694,14694,,,2026-09-14,,Suy từ PIECES của WORK ORDER (AVP_AI không có sổ nhận kho riêng) — dữ liệu chạy thử,
717720,11549170,107,14694,14694,,,2026-09-14,,Suy từ PIECES của WORK ORDER (AVP_AI không có sổ nhận kho riêng) — dữ liệu chạy thử,
717721,11549170,1056,15007,15007,,,2026-09-14,,Suy từ PIECES của WORK ORDER (AVP_AI không có sổ nhận kho riêng) — dữ liệu chạy thử,
717722,11549170,404,14304,14304,,,2026-09-14,,Suy từ PIECES của WORK ORDER (AVP_AI không có sổ nhận kho riêng) — dữ liệu chạy thử,
717723,11549170,1417,14421,14421,,,2026-09-14,,Suy từ PIECES của WORK ORDER (AVP_AI không có sổ nhận kho riêng) — dữ liệu chạy thử,
717724,11549170,1717,14928,14928,,,2026-09-14,,Suy từ PIECES của WORK ORDER (AVP_AI không có sổ nhận kho riêng) — dữ liệu chạy thử,
717725,11549170,1319,14057,14057,,,2026-09-14,,Suy từ PIECES của WORK ORDER (AVP_AI không có sổ nhận kho riêng) — dữ liệu chạy thử,
717726,11549170,1557,15436,15436,,,2026-09-14,,Suy từ PIECES của WORK ORDER (AVP_AI không có sổ nhận kho riêng) — dữ liệu chạy thử,
717727,11549170,875,14967,14967,,,2026-09-14,,Suy từ PIECES của WORK ORDER (AVP_AI không có sổ nhận kho riêng) — dữ liệu chạy thử,
717728,11549170,867,14460,14460,,,2026-09-14,,Suy từ PIECES của WORK ORDER (AVP_AI không có sổ nhận kho riêng) — dữ liệu chạy thử,
717729,11549170,89,13797,13797,,,2026-09-14,,Suy từ PIECES của WORK ORDER (AVP_AI không có sổ nhận kho riêng) — dữ liệu chạy thử,
717730,11549170,89,13797,13797,,,2026-09-14,,Suy từ PIECES của WORK ORDER (AVP_AI không có sổ nhận kho riêng) — dữ liệu chạy thử,
717731,11549170,922,14187,14187,,,2026-09-14,,Suy từ PIECES của WORK ORDER (AVP_AI không có sổ nhận kho riêng) — dữ liệu chạy thử,
717733,11549170,478,14941,14941,,,2026-09-14,,Suy từ PIECES của WORK ORDER (AVP_AI không có sổ nhận kho riêng) — dữ liệu chạy thử,
717734,11549170,261,14330,14330,,,2026-09-14,,Suy từ PIECES của WORK ORDER (AVP_AI không có sổ nhận kho riêng) — dữ liệu chạy thử,
717737,11549170,41,15033,15033,,,2026-09-14,,Suy từ PIECES của WORK ORDER (AVP_AI không có sổ nhận kho riêng) — dữ liệu chạy thử,
717739,11549170,135,14681,14681,,,2026-09-14,,Suy từ PIECES của WORK ORDER (AVP_AI không có sổ nhận kho riêng) — dữ liệu chạy thử,
717740,11549170,820,14577,14577,,,2026-09-14,,Suy từ PIECES của WORK ORDER (AVP_AI không có sổ nhận kho riêng) — dữ liệu chạy thử,
717743,11549168,298,39925,39925,,,2026-09-14,,Suy từ PIECES của WORK ORDER (AVP_AI không có sổ nhận kho riêng) — dữ liệu chạy thử,
717744,11549168,509,43694,43694,,,2026-09-14,,Suy từ PIECES của WORK ORDER (AVP_AI không có sổ nhận kho riêng) — dữ liệu chạy thử,
717745,11549168,193,42052,42052,,,2026-09-14,,Suy từ PIECES của WORK ORDER (AVP_AI không có sổ nhận kho riêng) — dữ liệu chạy thử,
717746,11549168,1769,44515,44515,,,2026-09-14,,Suy từ PIECES của WORK ORDER (AVP_AI không có sổ nhận kho riêng) — dữ liệu chạy thử,
717752,W705606-S440,KIB,40000,40000,,,2026-08-21,,Suy từ PIECES của WORK ORDER (AVP_AI không có sổ nhận kho riêng) — dữ liệu chạy thử,
717753,W705606-S440,KIB,40000,40000,,,2026-08-21,,Suy từ PIECES của WORK ORDER (AVP_AI không có sổ nhận kho riêng) — dữ liệu chạy thử,
717754,W705606-S440,KIB,40000,40000,,,2026-08-21,,Suy từ PIECES của WORK ORDER (AVP_AI không có sổ nhận kho riêng) — dữ liệu chạy thử,
717755,W705606-S440,KIB,40000,40000,,,2026-08-21,,Suy từ PIECES của WORK ORDER (AVP_AI không có sổ nhận kho riêng) — dữ liệu chạy thử,
717756,11546545,68,89250,89250,,,2026-09-04,,Suy từ PIECES của WORK ORDER (AVP_AI không có sổ nhận kho riêng) — dữ liệu chạy thử,
717757,11546545,2,91833,91833,,,2026-09-04,,Suy từ PIECES của WORK ORDER (AVP_AI không có sổ nhận kho riêng) — dữ liệu chạy thử,
717758,11546545,252,94833,94833,,,2026-09-04,,Suy từ PIECES của WORK ORDER (AVP_AI không có sổ nhận kho riêng) — dữ liệu chạy thử,
717759,11546545,795,84667,84667,,,2026-09-04,,Suy từ PIECES của WORK ORDER (AVP_AI không có sổ nhận kho riêng) — dữ liệu chạy thử,
717760,11546545,823,92250,92250,,,2026-09-04,,Suy từ PIECES của WORK ORDER (AVP_AI không có sổ nhận kho riêng) — dữ liệu chạy thử,
717761,11546545,1095,89750,89750,,,2026-09-04,,Suy từ PIECES của WORK ORDER (AVP_AI không có sổ nhận kho riêng) — dữ liệu chạy thử,
717762,11546545,654,89667,89667,,,2026-09-04,,Suy từ PIECES của WORK ORDER (AVP_AI không có sổ nhận kho riêng) — dữ liệu chạy thử,
717763,11546545,814,90083,90083,,,2026-09-04,,Suy từ PIECES của WORK ORDER (AVP_AI không có sổ nhận kho riêng) — dữ liệu chạy thử,
717764,06101736-A,1594,130337,130337,,,2026-09-02,,Suy từ PIECES của WORK ORDER (AVP_AI không có sổ nhận kho riêng) — dữ liệu chạy thử,
717765,06101736-A,1352,124494,124494,,,2026-09-02,,Suy từ PIECES của WORK ORDER (AVP_AI không có sổ nhận kho riêng) — dữ liệu chạy thử,
717766,06101736-A,836,117978,117978,,,2026-09-02,,Suy từ PIECES của WORK ORDER (AVP_AI không có sổ nhận kho riêng) — dữ liệu chạy thử,
717767,06101736-A,108,134607,134607,,,2026-09-02,,Suy từ PIECES của WORK ORDER (AVP_AI không có sổ nhận kho riêng) — dữ liệu chạy thử,
717768,11546437-MY,1440,90769,90769,,,2026-09-08,,Suy từ PIECES của WORK ORDER (AVP_AI không có sổ nhận kho riêng) — dữ liệu chạy thử,
717769,11546437-MY,569,78692,78692,,,2026-09-08,,Suy từ PIECES của WORK ORDER (AVP_AI không có sổ nhận kho riêng) — dữ liệu chạy thử,
717770,11546437-MY,616,89538,89538,,,2026-09-08,,Suy từ PIECES của WORK ORDER (AVP_AI không có sổ nhận kho riêng) — dữ liệu chạy thử,
717771,11546437-MY,18,81385,81385,,,2026-09-08,,Suy từ PIECES của WORK ORDER (AVP_AI không có sổ nhận kho riêng) — dữ liệu chạy thử,
717772,11546437-MY-AK,039,86385,86385,,,2026-09-08,,Suy từ PIECES của WORK ORDER (AVP_AI không có sổ nhận kho riêng) — dữ liệu chạy thử,
717773,11546437-MY-AK,1538,84385,84385,,,2026-09-08,,Suy từ PIECES của WORK ORDER (AVP_AI không có sổ nhận kho riêng) — dữ liệu chạy thử,
717780,11546437-MY-AK,175,84846,84846,,,2026-09-08,,Suy từ PIECES của WORK ORDER (AVP_AI không có sổ nhận kho riêng) — dữ liệu chạy thử,
717781,11546437-MY-AK,282,83692,83692,,,2026-09-08,,Suy từ PIECES của WORK ORDER (AVP_AI không có sổ nhận kho riêng) — dữ liệu chạy thử,
717786,06509967AA,KIB,40000,40000,,,2026-09-08,,Suy từ PIECES của WORK ORDER (AVP_AI không có sổ nhận kho riêng) — dữ liệu chạy thử,
717787,06509967AA,KIB,40000,40000,,,2026-09-08,,Suy từ PIECES của WORK ORDER (AVP_AI không có sổ nhận kho riêng) — dữ liệu chạy thử,
717788,06509967AA,KIB,40000,40000,,,2026-09-08,,Suy từ PIECES của WORK ORDER (AVP_AI không có sổ nhận kho riêng) — dữ liệu chạy thử,
717789,06509967AA,KIB,40000,40000,,,2026-09-08,,Suy từ PIECES của WORK ORDER (AVP_AI không có sổ nhận kho riêng) — dữ liệu chạy thử,
717790,06509967AA,KIB,40000,40000,,,2026-09-08,,Suy từ PIECES của WORK ORDER (AVP_AI không có sổ nhận kho riêng) — dữ liệu chạy thử,
717791,06509967AA,KIB,40000,40000,,,2026-09-08,,Suy từ PIECES của WORK ORDER (AVP_AI không có sổ nhận kho riêng) — dữ liệu chạy thử,
717797,06512349-AA,19,8683,8683,,,2026-09-08,,Suy từ PIECES của WORK ORDER (AVP_AI không có sổ nhận kho riêng) — dữ liệu chạy thử,
717816,11546370-IN-PN,1434,7906,7906,,,2026-09-08,,Suy từ PIECES của WORK ORDER (AVP_AI không có sổ nhận kho riêng) — dữ liệu chạy thử,
717818,11546370-IN-PN,236,7973,7973,,,2026-09-08,,Suy từ PIECES của WORK ORDER (AVP_AI không có sổ nhận kho riêng) — dữ liệu chạy thử,
717820,11610128-BR-HA,1373,5491,5491,,,2026-09-09,,Suy từ PIECES của WORK ORDER (AVP_AI không có sổ nhận kho riêng) — dữ liệu chạy thử,
717822,NU3019-00,1019,4986,4986,,,2026-09-04,,Suy từ PIECES của WORK ORDER (AVP_AI không có sổ nhận kho riêng) — dữ liệu chạy thử,
717823,NU3019-00,322,4990,4990,,,2026-09-04,,Suy từ PIECES của WORK ORDER (AVP_AI không có sổ nhận kho riêng) — dữ liệu chạy thử,
717824,NU3019-00,1408,4923,4923,,,2026-09-04,,Suy từ PIECES của WORK ORDER (AVP_AI không có sổ nhận kho riêng) — dữ liệu chạy thử,
717825,NU3019-00,426,5182,5182,,,2026-09-04,,Suy từ PIECES của WORK ORDER (AVP_AI không có sổ nhận kho riêng) — dữ liệu chạy thử,
717826,NU3019-00,760,4928,4928,,,2026-09-04,,Suy từ PIECES của WORK ORDER (AVP_AI không có sổ nhận kho riêng) — dữ liệu chạy thử,
717827,NU3019-00,935,5129,5129,,,2026-09-04,,Suy từ PIECES của WORK ORDER (AVP_AI không có sổ nhận kho riêng) — dữ liệu chạy thử,
717828,NU3019-00,1536,4842,4842,,,2026-09-04,,Suy từ PIECES của WORK ORDER (AVP_AI không có sổ nhận kho riêng) — dữ liệu chạy thử,
717829,NU3019-00,466,5311,5311,,,2026-09-04,,Suy từ PIECES của WORK ORDER (AVP_AI không có sổ nhận kho riêng) — dữ liệu chạy thử,
717830,NU3019-00,1690,4693,4693,,,2026-09-04,,Suy từ PIECES của WORK ORDER (AVP_AI không có sổ nhận kho riêng) — dữ liệu chạy thử,
717831,NU3019-00,1357,5330,5330,,,2026-09-04,,Suy từ PIECES của WORK ORDER (AVP_AI không có sổ nhận kho riêng) — dữ liệu chạy thử,
717832,NU3019-00-L,1533,4693,4693,,,2026-09-15,,Suy từ PIECES của WORK ORDER (AVP_AI không có sổ nhận kho riêng) — dữ liệu chạy thử,
717834,W520101-S437-L,187,129091,129091,,,2026-09-11,,Suy từ PIECES của WORK ORDER (AVP_AI không có sổ nhận kho riêng) — dữ liệu chạy thử,
717844,06504080-T,903,137959,137959,,,2026-09-08,,Suy từ PIECES của WORK ORDER (AVP_AI không có sổ nhận kho riêng) — dữ liệu chạy thử,
717850,11611960,290,148333,148333,,,2026-09-09,,Suy từ PIECES của WORK ORDER (AVP_AI không có sổ nhận kho riêng) — dữ liệu chạy thử,
717852,W711953-S900,680,66883,66883,,,2026-09-01,,Suy từ PIECES của WORK ORDER (AVP_AI không có sổ nhận kho riêng) — dữ liệu chạy thử,
717853,W711953-S900,389,66039,66039,,,2026-09-01,,Suy từ PIECES của WORK ORDER (AVP_AI không có sổ nhận kho riêng) — dữ liệu chạy thử,
717854,W711953-S900,1821,66169,66169,,,2026-09-01,,Suy từ PIECES của WORK ORDER (AVP_AI không có sổ nhận kho riêng) — dữ liệu chạy thử,
717855,W711953-S900,862,66364,66364,,,2026-09-01,,Suy từ PIECES của WORK ORDER (AVP_AI không có sổ nhận kho riêng) — dữ liệu chạy thử,
717856,500009196,1421,42052,42052,,,2026-08-25,,Suy từ PIECES của WORK ORDER (AVP_AI không có sổ nhận kho riêng) — dữ liệu chạy thử,
717857,500009196,798,43284,43284,,,2026-08-25,,Suy từ PIECES của WORK ORDER (AVP_AI không có sổ nhận kho riêng) — dữ liệu chạy thử,
717860,06504080-T,1784,210000,210000,,,2026-09-08,,Suy từ PIECES của WORK ORDER (AVP_AI không có sổ nhận kho riêng) — dữ liệu chạy thử,
717864,11546370-IN-PN,115,7718,7718,,,2026-09-10,,Suy từ PIECES của WORK ORDER (AVP_AI không có sổ nhận kho riêng) — dữ liệu chạy thử,
717866,11546370-IN-PN,1007,7989,7989,,,2026-09-10,,Suy từ PIECES của WORK ORDER (AVP_AI không có sổ nhận kho riêng) — dữ liệu chạy thử,
717868,11546370-IN-PN,1696,7906,7906,,,2026-09-10,,Suy từ PIECES của WORK ORDER (AVP_AI không có sổ nhận kho riêng) — dữ liệu chạy thử,
717870,11546370-IN-PN,629,7933,7933,,,2026-09-10,,Suy từ PIECES của WORK ORDER (AVP_AI không có sổ nhận kho riêng) — dữ liệu chạy thử,
717892,40161567,575,5267,5267,,,2026-09-08,,Suy từ PIECES của WORK ORDER (AVP_AI không có sổ nhận kho riêng) — dữ liệu chạy thử,
717893,40161567,1409,4807,4807,,,2026-09-08,,Suy từ PIECES của WORK ORDER (AVP_AI không có sổ nhận kho riêng) — dữ liệu chạy thử,
717894,40161567,1682,5391,5391,,,2026-09-08,,Suy từ PIECES của WORK ORDER (AVP_AI không có sổ nhận kho riêng) — dữ liệu chạy thử,
717895,40161567,1061,4484,4484,,,2026-09-08,,Suy từ PIECES của WORK ORDER (AVP_AI không có sổ nhận kho riêng) — dữ liệu chạy thử,
717896,40161567,439,4857,4857,,,2026-09-08,,Suy từ PIECES của WORK ORDER (AVP_AI không có sổ nhận kho riêng) — dữ liệu chạy thử,
717897,40161567,853,5230,5230,,,2026-09-08,,Suy từ PIECES của WORK ORDER (AVP_AI không có sổ nhận kho riêng) — dữ liệu chạy thử,
717898,11602031-A,396,4415,4415,,,2026-08-31,,Suy từ PIECES của WORK ORDER (AVP_AI không có sổ nhận kho riêng) — dữ liệu chạy thử,
717899,11602031-A,981,4174,4174,,,2026-08-31,,Suy từ PIECES của WORK ORDER (AVP_AI không có sổ nhận kho riêng) — dữ liệu chạy thử,
717900,11602031-A,1050,3694,3694,,,2026-08-31,,Suy từ PIECES của WORK ORDER (AVP_AI không có sổ nhận kho riêng) — dữ liệu chạy thử,
717901,11602031-A,927,4895,4895,,,2026-08-31,,Suy từ PIECES của WORK ORDER (AVP_AI không có sổ nhận kho riêng) — dữ liệu chạy thử,
717904,40073474-L,1560,5034,5034,,,2026-09-01,,Suy từ PIECES của WORK ORDER (AVP_AI không có sổ nhận kho riêng) — dữ liệu chạy thử,
717905,40073474-L,682,5047,5047,,,2026-09-01,,Suy từ PIECES của WORK ORDER (AVP_AI không có sổ nhận kho riêng) — dữ liệu chạy thử,
717906,40073474-L,1543,4456,4456,,,2026-09-01,,Suy từ PIECES của WORK ORDER (AVP_AI không có sổ nhận kho riêng) — dữ liệu chạy thử,
717907,40073474-L,662,5013,5013,,,2026-09-01,,Suy từ PIECES của WORK ORDER (AVP_AI không có sổ nhận kho riêng) — dữ liệu chạy thử,
717912,06101831-A,1092,24565,24565,,,2026-09-02,,Suy từ PIECES của WORK ORDER (AVP_AI không có sổ nhận kho riêng) — dữ liệu chạy thử,
717914,06101831-A,1509,36123,36123,,,2026-09-02,,Suy từ PIECES của WORK ORDER (AVP_AI không có sổ nhận kho riêng) — dữ liệu chạy thử,
717915,06101831-A,568,42391,42391,,,2026-09-02,,Suy từ PIECES của WORK ORDER (AVP_AI không có sổ nhận kho riêng) — dữ liệu chạy thử,
717916,06101831-A,491,40435,40435,,,2026-09-02,,Suy từ PIECES của WORK ORDER (AVP_AI không có sổ nhận kho riêng) — dữ liệu chạy thử,
717932,11549169-MY-AK,177,26285,26285,,,2026-09-14,,Suy từ PIECES của WORK ORDER (AVP_AI không có sổ nhận kho riêng) — dữ liệu chạy thử,
717933,11549169-MY-AK,808,22081,22081,,,2026-09-14,,Suy từ PIECES của WORK ORDER (AVP_AI không có sổ nhận kho riêng) — dữ liệu chạy thử,
717934,11549169-MY-AK,21,24862,24862,,,2026-09-14,,Suy từ PIECES của WORK ORDER (AVP_AI không có sổ nhận kho riêng) — dữ liệu chạy thử,
717935,11549169-MY-AK,1539,23715,23715,,,2026-09-14,,Suy từ PIECES của WORK ORDER (AVP_AI không có sổ nhận kho riêng) — dữ liệu chạy thử,
717936,11549169-MY-AK,1548,26369,26369,,,2026-09-14,,Suy từ PIECES của WORK ORDER (AVP_AI không có sổ nhận kho riêng) — dữ liệu chạy thử,
717937,11549169-MY-AK,1801,23439,23439,,,2026-09-14,,Suy từ PIECES của WORK ORDER (AVP_AI không có sổ nhận kho riêng) — dữ liệu chạy thử,
717938,11549169-MY-AK,281,24989,24989,,,2026-09-14,,Suy từ PIECES của WORK ORDER (AVP_AI không có sổ nhận kho riêng) — dữ liệu chạy thử,
717939,11549169-MY-AK,710,23928,23928,,,2026-09-14,,Suy từ PIECES của WORK ORDER (AVP_AI không có sổ nhận kho riêng) — dữ liệu chạy thử,
717940,11549169-MY-AK,604,25796,25796,,,2026-09-14,,Suy từ PIECES của WORK ORDER (AVP_AI không có sổ nhận kho riêng) — dữ liệu chạy thử,
717941,11549169-MY-AK,833,23079,23079,,,2026-09-14,,Suy từ PIECES của WORK ORDER (AVP_AI không có sổ nhận kho riêng) — dữ liệu chạy thử,
717956,11549204,223,8000,8000,,,2026-09-10,,Suy từ PIECES của WORK ORDER (AVP_AI không có sổ nhận kho riêng) — dữ liệu chạy thử,
717957,11549204,609,8000,8000,,,2026-09-10,,Suy từ PIECES của WORK ORDER (AVP_AI không có sổ nhận kho riêng) — dữ liệu chạy thử,
717958,11549204,1394,8000,8000,,,2026-09-10,,Suy từ PIECES của WORK ORDER (AVP_AI không có sổ nhận kho riêng) — dữ liệu chạy thử,
717959,11549204,1303,8000,8000,,,2026-09-10,,Suy từ PIECES của WORK ORDER (AVP_AI không có sổ nhận kho riêng) — dữ liệu chạy thử,
717962,11549204,510,8000,8000,,,2026-09-10,,Suy từ PIECES của WORK ORDER (AVP_AI không có sổ nhận kho riêng) — dữ liệu chạy thử,
717963,11549204,400,8000,8000,,,2026-09-10,,Suy từ PIECES của WORK ORDER (AVP_AI không có sổ nhận kho riêng) — dữ liệu chạy thử,
717966,11549204,544,8000,8000,,,2026-09-10,,Suy từ PIECES của WORK ORDER (AVP_AI không có sổ nhận kho riêng) — dữ liệu chạy thử,
717967,11549204,971,8000,8000,,,2026-09-10,,Suy từ PIECES của WORK ORDER (AVP_AI không có sổ nhận kho riêng) — dữ liệu chạy thử,
717968,06101831-A,668,34565,34565,,,2026-09-02,,Suy từ PIECES của WORK ORDER (AVP_AI không có sổ nhận kho riêng) — dữ liệu chạy thử,
717969,NU5108-00,7,67000,67000,,,2026-08-31,,Suy từ PIECES của WORK ORDER (AVP_AI không có sổ nhận kho riêng) — dữ liệu chạy thử,
717970,NU5108-00,51,68000,68000,,,2026-08-31,,Suy từ PIECES của WORK ORDER (AVP_AI không có sổ nhận kho riêng) — dữ liệu chạy thử,
717975,W20203-S440-PA,KIB,60000,60000,,,2026-09-02,,Suy từ PIECES của WORK ORDER (AVP_AI không có sổ nhận kho riêng) — dữ liệu chạy thử,
717976,W20203-S440-PA,KIB,60000,60000,,,2026-09-02,,Suy từ PIECES của WORK ORDER (AVP_AI không có sổ nhận kho riêng) — dữ liệu chạy thử,
717977,W705606-S440,KIB,35000,35000,,,2026-08-27,,Suy từ PIECES của WORK ORDER (AVP_AI không có sổ nhận kho riêng) — dữ liệu chạy thử,
717979,W705606-S440,KIB,35000,35000,,,2026-08-27,,Suy từ PIECES của WORK ORDER (AVP_AI không có sổ nhận kho riêng) — dữ liệu chạy thử,
717981,11604000,KIB,43000,43000,,,2026-08-26,,Suy từ PIECES của WORK ORDER (AVP_AI không có sổ nhận kho riêng) — dữ liệu chạy thử,
717982,11604000,KIB,43000,43000,,,2026-08-26,,Suy từ PIECES của WORK ORDER (AVP_AI không có sổ nhận kho riêng) — dữ liệu chạy thử,
717983,11604000,KIB,27800,27800,,,2026-08-26,,Suy từ PIECES của WORK ORDER (AVP_AI không có sổ nhận kho riêng) — dữ liệu chạy thử,
717984,11604000,KIB,27800,27800,,,2026-08-26,,Suy từ PIECES của WORK ORDER (AVP_AI không có sổ nhận kho riêng) — dữ liệu chạy thử,
717985,W520203-S450B,KIB,50000,50000,,,2026-09-02,,Suy từ PIECES của WORK ORDER (AVP_AI không có sổ nhận kho riêng) — dữ liệu chạy thử,
717986,W520203-S450B,KIB,50000,50000,,,2026-09-02,,Suy từ PIECES của WORK ORDER (AVP_AI không có sổ nhận kho riêng) — dữ liệu chạy thử,
717987,11518428,KIB,61000,61000,,,2026-09-02,,Suy từ PIECES của WORK ORDER (AVP_AI không có sổ nhận kho riêng) — dữ liệu chạy thử,
717988,11518428,KIB,61000,61000,,,2026-09-02,,Suy từ PIECES của WORK ORDER (AVP_AI không có sổ nhận kho riêng) — dữ liệu chạy thử,
718007,11546437-MY-AK,166,82308,82308,,,2026-09-08,,Suy từ PIECES của WORK ORDER (AVP_AI không có sổ nhận kho riêng) — dữ liệu chạy thử,
718008,11546437-MY-AK,598,88468,88468,,,2026-09-08,,Suy từ PIECES của WORK ORDER (AVP_AI không có sổ nhận kho riêng) — dữ liệu chạy thử,
718009,11546437-MY-AK,1568,93077,93077,,,2026-09-08,,Suy từ PIECES của WORK ORDER (AVP_AI không có sổ nhận kho riêng) — dữ liệu chạy thử,
718010,11546437-MY-AK,182,76154,76154,,,2026-09-08,,Suy từ PIECES của WORK ORDER (AVP_AI không có sổ nhận kho riêng) — dữ liệu chạy thử,
718011,11546437-MY-AK,1812,89769,89769,,,2026-09-08,,Suy từ PIECES của WORK ORDER (AVP_AI không có sổ nhận kho riêng) — dữ liệu chạy thử,
718012,11546437-MY-AK,16,81000,81000,,,2026-09-08,,Suy từ PIECES của WORK ORDER (AVP_AI không có sổ nhận kho riêng) — dữ liệu chạy thử,
718013,11546437-MY-AK,1585,83538,83538,,,2026-09-08,,Suy từ PIECES của WORK ORDER (AVP_AI không có sổ nhận kho riêng) — dữ liệu chạy thử,
718014,11546437-MY-AK,448,86846,86846,,,2026-09-08,,Suy từ PIECES của WORK ORDER (AVP_AI không có sổ nhận kho riêng) — dữ liệu chạy thử,
718015,11546437-MY-AK,941,83077,83077,,,2026-09-08,,Suy từ PIECES của WORK ORDER (AVP_AI không có sổ nhận kho riêng) — dữ liệu chạy thử,
718016,11546437-MY-AK,276,85154,85154,,,2026-09-08,,Suy từ PIECES của WORK ORDER (AVP_AI không có sổ nhận kho riêng) — dữ liệu chạy thử,
718017,11546437-MY-AK,831,84615,84615,,,2026-09-08,,Suy từ PIECES của WORK ORDER (AVP_AI không có sổ nhận kho riêng) — dữ liệu chạy thử,
718018,11546437-MY-AK,519,84077,84077,,,2026-09-08,,Suy từ PIECES của WORK ORDER (AVP_AI không có sổ nhận kho riêng) — dữ liệu chạy thử,
718037,11546389-T,54,120779,120779,,,2026-09-08,,Suy từ PIECES của WORK ORDER (AVP_AI không có sổ nhận kho riêng) — dữ liệu chạy thử,
718038,11546389-T,291,120000,120000,,,2026-09-08,,Suy từ PIECES của WORK ORDER (AVP_AI không có sổ nhận kho riêng) — dữ liệu chạy thử,
718039,11546389-T,693,142338,142338,,,2026-09-08,,Suy từ PIECES của WORK ORDER (AVP_AI không có sổ nhận kho riêng) — dữ liệu chạy thử,
718040,11546389-T,738,98831,98831,,,2026-09-08,,Suy từ PIECES của WORK ORDER (AVP_AI không có sổ nhận kho riêng) — dữ liệu chạy thử,
718045,W711953-S900-A,409,64545,64545,,,2026-09-09,,Suy từ PIECES của WORK ORDER (AVP_AI không có sổ nhận kho riêng) — dữ liệu chạy thử,
718046,W711953-S900-A,846,59221,59221,,,2026-09-09,,Suy từ PIECES của WORK ORDER (AVP_AI không có sổ nhận kho riêng) — dữ liệu chạy thử,
718047,11546566-HT,523,52611,52611,,,2026-09-09,,Suy từ PIECES của WORK ORDER (AVP_AI không có sổ nhận kho riêng) — dữ liệu chạy thử,
718048,11546566-HT,1710,42500,42500,,,2026-09-09,,Suy từ PIECES của WORK ORDER (AVP_AI không có sổ nhận kho riêng) — dữ liệu chạy thử,
718049,11546566-HT,725,51000,51000,,,2026-09-09,,Suy từ PIECES của WORK ORDER (AVP_AI không có sổ nhận kho riêng) — dữ liệu chạy thử,
718051,W711953-S900-A,591,69805,69805,,,2026-09-11,,Suy từ PIECES của WORK ORDER (AVP_AI không có sổ nhận kho riêng) — dữ liệu chạy thử,
718052,W711953-S900-A,597,58831,58831,,,2026-09-09,,Suy từ PIECES của WORK ORDER (AVP_AI không có sổ nhận kho riêng) — dữ liệu chạy thử,
718053,W711953-S900-A,1502,72208,72208,,,2026-09-11,,Suy từ PIECES của WORK ORDER (AVP_AI không có sổ nhận kho riêng) — dữ liệu chạy thử,
718054,W711953-S900-A,1591,58052,58052,,,2026-09-11,,Suy từ PIECES của WORK ORDER (AVP_AI không có sổ nhận kho riêng) — dữ liệu chạy thử,
718055,W711953-S900-A,1850,66818,66818,,,2026-09-09,,Suy từ PIECES của WORK ORDER (AVP_AI không có sổ nhận kho riêng) — dữ liệu chạy thử,
718056,W711953-S900-A,1406,66688,66688,,,2026-09-11,,Suy từ PIECES của WORK ORDER (AVP_AI không có sổ nhận kho riêng) — dữ liệu chạy thử,
718057,11561645-HT,303,106234,106234,,,2026-09-09,,Suy từ PIECES của WORK ORDER (AVP_AI không có sổ nhận kho riêng) — dữ liệu chạy thử,
718058,11561645-HT,37,134286,134286,,,2026-09-09,,Suy từ PIECES của WORK ORDER (AVP_AI không có sổ nhận kho riêng) — dữ liệu chạy thử,
718059,11561645-HT,1818,104935,104935,,,2026-09-08,,Suy từ PIECES của WORK ORDER (AVP_AI không có sổ nhận kho riêng) — dữ liệu chạy thử,
718060,11561645-HT,1541,92857,92857,,,2026-09-08,,Suy từ PIECES của WORK ORDER (AVP_AI không có sổ nhận kho riêng) — dữ liệu chạy thử,
718061,06508200AA-HT,729,13317,13317,,,2026-09-09,,Suy từ PIECES của WORK ORDER (AVP_AI không có sổ nhận kho riêng) — dữ liệu chạy thử,
718062,06508200AA-HT,1384,15625,15625,,,2026-09-09,,Suy từ PIECES của WORK ORDER (AVP_AI không có sổ nhận kho riêng) — dữ liệu chạy thử,
718063,7151143403-L,86,50059,50059,,,2026-09-11,,Suy từ PIECES của WORK ORDER (AVP_AI không có sổ nhận kho riêng) — dữ liệu chạy thử,
718064,7151143403-L,1021,46036,46036,,,2026-09-11,,Suy từ PIECES của WORK ORDER (AVP_AI không có sổ nhận kho riêng) — dữ liệu chạy thử,
718065,06512278AA-L,699,61438,61438,,,2026-09-11,,Suy từ PIECES của WORK ORDER (AVP_AI không có sổ nhận kho riêng) — dữ liệu chạy thử,
718067,1K2GZ0-00-A,200,104062,104062,,,2026-09-08,,Suy từ PIECES của WORK ORDER (AVP_AI không có sổ nhận kho riêng) — dữ liệu chạy thử,
718068,1K2GZ0-00-A,215,101719,101719,,,2026-09-08,,Suy từ PIECES của WORK ORDER (AVP_AI không có sổ nhận kho riêng) — dữ liệu chạy thử,
718069,11602292-A,1647,22557,22557,,,2026-09-09,,Suy từ PIECES của WORK ORDER (AVP_AI không có sổ nhận kho riêng) — dữ liệu chạy thử,
718070,11602292-A,1520,22816,22816,,,2026-09-09,,Suy từ PIECES của WORK ORDER (AVP_AI không có sổ nhận kho riêng) — dữ liệu chạy thử,
718071,11602292-A,803,17573,17573,,,2026-09-09,,Suy từ PIECES của WORK ORDER (AVP_AI không có sổ nhận kho riêng) — dữ liệu chạy thử,
718073,11546367-MY-AK,1063,25269,25269,,,2026-09-10,,Suy từ PIECES của WORK ORDER (AVP_AI không có sổ nhận kho riêng) — dữ liệu chạy thử,
718074,11546367-MY-AK,1775,24731,24731,,,2026-09-10,,Suy từ PIECES của WORK ORDER (AVP_AI không có sổ nhận kho riêng) — dữ liệu chạy thử,
718075,11546367-MY-AK,490,25032,25032,,,2026-09-10,,Suy từ PIECES của WORK ORDER (AVP_AI không có sổ nhận kho riêng) — dữ liệu chạy thử,
718076,11546367-MY-AK,1056,24645,24645,,,2026-09-10,,Suy từ PIECES của WORK ORDER (AVP_AI không có sổ nhận kho riêng) — dữ liệu chạy thử,
718077,11546367-MY-AK,309,9935,9935,,,2026-09-10,,Suy từ PIECES của WORK ORDER (AVP_AI không có sổ nhận kho riêng) — dữ liệu chạy thử,
718087,W20-1028-012,274,35868,35868,,,2026-09-11,,Suy từ PIECES của WORK ORDER (AVP_AI không có sổ nhận kho riêng) — dữ liệu chạy thử,
718088,W20-1028-012,1059,32177,32177,,,2026-09-11,,Suy từ PIECES của WORK ORDER (AVP_AI không có sổ nhận kho riêng) — dữ liệu chạy thử,
718089,W20-1028-012,605,35868,35868,,,2026-09-11,,Suy từ PIECES của WORK ORDER (AVP_AI không có sổ nhận kho riêng) — dữ liệu chạy thử,
718090,W20-1028-012,625,32965,32965,,,2026-09-11,,Suy từ PIECES của WORK ORDER (AVP_AI không có sổ nhận kho riêng) — dữ liệu chạy thử,
718095,W20-1028-012,1702,34227,34227,,,2026-09-11,,Suy từ PIECES của WORK ORDER (AVP_AI không có sổ nhận kho riêng) — dữ liệu chạy thử,
718096,W20-1028-012,770,33344,33344,,,2026-09-11,,Suy từ PIECES của WORK ORDER (AVP_AI không có sổ nhận kho riêng) — dữ liệu chạy thử,
718097,NU1405-00,1411,77987,77987,,,2026-08-31,,Suy từ PIECES của WORK ORDER (AVP_AI không có sổ nhận kho riêng) — dữ liệu chạy thử,
718098,NU1405-00,1000,73052,73052,,,2026-08-31,,Suy từ PIECES của WORK ORDER (AVP_AI không có sổ nhận kho riêng) — dữ liệu chạy thử,
718099,NU1405-00,1564,81948,81948,,,2026-08-31,,Suy từ PIECES của WORK ORDER (AVP_AI không có sổ nhận kho riêng) — dữ liệu chạy thử,
718100,NU1405-00,928,67987,67987,,,2026-08-31,,Suy từ PIECES của WORK ORDER (AVP_AI không có sổ nhận kho riêng) — dữ liệu chạy thử,
718101,NU1405-00,626,76104,76104,,,2026-08-31,,Suy từ PIECES của WORK ORDER (AVP_AI không có sổ nhận kho riêng) — dữ liệu chạy thử,
718102,NU1405-00,940,74805,74805,,,2026-08-31,,Suy từ PIECES của WORK ORDER (AVP_AI không có sổ nhận kho riêng) — dữ liệu chạy thử,
718107,06104725AA,1087,103302,103302,,,2026-09-15,,Suy từ PIECES của WORK ORDER (AVP_AI không có sổ nhận kho riêng) — dữ liệu chạy thử,
718120,11546377-PH-RO,1343,54091,54091,,,2026-09-02,,Suy từ PIECES của WORK ORDER (AVP_AI không có sổ nhận kho riêng) — dữ liệu chạy thử,
718121,11546377-PH-RO,186,72078,72078,,,2026-09-02,,Suy từ PIECES của WORK ORDER (AVP_AI không có sổ nhận kho riêng) — dữ liệu chạy thử,
718123,11546377-PH-RO,1528,65714,65714,,,2026-09-02,,Suy từ PIECES của WORK ORDER (AVP_AI không có sổ nhận kho riêng) — dữ liệu chạy thử,
718124,11546377-PH-RO,1011,63766,63766,,,2026-09-02,,Suy từ PIECES của WORK ORDER (AVP_AI không có sổ nhận kho riêng) — dữ liệu chạy thử,
718131,11546377,1363,66558,66558,,,2026-09-02,,Suy từ PIECES của WORK ORDER (AVP_AI không có sổ nhận kho riêng) — dữ liệu chạy thử,
718132,11546377,1526,70065,70065,,,2026-09-02,,Suy từ PIECES của WORK ORDER (AVP_AI không có sổ nhận kho riêng) — dữ liệu chạy thử,
718133,11546377,1773,78701,78701,,,2026-09-02,,Suy từ PIECES của WORK ORDER (AVP_AI không có sổ nhận kho riêng) — dữ liệu chạy thử,
718134,11546377,85,57987,57987,,,2026-09-02,,Suy từ PIECES của WORK ORDER (AVP_AI không có sổ nhận kho riêng) — dữ liệu chạy thử,
718135,11546377,798,66818,66818,,,2026-09-02,,Suy từ PIECES của WORK ORDER (AVP_AI không có sổ nhận kho riêng) — dữ liệu chạy thử,
718136,11546377,1544,69610,69610,,,2026-09-02,,Suy từ PIECES của WORK ORDER (AVP_AI không có sổ nhận kho riêng) — dữ liệu chạy thử,
718137,11546377,148,65195,65195,,,2026-09-02,,Suy từ PIECES của WORK ORDER (AVP_AI không có sổ nhận kho riêng) — dữ liệu chạy thử,
718138,11546377,1668,70065,70065,,,2026-09-02,,Suy từ PIECES của WORK ORDER (AVP_AI không có sổ nhận kho riêng) — dữ liệu chạy thử,
718139,11546377,1836,73377,73377,,,2026-09-02,,Suy từ PIECES của WORK ORDER (AVP_AI không có sổ nhận kho riêng) — dữ liệu chạy thử,
718140,11546377,401,64740,64740,,,2026-09-02,,Suy từ PIECES của WORK ORDER (AVP_AI không có sổ nhận kho riêng) — dữ liệu chạy thử,
718141,11546377,1551,69740,69740,,,2026-09-02,,Suy từ PIECES của WORK ORDER (AVP_AI không có sổ nhận kho riêng) — dữ liệu chạy thử,
718142,11546377,473,67792,67792,,,2026-09-02,,Suy từ PIECES của WORK ORDER (AVP_AI không có sổ nhận kho riêng) — dữ liệu chạy thử,
718155,06509967AA,KIB,40000,40000,,,2026-09-08,,Suy từ PIECES của WORK ORDER (AVP_AI không có sổ nhận kho riêng) — dữ liệu chạy thử,
718156,06509967AA,KIB,40000,40000,,,2026-09-08,,Suy từ PIECES của WORK ORDER (AVP_AI không có sổ nhận kho riêng) — dữ liệu chạy thử,
718161,11612078,BOX,72000,72000,,,2026-08-26,,Suy từ PIECES của WORK ORDER (AVP_AI không có sổ nhận kho riêng) — dữ liệu chạy thử,
718190,06101831-A,254,42790,42790,,,2026-09-15,,Suy từ PIECES của WORK ORDER (AVP_AI không có sổ nhận kho riêng) — dữ liệu chạy thử,
718191,06101831-A,23,37790,37790,,,2026-09-15,,Suy từ PIECES của WORK ORDER (AVP_AI không có sổ nhận kho riêng) — dữ liệu chạy thử,
718192,06101831-A,343,38188,38188,,,2026-09-15,,Suy từ PIECES của WORK ORDER (AVP_AI không có sổ nhận kho riêng) — dữ liệu chạy thử,
718194,06101831-A,228,30725,30725,,,2026-09-15,,Suy từ PIECES của WORK ORDER (AVP_AI không có sổ nhận kho riêng) — dữ liệu chạy thử,
718195,06101831-A,502,28225,28225,,,2026-09-15,,Suy từ PIECES của WORK ORDER (AVP_AI không có sổ nhận kho riêng) — dữ liệu chạy thử,
718196,06101831-A,49,27355,27355,,,2026-09-15,,Suy từ PIECES của WORK ORDER (AVP_AI không có sổ nhận kho riêng) — dữ liệu chạy thử,
718197,06101831-A,424,31957,31957,,,2026-09-15,,Suy từ PIECES của WORK ORDER (AVP_AI không có sổ nhận kho riêng) — dữ liệu chạy thử,
718200,06101831-A,944,37536,37536,,,2026-09-15,,Suy từ PIECES của WORK ORDER (AVP_AI không có sổ nhận kho riêng) — dữ liệu chạy thử,
718201,06101831-A,787,41522,41522,,,2026-09-15,,Suy từ PIECES của WORK ORDER (AVP_AI không có sổ nhận kho riêng) — dữ liệu chạy thử,
718202,11546449-A,1366,97203,97203,,,2026-09-14,,Suy từ PIECES của WORK ORDER (AVP_AI không có sổ nhận kho riêng) — dữ liệu chạy thử,
718203,11546449-A,1645,78136,78136,,,2026-09-14,,Suy từ PIECES của WORK ORDER (AVP_AI không có sổ nhận kho riêng) — dữ liệu chạy thử,
718204,11546449-A,67,94068,94068,,,2026-09-14,,Suy từ PIECES của WORK ORDER (AVP_AI không có sổ nhận kho riêng) — dữ liệu chạy thử,
718205,11546449-A,67,81695,81695,,,2026-09-14,,Suy từ PIECES của WORK ORDER (AVP_AI không có sổ nhận kho riêng) — dữ liệu chạy thử,
718206,11546449-A,1429,91864,91864,,,2026-09-14,,Suy từ PIECES của WORK ORDER (AVP_AI không có sổ nhận kho riêng) — dữ liệu chạy thử,
718207,11546449-A,1834,87712,87712,,,2026-09-14,,Suy từ PIECES của WORK ORDER (AVP_AI không có sổ nhận kho riêng) — dữ liệu chạy thử,
718208,11546449-A,914,78814,78814,,,2026-09-14,,Suy từ PIECES của WORK ORDER (AVP_AI không có sổ nhận kho riêng) — dữ liệu chạy thử,
718209,11546449-A,980,95593,95593,,,2026-09-14,,Suy từ PIECES của WORK ORDER (AVP_AI không có sổ nhận kho riêng) — dữ liệu chạy thử,
718215,11546449-A,520,85593,85593,,,2026-09-14,,Suy từ PIECES của WORK ORDER (AVP_AI không có sổ nhận kho riêng) — dữ liệu chạy thử,
718216,11546449-A,1300,87627,87627,,,2026-09-14,,Suy từ PIECES của WORK ORDER (AVP_AI không có sổ nhận kho riêng) — dữ liệu chạy thử,
718217,11546449-A,149,90678,90678,,,2026-09-14,,Suy từ PIECES của WORK ORDER (AVP_AI không có sổ nhận kho riêng) — dữ liệu chạy thử,
718218,11546449-A,643,89237,89237,,,2026-09-14,,Suy từ PIECES của WORK ORDER (AVP_AI không có sổ nhận kho riêng) — dữ liệu chạy thử,
718219,11546449-A,1447,87966,87966,,,2026-09-14,,Suy từ PIECES của WORK ORDER (AVP_AI không có sổ nhận kho riêng) — dữ liệu chạy thử,
718220,11546449-A,580,43305,43305,,,2026-09-14,,Suy từ PIECES của WORK ORDER (AVP_AI không có sổ nhận kho riêng) — dữ liệu chạy thử,
718222,11546462,704,21825,21825,,,2026-09-04,,Suy từ PIECES của WORK ORDER (AVP_AI không có sổ nhận kho riêng) — dữ liệu chạy thử,
718223,11546462,1758,24750,24750,,,2026-09-04,,Suy từ PIECES của WORK ORDER (AVP_AI không có sổ nhận kho riêng) — dữ liệu chạy thử,
718224,11546462,1316,21000,21000,,,2026-09-04,,Suy từ PIECES của WORK ORDER (AVP_AI không có sổ nhận kho riêng) — dữ liệu chạy thử,
718225,11546462,847,24575,24575,,,2026-09-04,,Suy từ PIECES của WORK ORDER (AVP_AI không có sổ nhận kho riêng) — dữ liệu chạy thử,
718226,11546462,93,18825,18825,,,2026-09-04,,Suy từ PIECES của WORK ORDER (AVP_AI không có sổ nhận kho riêng) — dữ liệu chạy thử,
718227,11546462,1619,26025,26025,,,2026-09-04,,Suy từ PIECES của WORK ORDER (AVP_AI không có sổ nhận kho riêng) — dữ liệu chạy thử,
718228,11546462,1436,22375,22375,,,2026-09-04,,Suy từ PIECES của WORK ORDER (AVP_AI không có sổ nhận kho riêng) — dữ liệu chạy thử,
718229,11546462,455,22650,22650,,,2026-09-04,,Suy từ PIECES của WORK ORDER (AVP_AI không có sổ nhận kho riêng) — dữ liệu chạy thử,
718230,11546545,224,87000,87000,,,2026-09-04,,Suy từ PIECES của WORK ORDER (AVP_AI không có sổ nhận kho riêng) — dữ liệu chạy thử,
718231,11546545,264,91750,91750,,,2026-09-04,,Suy từ PIECES của WORK ORDER (AVP_AI không có sổ nhận kho riêng) — dữ liệu chạy thử,
718232,11546545,495,93833,93833,,,2026-09-04,,Suy từ PIECES của WORK ORDER (AVP_AI không có sổ nhận kho riêng) — dữ liệu chạy thử,
718233,11546545,585,85667,85667,,,2026-09-04,,Suy từ PIECES của WORK ORDER (AVP_AI không có sổ nhận kho riêng) — dữ liệu chạy thử,
718234,11546545,1439,95667,95667,,,2026-09-04,,Suy từ PIECES của WORK ORDER (AVP_AI không có sổ nhận kho riêng) — dữ liệu chạy thử,
718235,11546545,793,83083,83083,,,2026-09-04,,Suy từ PIECES của WORK ORDER (AVP_AI không có sổ nhận kho riêng) — dữ liệu chạy thử,
718236,11546545,176,83667,83667,,,2026-09-04,,Suy từ PIECES của WORK ORDER (AVP_AI không có sổ nhận kho riêng) — dữ liệu chạy thử,
718237,11546545,129,85250,85250,,,2026-09-04,,Suy từ PIECES của WORK ORDER (AVP_AI không có sổ nhận kho riêng) — dữ liệu chạy thử,
718238,11546545,790,82250,82250,,,2026-09-04,,Suy từ PIECES của WORK ORDER (AVP_AI không có sổ nhận kho riêng) — dữ liệu chạy thử,
718239,11546545,1033,98833,98833,,,2026-09-04,,Suy từ PIECES của WORK ORDER (AVP_AI không có sổ nhận kho riêng) — dữ liệu chạy thử,
718280,06512278AA-L,1638,64062,64062,,,2026-09-11,,Suy từ PIECES của WORK ORDER (AVP_AI không có sổ nhận kho riêng) — dữ liệu chạy thử,
718326,NU5108-00-T,35,70000,70000,,,2026-09-10,,Suy từ PIECES của WORK ORDER (AVP_AI không có sổ nhận kho riêng) — dữ liệu chạy thử,
718327,NU5108-00-T,317,65000,65000,,,2026-09-10,,Suy từ PIECES của WORK ORDER (AVP_AI không có sổ nhận kho riêng) — dữ liệu chạy thử,
718328,NU5108-00-T,1543,65000,65000,,,2026-09-10,,Suy từ PIECES của WORK ORDER (AVP_AI không có sổ nhận kho riêng) — dữ liệu chạy thử,
718330,NU5108-00-T,26,68000,68000,,,2026-09-10,,Suy từ PIECES của WORK ORDER (AVP_AI không có sổ nhận kho riêng) — dữ liệu chạy thử,
718331,NU5108-00-T,101,68000,68000,,,2026-09-10,,Suy từ PIECES của WORK ORDER (AVP_AI không có sổ nhận kho riêng) — dữ liệu chạy thử,
718433,06511847AA,84,25219,25219,,,2026-09-14,,Suy từ PIECES của WORK ORDER (AVP_AI không có sổ nhận kho riêng) — dữ liệu chạy thử,
718434,06511847AA,1838,24627,24627,,,2026-09-14,,Suy từ PIECES của WORK ORDER (AVP_AI không có sổ nhận kho riêng) — dữ liệu chạy thử,
718437,06104388AA,371,14891,14891,,,2026-09-08,,Suy từ PIECES của WORK ORDER (AVP_AI không có sổ nhận kho riêng) — dữ liệu chạy thử,
718438,06104388AA,890,14843,14843,,,2026-09-08,,Suy từ PIECES của WORK ORDER (AVP_AI không có sổ nhận kho riêng) — dữ liệu chạy thử,
718439,06104388AA,923,22349,22349,,,2026-09-08,,Suy từ PIECES của WORK ORDER (AVP_AI không có sổ nhận kho riêng) — dữ liệu chạy thử,
718440,06104388AA,126,17603,17603,,,2026-09-08,,Suy từ PIECES của WORK ORDER (AVP_AI không có sổ nhận kho riêng) — dữ liệu chạy thử,
718441,06513555AA,1397,9676,9676,,,2026-09-08,,Suy từ PIECES của WORK ORDER (AVP_AI không có sổ nhận kho riêng) — dữ liệu chạy thử,
718442,06513555AA,587,10103,10103,,,2026-09-08,,Suy từ PIECES của WORK ORDER (AVP_AI không có sổ nhận kho riêng) — dữ liệu chạy thử,
718443,06511834AA,464,2912,2912,,,2026-09-14,,Suy từ PIECES của WORK ORDER (AVP_AI không có sổ nhận kho riêng) — dữ liệu chạy thử,
718444,06511834AA,546,2512,2512,,,2026-09-14,,Suy từ PIECES của WORK ORDER (AVP_AI không có sổ nhận kho riêng) — dữ liệu chạy thử,
718445,06511834AA,1328,2878,2878,,,2026-09-14,,Suy từ PIECES của WORK ORDER (AVP_AI không có sổ nhận kho riêng) — dữ liệu chạy thử,
718446,06511834AA,1354,2788,2788,,,2026-09-14,,Suy từ PIECES của WORK ORDER (AVP_AI không có sổ nhận kho riêng) — dữ liệu chạy thử,
718511,06509967AA,KIB,40000,40000,,,2026-09-08,,Suy từ PIECES của WORK ORDER (AVP_AI không có sổ nhận kho riêng) — dữ liệu chạy thử,
718512,06509967AA,KIB,40000,40000,,,2026-09-08,,Suy từ PIECES của WORK ORDER (AVP_AI không có sổ nhận kho riêng) — dữ liệu chạy thử,
718513,06509967AA,KIB,40000,40000,,,2026-09-08,,Suy từ PIECES của WORK ORDER (AVP_AI không có sổ nhận kho riêng) — dữ liệu chạy thử,
718514,06509967AA,KIB,40000,40000,,,2026-09-08,,Suy từ PIECES của WORK ORDER (AVP_AI không có sổ nhận kho riêng) — dữ liệu chạy thử,
718519,06509967AA,KIB,40000,40000,,,2026-09-08,,Suy từ PIECES của WORK ORDER (AVP_AI không có sổ nhận kho riêng) — dữ liệu chạy thử,
718520,06509967AA,KIB,40000,40000,,,2026-09-08,,Suy từ PIECES của WORK ORDER (AVP_AI không có sổ nhận kho riêng) — dữ liệu chạy thử,
718575,06100050-A,1067,54681,54681,,,2026-09-15,,Suy từ PIECES của WORK ORDER (AVP_AI không có sổ nhận kho riêng) — dữ liệu chạy thử,
718615,11549058-A,983,85678,85678,,,2026-09-15,,Suy từ PIECES của WORK ORDER (AVP_AI không có sổ nhận kho riêng) — dữ liệu chạy thử,
718616,11546449,1621,87542,87542,,,2026-09-15,,Suy từ PIECES của WORK ORDER (AVP_AI không có sổ nhận kho riêng) — dữ liệu chạy thử,
718617,11602326-HT,1653,4800,4800,,,2026-09-10,,Suy từ PIECES của WORK ORDER (AVP_AI không có sổ nhận kho riêng) — dữ liệu chạy thử,
718618,11602326-HT,1844,4115,4115,,,2026-09-10,,Suy từ PIECES của WORK ORDER (AVP_AI không có sổ nhận kho riêng) — dữ liệu chạy thử,
718619,11602326-HT,784,4871,4871,,,2026-09-10,,Suy từ PIECES của WORK ORDER (AVP_AI không có sổ nhận kho riêng) — dữ liệu chạy thử,
718620,11602326-HT,1503,3952,3952,,,2026-09-10,,Suy từ PIECES của WORK ORDER (AVP_AI không có sổ nhận kho riêng) — dữ liệu chạy thử,
718621,11602326-HT,1626,4821,4821,,,2026-09-10,,Suy từ PIECES của WORK ORDER (AVP_AI không có sổ nhận kho riêng) — dữ liệu chạy thử,
718622,11602326-HT,1034,3932,3932,,,2026-09-10,,Suy từ PIECES của WORK ORDER (AVP_AI không có sổ nhận kho riêng) — dữ liệu chạy thử,
718623,11602326-HT,899,4100,4100,,,2026-09-10,,Suy từ PIECES của WORK ORDER (AVP_AI không có sổ nhận kho riêng) — dữ liệu chạy thử,
718624,11602326-HT,631,3900,3900,,,2026-09-10,,Suy từ PIECES của WORK ORDER (AVP_AI không có sổ nhận kho riêng) — dữ liệu chạy thử,
718632,06101831-A,1035,34710,34710,,,2026-09-15,,Suy từ PIECES của WORK ORDER (AVP_AI không có sổ nhận kho riêng) — dữ liệu chạy thử,
718639,11546462-A,946,24150,24150,,,2026-09-10,,Suy từ PIECES của WORK ORDER (AVP_AI không có sổ nhận kho riêng) — dữ liệu chạy thử,
718640,11546462-A,245,21525,21525,,,2026-09-10,,Suy từ PIECES của WORK ORDER (AVP_AI không có sổ nhận kho riêng) — dữ liệu chạy thử,
718641,11546462-A,1655,21700,21700,,,2026-09-10,,Suy từ PIECES của WORK ORDER (AVP_AI không có sổ nhận kho riêng) — dữ liệu chạy thử,
718642,11546462-A,99,24425,24425,,,2026-09-10,,Suy từ PIECES của WORK ORDER (AVP_AI không có sổ nhận kho riêng) — dữ liệu chạy thử,
718643,11546462-A,313,23175,23175,,,2026-09-10,,Suy từ PIECES của WORK ORDER (AVP_AI không có sổ nhận kho riêng) — dữ liệu chạy thử,
718644,11546462-A,727,22000,22000,,,2026-09-10,,Suy từ PIECES của WORK ORDER (AVP_AI không có sổ nhận kho riêng) — dữ liệu chạy thử,
718645,11546462-A,973,22875,22875,,,2026-09-10,,Suy từ PIECES của WORK ORDER (AVP_AI không có sổ nhận kho riêng) — dữ liệu chạy thử,
718646,11546462-A,83,23200,23200,,,2026-09-10,,Suy từ PIECES của WORK ORDER (AVP_AI không có sổ nhận kho riêng) — dữ liệu chạy thử,
718658,11548414,355,16713,16713,,,2026-09-11,,Suy từ PIECES của WORK ORDER (AVP_AI không có sổ nhận kho riêng) — dữ liệu chạy thử,
718659,11548414,449,18729,18729,,,2026-09-11,,Suy từ PIECES của WORK ORDER (AVP_AI không có sổ nhận kho riêng) — dữ liệu chạy thử,
718660,11548414,1767,15953,15953,,,2026-09-11,,Suy từ PIECES của WORK ORDER (AVP_AI không có sổ nhận kho riêng) — dữ liệu chạy thử,
718661,11548414,848,16295,16295,,,2026-09-11,,Suy từ PIECES của WORK ORDER (AVP_AI không có sổ nhận kho riêng) — dữ liệu chạy thử,
718662,11548414,868,17690,17690,,,2026-09-11,,Suy từ PIECES của WORK ORDER (AVP_AI không có sổ nhận kho riêng) — dữ liệu chạy thử,
718663,NU1510-00-T,1330,49000,49000,,,2026-09-10,,Suy từ PIECES của WORK ORDER (AVP_AI không có sổ nhận kho riêng) — dữ liệu chạy thử,
718664,NU1510-00-T,662,40000,40000,,,2026-09-10,,Suy từ PIECES của WORK ORDER (AVP_AI không có sổ nhận kho riêng) — dữ liệu chạy thử,
718665,NU1510-00-T,62,40000,40000,,,2026-09-10,,Suy từ PIECES của WORK ORDER (AVP_AI không có sổ nhận kho riêng) — dữ liệu chạy thử,
718666,NU1510-00-T,708,34000,34000,,,2026-09-10,,Suy từ PIECES của WORK ORDER (AVP_AI không có sổ nhận kho riêng) — dữ liệu chạy thử,
718671,11549204,966,8000,8000,,,2026-09-14,,Suy từ PIECES của WORK ORDER (AVP_AI không có sổ nhận kho riêng) — dữ liệu chạy thử,
718672,11549204,671,8000,8000,,,2026-09-14,,Suy từ PIECES của WORK ORDER (AVP_AI không có sổ nhận kho riêng) — dữ liệu chạy thử,
718674,11549204,1346,8000,8000,,,2026-09-14,,Suy từ PIECES của WORK ORDER (AVP_AI không có sổ nhận kho riêng) — dữ liệu chạy thử,
718721,11546593,785,22264,22264,,,2026-09-15,,Suy từ PIECES của WORK ORDER (AVP_AI không có sổ nhận kho riêng) — dữ liệu chạy thử,
718722,11546593,1720,22851,22851,,,2026-09-15,,Suy từ PIECES của WORK ORDER (AVP_AI không có sổ nhận kho riêng) — dữ liệu chạy thử,
718758,40109770-L,1302,7970,7970,,,2026-09-16,,Suy từ PIECES của WORK ORDER (AVP_AI không có sổ nhận kho riêng) — dữ liệu chạy thử,
718777,40073474-L,1773,5228,5228,,,2026-09-16,,Suy từ PIECES của WORK ORDER (AVP_AI không có sổ nhận kho riêng) — dữ liệu chạy thử,
718778,40073474-L,898,5067,5067,,,2026-09-16,,Suy từ PIECES của WORK ORDER (AVP_AI không có sổ nhận kho riêng) — dữ liệu chạy thử,
718779,40073474-L,1768,5362,5362,,,2026-09-16,,Suy từ PIECES của WORK ORDER (AVP_AI không có sổ nhận kho riêng) — dữ liệu chạy thử,
718780,40073474-L,85,4893,4893,,,2026-09-16,,Suy từ PIECES của WORK ORDER (AVP_AI không có sổ nhận kho riêng) — dữ liệu chạy thử,
718794,W705606-S440,KIB,40000,40000,,,2026-09-03,,Suy từ PIECES của WORK ORDER (AVP_AI không có sổ nhận kho riêng) — dữ liệu chạy thử,
718796,K1046AB,KIB,126000,126000,,,2026-09-03,,Suy từ PIECES của WORK ORDER (AVP_AI không có sổ nhận kho riêng) — dữ liệu chạy thử,
718797,K1046AB,KIB,126000,126000,,,2026-09-03,,Suy từ PIECES của WORK ORDER (AVP_AI không có sổ nhận kho riêng) — dữ liệu chạy thử,
718798,82250,KIB,45000,45000,,,2026-09-03,,Suy từ PIECES của WORK ORDER (AVP_AI không có sổ nhận kho riêng) — dữ liệu chạy thử,
718799,82250,KIB,45000,45000,,,2026-09-03,,Suy từ PIECES của WORK ORDER (AVP_AI không có sổ nhận kho riêng) — dữ liệu chạy thử,
718800,SL2404-00,KIB,6000,6000,,,2026-09-03,,Suy từ PIECES của WORK ORDER (AVP_AI không có sổ nhận kho riêng) — dữ liệu chạy thử,
718801,SL2404-00,KIB,6000,6000,,,2026-09-03,,Suy từ PIECES của WORK ORDER (AVP_AI không có sổ nhận kho riêng) — dữ liệu chạy thử,
718802,SL2404-00,KIB,6000,6000,,,2026-09-03,,Suy từ PIECES của WORK ORDER (AVP_AI không có sổ nhận kho riêng) — dữ liệu chạy thử,
718803,SL2404-00,KIB,6000,6000,,,2026-09-03,,Suy từ PIECES của WORK ORDER (AVP_AI không có sổ nhận kho riêng) — dữ liệu chạy thử,
718804,SL2404-00,KIB,6000,6000,,,2026-09-03,,Suy từ PIECES của WORK ORDER (AVP_AI không có sổ nhận kho riêng) — dữ liệu chạy thử,
718805,SL2404-00,KIB,6000,6000,,,2026-09-03,,Suy từ PIECES của WORK ORDER (AVP_AI không có sổ nhận kho riêng) — dữ liệu chạy thử,
718806,SL2404-00,KIB,6000,6000,,,2026-09-03,,Suy từ PIECES của WORK ORDER (AVP_AI không có sổ nhận kho riêng) — dữ liệu chạy thử,
718807,SL2404-00,KIB,6000,6000,,,2026-09-03,,Suy từ PIECES của WORK ORDER (AVP_AI không có sổ nhận kho riêng) — dữ liệu chạy thử,
718808,SL2404-00,KIB,6000,6000,,,2026-09-03,,Suy từ PIECES của WORK ORDER (AVP_AI không có sổ nhận kho riêng) — dữ liệu chạy thử,
718809,SL2404-00,KIB,6000,6000,,,2026-09-03,,Suy từ PIECES của WORK ORDER (AVP_AI không có sổ nhận kho riêng) — dữ liệu chạy thử,
718813,NU3019-00-L,1867,5953,5953,,,2026-09-15,,Suy từ PIECES của WORK ORDER (AVP_AI không có sổ nhận kho riêng) — dữ liệu chạy thử,
718814,NU3019-00-L,524,4885,4885,,,2026-09-15,,Suy từ PIECES của WORK ORDER (AVP_AI không có sổ nhận kho riêng) — dữ liệu chạy thử,
718815,NU3019-00-L,1869,5680,5680,,,2026-09-15,,Suy từ PIECES của WORK ORDER (AVP_AI không có sổ nhận kho riêng) — dữ liệu chạy thử,
718816,NU3019-00-L,1866,5733,5733,,,2026-09-15,,Suy từ PIECES của WORK ORDER (AVP_AI không có sổ nhận kho riêng) — dữ liệu chạy thử,
718819,NU3019-00-L,1871,5556,5556,,,2026-09-15,,Suy từ PIECES của WORK ORDER (AVP_AI không có sổ nhận kho riêng) — dữ liệu chạy thử,
718820,NU3019-00-L,1870,5623,5623,,,2026-09-15,,Suy từ PIECES của WORK ORDER (AVP_AI không có sổ nhận kho riêng) — dữ liệu chạy thử,
718821,NU3019-00-L,1862,5661,5661,,,2026-09-15,,Suy từ PIECES của WORK ORDER (AVP_AI không có sổ nhận kho riêng) — dữ liệu chạy thử,
718822,NU3019-00-L,1860,4722,4722,,,2026-09-15,,Suy từ PIECES của WORK ORDER (AVP_AI không có sổ nhận kho riêng) — dữ liệu chạy thử,
718853,NU1144-L,265,25159,25159,,,2026-09-10,,Suy từ PIECES của WORK ORDER (AVP_AI không có sổ nhận kho riêng) — dữ liệu chạy thử,
718854,NU1144-L,1685,23100,23100,,,2026-09-10,,Suy từ PIECES của WORK ORDER (AVP_AI không có sổ nhận kho riêng) — dữ liệu chạy thử,
718864,11546377-T,1105,55519,55519,,,2026-09-10,,Suy từ PIECES của WORK ORDER (AVP_AI không có sổ nhận kho riêng) — dữ liệu chạy thử,
718865,11546377-T,1345,76688,76688,,,2026-09-10,,Suy từ PIECES của WORK ORDER (AVP_AI không có sổ nhận kho riêng) — dữ liệu chạy thử,
718866,11546377-T,370,60130,60130,,,2026-09-10,,Suy từ PIECES của WORK ORDER (AVP_AI không có sổ nhận kho riêng) — dữ liệu chạy thử,
718870,22800396,1810,28789,28789,,,2026-09-15,,Suy từ PIECES của WORK ORDER (AVP_AI không có sổ nhận kho riêng) — dữ liệu chạy thử,
718871,11610126-HT,549,18071,18071,,,2026-09-15,,Suy từ PIECES của WORK ORDER (AVP_AI không có sổ nhận kho riêng) — dữ liệu chạy thử,
718872,11610126-HT,799,28701,28701,,,2026-09-15,,Suy từ PIECES của WORK ORDER (AVP_AI không có sổ nhận kho riêng) — dữ liệu chạy thử,
718882,11546389,1727,142468,142468,,,2026-09-14,,Suy từ PIECES của WORK ORDER (AVP_AI không có sổ nhận kho riêng) — dữ liệu chạy thử,
718888,11546389,1527,137013,137013,,,2026-09-14,,Suy từ PIECES của WORK ORDER (AVP_AI không có sổ nhận kho riêng) — dữ liệu chạy thử,
718889,11546389,104,107792,107792,,,2026-09-14,,Suy từ PIECES của WORK ORDER (AVP_AI không có sổ nhận kho riêng) — dữ liệu chạy thử,
718890,11546389,1684,115065,115065,,,2026-09-14,,Suy từ PIECES của WORK ORDER (AVP_AI không có sổ nhận kho riêng) — dữ liệu chạy thử,
718891,11546389,1783,127792,127792,,,2026-09-14,,Suy từ PIECES của WORK ORDER (AVP_AI không có sổ nhận kho riêng) — dữ liệu chạy thử,
718892,11546389,133,114416,114416,,,2026-09-14,,Suy từ PIECES của WORK ORDER (AVP_AI không có sổ nhận kho riêng) — dữ liệu chạy thử,
718893,11546389,1350,128442,128442,,,2026-09-14,,Suy từ PIECES của WORK ORDER (AVP_AI không có sổ nhận kho riêng) — dữ liệu chạy thử,
718894,11546389,1326,117273,117273,,,2026-09-14,,Suy từ PIECES của WORK ORDER (AVP_AI không có sổ nhận kho riêng) — dữ liệu chạy thử,
718895,11546389,1011,125455,125455,,,2026-09-14,,Suy từ PIECES của WORK ORDER (AVP_AI không có sổ nhận kho riêng) — dữ liệu chạy thử,
718897,11546389,206,119091,119091,,,2026-09-14,,Suy từ PIECES của WORK ORDER (AVP_AI không có sổ nhận kho riêng) — dữ liệu chạy thử,
718898,11546389,1641,127013,127013,,,2026-09-14,,Suy từ PIECES của WORK ORDER (AVP_AI không có sổ nhận kho riêng) — dữ liệu chạy thử,
718906,11602031,1859,4189,4189,,,2026-09-15,,Suy từ PIECES của WORK ORDER (AVP_AI không có sổ nhận kho riêng) — dữ liệu chạy thử,
718952,11546449,198,62712,62712,,,2026-09-15,,Suy từ PIECES của WORK ORDER (AVP_AI không có sổ nhận kho riêng) — dữ liệu chạy thử,
718955,11546449,935,90678,90678,,,2026-09-15,,Suy từ PIECES của WORK ORDER (AVP_AI không có sổ nhận kho riêng) — dữ liệu chạy thử,
718956,11546456-A,1836,73934,73934,,,2026-09-11,,Suy từ PIECES của WORK ORDER (AVP_AI không có sổ nhận kho riêng) — dữ liệu chạy thử,
718957,11546456-A,4,75820,75820,,,2026-09-11,,Suy từ PIECES của WORK ORDER (AVP_AI không có sổ nhận kho riêng) — dữ liệu chạy thử,
718958,11546456-A,1320,73770,73770,,,2026-09-11,,Suy từ PIECES của WORK ORDER (AVP_AI không có sổ nhận kho riêng) — dữ liệu chạy thử,
718959,11546456-A,1432,74262,74262,,,2026-09-11,,Suy từ PIECES của WORK ORDER (AVP_AI không có sổ nhận kho riêng) — dữ liệu chạy thử,
718960,11546456-A,426,70410,70410,,,2026-09-11,,Suy từ PIECES của WORK ORDER (AVP_AI không có sổ nhận kho riêng) — dữ liệu chạy thử,
718961,11546456-A,1357,77131,77131,,,2026-09-11,,Suy từ PIECES của WORK ORDER (AVP_AI không có sổ nhận kho riêng) — dữ liệu chạy thử,
718962,11546456-A,1601,67623,67623,,,2026-09-11,,Suy từ PIECES của WORK ORDER (AVP_AI không có sổ nhận kho riêng) — dữ liệu chạy thử,
718963,11546456-A,137,78115,78115,,,2026-09-11,,Suy từ PIECES của WORK ORDER (AVP_AI không có sổ nhận kho riêng) — dữ liệu chạy thử,
718964,06511834AA,1355,2445,2445,,,2026-09-14,,Suy từ PIECES của WORK ORDER (AVP_AI không có sổ nhận kho riêng) — dữ liệu chạy thử,
718965,06511834AA,389,3221,3221,,,2026-09-14,,Suy từ PIECES của WORK ORDER (AVP_AI không có sổ nhận kho riêng) — dữ liệu chạy thử,
718966,06511834AA,266,2452,2452,,,2026-09-14,,Suy từ PIECES của WORK ORDER (AVP_AI không có sổ nhận kho riêng) — dữ liệu chạy thử,
718967,06511834AA,791,3111,3111,,,2026-09-14,,Suy từ PIECES của WORK ORDER (AVP_AI không có sổ nhận kho riêng) — dữ liệu chạy thử,
718968,06511834AA,339,3146,3146,,,2026-09-14,,Suy từ PIECES của WORK ORDER (AVP_AI không có sổ nhận kho riêng) — dữ liệu chạy thử,
718969,06511834AA,179,24559,24559,,,2026-09-14,,Suy từ PIECES của WORK ORDER (AVP_AI không có sổ nhận kho riêng) — dữ liệu chạy thử,
718970,06511847AA,445,24370,24370,,,2026-09-14,,Suy từ PIECES của WORK ORDER (AVP_AI không có sổ nhận kho riêng) — dữ liệu chạy thử,
718971,06511847AA,473,24036,24036,,,2026-09-14,,Suy từ PIECES của WORK ORDER (AVP_AI không có sổ nhận kho riêng) — dữ liệu chạy thử,
